Tarih,Varlık,Fiyat,Supertrend_Sinyal,Tilson_Sinyal,Hacim_SMI,Kombine_Dip,SSL&EMA_Sinyal,BB_Sikisma,BB_Fiyat_Durum,Destek_Direnc,Alim_Bandi,Satim_Bandi,RSI,StochRSI,TSI,EMA_200_Durumu,BB_Bant_Durum,EMA_Durumu
2026-07-13 09:49,COHR,324.5,🔴 Düşüş Trendinde,⏳ BEKLE,-,-,⚠️ Yükseliş Trendinde Düzeltme (SSL Negatif),⚪ Yelpaze Açık,⚪Fiyat Alt_Orta Bant Aralığında,EMA100 Destek: 321.50 (%0.9 altta) | EMA5 Direnç: 329.39 (%1.5 üstte),171.80-191.21 (%41.1 altta),-,41.13,10.65,-0.9,,,
2026-07-13 09:49,DLR,180.41,🔴 Düşüş Trendinde,🔥 GÜÇLÜ AL (Taze Kırılım),-,-,⚠️ Yükseliş Trendinde Düzeltme (SSL Negatif),⚪ Yelpaze Açık,⚪Fiyat Alt_Orta Bant Aralığında,EMA5 Destek: 178.57 (%1.0 altta) | EMA100 Direnç: 182.73 (%1.3 üstte),-,-,45.05,33.57,-0.83,,,
2026-07-13 09:49,EQIX,1051.21,🔴 Düşüş Trendinde,🔥 GÜÇLÜ AL (Taze Kırılım),-,-,⚠️ Yükseliş Trendinde Düzeltme (SSL Negatif),⚪ Yelpaze Açık,⚪Fiyat Alt_Orta Bant Aralığında,EMA55 Destek: 1048.31 (%0.3 altta) | EMA21 Direnç: 1051.22 (%0.0 üstte),716.69-727.98 (%30.7 altta),-,49.16,38.17,-0.79,,,
2026-07-13 09:49,ETN,407.28,🔴 Düşüş Trendinde,⏳ BEKLE,🟢 POTANSİYEL DİP (0 Altı - Hacimsiz),-,⚠️ Yükseliş Trendinde Düzeltme (SSL Negatif),🟠 Daralıyor,⚪Fiyat Alt_Orta Bant Aralığında,EMA21 Destek: 406.66 (%0.2 altta),-,-,50.41,17.32,-0.47,,,
2026-07-13 09:49,GLW,190.89,🔴 Düşüş Trendinde,🔴 SAT,-,-,⚠️ Yükseliş Trendinde Düzeltme (SSL Negatif),⚪ Yelpaze Açık,⚪Fiyat Alt_Orta Bant Aralığında,EMA55 Destek: 187.16 (%2.0 altta) | EMA5 Direnç: 193.70 (%1.5 üstte),83.67-87.39 (%54.2 altta),-,47.54,7.24,-0.43,,,
2026-07-13 09:49,VRT,318.86,🟢 Yükseliş Trendinde,🟢 AL (Trend Onaylı),-,-,🟢 EMA Yükselişte (SSL Ok Bekleniyor),🟠 Daralıyor,🟡Fiyat Orta-Üst Bant Aralığında,EMA5 Destek: 317.58 (%0.4 altta),231.65-255.40 (%19.9 altta),-,50.64,30.83,-0.34,,,
2026-07-13 10:28,COHR,324.5,🔴 Düşüş Trendinde,⏳ BEKLE,-,-,⚠️ Yükseliş Trendinde Düzeltme (SSL Negatif),⚪ Yelpaze Açık,⚪Fiyat Alt_Orta Bant Aralığında,EMA100 Destek: 321.50 (%0.9 altta) | EMA5 Direnç: 329.39 (%1.5 üstte),171.80-191.21 (%41.1 altta),-,41.13,10.65,-0.9,,,
2026-07-13 10:28,DLR,180.41,🔴 Düşüş Trendinde,🔥 GÜÇLÜ AL (Taze Kırılım),-,-,⚠️ Yükseliş Trendinde Düzeltme (SSL Negatif),⚪ Yelpaze Açık,⚪Fiyat Alt_Orta Bant Aralığında,EMA5 Destek: 178.57 (%1.0 altta) | EMA100 Direnç: 182.73 (%1.3 üstte),-,-,45.05,33.57,-0.83,,,
2026-07-13 10:28,EQIX,1051.21,🔴 Düşüş Trendinde,🔥 GÜÇLÜ AL (Taze Kırılım),-,-,⚠️ Yükseliş Trendinde Düzeltme (SSL Negatif),⚪ Yelpaze Açık,⚪Fiyat Alt_Orta Bant Aralığında,EMA55 Destek: 1048.31 (%0.3 altta) | EMA21 Direnç: 1051.22 (%0.0 üstte),716.69-727.98 (%30.7 altta),-,49.16,38.17,-0.79,,,
2026-07-13 10:28,ETN,407.28,🔴 Düşüş Trendinde,⏳ BEKLE,🟢 POTANSİYEL DİP (0 Altı - Hacimsiz),-,⚠️ Yükseliş Trendinde Düzeltme (SSL Negatif),🟠 Daralıyor,⚪Fiyat Alt_Orta Bant Aralığında,EMA21 Destek: 406.66 (%0.2 altta),-,-,50.41,17.32,-0.47,,,
2026-07-13 10:28,GLW,190.89,🔴 Düşüş Trendinde,🔴 SAT,-,-,⚠️ Yükseliş Trendinde Düzeltme (SSL Negatif),⚪ Yelpaze Açık,⚪Fiyat Alt_Orta Bant Aralığında,EMA55 Destek: 187.16 (%2.0 altta) | EMA5 Direnç: 193.70 (%1.5 üstte),83.67-87.39 (%54.2 altta),-,47.54,7.24,-0.43,,,
2026-07-13 10:28,VRT,318.86,🟢 Yükseliş Trendinde,🟢 AL (Trend Onaylı),-,-,🟢 EMA Yükselişte (SSL Ok Bekleniyor),🟠 Daralıyor,🟡Fiyat Orta-Üst Bant Aralığında,EMA5 Destek: 317.58 (%0.4 altta),231.65-255.40 (%19.9 altta),-,50.64,30.83,-0.34,,,
2026-07-13 13:37,COHR,324.5,🔴 Düşüş Trendinde,⏳ BEKLE,-,-,⚠️ Yükseliş Trendinde Düzeltme (SSL Negatif),⚪ Yelpaze Açık,⚪Fiyat Alt_Orta Bant Aralığında,EMA100 Destek: 321.50 (%0.9 altta) | EMA5 Direnç: 329.39 (%1.5 üstte),171.80-191.21 (%41.1 altta),-,41.13,10.65,-0.9,,,
2026-07-13 13:37,DLR,180.41,🔴 Düşüş Trendinde,🔥 GÜÇLÜ AL (Taze Kırılım),-,-,⚠️ Yükseliş Trendinde Düzeltme (SSL Negatif),⚪ Yelpaze Açık,⚪Fiyat Alt_Orta Bant Aralığında,EMA5 Destek: 178.57 (%1.0 altta) | EMA100 Direnç: 182.73 (%1.3 üstte),-,-,45.05,33.57,-0.83,,,
2026-07-13 13:37,EQIX,1051.21,🔴 Düşüş Trendinde,🔥 GÜÇLÜ AL (Taze Kırılım),-,-,⚠️ Yükseliş Trendinde Düzeltme (SSL Negatif),⚪ Yelpaze Açık,⚪Fiyat Alt_Orta Bant Aralığında,EMA55 Destek: 1048.31 (%0.3 altta) | EMA21 Direnç: 1051.22 (%0.0 üstte),716.69-727.98 (%30.7 altta),-,49.16,38.17,-0.79,,,
2026-07-13 13:37,ETN,407.28,🔴 Düşüş Trendinde,⏳ BEKLE,🟢 POTANSİYEL DİP (0 Altı - Hacimsiz),-,⚠️ Yükseliş Trendinde Düzeltme (SSL Negatif),🟠 Daralıyor,⚪Fiyat Alt_Orta Bant Aralığında,EMA21 Destek: 406.66 (%0.2 altta),-,-,50.41,17.32,-0.47,,,
2026-07-13 13:37,GLW,190.89,🔴 Düşüş Trendinde,🔴 SAT,-,-,⚠️ Yükseliş Trendinde Düzeltme (SSL Negatif),⚪ Yelpaze Açık,⚪Fiyat Alt_Orta Bant Aralığında,EMA55 Destek: 187.16 (%2.0 altta) | EMA5 Direnç: 193.70 (%1.5 üstte),83.67-87.39 (%54.2 altta),-,47.54,7.24,-0.43,,,
2026-07-13 13:37,VRT,318.86,🟢 Yükseliş Trendinde,🟢 AL (Trend Onaylı),-,-,🟢 EMA Yükselişte (SSL Ok Bekleniyor),🟠 Daralıyor,🟡Fiyat Orta-Üst Bant Aralığında,EMA5 Destek: 317.58 (%0.4 altta),231.65-255.40 (%19.9 altta),-,50.64,30.83,-0.34,,,
2026-07-13 16:32,COHR,316.7,🔴 Düşüş Trendinde,🔴 SAT,-,-,⚠️ Yükseliş Trendinde Düzeltme (SSL Negatif),⚪ Yelpaze Açık,⚪Fiyat Alt_Orta Bant Aralığında,EMA200 Destek: 252.02 (%20.4 altta) | EMA100 Direnç: 321.39 (%1.5 üstte),171.80-191.21 (%39.6 altta),-,39.64,12.18,-0.89,,,
2026-07-13 16:32,DLR,180.16,🔴 Düşüş Trendinde,🟢 AL (Trend Onaylı),-,-,⚠️ Yükseliş Trendinde Düzeltme (SSL Negatif),⚪ Yelpaze Açık,⚪Fiyat Alt_Orta Bant Aralığında,EMA5 Destek: 179.10 (%0.6 altta) | EMA21 Direnç: 182.55 (%1.3 üstte),-,-,44.72,41.9,-0.75,,,
2026-07-13 16:32,EQIX,1051.21,🔴 Düşüş Trendinde,🟢 AL (Trend Onaylı),-,-,⚠️ Yükseliş Trendinde Düzeltme (SSL Negatif),⚪ Yelpaze Açık,⚪Fiyat Alt_Orta Bant Aralığında,EMA55 Destek: 1048.41 (%0.3 altta) | EMA21 Direnç: 1051.22 (%0.0 üstte),716.69-727.98 (%30.7 altta),-,49.16,48.93,-0.67,,,
2026-07-13 16:32,ETN,403.05,🔴 Düşüş Trendinde,⏳ BEKLE,-,-,⚠️ Yükseliş Trendinde Düzeltme (SSL Negatif),🟠 Daralıyor,⚪Fiyat Alt_Orta Bant Aralığında,EMA55 Destek: 401.44 (%0.4 altta) | EMA5 Direnç: 404.54 (%0.4 üstte),-,-,48.88,22.53,-0.29,,,
2026-07-13 16:32,GLW,183.04,🔴 Düşüş Trendinde,🔴 SAT,-,-,⚠️ Yükseliş Trendinde Düzeltme (SSL Negatif),⚪ Yelpaze Açık,⚪Fiyat Alt_Orta Bant Aralığında,EMA100 Destek: 169.78 (%7.2 altta) | EMA55 Direnç: 187.01 (%2.2 üstte),83.67-87.39 (%52.3 altta),-,45.02,7.24,-0.54,,,
2026-07-13 16:32,VRT,312.5,🟢 Yükseliş Trendinde,⏳ BEKLE,-,-,🟢 EMA Yükselişte (SSL Ok Bekleniyor),🟠 Daralıyor,⚪Fiyat Alt_Orta Bant Aralığında,EMA55 Destek: 311.35 (%0.4 altta) | EMA5 Direnç: 315.89 (%1.1 üstte),231.65-255.40 (%18.3 altta),-,48.76,33.27,-0.03,,,
2026-07-13 19:45,COHR,311.35,🔴 Düşüş Trendinde,🔴 SAT,-,-,⚠️ Yükseliş Trendinde Düzeltme (SSL Negatif),⚪ Yelpaze Açık,⚪Fiyat Alt_Orta Bant Aralığında,EMA200 Destek: 251.97 (%19.1 altta) | EMA100 Direnç: 321.28 (%3.2 üstte),171.80-191.21 (%38.6 altta),-,38.69,10.28,-0.89,,,
2026-07-13 19:45,DLR,178.24,🔴 Düşüş Trendinde,🟢 AL (Trend Onaylı),-,-,⚠️ Yükseliş Trendinde Düzeltme (SSL Negatif),⚪ Yelpaze Açık,⚪Fiyat Alt_Orta Bant Aralığında,EMA200 Destek: 175.51 (%1.5 altta) | EMA5 Direnç: 178.46 (%0.1 üstte),-,-,42.31,38.8,-0.77,,,
2026-07-13 19:45,EQIX,1039.79,🔴 Düşüş Trendinde,🟢 AL (Trend Onaylı),-,-,⚠️ Yükseliş Trendinde Düzeltme (SSL Negatif),⚪ Yelpaze Açık,⚪Fiyat Alt_Orta Bant Aralığında,EMA5 Destek: 1036.09 (%0.4 altta) | EMA55 Direnç: 1048.01 (%0.8 üstte),716.69-727.98 (%30.0 altta),-,46.22,46.0,-0.7,,,
2026-07-13 19:45,ETN,399.26,🔴 Düşüş Trendinde,⏳ BEKLE,-,-,⚠️ Yükseliş Trendinde Düzeltme (SSL Negatif),🟠 Daralıyor,⚪Fiyat Alt_Orta Bant Aralığında,EMA100 Destek: 392.20 (%1.8 altta) | EMA55 Direnç: 401.31 (%0.5 üstte),-,-,47.59,18.27,-0.34,,,
2026-07-13 19:45,GLW,184.86,🔴 Düşüş Trendinde,🔴 SAT,-,-,⚠️ Yükseliş Trendinde Düzeltme (SSL Negatif),⚪ Yelpaze Açık,⚪Fiyat Alt_Orta Bant Aralığında,EMA100 Destek: 169.82 (%8.1 altta) | EMA55 Direnç: 187.08 (%1.2 üstte),83.67-87.39 (%52.7 altta),-,45.58,7.81,-0.53,,,
2026-07-13 19:45,VRT,305.02,🟢 Yükseliş Trendinde,⏳ BEKLE,-,-,⚠️ Yükseliş Trendinde Düzeltme (SSL Negatif),🟠 Daralıyor,⚪Fiyat Alt_Orta Bant Aralığında,EMA100 Destek: 291.51 (%4.4 altta) | EMA55 Direnç: 311.08 (%2.0 üstte),231.65-255.40 (%16.3 altta),-,46.73,25.94,-0.12,,,
2026-07-13 21:53,COHR,307.99,🔴 Düşüş Trendinde,🔴 SAT,-,-,⚠️ Yükseliş Trendinde Düzeltme (SSL Negatif),⚪ Yelpaze Açık,⚪Fiyat Alt_Orta Bant Aralığında,EMA200 Destek: 251.93 (%18.2 altta) | EMA100 Direnç: 321.21 (%4.3 üstte),171.80-191.21 (%37.9 altta),-,38.11,9.52,-0.9,,,
2026-07-13 21:53,DLR,177.68,🔴 Düşüş Trendinde,🟢 AL (Trend Onaylı),-,-,⚠️ Yükseliş Trendinde Düzeltme (SSL Negatif),⚪ Yelpaze Açık,⚪Fiyat Alt_Orta Bant Aralığında,EMA200 Destek: 175.50 (%1.2 altta) | EMA5 Direnç: 178.27 (%0.3 üstte),-,-,41.65,37.95,-0.78,,,
2026-07-13 21:53,EQIX,1039.16,🔴 Düşüş Trendinde,🟢 AL (Trend Onaylı),-,-,⚠️ Yükseliş Trendinde Düzeltme (SSL Negatif),⚪ Yelpaze Açık,⚪Fiyat Alt_Orta Bant Aralığında,EMA5 Destek: 1035.88 (%0.3 altta) | EMA55 Direnç: 1047.98 (%0.8 üstte),716.69-727.98 (%29.9 altta),-,46.07,45.85,-0.7,,,
2026-07-13 21:53,ETN,399.52,🔴 Düşüş Trendinde,⏳ BEKLE,-,-,⚠️ Yükseliş Trendinde Düzeltme (SSL Negatif),🟠 Daralıyor,⚪Fiyat Alt_Orta Bant Aralığında,EMA100 Destek: 392.20 (%1.8 altta) | EMA55 Direnç: 401.32 (%0.5 üstte),-,-,47.67,18.55,-0.33,,,
2026-07-13 21:53,GLW,182.45,🔴 Düşüş Trendinde,🔴 SAT,-,-,⚠️ Yükseliş Trendinde Düzeltme (SSL Negatif),⚪ Yelpaze Açık,⚪Fiyat Alt_Orta Bant Aralığında,EMA100 Destek: 169.77 (%6.9 altta) | EMA55 Direnç: 186.99 (%2.5 üstte),83.67-87.39 (%52.1 altta),-,44.84,7.24,-0.54,,,
2026-07-13 21:53,VRT,304.79,🟢 Yükseliş Trendinde,⏳ BEKLE,-,-,⚠️ Yükseliş Trendinde Düzeltme (SSL Negatif),🟠 Daralıyor,⚪Fiyat Alt_Orta Bant Aralığında,EMA100 Destek: 291.51 (%4.4 altta) | EMA55 Direnç: 311.07 (%2.1 üstte),231.65-255.40 (%16.2 altta),-,46.67,25.73,-0.13,,,
2026-07-14 14:51,COHR,307.39,🔴 Düşüş Trendinde,🔴 SAT,-,-,⚠️ Yükseliş Trendinde Düzeltme (SSL Negatif),⚪ Yelpaze Açık,⚪Fiyat Alt_Orta Bant Aralığında,EMA200 Destek: 251.93 (%18.0 altta) | EMA100 Direnç: 321.20 (%4.5 üstte),171.80-191.21 (%37.8 altta),-,38.01,9.52,-0.9,,,
2026-07-14 14:51,DLR,177.92,🔴 Düşüş Trendinde,🟢 AL (Trend Onaylı),-,-,⚠️ Yükseliş Trendinde Düzeltme (SSL Negatif),⚪ Yelpaze Açık,⚪Fiyat Alt_Orta Bant Aralığında,EMA200 Destek: 175.51 (%1.4 altta) | EMA5 Direnç: 178.35 (%0.2 üstte),-,-,41.94,38.31,-0.78,,,
2026-07-14 14:51,EQIX,1039.53,🔴 Düşüş Trendinde,🟢 AL (Trend Onaylı),-,-,⚠️ Yükseliş Trendinde Düzeltme (SSL Negatif),⚪ Yelpaze Açık,⚪Fiyat Alt_Orta Bant Aralığında,EMA5 Destek: 1036.00 (%0.3 altta) | EMA55 Direnç: 1048.00 (%0.8 üstte),716.69-727.98 (%30.0 altta),-,46.16,45.94,-0.7,,,
2026-07-14 14:51,ETN,402.85,🔴 Düşüş Trendinde,⏳ BEKLE,-,-,⚠️ Yükseliş Trendinde Düzeltme (SSL Negatif),🟠 Daralıyor,⚪Fiyat Alt_Orta Bant Aralığında,EMA55 Destek: 401.44 (%0.4 altta) | EMA5 Direnç: 404.48 (%0.4 üstte),-,-,48.81,22.31,-0.29,,,
2026-07-14 14:51,GLW,183.11,🔴 Düşüş Trendinde,🔴 SAT,-,-,⚠️ Yükseliş Trendinde Düzeltme (SSL Negatif),⚪ Yelpaze Açık,⚪Fiyat Alt_Orta Bant Aralığında,EMA100 Destek: 169.79 (%7.3 altta) | EMA55 Direnç: 187.01 (%2.1 üstte),83.67-87.39 (%52.3 altta),-,45.04,7.24,-0.54,,,
2026-07-14 14:51,VRT,305.87,🟢 Yükseliş Trendinde,⏳ BEKLE,-,-,⚪ Karışık / Testere Piyasası,🟠 Daralıyor,⚪Fiyat Alt_Orta Bant Aralığında,EMA100 Destek: 291.53 (%4.7 altta) | EMA55 Direnç: 311.11 (%1.7 üstte),231.65-255.40 (%16.5 altta),-,46.95,26.74,-0.11,,,
2026-07-14 18:50,COHR,313.88,🔴 Düşüş Trendinde,🔴 SAT,-,-,⚠️ Yükseliş Trendinde Düzeltme (SSL Negatif),⚪ Yelpaze Açık,⚪Fiyat Alt_Orta Bant Aralığında,EMA200 Destek: 252.54 (%19.5 altta) | EMA5 Direnç: 319.33 (%1.7 üstte),171.80-191.21 (%39.1 altta),-,39.87,7.99,-0.92,,,
2026-07-14 18:50,DLR,175.02,🔴 Düşüş Trendinde,🟢 AL (Trend Onaylı),-,-,⚠️ Yükseliş Trendinde Düzeltme (SSL Negatif),⚪ Yelpaze Açık,⚪Fiyat Alt_Orta Bant Aralığında,EMA200 Direnç: 175.50 (%0.3 üstte),-,-,38.59,33.47,-0.73,,,
2026-07-14 18:50,EQIX,1026.6,🔴 Düşüş Trendinde,🟢 AL (Trend Onaylı),-,-,⚠️ Yükseliş Trendinde Düzeltme (SSL Negatif),⚪ Yelpaze Açık,⚪Fiyat Alt_Orta Bant Aralığında,EMA100 Destek: 1013.70 (%1.3 altta) | EMA5 Direnç: 1032.87 (%0.6 üstte),716.69-727.98 (%29.1 altta),-,43.02,48.47,-0.61,,,
2026-07-14 18:50,ETN,411.53,🔴 Düşüş Trendinde,🔥 GÜÇLÜ AL (Taze Kırılım),-,-,⚠️ Yükseliş Trendinde Düzeltme (SSL Negatif),🚨 BB SIKIŞMA,🟡Fiyat Orta-Üst Bant Aralığında,EMA5 Destek: 406.83 (%1.1 altta),-,-,52.02,33.66,-0.26,,,
2026-07-14 18:50,GLW,188.98,🔴 Düşüş Trendinde,🔴 SAT,-,-,⚠️ Yükseliş Trendinde Düzeltme (SSL Negatif),⚪ Yelpaze Açık,⚪Fiyat Alt_Orta Bant Aralığında,EMA55 Destek: 187.08 (%1.0 altta) | EMA5 Direnç: 189.77 (%0.4 üstte),83.67-87.39 (%53.8 altta),-,47.3,6.4,-0.69,,,
2026-07-14 18:50,VRT,304.6,🟢 Yükseliş Trendinde,🔴 SAT,🔴 ZAYIFLAMA (Zaten Dipte),-,⚠️ Yükseliş Trendinde Düzeltme (SSL Negatif),🟠 Daralıyor,⚪Fiyat Alt_Orta Bant Aralığında,EMA100 Destek: 291.79 (%4.2 altta) | EMA5 Direnç: 310.65 (%2.0 üstte),231.65-255.40 (%16.2 altta),-,46.6,18.37,-0.19,,,
2026-07-14 21:21,COHR,310.27,🔴 Düşüş Trendinde,🔴 SAT,-,-,⚠️ Yükseliş Trendinde Düzeltme (SSL Negatif),⚪ Yelpaze Açık,⚪Fiyat Alt_Orta Bant Aralığında,EMA200 Destek: 252.51 (%18.6 altta) | EMA5 Direnç: 318.12 (%2.5 üstte),171.80-191.21 (%38.4 altta),-,38.85,6.0,-0.92,,,
2026-07-14 21:21,DLR,173.97,🔴 Düşüş Trendinde,⏳ BEKLE,-,-,⚠️ Yükseliş Trendinde Düzeltme (SSL Negatif),⚪ Yelpaze Açık,⚪Fiyat Alt_Orta Bant Aralığında,EMA200 Direnç: 175.49 (%0.9 üstte),-,-,37.51,31.89,-0.74,,,
2026-07-14 21:21,EQIX,1022.49,🔴 Düşüş Trendinde,🟢 AL (Trend Onaylı),-,-,⚠️ Yükseliş Trendinde Düzeltme (SSL Negatif),⚪ Yelpaze Açık,⚪Fiyat Alt_Orta Bant Aralığında,EMA100 Destek: 1013.62 (%0.9 altta) | EMA5 Direnç: 1031.50 (%0.9 üstte),716.69-727.98 (%28.8 altta),-,42.11,47.26,-0.62,,,
2026-07-14 21:21,ETN,412.21,🔴 Düşüş Trendinde,🔥 GÜÇLÜ AL (Taze Kırılım),-,-,⚠️ Yükseliş Trendinde Düzeltme (SSL Negatif),🚨 BB SIKIŞMA,🟡Fiyat Orta-Üst Bant Aralığında,EMA5 Destek: 407.06 (%1.3 altta),-,-,52.26,34.44,-0.25,,,
2026-07-14 21:21,GLW,188.05,🔴 Düşüş Trendinde,🔴 SAT,-,-,⚠️ Yükseliş Trendinde Düzeltme (SSL Negatif),⚪ Yelpaze Açık,⚪Fiyat Alt_Orta Bant Aralığında,EMA55 Destek: 187.05 (%0.5 altta) | EMA5 Direnç: 189.46 (%0.8 üstte),83.67-87.39 (%53.5 altta),-,46.95,5.93,-0.7,,,
2026-07-14 21:21,VRT,304.14,🟢 Yükseliş Trendinde,🔴 SAT,🔴 ZAYIFLAMA (Zaten Dipte),-,⚠️ Yükseliş Trendinde Düzeltme (SSL Negatif),🟠 Daralıyor,⚪Fiyat Alt_Orta Bant Aralığında,EMA100 Destek: 291.78 (%4.1 altta) | EMA5 Direnç: 310.50 (%2.1 üstte),231.65-255.40 (%16.0 altta),-,46.47,17.9,-0.19,,,
2026-07-15 14:55,COHR,307.39,🔴 Düşüş Trendinde,🔴 SAT,-,-,⚠️ Yükseliş Trendinde Düzeltme (SSL Negatif),⚪ Yelpaze Açık,⚪Fiyat Alt_Orta Bant Aralığında,EMA200 Destek: 251.78 (%18.1 altta) | EMA100 Direnç: 321.19 (%4.5 üstte),171.80-191.21 (%37.8 altta),-,38.01,9.52,-0.9,,,
2026-07-15 14:55,DLR,177.92,🔴 Düşüş Trendinde,🟢 AL (Trend Onaylı),-,-,⚠️ Yükseliş Trendinde Düzeltme (SSL Negatif),⚪ Yelpaze Açık,⚪Fiyat Alt_Orta Bant Aralığında,EMA200 Destek: 175.44 (%1.4 altta) | EMA5 Direnç: 178.35 (%0.2 üstte),-,-,41.94,38.31,-0.78,,,
2026-07-15 14:55,EQIX,1039.53,🔴 Düşüş Trendinde,🟢 AL (Trend Onaylı),-,-,⚠️ Yükseliş Trendinde Düzeltme (SSL Negatif),⚪ Yelpaze Açık,⚪Fiyat Alt_Orta Bant Aralığında,EMA5 Destek: 1036.00 (%0.3 altta) | EMA55 Direnç: 1048.00 (%0.8 üstte),716.69-727.98 (%30.0 altta),-,46.16,45.94,-0.7,,,
2026-07-15 14:55,ETN,402.85,🔴 Düşüş Trendinde,⏳ BEKLE,-,-,⚠️ Yükseliş Trendinde Düzeltme (SSL Negatif),🟠 Daralıyor,⚪Fiyat Alt_Orta Bant Aralığında,EMA55 Destek: 401.44 (%0.4 altta) | EMA5 Direnç: 404.48 (%0.4 üstte),-,-,48.81,22.31,-0.29,,,
2026-07-15 14:55,GLW,183.11,🔴 Düşüş Trendinde,🔴 SAT,-,-,⚠️ Yükseliş Trendinde Düzeltme (SSL Negatif),⚪ Yelpaze Açık,⚪Fiyat Alt_Orta Bant Aralığında,EMA100 Destek: 169.79 (%7.3 altta) | EMA55 Direnç: 187.01 (%2.1 üstte),83.67-87.39 (%52.3 altta),-,45.04,7.24,-0.54,,,
2026-07-15 14:55,VRT,303.58,🟢 Yükseliş Trendinde,🔴 SAT,🔴 ZAYIFLAMA (Zaten Dipte),-,⚠️ Yükseliş Trendinde Düzeltme (SSL Negatif),🟠 Daralıyor,⚪Fiyat Alt_Orta Bant Aralığında,EMA100 Destek: 291.77 (%3.9 altta) | EMA5 Direnç: 310.31 (%2.2 üstte),231.65-255.40 (%15.9 altta),-,46.31,17.35,-0.2,,,
2026-07-15 18:57,COHR,288.62,🔴 Düşüş Trendinde,🔴 SAT,-,-,⚠️ Yükseliş Trendinde Düzeltme (SSL Negatif),⚪ Yelpaze Açık,⚪Fiyat Alt_Orta Bant Aralığında,EMA200 Destek: 252.73 (%12.4 altta) | EMA5 Direnç: 308.40 (%6.9 üstte),171.80-191.21 (%33.8 altta),-,35.07,1.91,-0.93,,,
2026-07-15 18:57,DLR,171.92,🔴 Düşüş Trendinde,🔴 SAT,🔴 ZAYIFLAMA (Zaten Dipte),-,⚠️ Yükseliş Trendinde Düzeltme (SSL Negatif),⚪ Yelpaze Açık,⚪Fiyat Alt_Orta Bant Aralığında,EMA5 Direnç: 175.04 (%1.8 üstte),-,-,35.48,19.19,-0.72,,,
2026-07-15 18:57,EQIX,1009.78,🔴 Düşüş Trendinde,⏳ BEKLE,-,-,⚠️ Yükseliş Trendinde Düzeltme (SSL Negatif),⚪ Yelpaze Açık,⚪Fiyat Alt_Orta Bant Aralığında,EMA200 Destek: 925.77 (%8.3 altta) | EMA100 Direnç: 1013.60 (%0.4 üstte),716.69-727.98 (%27.9 altta),-,39.33,41.21,-0.57,,,
2026-07-15 18:57,ETN,406.11,🔴 Düşüş Trendinde,🟢 AL (Trend Onaylı),-,-,⚠️ Yükseliş Trendinde Düzeltme (SSL Negatif),🚨 BB SIKIŞMA,⚪Fiyat Alt_Orta Bant Aralığında,EMA55 Destek: 402.09 (%1.0 altta) | EMA21 Direnç: 407.06 (%0.2 üstte),-,-,49.82,41.17,-0.29,,,
2026-07-15 18:57,GLW,171.66,🔴 Düşüş Trendinde,🔴 SAT,-,-,⚠️ Yükseliş Trendinde Düzeltme (SSL Negatif),⚪ Yelpaze Açık,⚪Fiyat Alt_Orta Bant Aralığında,EMA100 Destek: 170.18 (%0.9 altta) | EMA5 Direnç: 183.44 (%6.9 üstte),83.67-87.39 (%49.1 altta),-,41.72,2.42,-0.82,,,
2026-07-15 18:57,VRT,295.81,🟢 Yükseliş Trendinde,🔴 SAT,-,-,⚠️ Yükseliş Trendinde Düzeltme (SSL Negatif),🟠 Daralıyor,⚪Fiyat Alt_Orta Bant Aralığında,EMA100 Destek: 291.85 (%1.3 altta) | EMA5 Direnç: 305.48 (%3.3 üstte),231.65-255.40 (%13.7 altta),-,44.12,7.9,-0.34,,,
2026-07-15 21:37,COHR,294.77,🔴 Düşüş Trendinde,🔴 SAT,-,-,⚠️ Yükseliş Trendinde Düzeltme (SSL Negatif),⚪ Yelpaze Açık,⚪Fiyat Alt_Orta Bant Aralığında,EMA200 Destek: 252.79 (%14.2 altta) | EMA5 Direnç: 310.45 (%5.3 üstte),171.80-191.21 (%35.1 altta),-,36.08,1.91,-0.93,,,
2026-07-15 21:37,DLR,174.77,🔴 Düşüş Trendinde,⏳ BEKLE,-,-,⚠️ Yükseliş Trendinde Düzeltme (SSL Negatif),⚪ Yelpaze Açık,⚪Fiyat Alt_Orta Bant Aralığında,EMA200 Direnç: 175.41 (%0.4 üstte),-,-,39.5,25.1,-0.69,,,
2026-07-15 21:37,EQIX,1018.67,🔴 Düşüş Trendinde,⏳ BEKLE,-,-,⚠️ Yükseliş Trendinde Düzeltme (SSL Negatif),⚪ Yelpaze Açık,⚪Fiyat Alt_Orta Bant Aralığında,EMA100 Destek: 1013.78 (%0.5 altta) | EMA5 Direnç: 1027.46 (%0.9 üstte),716.69-727.98 (%28.5 altta),-,41.23,43.89,-0.54,,,
2026-07-15 21:37,ETN,410.88,🔴 Düşüş Trendinde,🟢 AL (Trend Onaylı),-,-,🟢 EMA Yükselişte (SSL Ok Bekleniyor),🚨 BB SIKIŞMA,🟡Fiyat Orta-Üst Bant Aralığında,EMA5 Destek: 409.07 (%0.4 altta),-,-,51.55,46.91,-0.22,,,
2026-07-15 21:37,GLW,173.6,🔴 Düşüş Trendinde,🔴 SAT,-,-,⚠️ Yükseliş Trendinde Düzeltme (SSL Negatif),⚪ Yelpaze Açık,⚪Fiyat Alt_Orta Bant Aralığında,EMA100 Destek: 170.21 (%2.0 altta) | EMA5 Direnç: 184.08 (%6.0 üstte),83.67-87.39 (%49.7 altta),-,42.28,2.42,-0.82,,,
2026-07-15 21:37,VRT,301.92,🟢 Yükseliş Trendinde,🔴 SAT,-,-,⚠️ Yükseliş Trendinde Düzeltme (SSL Negatif),🟠 Daralıyor,⚪Fiyat Alt_Orta Bant Aralığında,EMA100 Destek: 291.97 (%3.3 altta) | EMA5 Direnç: 307.51 (%1.9 üstte),231.65-255.40 (%15.4 altta),-,45.83,8.94,-0.29,,,
2026-07-16 14:59,COHR,299.38,🔴 Düşüş Trendinde,🔴 SAT,-,-,⚠️ Yükseliş Trendinde Düzeltme (SSL Negatif),⚪ Yelpaze Açık,⚪Fiyat Alt_Orta Bant Aralığında,EMA200 Destek: 252.65 (%15.6 altta) | EMA5 Direnç: 311.99 (%4.2 üstte),171.80-191.21 (%36.1 altta),-,36.87,1.91,-0.92,,,
2026-07-16 14:59,DLR,176.07,🔴 Düşüş Trendinde,⏳ BEKLE,-,-,⚠️ Yükseliş Trendinde Düzeltme (SSL Negatif),⚪ Yelpaze Açık,⚪Fiyat Alt_Orta Bant Aralığında,EMA200 Destek: 175.33 (%0.4 altta) | EMA5 Direnç: 176.43 (%0.2 üstte),-,-,41.54,28.09,-0.67,,,
2026-07-16 14:59,EQIX,1022.6,🔴 Düşüş Trendinde,⏳ BEKLE,-,-,⚠️ Yükseliş Trendinde Düzeltme (SSL Negatif),⚪ Yelpaze Açık,⚪Fiyat Alt_Orta Bant Aralığında,EMA100 Destek: 1013.90 (%0.9 altta) | EMA5 Direnç: 1028.76 (%0.6 üstte),716.69-727.98 (%28.8 altta),-,42.12,45.16,-0.53,,,
2026-07-16 14:59,ETN,412.86,🔴 Düşüş Trendinde,🟢 AL (Trend Onaylı),-,-,🟢 EMA Yükselişte (SSL Ok Bekleniyor),🚨 BB SIKIŞMA,🟡Fiyat Orta-Üst Bant Aralığında,EMA5 Destek: 409.73 (%0.8 altta),-,-,52.31,49.41,-0.19,,,
2026-07-16 14:59,GLW,174.41,🔴 Düşüş Trendinde,🔴 SAT,-,-,⚠️ Yükseliş Trendinde Düzeltme (SSL Negatif),⚪ Yelpaze Açık,⚪Fiyat Alt_Orta Bant Aralığında,EMA100 Destek: 170.24 (%2.4 altta) | EMA5 Direnç: 184.35 (%5.7 üstte),83.67-87.39 (%49.9 altta),-,42.52,2.42,-0.81,,,
2026-07-16 14:59,VRT,304.57,🟢 Yükseliş Trendinde,🔴 SAT,-,-,⚠️ Yükseliş Trendinde Düzeltme (SSL Negatif),🟠 Daralıyor,⚪Fiyat Alt_Orta Bant Aralığında,EMA100 Destek: 292.02 (%4.1 altta) | EMA5 Direnç: 308.40 (%1.3 üstte),231.65-255.40 (%16.1 altta),-,46.65,11.92,-0.26,,,
2026-07-16 18:51,COHR,278.98,🔴 Düşüş Trendinde,🔴 SAT,-,-,⚠️ Yükseliş Trendinde Düzeltme (SSL Negatif),⚪ Yelpaze Açık,⚪Fiyat Alt_Orta Bant Aralığında,EMA200 Destek: 252.91 (%9.3 altta) | EMA5 Direnç: 300.99 (%7.9 üstte),171.80-191.21 (%31.5 altta),-,33.37,1.91,-0.92,,,
2026-07-16 18:51,DLR,174.31,🔴 Düşüş Trendinde,🔴 SAT,-,-,⚠️ Yükseliş Trendinde Düzeltme (SSL Negatif),⚪ Yelpaze Açık,⚪Fiyat Alt_Orta Bant Aralığında,EMA200 Direnç: 175.32 (%0.6 üstte),-,-,39.59,26.2,-0.59,,,
2026-07-16 18:51,EQIX,1011.52,🔴 Düşüş Trendinde,🔴 SAT,-,-,⚠️ Yükseliş Trendinde Düzeltme (SSL Negatif),⚪ Yelpaze Açık,⚪Fiyat Alt_Orta Bant Aralığında,EMA200 Destek: 926.30 (%8.4 altta) | EMA100 Direnç: 1013.85 (%0.2 üstte),716.69-727.98 (%28.0 altta),-,39.51,42.05,-0.45,,,
2026-07-16 18:51,ETN,396.15,🔴 Düşüş Trendinde,🔴 SAT,-,-,⚠️ Yükseliş Trendinde Düzeltme (SSL Negatif),🟠 Daralıyor,⚪Fiyat Alt_Orta Bant Aralığında,EMA100 Destek: 393.22 (%0.7 altta) | EMA55 Direnç: 402.11 (%1.5 üstte),-,-,46.16,41.81,-0.18,,,
2026-07-16 18:51,GLW,157.52,🔴 Düşüş Trendinde,🔴 SAT,-,-,⚠️ Yükseliş Trendinde Düzeltme (SSL Negatif),⚪ Yelpaze Açık,⚪Fiyat Alt_Orta Bant Aralığında,EMA200 Destek: 136.69 (%13.2 altta) | EMA100 Direnç: 169.98 (%7.9 üstte),83.67-87.39 (%44.5 altta),-,37.77,2.42,-0.85,,,
2026-07-16 18:51,VRT,293.05,🟢 Yükseliş Trendinde,🔴 SAT,-,-,⚠️ Yükseliş Trendinde Düzeltme (SSL Negatif),🟠 Daralıyor,⚪Fiyat Alt_Orta Bant Aralığında,EMA100 Destek: 292.04 (%0.3 altta) | EMA5 Direnç: 303.28 (%3.5 üstte),231.65-255.40 (%12.8 altta),-,43.24,6.81,-0.31,,,
2026-07-16 21:38,COHR,275.74,🔴 Düşüş Trendinde,🔴 SAT,-,-,⚠️ Yükseliş Trendinde Düzeltme (SSL Negatif),⚪ Yelpaze Açık,⚪Fiyat Alt_Orta Bant Aralığında,EMA200 Destek: 252.88 (%8.3 altta) | EMA5 Direnç: 299.91 (%8.8 üstte),171.80-191.21 (%30.7 altta),-,32.87,1.91,-0.92,,,
2026-07-16 21:38,DLR,173.38,🔴 Düşüş Trendinde,🔴 SAT,-,-,⚠️ Yükseliş Trendinde Düzeltme (SSL Negatif),⚪ Yelpaze Açık,⚪Fiyat Alt_Orta Bant Aralığında,EMA200 Direnç: 175.31 (%1.1 üstte),-,-,38.63,24.8,-0.61,,,
2026-07-16 21:38,EQIX,1007.03,🔴 Düşüş Trendinde,🔴 SAT,-,-,⚠️ Yükseliş Trendinde Düzeltme (SSL Negatif),⚪ Yelpaze Açık,⚪Fiyat Alt_Orta Bant Aralığında,EMA200 Destek: 926.25 (%8.0 altta) | EMA100 Direnç: 1013.76 (%0.7 üstte),716.69-727.98 (%27.7 altta),-,38.54,40.68,-0.46,,,
2026-07-16 21:38,ETN,394.79,🔴 Düşüş Trendinde,🔴 SAT,-,-,⚠️ Yükseliş Trendinde Düzeltme (SSL Negatif),🟠 Daralıyor,⚪Fiyat Alt_Orta Bant Aralığında,EMA100 Destek: 393.19 (%0.4 altta) | EMA55 Direnç: 402.06 (%1.8 üstte),-,-,45.72,41.81,-0.2,,,
2026-07-16 21:38,GLW,155.99,🔴 Düşüş Trendinde,🔴 SAT,-,-,⚠️ Yükseliş Trendinde Düzeltme (SSL Negatif),⚪ Yelpaze Açık,⚪Fiyat Alt_Orta Bant Aralığında,EMA200 Destek: 136.68 (%12.4 altta) | EMA100 Direnç: 169.95 (%9.0 üstte),83.67-87.39 (%44.0 altta),-,37.39,2.42,-0.85,,,
2026-07-16 21:38,VRT,288.88,🟢 Yükseliş Trendinde,🔴 SAT,-,-,⚠️ Yükseliş Trendinde Düzeltme (SSL Negatif),🟠 Daralıyor,⚪Fiyat Alt_Orta Bant Aralığında,EMA200 Destek: 243.73 (%15.6 altta) | EMA100 Direnç: 291.96 (%1.1 üstte),231.65-255.40 (%11.6 altta),-,42.12,6.81,-0.34,,,
2026-07-17 14:46,COHR,276.96,🔴 Düşüş Trendinde,🔴 SAT,-,-,⚠️ Yükseliş Trendinde Düzeltme (SSL Negatif),⚪ Yelpaze Açık,⚪Fiyat Alt_Orta Bant Aralığında,EMA200 Destek: 252.68 (%8.8 altta) | EMA5 Direnç: 300.31 (%8.4 üstte),171.80-191.21 (%31.0 altta),-,33.05,1.91,-0.92,,,
2026-07-17 14:46,DLR,173.6,🔴 Düşüş Trendinde,🔴 SAT,-,-,⚠️ Yükseliş Trendinde Düzeltme (SSL Negatif),⚪ Yelpaze Açık,⚪Fiyat Alt_Orta Bant Aralığında,EMA200 Direnç: 175.22 (%0.9 üstte),-,-,38.85,25.12,-0.6,,,
2026-07-17 14:46,EQIX,1009.14,🔴 Düşüş Trendinde,🔴 SAT,-,-,⚠️ Yükseliş Trendinde Düzeltme (SSL Negatif),⚪ Yelpaze Açık,⚪Fiyat Alt_Orta Bant Aralığında,EMA200 Destek: 925.80 (%8.3 altta) | EMA100 Direnç: 1013.84 (%0.5 üstte),716.69-727.98 (%27.9 altta),-,38.99,41.31,-0.46,,,
2026-07-17 14:46,ETN,396.27,🔴 Düşüş Trendinde,🔴 SAT,-,-,⚠️ Yükseliş Trendinde Düzeltme (SSL Negatif),🟠 Daralıyor,⚪Fiyat Alt_Orta Bant Aralığında,EMA100 Destek: 393.23 (%0.8 altta) | EMA55 Direnç: 402.11 (%1.5 üstte),-,-,46.2,41.81,-0.18,,,
2026-07-17 14:46,GLW,158.39,🔴 Düşüş Trendinde,🔴 SAT,-,-,⚠️ Yükseliş Trendinde Düzeltme (SSL Negatif),⚪ Yelpaze Açık,⚪Fiyat Alt_Orta Bant Aralığında,EMA200 Destek: 136.67 (%13.7 altta) | EMA100 Direnç: 170.01 (%7.3 üstte),83.67-87.39 (%44.8 altta),-,37.98,2.42,-0.85,,,
2026-07-17 14:46,VRT,294.11,🟢 Yükseliş Trendinde,🔴 SAT,-,-,⚠️ Yükseliş Trendinde Düzeltme (SSL Negatif),🟠 Daralıyor,⚪Fiyat Alt_Orta Bant Aralığında,EMA100 Destek: 292.06 (%0.7 altta) | EMA5 Direnç: 303.64 (%3.2 üstte),231.65-255.40 (%13.2 altta),-,43.53,6.81,-0.3,,,
2026-07-17 18:48,COHR,276.29,🔴 Düşüş Trendinde,🔴 SAT,🟢 POTANSİYEL DİP (0 Altı - Hacimsiz),-,⚠️ Yükseliş Trendinde Düzeltme (SSL Negatif),⚪ Yelpaze Açık,⚪Fiyat Alt_Orta Bant Aralığında,EMA200 Destek: 252.91 (%8.5 altta) | EMA5 Direnç: 292.31 (%5.8 üstte),171.80-191.21 (%30.8 altta),-,32.94,0.0,-0.92,,,
2026-07-17 18:48,DLR,174.24,🔴 Düşüş Trendinde,🔴 SAT,-,-,⚠️ Yükseliş Trendinde Düzeltme (SSL Negatif),⚪ Yelpaze Açık,⚪Fiyat Alt_Orta Bant Aralığında,EMA5 Direnç: 175.07 (%0.5 üstte),-,-,39.94,32.01,-0.48,,,
2026-07-17 18:48,EQIX,1017.36,🔴 Düşüş Trendinde,🔴 SAT,-,-,⚠️ Yükseliş Trendinde Düzeltme (SSL Negatif),⚪ Yelpaze Açık,⚪Fiyat Alt_Orta Bant Aralığında,EMA100 Destek: 1013.91 (%0.3 altta) | EMA5 Direnç: 1020.60 (%0.3 üstte),716.69-727.98 (%28.4 altta),-,41.84,43.2,-0.29,,,
2026-07-17 18:48,ETN,400.77,🔴 Düşüş Trendinde,🔴 SAT,🔴 ZAYIFLAMA (Zaten Dipte),-,⚠️ Yükseliş Trendinde Düzeltme (SSL Negatif),🟠 Daralıyor,⚪Fiyat Alt_Orta Bant Aralığında,EMA100 Destek: 393.38 (%1.8 altta) | EMA55 Direnç: 402.07 (%0.3 üstte),-,-,47.97,24.87,-0.33,,,
2026-07-17 18:48,GLW,154.14,🔴 Düşüş Trendinde,🔴 SAT,-,-,⚠️ Yükseliş Trendinde Düzeltme (SSL Negatif),⚪ Yelpaze Açık,⚪Fiyat Alt_Orta Bant Aralığında,EMA200 Destek: 136.84 (%11.2 altta) | EMA5 Direnç: 168.51 (%9.3 üstte),83.67-87.39 (%43.3 altta),-,36.86,0.0,-0.88,,,
2026-07-17 18:48,VRT,290.1,🟢 Yükseliş Trendinde,🔴 SAT,-,-,⚠️ Yükseliş Trendinde Düzeltme (SSL Negatif),🟠 Daralıyor,⚪Fiyat Alt_Orta Bant Aralığında,EMA200 Destek: 244.03 (%15.9 altta) | EMA100 Direnç: 292.02 (%0.7 üstte),231.65-255.40 (%12.0 altta),-,42.36,4.02,-0.55,,,
2026-07-17 21:19,COHR,278.6,🔴 Düşüş Trendinde,🔴 SAT,🟢 POTANSİYEL DİP (0 Altı - Hacimsiz),-,⚠️ Yükseliş Trendinde Düzeltme (SSL Negatif),⚪ Yelpaze Açık,⚪Fiyat Alt_Orta Bant Aralığında,EMA200 Destek: 252.94 (%9.2 altta) | EMA5 Direnç: 293.07 (%5.2 üstte),171.80-191.21 (%31.4 altta),-,33.59,0.93,-0.92,,,
2026-07-17 21:19,DLR,174.08,🔴 Düşüş Trendinde,🔴 SAT,-,-,⚠️ Yükseliş Trendinde Düzeltme (SSL Negatif),⚪ Yelpaze Açık,⚪Fiyat Alt_Orta Bant Aralığında,EMA5 Direnç: 175.02 (%0.5 üstte),-,-,39.67,31.52,-0.49,,,
2026-07-17 21:19,EQIX,1016.47,🔴 Düşüş Trendinde,🔴 SAT,-,-,⚠️ Yükseliş Trendinde Düzeltme (SSL Negatif),⚪ Yelpaze Açık,⚪Fiyat Alt_Orta Bant Aralığında,EMA100 Destek: 1013.89 (%0.3 altta) | EMA5 Direnç: 1020.30 (%0.4 üstte),716.69-727.98 (%28.4 altta),-,41.54,42.73,-0.29,,,
2026-07-17 21:19,ETN,400.19,🔴 Düşüş Trendinde,🔴 SAT,🔴 ZAYIFLAMA (Zaten Dipte),-,⚠️ Yükseliş Trendinde Düzeltme (SSL Negatif),🟠 Daralıyor,⚪Fiyat Alt_Orta Bant Aralığında,EMA100 Destek: 393.37 (%1.7 altta) | EMA55 Direnç: 402.05 (%0.5 üstte),-,-,47.75,24.15,-0.34,,,
2026-07-17 21:19,GLW,154.56,🔴 Düşüş Trendinde,🔴 SAT,-,-,⚠️ Yükseliş Trendinde Düzeltme (SSL Negatif),⚪ Yelpaze Açık,⚪Fiyat Alt_Orta Bant Aralığında,EMA200 Destek: 136.85 (%11.5 altta) | EMA5 Direnç: 168.65 (%9.1 üstte),83.67-87.39 (%43.5 altta),-,36.97,0.0,-0.88,,,
2026-07-17 21:19,VRT,292.29,🟢 Yükseliş Trendinde,🔴 SAT,-,-,⚠️ Yükseliş Trendinde Düzeltme (SSL Negatif),🟠 Daralıyor,⚪Fiyat Alt_Orta Bant Aralığında,EMA100 Destek: 292.06 (%0.1 altta) | EMA5 Direnç: 299.85 (%2.6 üstte),231.65-255.40 (%12.6 altta),-,42.99,4.02,-0.54,,,
2026-07-18 00:15,COHR,277.6,🔴 Düşüş Trendinde,🔴 SAT,🚀 KUSURSUZ DÖNÜŞ (0 Altı + Hacim),-,⚠️ Yükseliş Trendinde Düzeltme (SSL Negatif),⚪ Yelpaze Açık,⚪Fiyat Alt_Orta Bant Aralığında,EMA200 Destek: 252.71 (%9.0 altta) | EMA5 Direnç: 292.74 (%5.5 üstte),171.80-191.21 (%31.1 altta),-,33.27,0.37,-0.92,⚠️Fiyat EMA 200 Üzerinde! Uzaklık: 9.84841558897045,,
2026-07-18 00:15,DLR,173.88,🔴 Düşüş Trendinde,🔴 SAT,-,-,⚠️ Yükseliş Trendinde Düzeltme (SSL Negatif),⚪ Yelpaze Açık,⚪Fiyat Alt_Orta Bant Aralığında,EMA5 Direnç: 174.95 (%0.6 üstte),-,-,39.33,30.92,-0.49,🟢Fiyat EMA 200 altında! Uzaklık: -0.7025520606738667,,
2026-07-18 00:15,EQIX,1020.0,🔴 Düşüş Trendinde,🔴 SAT,-,-,⚠️ Yükseliş Trendinde Düzeltme (SSL Negatif),⚪ Yelpaze Açık,⚪Fiyat Alt_Orta Bant Aralığında,EMA100 Destek: 1013.99 (%0.6 altta) | EMA5 Direnç: 1021.48 (%0.1 üstte),716.69-727.98 (%28.6 altta),-,42.69,44.54,-0.28,⚠️Fiyat EMA 200 Üzerinde! Uzaklık: 10.120431619647796,,
2026-07-18 00:15,ETN,399.99,🔴 Düşüş Trendinde,🔴 SAT,🔴 ZAYIFLAMA (Zaten Dipte),-,⚠️ Yükseliş Trendinde Düzeltme (SSL Negatif),🟠 Daralıyor,⚪Fiyat Alt_Orta Bant Aralığında,EMA100 Destek: 393.37 (%1.7 altta) | EMA55 Direnç: 402.04 (%0.5 üstte),-,-,47.67,23.9,-0.34,⚠️Fiyat EMA 200 Üzerinde! Uzaklık: 5.788536771571895,,
2026-07-18 00:15,GLW,154.61,🔴 Düşüş Trendinde,🔴 SAT,-,-,⚠️ Yükseliş Trendinde Düzeltme (SSL Negatif),⚪ Yelpaze Açık,⚪Fiyat Alt_Orta Bant Aralığında,EMA200 Destek: 136.81 (%11.5 altta) | EMA5 Direnç: 168.67 (%9.1 üstte),83.67-87.39 (%43.5 altta),-,36.98,0.0,-0.88,⚠️Fiyat EMA 200 Üzerinde! Uzaklık: 13.013471898043516,,
2026-07-18 00:15,VRT,289.56,🟢 Yükseliş Trendinde,🔴 SAT,-,-,⚠️ Yükseliş Trendinde Düzeltme (SSL Negatif),🟠 Daralıyor,⚪Fiyat Alt_Orta Bant Aralığında,EMA200 Destek: 243.80 (%15.8 altta) | EMA100 Direnç: 292.00 (%0.8 üstte),231.65-255.40 (%11.8 altta),-,42.21,4.02,-0.56,⚠️Fiyat EMA 200 Üzerinde! Uzaklık: 18.770332560071125,,
2026-07-20 15:58,COHR,277.6,🔴 Düşüş Trendinde,🔴 SAT,🚀 KUSURSUZ DÖNÜŞ (0 Altı + Hacim),-,⚠️ Yükseliş Trendinde Düzeltme (SSL Negatif),⚪ Yelpaze Açık,⚪Fiyat Alt_Orta Bant Aralığında,EMA200 Destek: 252.71 (%9.0 altta) | EMA5 Direnç: 292.74 (%5.5 üstte),171.80-191.21 (%31.1 altta),-,33.27,0.37,-0.92,9.85,,
2026-07-20 15:58,DLR,173.88,🔴 Düşüş Trendinde,🔴 SAT,-,-,⚠️ Yükseliş Trendinde Düzeltme (SSL Negatif),⚪ Yelpaze Açık,⚪Fiyat Alt_Orta Bant Aralığında,EMA5 Direnç: 174.95 (%0.6 üstte),-,-,39.33,30.92,-0.49,-0.7,,
2026-07-20 15:58,EQIX,1020.0,🔴 Düşüş Trendinde,🔴 SAT,-,-,⚠️ Yükseliş Trendinde Düzeltme (SSL Negatif),⚪ Yelpaze Açık,⚪Fiyat Alt_Orta Bant Aralığında,EMA100 Destek: 1013.99 (%0.6 altta) | EMA5 Direnç: 1021.48 (%0.1 üstte),716.69-727.98 (%28.6 altta),-,42.69,44.54,-0.28,10.12,,
2026-07-20 15:58,ETN,399.99,🔴 Düşüş Trendinde,🔴 SAT,🔴 ZAYIFLAMA (Zaten Dipte),-,⚠️ Yükseliş Trendinde Düzeltme (SSL Negatif),🟠 Daralıyor,⚪Fiyat Alt_Orta Bant Aralığında,EMA100 Destek: 393.37 (%1.7 altta) | EMA55 Direnç: 402.04 (%0.5 üstte),-,-,47.67,23.9,-0.34,5.79,,
2026-07-20 15:58,GLW,154.61,🔴 Düşüş Trendinde,🔴 SAT,-,-,⚠️ Yükseliş Trendinde Düzeltme (SSL Negatif),⚪ Yelpaze Açık,⚪Fiyat Alt_Orta Bant Aralığında,EMA200 Destek: 136.81 (%11.5 altta) | EMA5 Direnç: 168.67 (%9.1 üstte),83.67-87.39 (%43.5 altta),-,36.98,0.0,-0.88,13.01,,
2026-07-20 15:58,VRT,289.56,🟢 Yükseliş Trendinde,🔴 SAT,-,-,⚠️ Yükseliş Trendinde Düzeltme (SSL Negatif),🟠 Daralıyor,⚪Fiyat Alt_Orta Bant Aralığında,EMA200 Destek: 243.80 (%15.8 altta) | EMA100 Direnç: 292.00 (%0.8 üstte),231.65-255.40 (%11.8 altta),-,42.21,4.02,-0.56,18.77,,
2026-07-20 19:05,COHR,295.33,🔴 Düşüş Trendinde,⏳ BEKLE,-,-,⚠️ Yükseliş Trendinde Düzeltme (SSL Negatif),⚪ Yelpaze Açık,⚪Fiyat Alt_Orta Bant Aralığında,EMA5 Destek: 293.60 (%0.6 altta) | EMA100 Direnç: 318.30 (%7.8 üstte),171.80-191.21 (%35.3 altta),-,39.03,10.65,-0.89,16.77,,
2026-07-20 19:05,DLR,175.15,🔴 Düşüş Trendinde,🔴 SAT,-,-,⚠️ Yükseliş Trendinde Düzeltme (SSL Negatif),⚪ Yelpaze Açık,⚪Fiyat Alt_Orta Bant Aralığında,EMA200 Destek: 175.02 (%0.1 altta) | EMA21 Direnç: 179.33 (%2.4 üstte),-,-,41.56,42.27,-0.25,0.08,,
2026-07-20 19:05,EQIX,1018.06,🔴 Düşüş Trendinde,⏳ BEKLE,-,-,⚠️ Yükseliş Trendinde Düzeltme (SSL Negatif),⚪ Yelpaze Açık,⚪Fiyat Alt_Orta Bant Aralığında,EMA100 Destek: 1014.10 (%0.4 altta) | EMA5 Direnç: 1020.34 (%0.2 üstte),716.69-727.98 (%28.5 altta),-,42.2,49.5,0.05,9.86,,
2026-07-20 19:05,ETN,402.3,🔴 Düşüş Trendinde,⏳ BEKLE,🟢 POTANSİYEL DİP (0 Altı - Hacimsiz),-,⚠️ Yükseliş Trendinde Düzeltme (SSL Negatif),🚨 BB SIKIŞMA,⚪Fiyat Alt_Orta Bant Aralığında,EMA55 Destek: 402.05 (%0.1 altta) | EMA5 Direnç: 403.09 (%0.2 üstte),-,-,48.61,12.49,-0.38,6.38,,
2026-07-20 19:05,GLW,155.73,🔴 Düşüş Trendinde,⏳ BEKLE,🟢 POTANSİYEL DİP (0 Altı - Hacimsiz),-,⚠️ Yükseliş Trendinde Düzeltme (SSL Negatif),⚪ Yelpaze Açık,⚪Fiyat Alt_Orta Bant Aralığında,EMA200 Destek: 136.95 (%12.1 altta) | EMA5 Direnç: 164.36 (%5.5 üstte),83.67-87.39 (%43.9 altta),-,37.51,0.55,-0.87,13.71,,
2026-07-20 19:05,VRT,295.08,🟢 Yükseliş Trendinde,🔴 SAT,-,-,⚠️ Yükseliş Trendinde Düzeltme (SSL Negatif),🟠 Daralıyor,⚪Fiyat Alt_Orta Bant Aralığında,EMA100 Destek: 292.07 (%1.0 altta) | EMA5 Direnç: 297.66 (%0.9 üstte),231.65-255.40 (%13.4 altta),-,44.42,5.85,-0.7,20.91,,
2026-07-20 22:11,COHR,289.01,🔴 Düşüş Trendinde,⏳ BEKLE,-,-,⚠️ Yükseliş Trendinde Düzeltme (SSL Negatif),⚪ Yelpaze Açık,⚪Fiyat Alt_Orta Bant Aralığında,EMA200 Destek: 252.85 (%12.5 altta) | EMA5 Direnç: 291.50 (%0.9 üstte),171.80-191.21 (%33.8 altta),-,37.1,7.32,-0.9,14.3,,
2026-07-20 22:11,DLR,175.62,🔴 Düşüş Trendinde,🔴 SAT,-,-,⚠️ Yükseliş Trendinde Düzeltme (SSL Negatif),⚪ Yelpaze Açık,⚪Fiyat Alt_Orta Bant Aralığında,EMA5 Destek: 175.17 (%0.3 altta) | EMA21 Direnç: 179.37 (%2.1 üstte),-,-,42.35,44.51,-0.23,0.34,,
2026-07-20 22:11,EQIX,1016.34,🔴 Düşüş Trendinde,⏳ BEKLE,-,-,⚠️ Yükseliş Trendinde Düzeltme (SSL Negatif),⚪ Yelpaze Açık,⚪Fiyat Alt_Orta Bant Aralığında,EMA100 Destek: 1014.06 (%0.2 altta) | EMA5 Direnç: 1019.77 (%0.3 üstte),716.69-727.98 (%28.4 altta),-,41.77,48.7,0.03,9.67,,
2026-07-20 22:11,ETN,401.54,🔴 Düşüş Trendinde,⏳ BEKLE,🟢 POTANSİYEL DİP (0 Altı - Hacimsiz),-,⚠️ Yükseliş Trendinde Düzeltme (SSL Negatif),🚨 BB SIKIŞMA,⚪Fiyat Alt_Orta Bant Aralığında,EMA100 Destek: 393.53 (%2.0 altta) | EMA55 Direnç: 402.02 (%0.1 üstte),-,-,48.31,11.51,-0.39,6.19,,
2026-07-20 22:11,GLW,154.09,🔴 Düşüş Trendinde,⏳ BEKLE,🟢 POTANSİYEL DİP (0 Altı - Hacimsiz),-,⚠️ Yükseliş Trendinde Düzeltme (SSL Negatif),⚪ Yelpaze Açık,⚪Fiyat Alt_Orta Bant Aralığında,EMA200 Destek: 136.94 (%11.1 altta) | EMA5 Direnç: 163.81 (%6.3 üstte),83.67-87.39 (%43.3 altta),-,36.84,0.0,-0.88,12.52,,
2026-07-20 22:11,VRT,293.85,🟢 Yükseliş Trendinde,🔴 SAT,-,-,⚠️ Yükseliş Trendinde Düzeltme (SSL Negatif),🟡 Normal Genişlik,⚪Fiyat Alt_Orta Bant Aralığında,EMA100 Destek: 292.04 (%0.6 altta) | EMA5 Direnç: 297.25 (%1.2 üstte),231.65-255.40 (%13.1 altta),-,43.94,4.58,-0.7,20.41,,
2026-07-21 15:05,COHR,285.4,🔴 Düşüş Trendinde,⏳ BEKLE,-,-,⚠️ Yükseliş Trendinde Düzeltme (SSL Negatif),⚪ Yelpaze Açık,⚪Fiyat Alt_Orta Bant Aralığında,EMA200 Destek: 252.81 (%11.4 altta) | EMA5 Direnç: 290.29 (%1.7 üstte),171.80-191.21 (%33.0 altta),-,35.93,5.32,-0.91,12.89,,
2026-07-21 15:05,DLR,176.25,🔴 Düşüş Trendinde,🔴 SAT,-,-,⚠️ Yükseliş Trendinde Düzeltme (SSL Negatif),⚪ Yelpaze Açık,⚪Fiyat Alt_Orta Bant Aralığında,EMA5 Destek: 175.38 (%0.5 altta) | EMA21 Direnç: 179.43 (%1.8 üstte),-,-,43.37,47.4,-0.2,0.7,,
2026-07-21 15:05,EQIX,1017.31,🔴 Düşüş Trendinde,⏳ BEKLE,-,-,⚠️ Yükseliş Trendinde Düzeltme (SSL Negatif),⚪ Yelpaze Açık,⚪Fiyat Alt_Orta Bant Aralığında,EMA100 Destek: 1014.08 (%0.3 altta) | EMA5 Direnç: 1020.09 (%0.3 üstte),716.69-727.98 (%28.4 altta),-,42.01,49.15,0.04,9.78,,
2026-07-21 15:05,ETN,401.41,🔴 Düşüş Trendinde,⏳ BEKLE,🟢 POTANSİYEL DİP (0 Altı - Hacimsiz),-,⚠️ Yükseliş Trendinde Düzeltme (SSL Negatif),🚨 BB SIKIŞMA,⚪Fiyat Alt_Orta Bant Aralığında,EMA100 Destek: 393.53 (%2.0 altta) | EMA55 Direnç: 402.01 (%0.2 üstte),-,-,48.26,11.34,-0.39,6.15,,
2026-07-21 15:05,GLW,153.1,🔴 Düşüş Trendinde,⏳ BEKLE,-,-,⚠️ Yükseliş Trendinde Düzeltme (SSL Negatif),⚪ Yelpaze Açık,⚪Fiyat Alt_Orta Bant Aralığında,EMA200 Destek: 136.93 (%10.6 altta) | EMA5 Direnç: 163.48 (%6.8 üstte),83.67-87.39 (%42.9 altta),-,36.57,0.0,-0.88,11.81,,
2026-07-21 15:05,VRT,291.67,🟢 Yükseliş Trendinde,🔴 SAT,-,-,⚠️ Yükseliş Trendinde Düzeltme (SSL Negatif),🟡 Normal Genişlik,⚪Fiyat Alt_Orta Bant Aralığında,EMA200 Destek: 244.03 (%16.3 altta) | EMA100 Direnç: 292.00 (%0.1 üstte),231.65-255.40 (%12.4 altta),-,43.07,2.29,-0.71,19.52,,
2026-07-21 18:59,COHR,313.36,🔴 Düşüş Trendinde,⏳ BEKLE,-,-,⚠️ Yükseliş Trendinde Düzeltme (SSL Negatif),⚪ Yelpaze Açık,⚪Fiyat Alt_Orta Bant Aralığında,EMA5 Destek: 297.98 (%4.9 altta) | EMA100 Direnç: 318.01 (%1.5 üstte),171.80-191.21 (%39.0 altta),-,44.49,32.22,-0.81,23.65,,
2026-07-21 18:59,DLR,179.19,🔴 Düşüş Trendinde,🔥 GÜÇLÜ AL (Taze Kırılım),-,-,🚀 ASIL SİNYAL: GÜÇLÜ AL (EMA Sıralı + SSL Onay),⚪ Yelpaze Açık,⚪Fiyat Alt_Orta Bant Aralığında,EMA5 Destek: 176.65 (%1.4 altta) | EMA21 Direnç: 179.41 (%0.1 üstte),-,-,48.0,72.6,0.15,2.35,,
2026-07-21 18:59,EQIX,1029.56,🔴 Düşüş Trendinde,⏳ BEKLE,-,-,⚠️ Yükseliş Trendinde Düzeltme (SSL Negatif),⚪ Yelpaze Açık,⚪Fiyat Alt_Orta Bant Aralığında,EMA5 Destek: 1023.25 (%0.6 altta) | EMA21 Direnç: 1037.29 (%0.8 üstte),716.69-727.98 (%29.3 altta),-,46.21,65.98,0.3,10.98,,
2026-07-21 18:59,ETN,407.38,🔴 Düşüş Trendinde,⏳ BEKLE,-,-,⚠️ Yükseliş Trendinde Düzeltme (SSL Negatif),🚨 BB SIKIŞMA,🟡Fiyat Orta-Üst Bant Aralığında,EMA21 Destek: 405.77 (%0.4 altta),-,-,50.75,32.5,-0.08,7.65,,
2026-07-21 18:59,GLW,161.75,🔴 Düşüş Trendinde,⏳ BEKLE,🟢 POTANSİYEL DİP (0 Altı - Hacimsiz),-,⚠️ Yükseliş Trendinde Düzeltme (SSL Negatif),⚪ Yelpaze Açık,⚪Fiyat Alt_Orta Bant Aralığında,EMA200 Destek: 137.17 (%15.2 altta) | EMA5 Direnç: 162.90 (%0.7 üstte),83.67-87.39 (%46.0 altta),-,40.67,7.16,-0.9,17.92,,
2026-07-21 18:59,VRT,303.9,🟢 Yükseliş Trendinde,⏳ BEKLE,🟢 POTANSİYEL DİP (0 Altı - Hacimsiz),-,⚠️ Yükseliş Trendinde Düzeltme (SSL Negatif),🚨 BB SIKIŞMA,⚪Fiyat Alt_Orta Bant Aralığında,EMA5 Destek: 298.98 (%1.6 altta) | EMA21 Direnç: 307.79 (%1.3 üstte),231.65-255.40 (%16.0 altta),-,47.93,21.54,-0.58,24.23,,
2026-07-21 21:46,COHR,318.11,🔴 Düşüş Trendinde,🔥 GÜÇLÜ AL (Taze Kırılım),-,-,⚠️ Yükseliş Trendinde Düzeltme (SSL Negatif),⚪ Yelpaze Açık,⚪Fiyat Alt_Orta Bant Aralığında,EMA100 Destek: 318.10 (%0.0 altta) | EMA21 Direnç: 328.42 (%3.2 üstte),171.80-191.21 (%39.9 altta),-,45.73,35.12,-0.79,25.51,,
2026-07-21 21:46,DLR,178.75,🔴 Düşüş Trendinde,🔥 GÜÇLÜ AL (Taze Kırılım),-,-,🚀 ASIL SİNYAL: GÜÇLÜ AL (EMA Sıralı + SSL Onay),⚪ Yelpaze Açık,⚪Fiyat Alt_Orta Bant Aralığında,EMA5 Destek: 176.51 (%1.3 altta) | EMA21 Direnç: 179.37 (%0.3 üstte),-,-,47.35,72.6,0.13,2.1,,
2026-07-21 21:46,EQIX,1022.68,🔴 Düşüş Trendinde,⏳ BEKLE,-,-,⚠️ Yükseliş Trendinde Düzeltme (SSL Negatif),⚪ Yelpaze Açık,⚪Fiyat Alt_Orta Bant Aralığında,EMA5 Destek: 1020.95 (%0.2 altta) | EMA21 Direnç: 1036.66 (%1.4 üstte),716.69-727.98 (%28.8 altta),-,43.93,61.75,0.24,10.24,,
2026-07-21 21:46,ETN,403.71,🔴 Düşüş Trendinde,⏳ BEKLE,-,-,⚠️ Yükseliş Trendinde Düzeltme (SSL Negatif),🚨 BB SIKIŞMA,⚪Fiyat Alt_Orta Bant Aralığında,EMA5 Destek: 403.10 (%0.2 altta) | EMA21 Direnç: 405.44 (%0.4 üstte),-,-,49.25,25.53,-0.15,6.69,,
2026-07-21 21:46,GLW,162.66,🔴 Düşüş Trendinde,⏳ BEKLE,🟢 POTANSİYEL DİP (0 Altı - Hacimsiz),-,⚠️ Yükseliş Trendinde Düzeltme (SSL Negatif),⚪ Yelpaze Açık,⚪Fiyat Alt_Orta Bant Aralığında,EMA200 Destek: 137.18 (%15.7 altta) | EMA5 Direnç: 163.21 (%0.3 üstte),83.67-87.39 (%46.3 altta),-,41.07,7.86,-0.9,18.57,,
2026-07-21 21:46,VRT,304.42,🟢 Yükseliş Trendinde,⏳ BEKLE,🟢 POTANSİYEL DİP (0 Altı - Hacimsiz),-,⚠️ Yükseliş Trendinde Düzeltme (SSL Negatif),🚨 BB SIKIŞMA,⚪Fiyat Alt_Orta Bant Aralığında,EMA5 Destek: 299.15 (%1.7 altta) | EMA21 Direnç: 307.84 (%1.1 üstte),231.65-255.40 (%16.1 altta),-,48.12,22.17,-0.58,24.44,,
2026-07-22 15:08,COHR,317.22,🔴 Düşüş Trendinde,🔥 GÜÇLÜ AL (Taze Kırılım),-,-,⚠️ Yükseliş Trendinde Düzeltme (SSL Negatif),⚪ Yelpaze Açık,⚪Fiyat Alt_Orta Bant Aralığında,EMA5 Destek: 299.27 (%5.7 altta) | EMA100 Direnç: 318.06 (%0.3 üstte),-,-,45.5,34.58,-0.79,25.28,,
2026-07-22 15:08,DLR,179.31,🔴 Düşüş Trendinde,🔥 GÜÇLÜ AL (Taze Kırılım),-,-,🚀 ASIL SİNYAL: GÜÇLÜ AL (EMA Sıralı + SSL Onay),⚪ Yelpaze Açık,⚪Fiyat Alt_Orta Bant Aralığında,EMA5 Destek: 176.69 (%1.5 altta) | EMA21 Direnç: 179.42 (%0.1 üstte),-,-,48.17,72.6,0.16,2.48,,
2026-07-22 15:08,EQIX,1027.88,🔴 Düşüş Trendinde,⏳ BEKLE,-,-,⚠️ Yükseliş Trendinde Düzeltme (SSL Negatif),⚪ Yelpaze Açık,⚪Fiyat Alt_Orta Bant Aralığında,EMA5 Destek: 1022.69 (%0.5 altta) | EMA21 Direnç: 1037.14 (%0.9 üstte),716.69-727.98 (%29.2 altta),-,45.67,64.97,0.28,10.86,,
2026-07-22 15:08,ETN,402.95,🔴 Düşüş Trendinde,⏳ BEKLE,-,-,⚠️ Yükseliş Trendinde Düzeltme (SSL Negatif),🚨 BB SIKIŞMA,⚪Fiyat Alt_Orta Bant Aralığında,EMA5 Destek: 402.85 (%0.0 altta) | EMA21 Direnç: 405.37 (%0.6 üstte),-,-,48.92,24.02,-0.16,6.55,,
2026-07-22 15:08,GLW,162.41,🔴 Düşüş Trendinde,⏳ BEKLE,🟢 POTANSİYEL DİP (0 Altı - Hacimsiz),-,⚠️ Yükseliş Trendinde Düzeltme (SSL Negatif),⚪ Yelpaze Açık,⚪Fiyat Alt_Orta Bant Aralığında,EMA200 Destek: 137.08 (%15.6 altta) | EMA5 Direnç: 163.12 (%0.4 üstte),-,-,40.96,7.67,-0.9,18.47,,
2026-07-22 15:08,VRT,304.5,🟢 Yükseliş Trendinde,⏳ BEKLE,🟢 POTANSİYEL DİP (0 Altı - Hacimsiz),-,⚠️ Yükseliş Trendinde Düzeltme (SSL Negatif),🚨 BB SIKIŞMA,⚪Fiyat Alt_Orta Bant Aralığında,EMA5 Destek: 299.18 (%1.7 altta) | EMA21 Direnç: 307.84 (%1.1 üstte),231.65-255.40 (%16.1 altta),-,48.15,22.27,-0.58,24.62,,
2026-07-22 18:56,COHR,317.01,🔴 Düşüş Trendinde,🟢 AL (Trend Onaylı),-,-,⚠️ Yükseliş Trendinde Düzeltme (SSL Negatif),⚪ Yelpaze Açık,⚪Fiyat Alt_Orta Bant Aralığında,EMA5 Destek: 305.18 (%3.7 altta) | EMA100 Direnç: 318.04 (%0.3 üstte),-,-,45.45,67.42,-0.61,24.88,,
2026-07-22 18:56,DLR,179.52,🔴 Düşüş Trendinde,🟢 AL (Trend Onaylı),-,-,🟢 EMA Yükselişte (SSL Ok Bekleniyor),⚪ Yelpaze Açık,⚪Fiyat Alt_Orta Bant Aralığında,EMA21 Destek: 179.43 (%0.1 altta) | EMA100 Direnç: 181.79 (%1.3 üstte),-,-,48.49,95.23,0.32,2.57,,
2026-07-22 18:56,EQIX,1032.69,🔴 Düşüş Trendinde,⏳ BEKLE,-,-,⚠️ Yükseliş Trendinde Düzeltme (SSL Negatif),⚪ Yelpaze Açık,⚪Fiyat Alt_Orta Bant Aralığında,EMA5 Destek: 1026.02 (%0.6 altta) | EMA21 Direnç: 1036.73 (%0.4 üstte),716.69-727.98 (%29.5 altta),-,47.31,76.81,0.3,11.25,,
2026-07-22 18:56,ETN,406.78,🔴 Düşüş Trendinde,⏳ BEKLE,-,-,⚠️ Yükseliş Trendinde Düzeltme (SSL Negatif),🚨 BB SIKIŞMA,🟡Fiyat Orta-Üst Bant Aralığında,EMA21 Destek: 405.50 (%0.3 altta),-,-,50.62,39.89,0.04,7.48,,
2026-07-22 18:56,GLW,158.17,🔴 Düşüş Trendinde,⏳ BEKLE,-,-,⚠️ Yükseliş Trendinde Düzeltme (SSL Negatif),⚪ Yelpaze Açık,⚪Fiyat Alt_Orta Bant Aralığında,EMA200 Destek: 137.29 (%13.2 altta) | EMA5 Direnç: 161.47 (%2.1 üstte),-,-,39.62,16.07,-0.89,15.21,,
2026-07-22 18:56,VRT,299.55,🟢 Yükseliş Trendinde,⏳ BEKLE,-,-,⚠️ Yükseliş Trendinde Düzeltme (SSL Negatif),🚨 BB SIKIŞMA,⚪Fiyat Alt_Orta Bant Aralığında,EMA5 Destek: 299.30 (%0.1 altta) | EMA21 Direnç: 307.09 (%2.5 üstte),231.65-255.40 (%14.7 altta),-,46.43,36.47,-0.59,22.32,,
2026-07-22 21:38,COHR,315.43,🔴 Düşüş Trendinde,🟢 AL (Trend Onaylı),-,-,⚠️ Yükseliş Trendinde Düzeltme (SSL Negatif),⚪ Yelpaze Açık,⚪Fiyat Alt_Orta Bant Aralığında,EMA5 Destek: 304.66 (%3.4 altta) | EMA100 Direnç: 318.01 (%0.8 üstte),-,-,45.09,66.46,-0.62,24.27,,
2026-07-22 21:38,DLR,179.61,🔴 Düşüş Trendinde,🟢 AL (Trend Onaylı),-,-,🟢 EMA Yükselişte (SSL Ok Bekleniyor),⚪ Yelpaze Açık,⚪Fiyat Alt_Orta Bant Aralığında,EMA21 Destek: 179.44 (%0.1 altta) | EMA100 Direnç: 181.79 (%1.2 üstte),-,-,48.63,95.23,0.32,2.62,,
2026-07-22 21:38,EQIX,1030.45,🔴 Düşüş Trendinde,⏳ BEKLE,-,-,⚠️ Yükseliş Trendinde Düzeltme (SSL Negatif),⚪ Yelpaze Açık,⚪Fiyat Alt_Orta Bant Aralığında,EMA5 Destek: 1025.28 (%0.5 altta) | EMA21 Direnç: 1036.53 (%0.6 üstte),716.69-727.98 (%29.4 altta),-,46.56,75.42,0.28,11.01,,
2026-07-22 21:38,ETN,407.86,🔴 Düşüş Trendinde,⏳ BEKLE,-,-,⚠️ Yükseliş Trendinde Düzeltme (SSL Negatif),🚨 BB SIKIŞMA,🟡Fiyat Orta-Üst Bant Aralığında,EMA21 Destek: 405.59 (%0.6 altta),-,-,51.08,42.02,0.06,7.76,,
2026-07-22 21:38,GLW,156.46,🔴 Düşüş Trendinde,⏳ BEKLE,-,-,⚠️ Yükseliş Trendinde Düzeltme (SSL Negatif),⚪ Yelpaze Açık,⚪Fiyat Alt_Orta Bant Aralığında,EMA200 Destek: 137.28 (%12.3 altta) | EMA5 Direnç: 160.90 (%2.8 üstte),-,-,39.1,14.65,-0.9,13.98,,
2026-07-22 21:38,VRT,302.17,🟢 Yükseliş Trendinde,⏳ BEKLE,-,-,⚠️ Yükseliş Trendinde Düzeltme (SSL Negatif),🚨 BB SIKIŞMA,⚪Fiyat Alt_Orta Bant Aralığında,EMA5 Destek: 300.18 (%0.7 altta) | EMA21 Direnç: 307.33 (%1.7 üstte),231.65-255.40 (%15.5 altta),-,47.32,39.49,-0.56,23.38,,
2026-07-23 15:08,COHR,312.19,🔴 Düşüş Trendinde,🟢 AL (Trend Onaylı),-,-,⚠️ Yükseliş Trendinde Düzeltme (SSL Negatif),⚪ Yelpaze Açık,⚪Fiyat Alt_Orta Bant Aralığında,EMA5 Destek: 303.58 (%2.8 altta) | EMA100 Direnç: 317.92 (%1.8 üstte),-,-,44.37,64.53,-0.65,23.08,,
2026-07-23 15:08,DLR,178.41,🔴 Düşüş Trendinde,🟢 AL (Trend Onaylı),-,-,🟢 EMA Yükselişte (SSL Ok Bekleniyor),⚪ Yelpaze Açık,⚪Fiyat Alt_Orta Bant Aralığında,EMA5 Destek: 177.26 (%0.6 altta) | EMA21 Direnç: 179.33 (%0.5 üstte),-,-,46.91,92.41,0.28,2.0,,
2026-07-23 15:08,EQIX,1028.74,🔴 Düşüş Trendinde,⏳ BEKLE,-,-,⚠️ Yükseliş Trendinde Düzeltme (SSL Negatif),⚪ Yelpaze Açık,⚪Fiyat Alt_Orta Bant Aralığında,EMA5 Destek: 1024.71 (%0.4 altta) | EMA21 Direnç: 1036.37 (%0.7 üstte),716.69-727.98 (%29.2 altta),-,45.97,74.34,0.27,10.89,,
2026-07-23 15:08,ETN,406.91,🔴 Düşüş Trendinde,⏳ BEKLE,-,-,⚠️ Yükseliş Trendinde Düzeltme (SSL Negatif),🚨 BB SIKIŞMA,🟡Fiyat Orta-Üst Bant Aralığında,EMA21 Destek: 405.51 (%0.3 altta),-,-,50.68,40.14,0.04,7.55,,
2026-07-23 15:08,GLW,154.06,🔴 Düşüş Trendinde,⏳ BEKLE,-,-,⚠️ Yükseliş Trendinde Düzeltme (SSL Negatif),⚪ Yelpaze Açık,⚪Fiyat Alt_Orta Bant Aralığında,EMA200 Destek: 137.16 (%11.0 altta) | EMA5 Direnç: 160.10 (%3.9 üstte),-,-,38.39,12.7,-0.9,12.32,,
2026-07-23 15:08,VRT,301.16,🟢 Yükseliş Trendinde,⏳ BEKLE,-,-,⚠️ Yükseliş Trendinde Düzeltme (SSL Negatif),🚨 BB SIKIŞMA,⚪Fiyat Alt_Orta Bant Aralığında,EMA5 Destek: 299.84 (%0.4 altta) | EMA21 Direnç: 307.24 (%2.0 üstte),231.65-255.40 (%15.2 altta),-,46.97,38.31,-0.57,23.08,,
2026-07-23 19:07,COHR,314.43,🔴 Düşüş Trendinde,🟢 AL (Trend Onaylı),-,-,⚠️ Yükseliş Trendinde Düzeltme (SSL Negatif),⚪ Yelpaze Açık,⚪Fiyat Alt_Orta Bant Aralığında,EMA5 Destek: 307.19 (%2.3 altta) | EMA100 Direnç: 317.85 (%1.1 üstte),-,380.01-439.68 (%20.9 üstte),45.02,91.64,-0.48,23.67,,
2026-07-23 19:07,DLR,179.96,🔴 Düşüş Trendinde,🟢 AL (Trend Onaylı),-,-,🟢 EMA Yükselişte (SSL Ok Bekleniyor),⚪ Yelpaze Açık,🟡Fiyat Orta-Üst Bant Aralığında,EMA21 Destek: 179.39 (%0.3 altta) | EMA100 Direnç: 181.73 (%1.0 üstte),-,-,49.37,97.17,0.3,2.86,,
2026-07-23 19:07,EQIX,1033.41,🔴 Düşüş Trendinde,🔥 GÜÇLÜ AL (Taze Kırılım),-,-,🚀 ASIL SİNYAL: GÜÇLÜ AL (EMA Sıralı + SSL Onay),⚪ Yelpaze Açık,🟡Fiyat Orta-Üst Bant Aralığında,EMA5 Destek: 1027.61 (%0.6 altta) | EMA21 Direnç: 1036.10 (%0.3 üstte),716.69-727.98 (%29.6 altta),-,47.66,84.81,0.18,11.27,,
2026-07-23 19:07,ETN,413.02,🔴 Düşüş Trendinde,🔥 GÜÇLÜ AL (Taze Kırılım),-,-,🚀 ASIL SİNYAL: GÜÇLÜ AL (EMA Sıralı + SSL Onay),🚨 BB SIKIŞMA,🟡Fiyat Orta-Üst Bant Aralığında,EMA5 Destek: 407.14 (%1.4 altta),-,-,53.35,66.8,0.08,9.07,,
2026-07-23 19:07,GLW,156.61,🔴 Düşüş Trendinde,⏳ BEKLE,-,-,⚠️ Yükseliş Trendinde Düzeltme (SSL Negatif),⚪ Yelpaze Açık,⚪Fiyat Alt_Orta Bant Aralığında,EMA200 Destek: 137.35 (%12.3 altta) | EMA5 Direnç: 158.94 (%1.5 üstte),-,-,39.64,21.55,-0.89,14.02,,
2026-07-23 19:07,VRT,303.1,🟢 Yükseliş Trendinde,🔥 GÜÇLÜ AL (Taze Kırılım),-,-,⚠️ Yükseliş Trendinde Düzeltme (SSL Negatif),🚨 BB SIKIŞMA,⚪Fiyat Alt_Orta Bant Aralığında,EMA5 Destek: 300.93 (%0.7 altta) | EMA21 Direnç: 306.86 (%1.2 üstte),231.65-255.40 (%15.7 altta),-,47.77,54.73,-0.68,23.58,,
2026-07-23 21:43,COHR,313.39,🔴 Düşüş Trendinde,🟢 AL (Trend Onaylı),-,-,⚠️ Yükseliş Trendinde Düzeltme (SSL Negatif),⚪ Yelpaze Açık,⚪Fiyat Alt_Orta Bant Aralığında,EMA5 Destek: 306.85 (%2.1 altta) | EMA100 Direnç: 317.83 (%1.4 üstte),-,380.01-439.68 (%21.3 üstte),44.72,90.84,-0.48,23.27,,
2026-07-23 21:43,DLR,179.41,🔴 Düşüş Trendinde,🟢 AL (Trend Onaylı),-,-,🟢 EMA Yükselişte (SSL Ok Bekleniyor),⚪ Yelpaze Açık,🟡Fiyat Orta-Üst Bant Aralığında,EMA21 Destek: 179.34 (%0.0 altta) | EMA100 Direnç: 181.72 (%1.3 üstte),-,-,48.52,97.17,0.28,2.54,,
2026-07-23 21:43,EQIX,1031.02,🔴 Düşüş Trendinde,🔥 GÜÇLÜ AL (Taze Kırılım),-,-,⚠️ Yükseliş Trendinde Düzeltme (SSL Negatif),⚪ Yelpaze Açık,⚪Fiyat Alt_Orta Bant Aralığında,EMA5 Destek: 1026.81 (%0.4 altta) | EMA21 Direnç: 1035.89 (%0.5 üstte),716.69-727.98 (%29.4 altta),-,46.81,83.23,0.16,11.01,,
2026-07-23 21:43,ETN,412.71,🔴 Düşüş Trendinde,🔥 GÜÇLÜ AL (Taze Kırılım),-,-,🚀 ASIL SİNYAL: GÜÇLÜ AL (EMA Sıralı + SSL Onay),🚨 BB SIKIŞMA,🟡Fiyat Orta-Üst Bant Aralığında,EMA5 Destek: 407.04 (%1.4 altta),-,-,53.22,66.2,0.08,8.98,,
2026-07-23 21:43,GLW,157.07,🔴 Düşüş Trendinde,⏳ BEKLE,-,-,⚠️ Yükseliş Trendinde Düzeltme (SSL Negatif),⚪ Yelpaze Açık,⚪Fiyat Alt_Orta Bant Aralığında,EMA200 Destek: 137.36 (%12.5 altta) | EMA5 Direnç: 159.09 (%1.3 üstte),-,-,39.86,22.18,-0.89,14.35,,
2026-07-23 21:43,VRT,302.36,🟢 Yükseliş Trendinde,🔥 GÜÇLÜ AL (Taze Kırılım),-,-,⚠️ Yükseliş Trendinde Düzeltme (SSL Negatif),🚨 BB SIKIŞMA,⚪Fiyat Alt_Orta Bant Aralığında,EMA5 Destek: 300.68 (%0.6 altta) | EMA21 Direnç: 306.79 (%1.5 üstte),231.65-255.40 (%15.5 altta),-,47.47,53.73,-0.68,23.28,,
2026-07-24 14:59,COHR,313.22,🔴 Düşüş Trendinde,🟢 AL (Trend Onaylı),-,-,⚠️ Yükseliş Trendinde Düzeltme (SSL Negatif),⚪ Yelpaze Açık,⚪Fiyat Alt_Orta Bant Aralığında,EMA5 Destek: 306.79 (%2.1 altta) | EMA100 Direnç: 317.81 (%1.5 üstte),-,380.01-439.68 (%21.3 üstte),44.67,90.7,-0.49,23.3,,
2026-07-24 14:59,DLR,179.34,🔴 Düşüş Trendinde,🟢 AL (Trend Onaylı),-,-,🟢 EMA Yükselişte (SSL Ok Bekleniyor),⚪ Yelpaze Açık,🟡Fiyat Orta-Üst Bant Aralığında,EMA21 Destek: 179.33 (%0.0 altta) | EMA100 Direnç: 181.72 (%1.3 üstte),-,-,48.41,97.17,0.27,2.56,,
2026-07-24 14:59,EQIX,1033.55,🔴 Düşüş Trendinde,🔥 GÜÇLÜ AL (Taze Kırılım),-,-,🚀 ASIL SİNYAL: GÜÇLÜ AL (EMA Sıralı + SSL Onay),⚪ Yelpaze Açık,🟡Fiyat Orta-Üst Bant Aralığında,EMA5 Destek: 1027.65 (%0.6 altta) | EMA21 Direnç: 1036.12 (%0.2 üstte),716.69-727.98 (%29.6 altta),-,47.71,84.9,0.18,11.34,,
2026-07-24 14:59,ETN,415.13,🔴 Düşüş Trendinde,🔥 GÜÇLÜ AL (Taze Kırılım),-,-,🚀 ASIL SİNYAL: GÜÇLÜ AL (EMA Sıralı + SSL Onay),🚨 BB SIKIŞMA,🟡Fiyat Orta-Üst Bant Aralığında,EMA5 Destek: 407.84 (%1.8 altta),-,-,54.2,66.87,0.12,9.66,,
2026-07-24 14:59,GLW,156.06,🔴 Düşüş Trendinde,⏳ BEKLE,-,-,⚠️ Yükseliş Trendinde Düzeltme (SSL Negatif),⚪ Yelpaze Açık,⚪Fiyat Alt_Orta Bant Aralığında,EMA200 Destek: 137.24 (%12.1 altta) | EMA5 Direnç: 158.75 (%1.7 üstte),-,-,39.38,20.79,-0.89,13.72,,
2026-07-24 14:59,VRT,304.04,🟢 Yükseliş Trendinde,🔥 GÜÇLÜ AL (Taze Kırılım),-,-,⚠️ Yükseliş Trendinde Düzeltme (SSL Negatif),🚨 BB SIKIŞMA,⚪Fiyat Alt_Orta Bant Aralığında,EMA5 Destek: 301.24 (%0.9 altta) | EMA21 Direnç: 306.94 (%1.0 üstte),231.65-255.40 (%16.0 altta),-,48.15,56.0,-0.67,24.07,,
2026-07-24 18:49,COHR,289.38,🔴 Düşüş Trendinde,⏳ BEKLE,-,-,⚠️ Yükseliş Trendinde Düzeltme (SSL Negatif),⚪ Yelpaze Açık,⚪Fiyat Alt_Orta Bant Aralığında,EMA200 Destek: 254.39 (%12.1 altta) | EMA5 Direnç: 300.99 (%4.0 üstte),-,380.01-439.68 (%31.3 üstte),39.34,78.28,-0.43,13.75,,
2026-07-24 18:49,DLR,206.1,🔥 AL (Taze Kırılım),🟢 AL (Trend Onaylı),-,🔴 ZİRVEDE,🟢 EMA Yükselişte (SSL Ok Bekleniyor),⚪ Yelpaze Açık,🚨Fiyat Bandın Üzerinde!,EMA5 Destek: 187.34 (%9.1 altta),-,-,72.5,97.17,0.47,17.65,,
2026-07-24 18:49,EQIX,1097.18,🔥 AL (Taze Kırılım),🟢 AL (Trend Onaylı),-,-,🟢 EMA Yükselişte (SSL Ok Bekleniyor),⚪ Yelpaze Açık,🚨Fiyat Bandın Üzerinde!,EMA5 Destek: 1050.83 (%4.2 altta),716.69-727.98 (%33.6 altta),1096.01-1124.00 (fiyat bandın içinde!),64.1,91.37,0.34,17.98,,
2026-07-24 18:49,ETN,410.6,🔴 Düşüş Trendinde,🟢 AL (Trend Onaylı),-,-,🟢 EMA Yükselişte (SSL Ok Bekleniyor),🚨 BB SIKIŞMA,🟡Fiyat Orta-Üst Bant Aralığında,EMA5 Destek: 408.76 (%0.4 altta),-,-,52.0,78.34,0.39,8.37,,
2026-07-24 18:49,GLW,151.39,🔴 Düşüş Trendinde,🔴 SAT,-,-,⚠️ Yükseliş Trendinde Düzeltme (SSL Negatif),⚪ Yelpaze Açık,⚪Fiyat Alt_Orta Bant Aralığında,EMA200 Destek: 137.38 (%9.3 altta) | EMA5 Direnç: 156.30 (%3.2 üstte),-,-,37.86,16.88,-0.89,10.2,,
2026-07-24 18:49,VRT,297.71,🟢 Yükseliş Trendinde,⏳ BEKLE,-,-,⚠️ Yükseliş Trendinde Düzeltme (SSL Negatif),🚨 BB SIKIŞMA,⚪Fiyat Alt_Orta Bant Aralığında,EMA100 Destek: 292.77 (%1.7 altta) | EMA5 Direnç: 300.06 (%0.8 üstte),231.65-255.40 (%14.2 altta),-,45.75,47.94,-0.62,21.23,,
2026-07-24 21:49,COHR,283.92,🔴 Düşüş Trendinde,⏳ BEKLE,-,-,⚠️ Yükseliş Trendinde Düzeltme (SSL Negatif),⚪ Yelpaze Açık,⚪Fiyat Alt_Orta Bant Aralığında,EMA200 Destek: 254.34 (%10.4 altta) | EMA5 Direnç: 299.17 (%5.4 üstte),-,380.01-439.68 (%33.8 üstte),38.3,75.47,-0.46,11.63,,
2026-07-24 21:49,DLR,201.61,🔥 AL (Taze Kırılım),🟢 AL (Trend Onaylı),-,🔴 ZİRVEDE,🟢 EMA Yükselişte (SSL Ok Bekleniyor),⚪ Yelpaze Açık,🚨Fiyat Bandın Üzerinde!,EMA5 Destek: 185.84 (%7.8 altta),-,-,70.16,97.17,0.47,15.12,,
2026-07-24 21:49,EQIX,1094.14,🔥 AL (Taze Kırılım),🟢 AL (Trend Onaylı),-,-,🟢 EMA Yükselişte (SSL Ok Bekleniyor),⚪ Yelpaze Açık,🚨Fiyat Bandın Üzerinde!,EMA5 Destek: 1049.82 (%4.1 altta),716.69-727.98 (%33.5 altta),1096.01-1124.00 (%0.2 üstte),63.56,91.37,0.34,17.66,,
2026-07-24 21:49,ETN,402.25,🔴 Düşüş Trendinde,⏳ BEKLE,-,-,⚠️ Yükseliş Trendinde Düzeltme (SSL Negatif),🚨 BB SIKIŞMA,⚪Fiyat Alt_Orta Bant Aralığında,EMA100 Destek: 394.56 (%1.9 altta) | EMA55 Direnç: 402.67 (%0.1 üstte),-,-,48.37,63.25,0.24,6.2,,
2026-07-24 21:49,GLW,147.48,🔴 Düşüş Trendinde,🔴 SAT,🔴 ZAYIFLAMA (Zaten Dipte),-,⚠️ Yükseliş Trendinde Düzeltme (SSL Negatif),⚪ Yelpaze Açık,⚪Fiyat Alt_Orta Bant Aralığında,EMA200 Destek: 137.34 (%6.9 altta) | EMA5 Direnç: 154.99 (%5.1 üstte),-,-,36.68,13.43,-0.9,7.38,,
2026-07-24 21:49,VRT,291.14,🟢 Yükseliş Trendinde,⏳ BEKLE,-,-,⚠️ Yükseliş Trendinde Düzeltme (SSL Negatif),🚨 BB SIKIŞMA,⚪Fiyat Alt_Orta Bant Aralığında,EMA200 Destek: 245.51 (%15.7 altta) | EMA100 Direnç: 292.64 (%0.5 üstte),231.65-255.40 (%12.3 altta),-,43.5,40.37,-0.67,18.59,,
2026-07-27 16:25,COHR,282.39,🔴 Düşüş Trendinde,⏳ BEKLE,-,-,⚠️ Yükseliş Trendinde Düzeltme (SSL Negatif),⚪ Yelpaze Açık,⚪Fiyat Alt_Orta Bant Aralığında,EMA200 Destek: 254.00 (%10.1 altta) | EMA5 Direnç: 298.66 (%5.8 üstte),-,380.01-439.68 (%34.6 üstte),38.01,74.71,-0.47,11.18,,
2026-07-27 16:25,DLR,199.08,🔥 AL (Taze Kırılım),🟢 AL (Trend Onaylı),-,-,🟢 EMA Yükselişte (SSL Ok Bekleniyor),⚪ Yelpaze Açık,🚨Fiyat Bandın Üzerinde!,EMA5 Destek: 185.00 (%7.1 altta),-,-,68.66,97.17,0.46,13.75,,
2026-07-27 16:25,EQIX,1084.24,🔴 Düşüş Trendinde,🟢 AL (Trend Onaylı),-,-,🟢 EMA Yükselişte (SSL Ok Bekleniyor),⚪ Yelpaze Açık,🟡Fiyat Orta-Üst Bant Aralığında,EMA5 Destek: 1046.52 (%3.5 altta),716.69-727.98 (%32.9 altta),1096.01-1124.00 (%1.1 üstte),61.66,91.37,0.31,16.67,,
2026-07-27 16:25,ETN,404.07,🔴 Düşüş Trendinde,⏳ BEKLE,-,-,⚠️ Yükseliş Trendinde Düzeltme (SSL Negatif),🚨 BB SIKIŞMA,⚪Fiyat Alt_Orta Bant Aralığında,EMA55 Destek: 402.73 (%0.3 altta) | EMA21 Direnç: 406.17 (%0.5 üstte),-,-,49.12,66.36,0.27,6.74,,
2026-07-27 16:25,GLW,146.65,🔴 Düşüş Trendinde,🔴 SAT,🔴 ZAYIFLAMA (Zaten Dipte),-,⚠️ Yükseliş Trendinde Düzeltme (SSL Negatif),⚪ Yelpaze Açık,⚪Fiyat Alt_Orta Bant Aralığında,EMA200 Destek: 137.16 (%6.5 altta) | EMA5 Direnç: 154.72 (%5.5 üstte),-,-,36.44,13.12,-0.9,6.92,,
2026-07-27 16:25,VRT,290.36,🟢 Yükseliş Trendinde,⏳ BEKLE,-,-,⚠️ Yükseliş Trendinde Düzeltme (SSL Negatif),🚨 BB SIKIŞMA,⚪Fiyat Alt_Orta Bant Aralığında,EMA200 Destek: 245.19 (%15.6 altta) | EMA100 Direnç: 292.63 (%0.8 üstte),231.65-255.40 (%12.0 altta),-,43.25,39.52,-0.67,18.42,,
2026-07-27 19:37,COHR,261.8,🔴 Düşüş Trendinde,🔴 SAT,-,-,⚠️ Yükseliş Trendinde Düzeltme (SSL Negatif),⚪ Yelpaze Açık,⚪Fiyat Alt_Orta Bant Aralığında,EMA200 Destek: 253.49 (%3.2 altta) | EMA5 Direnç: 291.79 (%11.5 üstte),-,380.01-439.68 (%45.2 üstte),34.57,65.49,-0.53,3.28,,
2026-07-27 19:37,DLR,193.38,🔥 AL (Taze Kırılım),🟢 AL (Trend Onaylı),-,-,🟢 EMA Yükselişte (SSL Ok Bekleniyor),⚪ Yelpaze Açık,🚨Fiyat Bandın Üzerinde!,EMA5 Destek: 183.10 (%5.3 altta),-,-,64.66,97.17,0.46,10.59,,
2026-07-27 19:37,EQIX,1052.14,🔴 Düşüş Trendinde,🟢 AL (Trend Onaylı),-,-,🟢 EMA Yükselişte (SSL Ok Bekleniyor),⚪ Yelpaze Açık,🟡Fiyat Orta-Üst Bant Aralığında,EMA55 Destek: 1042.11 (%1.0 altta),716.69-727.98 (%30.8 altta),1096.01-1124.00 (%4.2 üstte),53.86,91.37,0.16,13.31,,
2026-07-27 19:37,ETN,394.55,🔴 Düşüş Trendinde,🔴 SAT,-,-,⚠️ Yükseliş Trendinde Düzeltme (SSL Negatif),🚨 BB SIKIŞMA,⚪Fiyat Alt_Orta Bant Aralığında,EMA100 Destek: 394.41 (%0.0 altta) | EMA55 Direnç: 402.39 (%2.0 üstte),-,-,45.45,54.19,0.09,4.3,,
2026-07-27 19:37,GLW,141.0,🔴 Düşüş Trendinde,🔴 SAT,🔴 ZAYIFLAMA (Zaten Dipte),-,⚠️ Yükseliş Trendinde Düzeltme (SSL Negatif),⚪ Yelpaze Açık,⚪Fiyat Alt_Orta Bant Aralığında,EMA200 Destek: 136.97 (%2.9 altta) | EMA5 Direnç: 152.84 (%8.4 üstte),-,-,34.87,13.12,-0.9,2.94,,
2026-07-27 19:37,VRT,282.37,🩸 SAT (Trend Kırıldı),🔴 SAT,-,-,⚠️ Yükseliş Trendinde Düzeltme (SSL Negatif),🚨 BB SIKIŞMA,⚪Fiyat Alt_Orta Bant Aralığında,EMA200 Destek: 244.79 (%13.3 altta) | EMA100 Direnç: 292.48 (%3.6 üstte),231.65-255.40 (%9.6 altta),-,40.82,36.02,-0.7,15.35,,
2026-07-27 21:51,COHR,259.98,🔴 Düşüş Trendinde,🔴 SAT,-,-,⚠️ Yükseliş Trendinde Düzeltme (SSL Negatif),⚪ Yelpaze Açık,⚪Fiyat Alt_Orta Bant Aralığında,EMA200 Destek: 253.47 (%2.5 altta) | EMA5 Direnç: 291.19 (%12.0 üstte),-,380.01-439.68 (%46.2 üstte),34.29,64.76,-0.53,2.57,,
2026-07-27 21:51,DLR,194.09,🔥 AL (Taze Kırılım),🟢 AL (Trend Onaylı),-,-,🟢 EMA Yükselişte (SSL Ok Bekleniyor),⚪ Yelpaze Açık,🚨Fiyat Bandın Üzerinde!,EMA5 Destek: 183.33 (%5.5 altta),-,-,65.21,97.17,0.46,10.99,,
2026-07-27 21:51,EQIX,1047.31,🔴 Düşüş Trendinde,🟢 AL (Trend Onaylı),-,-,🟢 EMA Yükselişte (SSL Ok Bekleniyor),⚪ Yelpaze Açık,🟡Fiyat Orta-Üst Bant Aralığında,EMA55 Destek: 1041.94 (%0.5 altta),716.69-727.98 (%30.5 altta),1096.01-1124.00 (%4.7 üstte),52.41,91.37,0.12,12.8,,
2026-07-27 21:51,ETN,392.75,🔴 Düşüş Trendinde,🔴 SAT,🩸 SAT (Zirveden Dönüş),-,⚠️ Yükseliş Trendinde Düzeltme (SSL Negatif),🚨 BB SIKIŞMA,⚪Fiyat Alt_Orta Bant Aralığında,EMA200 Destek: 378.26 (%3.7 altta) | EMA100 Direnç: 394.38 (%0.4 üstte),-,-,44.82,54.19,0.05,3.83,,
2026-07-27 21:51,GLW,139.81,🔴 Düşüş Trendinde,🔴 SAT,🔴 ZAYIFLAMA (Zaten Dipte),-,⚠️ Yükseliş Trendinde Düzeltme (SSL Negatif),⚪ Yelpaze Açık,⚪Fiyat Alt_Orta Bant Aralığında,EMA200 Destek: 136.96 (%2.0 altta) | EMA5 Direnç: 152.44 (%9.0 üstte),-,-,34.56,13.12,-0.9,2.08,,
2026-07-27 21:51,VRT,281.5,🩸 SAT (Trend Kırıldı),🔴 SAT,-,-,⚠️ Yükseliş Trendinde Düzeltme (SSL Negatif),🚨 BB SIKIŞMA,🚨Fiyat Bandın Altında!,EMA200 Destek: 244.78 (%13.0 altta) | EMA100 Direnç: 292.47 (%3.9 üstte),231.65-255.40 (%9.3 altta),-,40.57,36.02,-0.7,15.0,,
2026-07-28 15:17,COHR,271.31,🔴 Düşüş Trendinde,🔴 SAT,🔴 ZAYIFLAMA (Zaten Dipte),-,⚠️ Yükseliş Trendinde Düzeltme (SSL Negatif),⚪ Yelpaze Açık,⚪Fiyat Alt_Orta Bant Aralığında,EMA200 Destek: 253.87 (%6.4 altta) | EMA5 Direnç: 289.54 (%6.7 üstte),-,380.01-439.68 (%40.1 üstte),35.94,52.12,-0.56,6.87,,
2026-07-28 15:17,DLR,195.76,🟢 Yükseliş Trendinde,🟢 AL (Trend Onaylı),-,-,🟢 EMA Yükselişte (SSL Ok Bekleniyor),⚪ Yelpaze Açık,🚨Fiyat Bandın Üzerinde!,EMA5 Destek: 188.59 (%3.7 altta),-,-,64.1,95.25,0.58,11.78,,
2026-07-28 15:17,EQIX,1046.79,🔴 Düşüş Trendinde,🟢 AL (Trend Onaylı),-,-,🟢 EMA Yükselişte (SSL Ok Bekleniyor),⚪ Yelpaze Açık,🟡Fiyat Orta-Üst Bant Aralığında,EMA5 Destek: 1046.61 (%0.0 altta),716.69-727.98 (%30.5 altta),1096.01-1124.00 (%4.7 üstte),50.86,81.85,0.35,12.55,,
2026-07-28 15:17,ETN,398.64,🔴 Düşüş Trendinde,🔴 SAT,🩸 SAT (Zirveden Dönüş),-,⚠️ Yükseliş Trendinde Düzeltme (SSL Negatif),🚨 BB SIKIŞMA,⚪Fiyat Alt_Orta Bant Aralığında,EMA100 Destek: 394.68 (%1.0 altta) | EMA55 Direnç: 402.58 (%1.0 üstte),-,-,46.8,48.02,-0.04,5.3,,
2026-07-28 15:17,GLW,143.36,🔴 Düşüş Trendinde,🔴 SAT,-,-,⚠️ Yükseliş Trendinde Düzeltme (SSL Negatif),⚪ Yelpaze Açık,⚪Fiyat Alt_Orta Bant Aralığında,EMA200 Destek: 137.09 (%4.4 altta) | EMA5 Direnç: 150.93 (%5.3 üstte),-,-,35.44,8.09,-0.92,4.57,,
2026-07-28 15:17,VRT,287.6,🩸 SAT (Trend Kırıldı),🔴 SAT,-,-,⚠️ Yükseliş Trendinde Düzeltme (SSL Negatif),🟠 Daralıyor,⚪Fiyat Alt_Orta Bant Aralığında,EMA200 Destek: 245.30 (%14.7 altta) | EMA100 Direnç: 292.54 (%1.7 üstte),231.65-255.40 (%11.2 altta),-,42.31,23.84,-0.78,17.25,,
2026-07-28 19:18,COHR,238.96,🔴 Düşüş Trendinde,🔴 SAT,-,🟢 POTANSİYEL DİP,⚠️ Yükseliş Trendinde Düzeltme (SSL Negatif),⚪ Yelpaze Açık,🚨Fiyat Bandın Altında!,EMA200 Direnç: 253.72 (%6.2 üstte),-,380.01-439.68 (%59.0 üstte),30.68,21.0,-0.65,-5.82,,
2026-07-28 19:18,DLR,194.75,🟢 Yükseliş Trendinde,🟢 AL (Trend Onaylı),-,-,🟢 EMA Yükselişte (SSL Ok Bekleniyor),⚪ Yelpaze Açık,🚨Fiyat Bandın Üzerinde!,EMA5 Destek: 190.64 (%2.1 altta),-,-,62.74,89.08,0.67,11.08,,
2026-07-28 19:18,EQIX,1047.53,🔴 Düşüş Trendinde,🟢 AL (Trend Onaylı),-,-,🟢 EMA Yükselişte (SSL Ok Bekleniyor),🟡 Normal Genişlik,🟡Fiyat Orta-Üst Bant Aralığında,EMA55 Destek: 1042.12 (%0.5 altta),716.69-727.98 (%30.5 altta),1096.01-1124.00 (%4.6 üstte),52.49,97.29,0.23,12.68,,
2026-07-28 19:18,ETN,386.1,🔴 Düşüş Trendinde,🔴 SAT,🩸 SAT (Zirveden Dönüş),-,⚠️ Yükseliş Trendinde Düzeltme (SSL Negatif),🚨 BB SIKIŞMA,🚨Fiyat Bandın Altında!,EMA200 Destek: 378.39 (%2.0 altta) | EMA100 Direnç: 394.33 (%2.1 üstte),-,-,42.32,36.5,-0.29,2.04,,
2026-07-28 19:18,GLW,121.28,🔴 Düşüş Trendinde,🔴 SAT,-,-,⚠️ Yükseliş Trendinde Düzeltme (SSL Negatif),⚪ Yelpaze Açık,⚪Fiyat Alt_Orta Bant Aralığında,EMA200 Direnç: 136.93 (%12.9 üstte),-,-,29.59,0.0,-0.93,-11.43,,
2026-07-28 19:18,VRT,267.22,🔴 Düşüş Trendinde,🔴 SAT,🔴 ZAYIFLAMA (Zaten Dipte),-,⚠️ Yükseliş Trendinde Düzeltme (SSL Negatif),🟠 Daralıyor,🚨Fiyat Bandın Altında!,EMA200 Destek: 245.51 (%8.1 altta) | EMA5 Direnç: 285.26 (%6.7 üstte),231.65-255.40 (%4.4 altta),-,36.1,3.86,-0.79,8.84,,
2026-07-28 21:51,COHR,241.92,🔴 Düşüş Trendinde,🔴 SAT,-,🟢 POTANSİYEL DİP,⚠️ Yükseliş Trendinde Düzeltme (SSL Negatif),⚪ Yelpaze Açık,🚨Fiyat Bandın Altında!,EMA200 Direnç: 253.75 (%4.9 üstte),-,380.01-439.68 (%57.1 üstte),31.09,21.0,-0.65,-4.66,,
2026-07-28 21:51,DLR,194.45,🟢 Yükseliş Trendinde,🟢 AL (Trend Onaylı),-,-,🟢 EMA Yükselişte (SSL Ok Bekleniyor),⚪ Yelpaze Açık,🟡Fiyat Orta-Üst Bant Aralığında,EMA5 Destek: 190.54 (%2.0 altta),-,-,62.34,88.66,0.67,10.91,,
2026-07-28 21:51,EQIX,1046.61,🔴 Düşüş Trendinde,🟢 AL (Trend Onaylı),-,-,🟢 EMA Yükselişte (SSL Ok Bekleniyor),🟡 Normal Genişlik,🟡Fiyat Orta-Üst Bant Aralığında,EMA55 Destek: 1042.09 (%0.4 altta),716.69-727.98 (%30.4 altta),1096.01-1124.00 (%4.7 üstte),52.18,97.14,0.22,12.58,,
2026-07-28 21:51,ETN,385.33,🔴 Düşüş Trendinde,🔴 SAT,🩸 SAT (Zirveden Dönüş),-,⚠️ Yükseliş Trendinde Düzeltme (SSL Negatif),🚨 BB SIKIŞMA,🚨Fiyat Bandın Altında!,EMA200 Destek: 378.39 (%1.8 altta) | EMA100 Direnç: 394.31 (%2.3 üstte),-,-,42.07,36.5,-0.3,1.83,,
2026-07-28 21:51,GLW,123.36,🔴 Düşüş Trendinde,🔴 SAT,-,-,⚠️ Yükseliş Trendinde Düzeltme (SSL Negatif),⚪ Yelpaze Açık,⚪Fiyat Alt_Orta Bant Aralığında,EMA200 Direnç: 136.95 (%11.0 üstte),-,-,30.06,0.0,-0.94,-9.93,,
2026-07-28 21:51,VRT,267.31,🔴 Düşüş Trendinde,🔴 SAT,🔴 ZAYIFLAMA (Zaten Dipte),-,⚠️ Yükseliş Trendinde Düzeltme (SSL Negatif),🟠 Daralıyor,🚨Fiyat Bandın Altında!,EMA200 Destek: 245.52 (%8.2 altta) | EMA5 Direnç: 285.29 (%6.7 üstte),231.65-255.40 (%4.5 altta),-,36.13,3.86,-0.79,8.88,,
2026-07-29 15:25,COHR,271.31,🔴 Düşüş Trendinde,🔴 SAT,🔴 ZAYIFLAMA (Zaten Dipte),-,⚠️ Yükseliş Trendinde Düzeltme (SSL Negatif),⚪ Yelpaze Açık,⚪Fiyat Alt_Orta Bant Aralığında,EMA200 Destek: 253.47 (%6.6 altta) | EMA5 Direnç: 289.54 (%6.7 üstte),-,380.01-439.68 (%40.1 üstte),35.94,52.12,-0.56,7.04,,
2026-07-29 15:25,DLR,195.76,🟢 Yükseliş Trendinde,🟢 AL (Trend Onaylı),-,-,🟢 EMA Yükselişte (SSL Ok Bekleniyor),⚪ Yelpaze Açık,🚨Fiyat Bandın Üzerinde!,EMA5 Destek: 188.59 (%3.7 altta),-,-,64.1,95.25,0.58,11.83,,
2026-07-29 15:25,EQIX,1046.79,🔴 Düşüş Trendinde,🟢 AL (Trend Onaylı),-,-,🟢 EMA Yükselişte (SSL Ok Bekleniyor),⚪ Yelpaze Açık,🟡Fiyat Orta-Üst Bant Aralığında,EMA55 Destek: 1041.92 (%0.5 altta),716.69-727.98 (%30.5 altta),1096.01-1124.00 (%4.7 üstte),52.25,91.37,0.12,12.8,,
2026-07-29 15:25,ETN,398.64,🔴 Düşüş Trendinde,⏳ BEKLE,-,-,⚠️ Yükseliş Trendinde Düzeltme (SSL Negatif),🚨 BB SIKIŞMA,⚪Fiyat Alt_Orta Bant Aralığında,EMA100 Destek: 394.50 (%1.0 altta) | EMA55 Direnç: 402.54 (%1.0 üstte),-,-,46.96,57.36,0.17,5.43,,
2026-07-29 15:25,GLW,143.36,🔴 Düşüş Trendinde,🔴 SAT,-,-,⚠️ Yükseliş Trendinde Düzeltme (SSL Negatif),⚪ Yelpaze Açık,⚪Fiyat Alt_Orta Bant Aralığında,EMA200 Destek: 136.94 (%4.5 altta) | EMA5 Direnç: 150.93 (%5.3 üstte),-,-,35.44,8.09,-0.92,4.69,,
2026-07-29 15:25,VRT,287.6,🩸 SAT (Trend Kırıldı),🔴 SAT,-,-,⚠️ Yükseliş Trendinde Düzeltme (SSL Negatif),🟠 Daralıyor,⚪Fiyat Alt_Orta Bant Aralığında,EMA200 Destek: 244.96 (%14.8 altta) | EMA100 Direnç: 292.55 (%1.7 üstte),231.65-255.40 (%11.2 altta),-,42.31,23.84,-0.78,17.41,,
2026-07-29 19:01,COHR,223.21,🔴 Düşüş Trendinde,🔴 SAT,-,🟢 POTANSİYEL DİP,⚠️ Yükseliş Trendinde Düzeltme (SSL Negatif),⚪ Yelpaze Açık,🚨Fiyat Bandın Altında!,EMA200 Direnç: 253.07 (%13.4 üstte),-,380.01-439.68 (%70.2 üstte),28.45,7.72,-0.68,-11.8,,
2026-07-29 19:01,DLR,185.93,🟢 Yükseliş Trendinde,⏳ BEKLE,🩸 SAT (Zirveden Dönüş),-,⚪ Karışık / Testere Piyasası,⚪ Yelpaze Açık,🟡Fiyat Orta-Üst Bant Aralığında,EMA55 Destek: 184.10 (%1.0 altta) | EMA5 Direnç: 188.72 (%1.5 üstte),-,-,52.39,70.04,0.7,6.04,,
2026-07-29 19:01,EQIX,1003.65,🔴 Düşüş Trendinde,🔴 SAT,-,-,⚠️ Yükseliş Trendinde Düzeltme (SSL Negatif),🟡 Normal Genişlik,⚪Fiyat Alt_Orta Bant Aralığında,EMA200 Destek: 931.34 (%7.2 altta) | EMA100 Direnç: 1017.14 (%1.3 üstte),716.69-727.98 (%27.5 altta),1096.01-1124.00 (%9.2 üstte),41.37,34.61,0.06,7.76,,
2026-07-29 19:01,ETN,360.72,🔴 Düşüş Trendinde,🔴 SAT,-,🟢 POTANSİYEL DİP,⚠️ Yükseliş Trendinde Düzeltme (SSL Negatif),🟡 Normal Genişlik,🚨Fiyat Bandın Altında!,EMA200 Direnç: 378.26 (%4.9 üstte),-,-,34.07,2.51,-0.59,-4.64,,
2026-07-29 19:01,GLW,125.43,🔴 Düşüş Trendinde,⏳ BEKLE,-,-,⚠️ Yükseliş Trendinde Düzeltme (SSL Negatif),⚪ Yelpaze Açık,⚪Fiyat Alt_Orta Bant Aralığında,EMA200 Direnç: 136.71 (%9.0 üstte),-,-,30.53,0.0,-0.94,-8.25,,
2026-07-29 19:01,VRT,226.24,🔴 Düşüş Trendinde,🔴 SAT,-,🟢 POTANSİYEL DİP,⚠️ Yükseliş Trendinde Düzeltme (SSL Negatif),⚪ Yelpaze Açık,🚨Fiyat Bandın Altında!,EMA200 Direnç: 245.01 (%8.3 üstte),158.70-171.18 (%24.3 altta),-,27.37,0.35,-0.72,-7.66,,
2026-07-29 21:18,COHR,226.01,🔴 Düşüş Trendinde,🔴 SAT,-,🟢 POTANSİYEL DİP,⚠️ Yükseliş Trendinde Düzeltme (SSL Negatif),⚪ Yelpaze Açık,🚨Fiyat Bandın Altında!,EMA200 Direnç: 253.10 (%12.0 üstte),-,380.01-439.68 (%68.1 üstte),28.81,7.72,-0.68,-10.7,-4.98,
2026-07-29 21:18,DLR,188.96,🟢 Yükseliş Trendinde,⏳ BEKLE,🩸 SAT (Zirveden Dönüş),-,⚪ Karışık / Testere Piyasası,⚪ Yelpaze Açık,🟡Fiyat Orta-Üst Bant Aralığında,EMA55 Destek: 184.21 (%2.5 altta) | EMA5 Direnç: 189.73 (%0.4 üstte),-,-,55.58,73.36,0.73,7.75,0.0,
2026-07-29 21:18,EQIX,1015.51,🔴 Düşüş Trendinde,🔴 SAT,-,-,⚠️ Yükseliş Trendinde Düzeltme (SSL Negatif),🟡 Normal Genişlik,⚪Fiyat Alt_Orta Bant Aralığında,EMA200 Destek: 931.46 (%8.3 altta) | EMA100 Direnç: 1017.38 (%0.2 üstte),716.69-727.98 (%28.3 altta),1096.01-1124.00 (%7.9 üstte),43.66,37.97,0.14,9.02,0.0,
2026-07-29 21:18,ETN,365.89,🔴 Düşüş Trendinde,🔴 SAT,-,-,⚠️ Yükseliş Trendinde Düzeltme (SSL Negatif),🟡 Normal Genişlik,🚨Fiyat Bandın Altında!,EMA200 Direnç: 378.31 (%3.4 üstte),-,-,35.41,2.51,-0.59,-3.28,-3.71,
2026-07-29 21:18,GLW,125.12,🔴 Düşüş Trendinde,🔴 SAT,-,-,⚠️ Yükseliş Trendinde Düzeltme (SSL Negatif),⚪ Yelpaze Açık,⚪Fiyat Alt_Orta Bant Aralığında,EMA200 Direnç: 136.82 (%9.3 üstte),-,-,30.46,0.0,-0.94,-8.55,0.0,
2026-07-29 21:18,VRT,225.59,🔴 Düşüş Trendinde,🔴 SAT,-,🟢 POTANSİYEL DİP,⚠️ Yükseliş Trendinde Düzeltme (SSL Negatif),⚪ Yelpaze Açık,🚨Fiyat Bandın Altında!,EMA200 Direnç: 245.01 (%8.6 üstte),158.70-171.18 (%24.1 altta),-,27.26,0.35,-0.72,-7.93,-12.11,
2026-07-30 15:07,COHR,222.05,🔴 Düşüş Trendinde,🔴 SAT,-,🟢 POTANSİYEL DİP,⚠️ Yükseliş Trendinde Düzeltme (SSL Negatif),⚪ Yelpaze Açık,🚨Fiyat Bandın Altında!,EMA200 Direnç: 252.66 (%13.8 üstte),-,380.01-439.68 (%71.1 üstte),28.3,7.72,-0.68,-12.11,-6.19,
2026-07-30 15:07,DLR,188.18,🟢 Yükseliş Trendinde,⏳ BEKLE,🩸 SAT (Zirveden Dönüş),-,⚪ Karışık / Testere Piyasası,⚪ Yelpaze Açık,🟡Fiyat Orta-Üst Bant Aralığında,EMA55 Destek: 184.18 (%2.1 altta) | EMA5 Direnç: 189.47 (%0.7 üstte),-,-,54.72,72.46,0.72,7.35,0.0,
2026-07-30 15:07,EQIX,1008.02,🔴 Düşüş Trendinde,🔴 SAT,-,-,⚠️ Yükseliş Trendinde Düzeltme (SSL Negatif),🟡 Normal Genişlik,⚪Fiyat Alt_Orta Bant Aralığında,EMA200 Destek: 930.88 (%7.7 altta) | EMA100 Direnç: 1017.23 (%0.9 üstte),716.69-727.98 (%27.8 altta),1096.01-1124.00 (%8.7 üstte),42.19,35.8,0.09,8.29,0.0,
2026-07-30 15:07,ETN,361.88,🔴 Düşüş Trendinde,🔴 SAT,-,🟢 POTANSİYEL DİP,⚠️ Yükseliş Trendinde Düzeltme (SSL Negatif),🟡 Normal Genişlik,🚨Fiyat Bandın Altında!,EMA200 Direnç: 378.06 (%4.5 üstte),-,-,34.36,2.51,-0.59,-4.28,-4.37,
2026-07-30 15:07,GLW,124.05,🔴 Düşüş Trendinde,⏳ BEKLE,-,-,⚠️ Yükseliş Trendinde Düzeltme (SSL Negatif),⚪ Yelpaze Açık,⚪Fiyat Alt_Orta Bant Aralığında,EMA5 Direnç: 136.43 (%10.0 üstte),-,-,30.18,0.0,-0.94,-9.14,0.0,
2026-07-30 15:07,VRT,223.04,🔴 Düşüş Trendinde,🔴 SAT,-,🟢 POTANSİYEL DİP,⚠️ Yükseliş Trendinde Düzeltme (SSL Negatif),⚪ Yelpaze Açık,🚨Fiyat Bandın Altında!,EMA200 Direnç: 244.64 (%9.7 üstte),158.70-171.18 (%23.2 altta),-,26.86,0.35,-0.72,-8.83,-12.75,
2026-07-30 19:04,COHR,247.01,🔴 Düşüş Trendinde,🔴 SAT,-,-,⚠️ Yükseliş Trendinde Düzeltme (SSL Negatif),⚪ Yelpaze Açık,⚪Fiyat Alt_Orta Bant Aralığında,EMA200 Direnç: 252.60 (%2.3 üstte),-,380.01-439.68 (%53.8 üstte),36.03,14.99,-0.68,-2.21,0.0,
2026-07-30 19:04,DLR,193.25,🟢 Yükseliş Trendinde,🟢 AL (Trend Onaylı),-,-,🟢 EMA Yükselişte (SSL Ok Bekleniyor),⚪ Yelpaze Açık,🟡Fiyat Orta-Üst Bant Aralığında,EMA5 Destek: 190.73 (%1.3 altta),-,-,59.14,67.29,0.81,10.13,0.0,
2026-07-30 19:04,EQIX,1053.39,🔴 Düşüş Trendinde,⏳ BEKLE,-,-,🟢 EMA Yükselişte (SSL Ok Bekleniyor),🟡 Normal Genişlik,🟡Fiyat Orta-Üst Bant Aralığında,EMA55 Destek: 1042.24 (%1.1 altta),716.69-727.98 (%30.9 altta),1096.01-1124.00 (%4.0 üstte),52.6,37.93,0.35,13.01,0.0,
2026-07-30 19:04,ETN,382.79,🔴 Düşüş Trendinde,🔴 SAT,-,-,⚠️ Yükseliş Trendinde Düzeltme (SSL Negatif),🟡 Normal Genişlik,⚪Fiyat Alt_Orta Bant Aralığında,EMA200 Destek: 378.11 (%1.2 altta) | EMA5 Direnç: 384.92 (%0.6 üstte),-,-,43.74,15.76,-0.65,1.24,0.0,
2026-07-30 19:04,GLW,134.46,🔴 Düşüş Trendinde,⏳ BEKLE,-,-,⚠️ Yükseliş Trendinde Düzeltme (SSL Negatif),⚪ Yelpaze Açık,⚪Fiyat Alt_Orta Bant Aralığında,EMA5 Direnç: 135.78 (%1.0 üstte),-,-,36.07,11.81,-0.92,-1.5,0.0,
2026-07-30 19:04,VRT,229.18,🔴 Düşüş Trendinde,🔴 SAT,-,🟢 POTANSİYEL DİP,⚠️ Yükseliş Trendinde Düzeltme (SSL Negatif),⚪ Yelpaze Açık,🚨Fiyat Bandın Altında!,EMA200 Direnç: 244.48 (%6.7 üstte),158.70-171.18 (%25.3 altta),-,29.55,4.21,-0.75,-6.26,-5.48,
2026-07-30 21:51,COHR,245.81,🔴 Düşüş Trendinde,🔴 SAT,-,-,⚠️ Yükseliş Trendinde Düzeltme (SSL Negatif),⚪ Yelpaze Açık,⚪Fiyat Alt_Orta Bant Aralığında,EMA200 Direnç: 252.59 (%2.8 üstte),-,380.01-439.68 (%54.6 üstte),35.7,14.34,-0.69,-2.68,0.0,
2026-07-30 21:51,DLR,193.03,🟢 Yükseliş Trendinde,🟢 AL (Trend Onaylı),-,-,🟢 EMA Yükselişte (SSL Ok Bekleniyor),⚪ Yelpaze Açık,🟡Fiyat Orta-Üst Bant Aralığında,EMA5 Destek: 190.66 (%1.2 altta),-,-,58.96,67.11,0.81,10.01,0.0,
2026-07-30 21:51,EQIX,1046.52,🔴 Düşüş Trendinde,⏳ BEKLE,-,-,🟢 EMA Yükselişte (SSL Ok Bekleniyor),🟡 Normal Genişlik,🟡Fiyat Orta-Üst Bant Aralığında,EMA55 Destek: 1041.99 (%0.4 altta),716.69-727.98 (%30.4 altta),1096.01-1124.00 (%4.7 üstte),51.27,35.97,0.32,12.28,0.0,
2026-07-30 21:51,ETN,386.89,🔴 Düşüş Trendinde,🔴 SAT,-,-,⚠️ Yükseliş Trendinde Düzeltme (SSL Negatif),🟡 Normal Genişlik,⚪Fiyat Alt_Orta Bant Aralığında,EMA5 Destek: 386.29 (%0.2 altta) | EMA100 Direnç: 393.74 (%1.8 üstte),-,-,45.28,18.34,-0.63,2.31,0.0,
2026-07-30 21:51,GLW,134.27,🔴 Düşüş Trendinde,⏳ BEKLE,-,-,⚠️ Yükseliş Trendinde Düzeltme (SSL Negatif),⚪ Yelpaze Açık,⚪Fiyat Alt_Orta Bant Aralığında,EMA5 Direnç: 135.71 (%1.1 üstte),-,-,35.97,11.61,-0.92,-1.64,0.0,
2026-07-30 21:51,VRT,227.13,🔴 Düşüş Trendinde,🔴 SAT,-,🟢 POTANSİYEL DİP,⚠️ Yükseliş Trendinde Düzeltme (SSL Negatif),⚪ Yelpaze Açık,🚨Fiyat Bandın Altında!,EMA200 Direnç: 244.46 (%7.6 üstte),158.70-171.18 (%24.6 altta),-,28.68,2.84,-0.75,-7.09,-6.09,
2026-07-31 15:21,COHR,249.06,🔴 Düşüş Trendinde,🔴 SAT,-,-,⚠️ Yükseliş Trendinde Düzeltme (SSL Negatif),⚪ Yelpaze Açık,⚪Fiyat Alt_Orta Bant Aralığında,EMA200 Direnç: 252.30 (%1.3 üstte),-,380.01-439.68 (%52.6 üstte),36.59,16.08,-0.68,-1.28,0.0,
2026-07-31 15:21,DLR,193.19,🟢 Yükseliş Trendinde,🟢 AL (Trend Onaylı),-,-,🟢 EMA Yükselişte (SSL Ok Bekleniyor),⚪ Yelpaze Açık,🟡Fiyat Orta-Üst Bant Aralığında,EMA5 Destek: 190.71 (%1.3 altta),-,-,59.09,67.24,0.81,10.14,0.0,
2026-07-31 15:21,EQIX,1047.53,🔴 Düşüş Trendinde,⏳ BEKLE,-,-,🟢 EMA Yükselişte (SSL Ok Bekleniyor),🟡 Normal Genişlik,🟡Fiyat Orta-Üst Bant Aralığında,EMA55 Destek: 1042.03 (%0.5 altta),716.69-727.98 (%30.5 altta),1096.01-1124.00 (%4.6 üstte),51.47,36.27,0.32,12.44,0.0,
2026-07-31 15:21,ETN,386.89,🔴 Düşüş Trendinde,🔴 SAT,-,-,⚠️ Yükseliş Trendinde Düzeltme (SSL Negatif),🟡 Normal Genişlik,⚪Fiyat Alt_Orta Bant Aralığında,EMA5 Destek: 386.29 (%0.2 altta) | EMA100 Direnç: 393.75 (%1.8 üstte),-,-,45.28,18.34,-0.63,2.36,0.0,
2026-07-31 15:21,GLW,135.22,🔴 Düşüş Trendinde,⏳ BEKLE,-,-,⚠️ Yükseliş Trendinde Düzeltme (SSL Negatif),⚪ Yelpaze Açık,⚪Fiyat Alt_Orta Bant Aralığında,EMA5 Direnç: 136.03 (%0.6 üstte),-,-,36.46,12.59,-0.92,-0.86,0.0,
2026-07-31 15:21,VRT,227.5,🔴 Düşüş Trendinde,🔴 SAT,-,🟢 POTANSİYEL DİP,⚠️ Yükseliş Trendinde Düzeltme (SSL Negatif),⚪ Yelpaze Açık,🚨Fiyat Bandın Altında!,EMA200 Direnç: 244.14 (%7.3 üstte),158.70-171.18 (%24.8 altta),-,28.83,3.09,-0.75,-6.81,-5.98,
2026-07-31 19:17,COHR,260.98,🔴 Düşüş Trendinde,⏳ BEKLE,-,-,⚠️ Yükseliş Trendinde Düzeltme (SSL Negatif),⚪ Yelpaze Açık,⚪Fiyat Alt_Orta Bant Aralığında,EMA5 Destek: 256.46 (%1.7 altta) | EMA21 Direnç: 294.21 (%12.7 üstte),-,380.01-439.68 (%45.6 üstte),39.9,38.55,-0.67,3.41,0.0,
2026-07-31 19:17,DLR,190.57,🟢 Yükseliş Trendinde,⏳ BEKLE,-,-,🟢 EMA Yükselişte (SSL Ok Bekleniyor),⚪ Yelpaze Açık,🟡Fiyat Orta-Üst Bant Aralığında,EMA21 Destek: 185.24 (%2.8 altta) | EMA5 Direnç: 190.66 (%0.1 üstte),-,-,56.04,62.35,0.83,8.55,0.0,
2026-07-31 19:17,EQIX,1033.09,🔴 Düşüş Trendinde,🔴 SAT,-,-,🟢 EMA Yükselişte (SSL Ok Bekleniyor),🟡 Normal Genişlik,🟡Fiyat Orta-Üst Bant Aralığında,EMA100 Destek: 1018.14 (%1.4 altta) | EMA5 Direnç: 1035.43 (%0.2 üstte),716.69-727.98 (%29.5 altta),1096.01-1124.00 (%6.1 üstte),48.41,36.9,0.39,10.77,0.0,
2026-07-31 19:17,ETN,408.95,🔴 Düşüş Trendinde,🔥 GÜÇLÜ AL (Taze Kırılım),🟢 POTANSİYEL DİP (0 Altı - Hacimsiz),-,🚀 ASIL SİNYAL: GÜÇLÜ AL (EMA Sıralı + SSL Onay),🟡 Normal Genişlik,🟡Fiyat Orta-Üst Bant Aralığında,EMA55 Destek: 400.40 (%2.1 altta),-,-,52.75,49.23,-0.5,8.11,0.0,
2026-07-31 19:17,GLW,139.35,🔴 Düşüş Trendinde,⏳ BEKLE,-,-,⚠️ Yükseliş Trendinde Düzeltme (SSL Negatif),⚪ Yelpaze Açık,⚪Fiyat Alt_Orta Bant Aralığında,EMA5 Destek: 137.13 (%1.6 altta) | EMA21 Direnç: 159.52 (%14.5 üstte),-,-,38.65,29.58,-0.88,2.14,0.0,
2026-07-31 19:17,VRT,242.42,🔴 Düşüş Trendinde,🔴 SAT,-,-,⚠️ Yükseliş Trendinde Düzeltme (SSL Negatif),⚪ Yelpaze Açık,⚪Fiyat Alt_Orta Bant Aralığında,EMA200 Direnç: 244.12 (%0.7 üstte),158.70-171.18 (%29.4 altta),-,35.14,16.05,-0.79,-0.7,0.0,
2026-07-31 21:49,COHR,266.13,🔴 Düşüş Trendinde,⏳ BEKLE,-,-,⚠️ Yükseliş Trendinde Düzeltme (SSL Negatif),⚪ Yelpaze Açık,⚪Fiyat Alt_Orta Bant Aralığında,EMA5 Destek: 258.18 (%3.0 altta) | EMA21 Direnç: 294.67 (%10.7 üstte),-,380.01-439.68 (%42.8 üstte),41.22,41.12,-0.65,5.42,0.0,
2026-07-31 21:49,DLR,190.21,🟢 Yükseliş Trendinde,⏳ BEKLE,-,-,🟢 EMA Yükselişte (SSL Ok Bekleniyor),⚪ Yelpaze Açık,🟡Fiyat Orta-Üst Bant Aralığında,EMA21 Destek: 185.21 (%2.6 altta) | EMA5 Direnç: 190.55 (%0.2 üstte),-,-,55.66,61.95,0.83,8.35,0.0,
2026-07-31 21:49,EQIX,1028.09,🔴 Düşüş Trendinde,🔴 SAT,-,-,🟢 EMA Yükselişte (SSL Ok Bekleniyor),🟡 Normal Genişlik,⚪Fiyat Alt_Orta Bant Aralığında,EMA100 Destek: 1018.04 (%1.0 altta) | EMA5 Direnç: 1033.76 (%0.6 üstte),716.69-727.98 (%29.2 altta),1096.01-1124.00 (%6.6 üstte),47.44,35.47,0.36,10.24,0.0,
2026-07-31 21:49,ETN,416.24,🔴 Düşüş Trendinde,🔥 GÜÇLÜ AL (Taze Kırılım),📈 TREND DEVAMI (0 Üstü + Hacim),-,🚀 ASIL SİNYAL: GÜÇLÜ AL (EMA Sıralı + SSL Onay),🟡 Normal Genişlik,🟡Fiyat Orta-Üst Bant Aralığında,EMA55 Destek: 400.66 (%3.7 altta),-,-,54.78,51.68,-0.43,10.02,0.0,
2026-07-31 21:49,GLW,140.93,🔴 Düşüş Trendinde,⏳ BEKLE,-,-,⚠️ Yükseliş Trendinde Düzeltme (SSL Negatif),⚪ Yelpaze Açık,⚪Fiyat Alt_Orta Bant Aralığında,EMA5 Destek: 137.66 (%2.3 altta) | EMA21 Direnç: 159.67 (%13.3 üstte),-,-,39.46,31.2,-0.87,3.3,0.0,
2026-07-31 21:49,VRT,245.72,🔴 Düşüş Trendinde,🔴 SAT,-,-,⚠️ Yükseliş Trendinde Düzeltme (SSL Negatif),⚪ Yelpaze Açık,⚪Fiyat Alt_Orta Bant Aralığında,EMA200 Destek: 244.15 (%0.6 altta) | EMA5 Direnç: 250.26 (%1.8 üstte),158.70-171.18 (%30.3 altta),-,36.38,18.0,-0.78,0.64,0.0,
2026-08-03 16:23,COHR,262.89,🔴 Düşüş Trendinde,⏳ BEKLE,-,-,⚠️ Yükseliş Trendinde Düzeltme (SSL Negatif),⚪ Yelpaze Açık,⚪Fiyat Alt_Orta Bant Aralığında,EMA5 Destek: 257.10 (%2.2 altta) | EMA21 Direnç: 294.38 (%12.0 üstte),-,380.01-439.68 (%44.6 üstte),40.4,39.52,-0.66,4.26,0.0,
2026-08-03 16:23,DLR,188.52,🟢 Yükseliş Trendinde,⏳ BEKLE,-,-,🟢 EMA Yükselişte (SSL Ok Bekleniyor),⚪ Yelpaze Açık,🟡Fiyat Orta-Üst Bant Aralığında,EMA21 Destek: 185.06 (%1.8 altta) | EMA5 Direnç: 189.98 (%0.8 üstte),-,-,53.87,60.09,0.81,7.43,0.0,
2026-08-03 16:23,EQIX,1019.28,🔴 Düşüş Trendinde,🔴 SAT,-,-,🟢 EMA Yükselişte (SSL Ok Bekleniyor),🟡 Normal Genişlik,⚪Fiyat Alt_Orta Bant Aralığında,EMA100 Destek: 1017.88 (%0.1 altta) | EMA5 Direnç: 1030.83 (%1.1 üstte),716.69-727.98 (%28.6 altta),1096.01-1124.00 (%7.5 üstte),45.81,33.07,0.3,9.35,0.0,
2026-08-03 16:23,ETN,415.2,🔴 Düşüş Trendinde,🔥 GÜÇLÜ AL (Taze Kırılım),📈 TREND DEVAMI (0 Üstü + Hacim),-,🚀 ASIL SİNYAL: GÜÇLÜ AL (EMA Sıralı + SSL Onay),🟡 Normal Genişlik,🟡Fiyat Orta-Üst Bant Aralığında,EMA55 Destek: 400.62 (%3.5 altta),-,-,54.5,51.68,-0.44,9.78,0.0,
2026-08-03 16:23,GLW,138.25,🔴 Düşüş Trendinde,⏳ BEKLE,-,-,⚠️ Yükseliş Trendinde Düzeltme (SSL Negatif),⚪ Yelpaze Açık,⚪Fiyat Alt_Orta Bant Aralığında,EMA5 Destek: 136.77 (%1.1 altta) | EMA21 Direnç: 159.42 (%15.3 üstte),-,-,38.08,28.44,-0.88,1.41,0.0,
2026-08-03 16:23,VRT,241.57,🔴 Düşüş Trendinde,🔴 SAT,-,-,⚠️ Yükseliş Trendinde Düzeltme (SSL Negatif),⚪ Yelpaze Açık,⚪Fiyat Alt_Orta Bant Aralığında,EMA200 Direnç: 243.88 (%1.0 üstte),158.70-171.18 (%29.1 altta),-,34.81,15.53,-0.79,-0.95,0.0,
2026-08-03 19:44,COHR,286.25,🔴 Düşüş Trendinde,⏳ BEKLE,🟢 POTANSİYEL DİP (0 Altı - Hacimsiz),-,🟢 EMA Yükselişte (SSL Ok Bekleniyor),⚪ Yelpaze Açık,⚪Fiyat Alt_Orta Bant Aralığında,EMA5 Destek: 266.82 (%6.8 altta) | EMA21 Direnç: 293.64 (%2.6 üstte),-,380.01-439.68 (%32.8 üstte),46.26,72.85,-0.51,13.47,0.0,
2026-08-03 19:44,DLR,191.8,🟢 Yükseliş Trendinde,⏳ BEKLE,-,-,🟢 EMA Yükselişte (SSL Ok Bekleniyor),⚪ Yelpaze Açık,🟡Fiyat Orta-Üst Bant Aralığında,EMA5 Destek: 190.59 (%0.6 altta),-,-,56.76,61.31,0.79,9.23,0.0,
2026-08-03 19:44,EQIX,1026.22,🔴 Düşüş Trendinde,🔴 SAT,-,-,🟢 EMA Yükselişte (SSL Ok Bekleniyor),🟡 Normal Genişlik,⚪Fiyat Alt_Orta Bant Aralığında,EMA100 Destek: 1018.06 (%0.8 altta) | EMA5 Direnç: 1029.29 (%0.3 üstte),716.69-727.98 (%29.1 altta),1096.01-1124.00 (%6.8 üstte),47.34,40.66,0.23,10.01,0.0,
2026-08-03 19:44,ETN,432.88,🔥 AL (Taze Kırılım),🟢 AL (Trend Onaylı),-,-,🟢 EMA Yükselişte (SSL Ok Bekleniyor),⚪ Yelpaze Açık,🚨Fiyat Bandın Üzerinde!,EMA5 Destek: 408.24 (%5.7 altta),-,-,59.14,85.01,-0.03,14.31,0.63,
2026-08-03 19:44,GLW,145.73,🔴 Düşüş Trendinde,⏳ BEKLE,-,-,⚠️ Yükseliş Trendinde Düzeltme (SSL Negatif),⚪ Yelpaze Açık,⚪Fiyat Alt_Orta Bant Aralığında,EMA5 Destek: 139.76 (%4.1 altta) | EMA21 Direnç: 158.18 (%8.5 üstte),-,-,42.03,60.45,-0.79,6.88,0.0,
2026-08-03 19:44,VRT,258.87,🔴 Düşüş Trendinde,⏳ BEKLE,🟢 POTANSİYEL DİP (0 Altı - Hacimsiz),-,⚠️ Yükseliş Trendinde Düzeltme (SSL Negatif),⚪ Yelpaze Açık,⚪Fiyat Alt_Orta Bant Aralığında,EMA5 Destek: 252.21 (%2.6 altta) | EMA21 Direnç: 281.21 (%8.6 üstte),158.70-171.18 (%33.9 altta),-,41.33,38.19,-0.78,6.15,0.0,
2026-08-03 22:01,COHR,290.98,🔴 Düşüş Trendinde,⏳ BEKLE,🟢 POTANSİYEL DİP (0 Altı - Hacimsiz),-,🟢 EMA Yükselişte (SSL Ok Bekleniyor),⚪ Yelpaze Açık,🟡Fiyat Orta-Üst Bant Aralığında,EMA5 Destek: 268.39 (%7.8 altta) | EMA21 Direnç: 294.07 (%1.1 üstte),-,380.01-439.68 (%30.6 üstte),47.31,72.85,-0.49,15.32,0.0,
2026-08-03 22:01,DLR,191.29,🟢 Yükseliş Trendinde,⏳ BEKLE,-,-,🟢 EMA Yükselişte (SSL Ok Bekleniyor),⚪ Yelpaze Açık,🟡Fiyat Orta-Üst Bant Aralığında,EMA5 Destek: 190.42 (%0.5 altta),-,-,56.33,60.83,0.79,8.94,0.0,
2026-08-03 22:01,EQIX,1027.98,🔴 Düşüş Trendinde,🔴 SAT,-,-,🟢 EMA Yükselişte (SSL Ok Bekleniyor),🟡 Normal Genişlik,⚪Fiyat Alt_Orta Bant Aralığında,EMA100 Destek: 1018.10 (%1.0 altta) | EMA5 Direnç: 1029.88 (%0.2 üstte),716.69-727.98 (%29.2 altta),1096.01-1124.00 (%6.6 üstte),47.72,41.21,0.24,10.2,0.0,
2026-08-03 22:01,ETN,434.89,🔥 AL (Taze Kırılım),🟢 AL (Trend Onaylı),-,-,🟢 EMA Yükselişte (SSL Ok Bekleniyor),⚪ Yelpaze Açık,🚨Fiyat Bandın Üzerinde!,EMA5 Destek: 408.91 (%6.0 altta),-,-,59.61,85.01,-0.01,14.84,0.97,
2026-08-03 22:01,GLW,147.7,🔴 Düşüş Trendinde,⏳ BEKLE,-,-,⚠️ Yükseliş Trendinde Düzeltme (SSL Negatif),⚪ Yelpaze Açık,⚪Fiyat Alt_Orta Bant Aralığında,EMA5 Destek: 140.41 (%4.9 altta) | EMA21 Direnç: 158.36 (%7.2 üstte),-,-,42.98,61.78,-0.77,8.31,0.0,
2026-08-03 22:01,VRT,263.2,🔴 Düşüş Trendinde,⏳ BEKLE,🚀 KUSURSUZ DÖNÜŞ (0 Altı + Hacim),-,⚠️ Yükseliş Trendinde Düzeltme (SSL Negatif),⚪ Yelpaze Açık,⚪Fiyat Alt_Orta Bant Aralığında,EMA5 Destek: 253.65 (%3.6 altta) | EMA21 Direnç: 281.60 (%7.0 üstte),158.70-171.18 (%35.0 altta),-,42.76,40.43,-0.77,7.91,0.0,
2026-08-04 15:22,COHR,288.14,🔴 Düşüş Trendinde,⏳ BEKLE,🚀 KUSURSUZ DÖNÜŞ (0 Altı + Hacim),-,🟢 EMA Yükselişte (SSL Ok Bekleniyor),⚪ Yelpaze Açık,⚪Fiyat Alt_Orta Bant Aralığında,EMA5 Destek: 267.45 (%7.2 altta) | EMA21 Direnç: 293.81 (%2.0 üstte),-,380.01-439.68 (%31.9 üstte),46.68,72.85,-0.5,14.21,0.0,
2026-08-04 15:22,DLR,191.22,🟢 Yükseliş Trendinde,⏳ BEKLE,-,-,🟢 EMA Yükselişte (SSL Ok Bekleniyor),⚪ Yelpaze Açık,🟡Fiyat Orta-Üst Bant Aralığında,EMA5 Destek: 190.39 (%0.4 altta),-,-,56.28,60.77,0.79,8.9,0.0,
2026-08-04 15:22,EQIX,1031.44,🔴 Düşüş Trendinde,🔴 SAT,-,-,🟢 EMA Yükselişte (SSL Ok Bekleniyor),🟡 Normal Genişlik,🟡Fiyat Orta-Üst Bant Aralığında,EMA5 Destek: 1031.03 (%0.0 altta) | EMA21 Direnç: 1036.23 (%0.5 üstte),716.69-727.98 (%29.4 altta),1096.01-1124.00 (%6.3 üstte),48.44,42.27,0.26,10.57,0.0,
2026-08-04 15:22,ETN,438.23,🔥 AL (Taze Kırılım),🟢 AL (Trend Onaylı),-,-,🟢 EMA Yükselişte (SSL Ok Bekleniyor),⚪ Yelpaze Açık,🚨Fiyat Bandın Üzerinde!,EMA5 Destek: 410.03 (%6.4 altta),-,-,60.36,85.01,0.01,15.71,1.52,
2026-08-04 15:22,GLW,146.64,🔴 Düşüş Trendinde,⏳ BEKLE,-,-,⚠️ Yükseliş Trendinde Düzeltme (SSL Negatif),⚪ Yelpaze Açık,⚪Fiyat Alt_Orta Bant Aralığında,EMA5 Destek: 140.06 (%4.5 altta) | EMA21 Direnç: 158.26 (%7.9 üstte),-,-,42.47,61.66,-0.78,7.54,0.0,
2026-08-04 15:22,VRT,263.05,🔴 Düşüş Trendinde,⏳ BEKLE,🚀 KUSURSUZ DÖNÜŞ (0 Altı + Hacim),-,⚠️ Yükseliş Trendinde Düzeltme (SSL Negatif),⚪ Yelpaze Açık,⚪Fiyat Alt_Orta Bant Aralığında,EMA5 Destek: 253.60 (%3.6 altta) | EMA21 Direnç: 281.59 (%7.0 üstte),158.70-171.18 (%34.9 altta),-,42.71,40.36,-0.77,7.85,0.0,
2026-08-04 19:28,COHR,333.02,🔥 AL (Taze Kırılım),🔥 GÜÇLÜ AL (Taze Kırılım),-,-,🟢 EMA Yükselişte (SSL Ok Bekleniyor),⚪ Yelpaze Açık,🟡Fiyat Orta-Üst Bant Aralığında,EMA55 Destek: 320.87 (%3.6 altta),-,380.01-439.68 (%14.1 üstte),55.64,90.11,-0.15,31.58,0.0,
2026-08-04 19:28,DLR,194.64,🟢 Yükseliş Trendinde,⏳ BEKLE,-,-,🟢 EMA Yükselişte (SSL Ok Bekleniyor),⚪ Yelpaze Açık,🟡Fiyat Orta-Üst Bant Aralığında,EMA5 Destek: 191.81 (%1.5 altta),-,-,59.18,60.13,0.79,10.73,0.0,
2026-08-04 19:28,EQIX,1054.55,🔴 Düşüş Trendinde,⏳ BEKLE,🟢 POTANSİYEL DİP (0 Altı - Hacimsiz),-,🟢 EMA Yükselişte (SSL Ok Bekleniyor),🟡 Normal Genişlik,🟡Fiyat Orta-Üst Bant Aralığında,EMA55 Destek: 1041.35 (%1.3 altta),716.69-727.98 (%31.0 altta),1096.01-1124.00 (%3.9 üstte),53.1,44.66,0.33,12.9,0.0,
2026-08-04 19:28,ETN,439.42,🟢 Yükseliş Trendinde,🟢 AL (Trend Onaylı),-,-,🟢 EMA Yükselişte (SSL Ok Bekleniyor),⚪ Yelpaze Açık,🚨Fiyat Bandın Üzerinde!,EMA5 Destek: 419.83 (%4.5 altta),-,-,60.64,100.0,0.31,15.84,0.38,
2026-08-04 19:28,GLW,160.28,🔴 Düşüş Trendinde,🔥 GÜÇLÜ AL (Taze Kırılım),-,-,🟢 EMA Yükselişte (SSL Ok Bekleniyor),⚪ Yelpaze Açık,🟡Fiyat Orta-Üst Bant Aralığında,EMA21 Destek: 158.44 (%1.1 altta) | EMA100 Direnç: 164.53 (%2.7 üstte),-,-,48.82,82.4,-0.47,17.34,0.0,
2026-08-04 19:28,VRT,273.86,🔴 Düşüş Trendinde,⏳ BEKLE,-,-,⚠️ Yükseliş Trendinde Düzeltme (SSL Negatif),⚪ Yelpaze Açık,⚪Fiyat Alt_Orta Bant Aralığında,EMA5 Destek: 260.35 (%4.9 altta) | EMA21 Direnç: 280.89 (%2.6 üstte),158.70-171.18 (%37.5 altta),-,46.25,67.62,-0.68,12.14,0.0,
2026-08-04 21:57,COHR,330.65,🔥 AL (Taze Kırılım),🔥 GÜÇLÜ AL (Taze Kırılım),-,-,🟢 EMA Yükselişte (SSL Ok Bekleniyor),⚪ Yelpaze Açık,🟡Fiyat Orta-Üst Bant Aralığında,EMA55 Destek: 320.79 (%3.0 altta),-,380.01-439.68 (%14.9 üstte),55.24,90.11,-0.16,30.65,0.0,
2026-08-04 21:57,DLR,193.99,🟢 Yükseliş Trendinde,⏳ BEKLE,-,-,🟢 EMA Yükselişte (SSL Ok Bekleniyor),⚪ Yelpaze Açık,🟡Fiyat Orta-Üst Bant Aralığında,EMA5 Destek: 191.59 (%1.2 altta),-,-,58.66,59.55,0.78,10.36,0.0,
2026-08-04 21:57,EQIX,1050.81,🔴 Düşüş Trendinde,⏳ BEKLE,-,-,🟢 EMA Yükselişte (SSL Ok Bekleniyor),🟡 Normal Genişlik,🟡Fiyat Orta-Üst Bant Aralığında,EMA55 Destek: 1041.22 (%0.9 altta),716.69-727.98 (%30.7 altta),1096.01-1124.00 (%4.3 üstte),52.4,43.63,0.32,12.5,0.0,
2026-08-04 21:57,ETN,444.35,🟢 Yükseliş Trendinde,🟢 AL (Trend Onaylı),-,-,🟢 EMA Yükselişte (SSL Ok Bekleniyor),⚪ Yelpaze Açık,🚨Fiyat Bandın Üzerinde!,EMA5 Destek: 421.47 (%5.1 altta),-,-,61.77,100.0,0.33,17.12,1.2,
2026-08-04 21:57,GLW,160.44,🔴 Düşüş Trendinde,🔥 GÜÇLÜ AL (Taze Kırılım),-,-,🟢 EMA Yükselişte (SSL Ok Bekleniyor),⚪ Yelpaze Açık,🟡Fiyat Orta-Üst Bant Aralığında,EMA21 Destek: 158.46 (%1.2 altta) | EMA100 Direnç: 164.53 (%2.5 üstte),-,250.50-271.78 (%56.1 üstte),48.89,82.4,-0.47,17.45,0.0,
2026-08-04 21:57,VRT,273.23,🔴 Düşüş Trendinde,⏳ BEKLE,-,-,⚠️ Yükseliş Trendinde Düzeltme (SSL Negatif),⚪ Yelpaze Açık,⚪Fiyat Alt_Orta Bant Aralığında,EMA5 Destek: 260.14 (%4.8 altta) | EMA21 Direnç: 280.83 (%2.8 üstte),158.70-171.18 (%37.3 altta),-,46.05,67.32,-0.68,11.89,0.0,
2026-08-05 15:20,COHR,323.73,🔥 AL (Taze Kırılım),🔥 GÜÇLÜ AL (Taze Kırılım),-,-,🟢 EMA Yükselişte (SSL Ok Bekleniyor),⚪ Yelpaze Açık,🟡Fiyat Orta-Üst Bant Aralığında,EMA55 Destek: 320.54 (%1.0 altta),-,380.01-439.68 (%17.4 üstte),54.04,90.11,-0.19,28.07,0.0,
2026-08-05 15:20,DLR,193.89,🟢 Yükseliş Trendinde,⏳ BEKLE,-,-,🟢 EMA Yükselişte (SSL Ok Bekleniyor),⚪ Yelpaze Açık,🟡Fiyat Orta-Üst Bant Aralığında,EMA5 Destek: 191.56 (%1.2 altta),-,-,58.57,59.46,0.78,10.34,0.0,
2026-08-05 15:20,EQIX,1051.53,🔴 Düşüş Trendinde,⏳ BEKLE,-,-,🟢 EMA Yükselişte (SSL Ok Bekleniyor),🟡 Normal Genişlik,🟡Fiyat Orta-Üst Bant Aralığında,EMA55 Destek: 1041.25 (%1.0 altta),716.69-727.98 (%30.8 altta),1096.01-1124.00 (%4.2 üstte),52.54,43.83,0.32,12.62,0.0,
2026-08-05 15:20,ETN,444.77,🟢 Yükseliş Trendinde,🟢 AL (Trend Onaylı),-,-,🟢 EMA Yükselişte (SSL Ok Bekleniyor),⚪ Yelpaze Açık,🚨Fiyat Bandın Üzerinde!,EMA5 Destek: 421.61 (%5.2 altta),-,-,61.86,100.0,0.33,17.26,1.27,
2026-08-05 15:20,GLW,159.89,🔴 Düşüş Trendinde,🔥 GÜÇLÜ AL (Taze Kırılım),-,-,🟢 EMA Yükselişte (SSL Ok Bekleniyor),⚪ Yelpaze Açık,🟡Fiyat Orta-Üst Bant Aralığında,EMA21 Destek: 158.41 (%0.9 altta) | EMA100 Direnç: 164.52 (%2.9 üstte),-,250.50-271.78 (%56.7 üstte),48.66,82.4,-0.48,17.12,0.0,
2026-08-05 15:20,VRT,269.93,🔴 Düşüş Trendinde,⏳ BEKLE,-,-,⚠️ Yükseliş Trendinde Düzeltme (SSL Negatif),⚪ Yelpaze Açık,⚪Fiyat Alt_Orta Bant Aralığında,EMA5 Destek: 259.04 (%4.0 altta) | EMA21 Direnç: 280.53 (%3.9 üstte),158.70-171.18 (%36.6 altta),-,45.01,65.69,-0.7,10.61,0.0,
2026-08-05 19:15,COHR,335.08,🟢 Yükseliş Trendinde,🟢 AL (Trend Onaylı),-,-,🟢 EMA Yükselişte (SSL Ok Bekleniyor),⚪ Yelpaze Açık,🟡Fiyat Orta-Üst Bant Aralığında,EMA55 Destek: 321.06 (%4.2 altta),-,380.01-439.68 (%13.4 üstte),56.12,100.0,0.01,32.13,0.0,
2026-08-05 19:15,DLR,194.15,🟢 Yükseliş Trendinde,⏳ BEKLE,-,-,🟢 EMA Yükselişte (SSL Ok Bekleniyor),⚪ Yelpaze Açık,🟡Fiyat Orta-Üst Bant Aralığında,EMA5 Destek: 192.42 (%0.9 altta),-,-,58.81,63.67,0.74,10.38,0.0,
2026-08-05 19:15,EQIX,1049.69,🔴 Düşüş Trendinde,🟢 AL (Trend Onaylı),🟢 POTANSİYEL DİP (0 Altı - Hacimsiz),-,🟢 EMA Yükselişte (SSL Ok Bekleniyor),🟡 Normal Genişlik,🟡Fiyat Orta-Üst Bant Aralığında,EMA5 Destek: 1041.81 (%0.8 altta),716.69-727.98 (%30.6 altta),1096.01-1124.00 (%4.4 üstte),52.13,50.98,0.27,12.28,0.0,
2026-08-05 19:15,ETN,449.3,🟢 Yükseliş Trendinde,🟢 AL (Trend Onaylı),-,-,🟢 EMA Yükselişte (SSL Ok Bekleniyor),⚪ Yelpaze Açık,🚨Fiyat Bandın Üzerinde!,EMA5 Destek: 430.84 (%4.1 altta),-,-,62.91,100.0,0.47,18.24,0.6,
2026-08-05 19:15,GLW,158.63,🔴 Düşüş Trendinde,🟢 AL (Trend Onaylı),-,-,🟢 EMA Yükselişte (SSL Ok Bekleniyor),⚪ Yelpaze Açık,🟡Fiyat Orta-Üst Bant Aralığında,EMA21 Destek: 158.43 (%0.1 altta) | EMA100 Direnç: 164.41 (%3.6 üstte),-,250.50-271.78 (%57.9 üstte),48.13,98.93,-0.24,16.02,0.0,
2026-08-05 19:15,VRT,280.4,🔴 Düşüş Trendinde,🔥 GÜÇLÜ AL (Taze Kırılım),-,-,🟢 EMA Yükselişte (SSL Ok Bekleniyor),⚪ Yelpaze Açık,⚪Fiyat Alt_Orta Bant Aralığında,EMA5 Destek: 266.16 (%5.1 altta) | EMA21 Direnç: 280.52 (%0.0 üstte),158.70-171.18 (%39.0 altta),-,48.41,86.58,-0.59,14.73,0.0,
2026-08-05 21:57,COHR,333.62,🟢 Yükseliş Trendinde,🟢 AL (Trend Onaylı),-,-,🟢 EMA Yükselişte (SSL Ok Bekleniyor),⚪ Yelpaze Açık,🟡Fiyat Orta-Üst Bant Aralığında,EMA55 Destek: 321.01 (%3.8 altta),-,380.01-439.68 (%13.9 üstte),55.86,100.0,0.0,31.56,0.0,
2026-08-05 21:57,DLR,194.24,🟢 Yükseliş Trendinde,⏳ BEKLE,-,-,🟢 EMA Yükselişte (SSL Ok Bekleniyor),⚪ Yelpaze Açık,🟡Fiyat Orta-Üst Bant Aralığında,EMA5 Destek: 192.45 (%0.9 altta),-,-,58.88,63.75,0.74,10.42,0.0,
2026-08-05 21:57,EQIX,1052.19,🔴 Düşüş Trendinde,🟢 AL (Trend Onaylı),🟢 POTANSİYEL DİP (0 Altı - Hacimsiz),-,🟢 EMA Yükselişte (SSL Ok Bekleniyor),🟡 Normal Genişlik,🟡Fiyat Orta-Üst Bant Aralığında,EMA5 Destek: 1042.64 (%0.9 altta),716.69-727.98 (%30.8 altta),1096.01-1124.00 (%4.2 üstte),52.67,51.9,0.28,12.55,0.0,
2026-08-05 21:57,ETN,449.92,🟢 Yükseliş Trendinde,🟢 AL (Trend Onaylı),-,-,🟢 EMA Yükselişte (SSL Ok Bekleniyor),⚪ Yelpaze Açık,🚨Fiyat Bandın Üzerinde!,EMA5 Destek: 431.05 (%4.2 altta),-,-,63.05,100.0,0.47,18.4,0.71,
2026-08-05 21:57,GLW,158.55,🔴 Düşüş Trendinde,🟢 AL (Trend Onaylı),-,-,🟢 EMA Yükselişte (SSL Ok Bekleniyor),⚪ Yelpaze Açık,🟡Fiyat Orta-Üst Bant Aralığında,EMA21 Destek: 158.42 (%0.1 altta) | EMA100 Direnç: 164.40 (%3.7 üstte),-,250.50-271.78 (%58.0 üstte),48.1,98.86,-0.24,15.96,0.0,
2026-08-05 21:57,VRT,280.29,🔴 Düşüş Trendinde,🔥 GÜÇLÜ AL (Taze Kırılım),-,-,🟢 EMA Yükselişte (SSL Ok Bekleniyor),⚪ Yelpaze Açık,⚪Fiyat Alt_Orta Bant Aralığında,EMA5 Destek: 266.13 (%5.1 altta) | EMA21 Direnç: 280.51 (%0.1 üstte),158.70-171.18 (%38.9 altta),-,48.38,86.58,-0.59,14.69,0.0,
2026-08-06 15:22,COHR,328.22,🟢 Yükseliş Trendinde,🟢 AL (Trend Onaylı),-,-,🟢 EMA Yükselişte (SSL Ok Bekleniyor),⚪ Yelpaze Açık,🟡Fiyat Orta-Üst Bant Aralığında,EMA55 Destek: 320.81 (%2.3 altta),-,380.01-439.68 (%15.8 üstte),54.89,100.0,-0.02,29.6,0.0,
2026-08-06 15:22,DLR,194.93,🟢 Yükseliş Trendinde,⏳ BEKLE,-,-,🟢 EMA Yükselişte (SSL Ok Bekleniyor),⚪ Yelpaze Açık,🟡Fiyat Orta-Üst Bant Aralığında,EMA5 Destek: 192.68 (%1.2 altta),-,-,59.47,64.42,0.75,10.85,0.0,
2026-08-06 15:22,EQIX,1056.2,🔴 Düşüş Trendinde,🟢 AL (Trend Onaylı),🚀 KUSURSUZ DÖNÜŞ (0 Altı + Hacim),-,🟢 EMA Yükselişte (SSL Ok Bekleniyor),🟡 Normal Genişlik,🟡Fiyat Orta-Üst Bant Aralığında,EMA5 Destek: 1043.98 (%1.2 altta),716.69-727.98 (%31.1 altta),1096.01-1124.00 (%3.8 üstte),53.47,53.24,0.3,13.02,0.0,
2026-08-06 15:22,ETN,447.28,🟢 Yükseliş Trendinde,🟢 AL (Trend Onaylı),-,-,🟢 EMA Yükselişte (SSL Ok Bekleniyor),⚪ Yelpaze Açık,🚨Fiyat Bandın Üzerinde!,EMA5 Destek: 430.17 (%3.8 altta),-,-,62.45,100.0,0.46,17.73,0.27,
2026-08-06 15:22,GLW,156.7,🔴 Düşüş Trendinde,🟢 AL (Trend Onaylı),-,-,🟢 EMA Yükselişte (SSL Ok Bekleniyor),⚪ Yelpaze Açık,⚪Fiyat Alt_Orta Bant Aralığında,EMA5 Destek: 150.01 (%4.3 altta) | EMA21 Direnç: 158.25 (%1.0 üstte),-,250.50-271.78 (%59.9 üstte),47.34,97.5,-0.26,14.71,0.0,
2026-08-06 15:22,VRT,277.94,🔴 Düşüş Trendinde,🔥 GÜÇLÜ AL (Taze Kırılım),-,-,🟢 EMA Yükselişte (SSL Ok Bekleniyor),⚪ Yelpaze Açık,⚪Fiyat Alt_Orta Bant Aralığında,EMA5 Destek: 265.34 (%4.5 altta) | EMA21 Direnç: 280.29 (%0.8 üstte),158.70-171.18 (%38.4 altta),-,47.65,85.8,-0.6,13.81,0.0,
2026-08-07 14:12,COHR,334.22,🟢 Yükseliş Trendinde,🟢 AL (Trend Onaylı),-,-,🟢 EMA Yükselişte (SSL Ok Bekleniyor),⚪ Yelpaze Açık,🟡Fiyat Orta-Üst Bant Aralığında,EMA55 Destek: 321.29 (%3.9 altta),-,380.01-439.68 (%13.7 üstte),56.05,100.0,0.13,31.69,0.0,
2026-08-07 14:12,DLR,192.56,🟢 Yükseliş Trendinde,⏳ BEKLE,-,-,🟢 EMA Yükselişte (SSL Ok Bekleniyor),⚪ Yelpaze Açık,🟡Fiyat Orta-Üst Bant Aralığında,EMA21 Destek: 187.64 (%2.6 altta) | EMA5 Direnç: 192.64 (%0.0 üstte),-,-,56.48,62.21,0.67,9.43,0.0,
2026-08-07 14:12,EQIX,1052.86,🔴 Düşüş Trendinde,🟢 AL (Trend Onaylı),-,-,🟢 EMA Yükselişte (SSL Ok Bekleniyor),🟡 Normal Genişlik,🟡Fiyat Orta-Üst Bant Aralığında,EMA5 Destek: 1046.94 (%0.6 altta),716.69-727.98 (%30.9 altta),1096.01-1124.00 (%4.1 üstte),52.67,57.44,0.29,12.56,0.0,
2026-08-07 14:12,ETN,448.19,🟢 Yükseliş Trendinde,🟢 AL (Trend Onaylı),-,-,🟢 EMA Yükselişte (SSL Ok Bekleniyor),⚪ Yelpaze Açık,🟡Fiyat Orta-Üst Bant Aralığında,EMA5 Destek: 436.17 (%2.7 altta),-,-,62.67,100.0,0.57,17.77,0.0,
2026-08-07 14:12,GLW,157.18,🔴 Düşüş Trendinde,🟢 AL (Trend Onaylı),-,-,🟢 EMA Yükselişte (SSL Ok Bekleniyor),⚪ Yelpaze Açık,🟡Fiyat Orta-Üst Bant Aralığında,EMA5 Destek: 152.40 (%3.0 altta) | EMA21 Direnç: 158.16 (%0.6 üstte),-,250.50-271.78 (%59.4 üstte),47.57,95.65,-0.07,14.99,0.0,
2026-08-07 14:12,VRT,275.17,🔴 Düşüş Trendinde,🟢 AL (Trend Onaylı),-,-,🟢 EMA Yükselişte (SSL Ok Bekleniyor),⚪ Yelpaze Açık,⚪Fiyat Alt_Orta Bant Aralığında,EMA5 Destek: 268.62 (%2.4 altta) | EMA21 Direnç: 279.83 (%1.7 üstte),158.70-171.18 (%37.8 altta),-,46.81,92.22,-0.53,12.6,0.0,
2026-08-07 18:13,COHR,376.72,🟢 Yükseliş Trendinde,🟢 AL (Trend Onaylı),-,-,🟢 EMA Yükselişte (SSL Ok Bekleniyor),⚪ Yelpaze Açık,🚨Fiyat Bandın Üzerinde!,EMA5 Destek: 333.27 (%11.5 altta),-,380.01-439.68 (%0.9 üstte),63.28,100.0,0.35,47.72,3.55,
2026-08-07 18:13,DLR,194.86,🟢 Yükseliş Trendinde,🟢 AL (Trend Onaylı),-,-,🟢 EMA Yükselişte (SSL Ok Bekleniyor),⚪ Yelpaze Açık,🟡Fiyat Orta-Üst Bant Aralığında,EMA5 Destek: 193.38 (%0.8 altta),-,-,58.65,58.15,0.59,10.62,0.0,
2026-08-07 18:13,EQIX,1055.49,🔴 Düşüş Trendinde,🟢 AL (Trend Onaylı),-,-,🟢 EMA Yükselişte (SSL Ok Bekleniyor),🟡 Normal Genişlik,🟡Fiyat Orta-Üst Bant Aralığında,EMA5 Destek: 1049.79 (%0.5 altta),716.69-727.98 (%31.0 altta),1096.01-1124.00 (%3.8 üstte),53.26,56.47,0.25,12.7,0.0,
2026-08-07 18:13,ETN,450.38,🟢 Yükseliş Trendinde,🟢 AL (Trend Onaylı),-,-,🟢 EMA Yükselişte (SSL Ok Bekleniyor),⚪ Yelpaze Açık,🟡Fiyat Orta-Üst Bant Aralığında,EMA5 Destek: 440.91 (%2.1 altta),-,-,63.24,100.0,0.65,18.13,0.0,
2026-08-07 18:13,GLW,166.16,🔴 Düşüş Trendinde,🟢 AL (Trend Onaylı),-,-,🟢 EMA Yükselişte (SSL Ok Bekleniyor),⚪ Yelpaze Açık,🟡Fiyat Orta-Üst Bant Aralığında,EMA100 Destek: 164.27 (%1.1 altta) | EMA55 Direnç: 169.43 (%2.0 üstte),-,250.50-271.78 (%50.8 üstte),51.82,95.65,0.17,21.3,0.0,
2026-08-07 18:13,VRT,277.48,🔴 Düşüş Trendinde,🟢 AL (Trend Onaylı),-,-,🟢 EMA Yükselişte (SSL Ok Bekleniyor),⚪ Yelpaze Açık,⚪Fiyat Alt_Orta Bant Aralığında,EMA5 Destek: 271.57 (%2.1 altta) | EMA21 Direnç: 279.61 (%0.8 üstte),158.70-171.18 (%38.3 altta),-,47.64,96.33,-0.43,13.39,0.0,
2026-08-07 21:07,COHR,375.0,🟢 Yükseliş Trendinde,🟢 AL (Trend Onaylı),-,-,🟢 EMA Yükselişte (SSL Ok Bekleniyor),⚪ Yelpaze Açık,🚨Fiyat Bandın Üzerinde!,EMA5 Destek: 332.70 (%11.3 altta),-,380.01-439.68 (%1.3 üstte),63.03,100.0,0.35,47.06,3.21,
2026-08-07 21:07,DLR,193.69,🟢 Yükseliş Trendinde,🟢 AL (Trend Onaylı),-,-,🟢 EMA Yükselişte (SSL Ok Bekleniyor),⚪ Yelpaze Açık,🟡Fiyat Orta-Üst Bant Aralığında,EMA5 Destek: 192.99 (%0.4 altta),-,-,57.57,56.5,0.58,9.96,0.0,
2026-08-07 21:07,EQIX,1050.29,🔴 Düşüş Trendinde,🟢 AL (Trend Onaylı),-,-,🟢 EMA Yükselişte (SSL Ok Bekleniyor),🟡 Normal Genişlik,🟡Fiyat Orta-Üst Bant Aralığında,EMA5 Destek: 1048.05 (%0.2 altta),716.69-727.98 (%30.7 altta),1096.01-1124.00 (%4.4 üstte),52.03,54.37,0.22,12.15,0.0,
2026-08-07 21:07,ETN,449.58,🟢 Yükseliş Trendinde,🟢 AL (Trend Onaylı),-,-,🟢 EMA Yükselişte (SSL Ok Bekleniyor),⚪ Yelpaze Açık,🟡Fiyat Orta-Üst Bant Aralığında,EMA5 Destek: 440.64 (%2.0 altta),-,-,63.04,100.0,0.65,17.93,0.0,
2026-08-07 21:07,GLW,165.73,🔴 Düşüş Trendinde,🟢 AL (Trend Onaylı),-,-,🟢 EMA Yükselişte (SSL Ok Bekleniyor),⚪ Yelpaze Açık,🟡Fiyat Orta-Üst Bant Aralığında,EMA100 Destek: 164.26 (%0.9 altta) | EMA55 Direnç: 169.42 (%2.2 üstte),-,250.50-271.78 (%51.1 üstte),51.63,95.65,0.17,20.99,0.0,
2026-08-07 21:07,VRT,275.03,🔴 Düşüş Trendinde,🟢 AL (Trend Onaylı),-,-,🟢 EMA Yükselişte (SSL Ok Bekleniyor),⚪ Yelpaze Açık,⚪Fiyat Alt_Orta Bant Aralığında,EMA5 Destek: 270.76 (%1.6 altta) | EMA21 Direnç: 279.39 (%1.6 üstte),158.70-171.18 (%37.8 altta),-,46.77,94.97,-0.44,12.41,0.0,
2026-08-10 14:30,COHR,379.13,🟢 Yükseliş Trendinde,🟢 AL (Trend Onaylı),-,-,🟢 EMA Yükselişte (SSL Ok Bekleniyor),⚪ Yelpaze Açık,🚨Fiyat Bandın Üzerinde!,EMA5 Destek: 334.08 (%11.9 altta),-,380.01-439.68 (%0.2 üstte),63.62,100.0,0.35,48.83,4.01,
2026-08-10 14:30,DLR,193.8,🟢 Yükseliş Trendinde,🟢 AL (Trend Onaylı),-,-,🟢 EMA Yükselişte (SSL Ok Bekleniyor),⚪ Yelpaze Açık,🟡Fiyat Orta-Üst Bant Aralığında,EMA5 Destek: 193.03 (%0.4 altta),-,-,57.68,56.66,0.58,10.06,0.0,
2026-08-10 14:30,EQIX,1042.62,🔴 Düşüş Trendinde,🟢 AL (Trend Onaylı),-,-,🟢 EMA Yükselişte (SSL Ok Bekleniyor),🟡 Normal Genişlik,🟡Fiyat Orta-Üst Bant Aralığında,EMA55 Destek: 1042.19 (%0.0 altta) | EMA5 Direnç: 1045.50 (%0.3 üstte),716.69-727.98 (%30.2 altta),1096.01-1124.00 (%5.1 üstte),50.22,51.26,0.17,11.38,0.0,
2026-08-10 14:30,ETN,448.68,🟢 Yükseliş Trendinde,🟢 AL (Trend Onaylı),-,-,🟢 EMA Yükselişte (SSL Ok Bekleniyor),⚪ Yelpaze Açık,🟡Fiyat Orta-Üst Bant Aralığında,EMA5 Destek: 439.63 (%2.0 altta),-,-,63.09,100.0,0.65,18.01,0.0,
2026-08-10 14:30,GLW,165.68,🔴 Düşüş Trendinde,🟢 AL (Trend Onaylı),-,-,🟢 EMA Yükselişte (SSL Ok Bekleniyor),⚪ Yelpaze Açık,🟡Fiyat Orta-Üst Bant Aralığında,EMA100 Destek: 164.27 (%0.9 altta) | EMA55 Direnç: 169.42 (%2.3 üstte),-,250.50-271.78 (%51.2 üstte),51.61,95.65,0.17,21.06,0.0,
2026-08-10 14:30,VRT,272.4,🔴 Düşüş Trendinde,🟢 AL (Trend Onaylı),-,-,🟢 EMA Yükselişte (SSL Ok Bekleniyor),⚪ Yelpaze Açık,⚪Fiyat Alt_Orta Bant Aralığında,EMA5 Destek: 269.88 (%0.9 altta) | EMA21 Direnç: 279.15 (%2.5 üstte),158.70-171.18 (%37.2 altta),-,45.95,93.68,-0.45,11.41,0.0,
2026-08-10 18:22,COHR,332.09,🟢 Yükseliş Trendinde,🟢 AL (Trend Onaylı),-,-,⚪ Karışık / Testere Piyasası,⚪ Yelpaze Açık,🟡Fiyat Orta-Üst Bant Aralığında,EMA55 Destek: 323.67 (%2.5 altta) | EMA5 Direnç: 333.41 (%0.4 üstte),-,380.01-439.68 (%14.4 üstte),53.27,90.24,0.52,30.11,0.0,
2026-08-10 18:22,DLR,191.26,🟢 Yükseliş Trendinde,⏳ BEKLE,-,-,🟢 EMA Yükselişte (SSL Ok Bekleniyor),⚪ Yelpaze Açık,🟡Fiyat Orta-Üst Bant Aralığında,EMA21 Destek: 188.48 (%1.5 altta) | EMA5 Direnç: 192.44 (%0.6 üstte),-,-,54.37,45.21,0.43,8.55,0.0,
2026-08-10 18:22,EQIX,1038.69,🔴 Düşüş Trendinde,⏳ BEKLE,-,-,🟢 EMA Yükselişte (SSL Ok Bekleniyor),🟡 Normal Genişlik,🟡Fiyat Orta-Üst Bant Aralığında,EMA100 Destek: 1021.09 (%1.7 altta) | EMA21 Direnç: 1040.55 (%0.2 üstte),716.69-727.98 (%29.9 altta),1096.01-1124.00 (%5.5 üstte),49.27,43.95,0.07,10.88,0.0,
2026-08-10 18:22,ETN,446.35,🟢 Yükseliş Trendinde,🟢 AL (Trend Onaylı),-,-,⚪ Karışık / Testere Piyasası,⚪ Yelpaze Açık,🟡Fiyat Orta-Üst Bant Aralığında,EMA5 Destek: 441.87 (%1.0 altta),-,-,62.0,98.73,0.71,17.23,0.0,
2026-08-10 18:22,GLW,162.39,🔴 Düşüş Trendinde,🟢 AL (Trend Onaylı),-,-,🟢 EMA Yükselişte (SSL Ok Bekleniyor),⚪ Yelpaze Açık,🟡Fiyat Orta-Üst Bant Aralığında,EMA21 Destek: 159.16 (%2.0 altta) | EMA100 Direnç: 164.23 (%1.1 üstte),-,250.50-271.78 (%54.3 üstte),50.01,95.54,0.45,18.52,0.0,
2026-08-10 18:22,VRT,271.29,🔴 Düşüş Trendinde,🟢 AL (Trend Onaylı),-,-,🟢 EMA Yükselişte (SSL Ok Bekleniyor),⚪ Yelpaze Açık,⚪Fiyat Alt_Orta Bant Aralığında,EMA5 Destek: 270.35 (%0.3 altta) | EMA21 Direnç: 278.44 (%2.6 üstte),158.70-171.18 (%36.9 altta),-,45.58,90.44,-0.3,10.89,0.0,
2026-08-10 21:07,COHR,334.76,🟢 Yükseliş Trendinde,🟢 AL (Trend Onaylı),-,-,⚪ Karışık / Testere Piyasası,⚪ Yelpaze Açık,🟡Fiyat Orta-Üst Bant Aralığında,EMA5 Destek: 334.30 (%0.1 altta),-,380.01-439.68 (%13.5 üstte),53.77,90.7,0.53,31.15,0.0,
2026-08-10 21:07,DLR,191.35,🟢 Yükseliş Trendinde,⏳ BEKLE,-,-,🟢 EMA Yükselişte (SSL Ok Bekleniyor),⚪ Yelpaze Açık,🟡Fiyat Orta-Üst Bant Aralığında,EMA21 Destek: 188.49 (%1.5 altta) | EMA5 Direnç: 192.47 (%0.6 üstte),-,-,54.48,45.38,0.43,8.6,0.0,
2026-08-10 21:07,EQIX,1043.81,🔴 Düşüş Trendinde,🟢 AL (Trend Onaylı),-,-,🟢 EMA Yükselişte (SSL Ok Bekleniyor),🟡 Normal Genişlik,🟡Fiyat Orta-Üst Bant Aralığında,EMA55 Destek: 1042.25 (%0.2 altta) | EMA5 Direnç: 1044.94 (%0.1 üstte),716.69-727.98 (%30.3 altta),1096.01-1124.00 (%5.0 üstte),50.51,46.08,0.1,11.42,0.0,
2026-08-10 21:07,ETN,446.8,🟢 Yükseliş Trendinde,🟢 AL (Trend Onaylı),-,-,⚪ Karışık / Testere Piyasası,⚪ Yelpaze Açık,🟡Fiyat Orta-Üst Bant Aralığında,EMA5 Destek: 442.02 (%1.1 altta),-,-,62.2,98.97,0.71,17.35,0.0,
2026-08-10 21:07,GLW,161.02,🔴 Düşüş Trendinde,🟢 AL (Trend Onaylı),-,-,🟢 EMA Yükselişte (SSL Ok Bekleniyor),⚪ Yelpaze Açık,🟡Fiyat Orta-Üst Bant Aralığında,EMA21 Destek: 159.04 (%1.2 altta) | EMA100 Direnç: 164.21 (%2.0 üstte),-,250.50-271.78 (%55.6 üstte),49.37,94.54,0.44,17.54,0.0,
2026-08-10 21:07,VRT,273.26,🔴 Düşüş Trendinde,🟢 AL (Trend Onaylı),-,-,🟢 EMA Yükselişte (SSL Ok Bekleniyor),⚪ Yelpaze Açık,⚪Fiyat Alt_Orta Bant Aralığında,EMA5 Destek: 271.01 (%0.8 altta) | EMA21 Direnç: 278.62 (%2.0 üstte),158.70-171.18 (%37.4 altta),-,46.28,91.54,-0.29,11.69,0.0,
2026-08-11 14:09,COHR,325.15,🟢 Yükseliş Trendinde,🟢 AL (Trend Onaylı),-,-,⚪ Karışık / Testere Piyasası,⚪ Yelpaze Açık,🟡Fiyat Orta-Üst Bant Aralığında,EMA55 Destek: 323.42 (%0.5 altta) | EMA5 Direnç: 331.10 (%1.8 üstte),-,380.01-439.68 (%16.9 üstte),52.02,89.06,0.51,27.43,0.0,
2026-08-11 14:09,DLR,191.3,🟢 Yükseliş Trendinde,⏳ BEKLE,-,-,🟢 EMA Yükselişte (SSL Ok Bekleniyor),⚪ Yelpaze Açık,🟡Fiyat Orta-Üst Bant Aralığında,EMA21 Destek: 188.48 (%1.5 altta) | EMA5 Direnç: 192.45 (%0.6 üstte),-,-,54.42,45.28,0.43,8.57,0.0,
2026-08-11 14:09,EQIX,1043.38,🔴 Düşüş Trendinde,🟢 AL (Trend Onaylı),-,-,🟢 EMA Yükselişte (SSL Ok Bekleniyor),🟡 Normal Genişlik,🟡Fiyat Orta-Üst Bant Aralığında,EMA55 Destek: 1042.23 (%0.1 altta) | EMA5 Direnç: 1044.79 (%0.1 üstte),716.69-727.98 (%30.2 altta),1096.01-1124.00 (%5.0 üstte),50.4,45.9,0.1,11.37,0.0,
2026-08-11 14:09,ETN,444.96,🟢 Yükseliş Trendinde,🟢 AL (Trend Onaylı),-,-,⚪ Karışık / Testere Piyasası,⚪ Yelpaze Açık,🟡Fiyat Orta-Üst Bant Aralığında,EMA5 Destek: 441.41 (%0.8 altta),-,-,61.36,98.0,0.7,16.87,0.0,
2026-08-11 14:09,GLW,157.76,🔴 Düşüş Trendinde,🟢 AL (Trend Onaylı),-,-,⚪ Karışık / Testere Piyasası,⚪ Yelpaze Açık,🟡Fiyat Orta-Üst Bant Aralığında,EMA5 Destek: 157.14 (%0.4 altta) | EMA21 Direnç: 158.74 (%0.6 üstte),-,250.50-271.78 (%58.8 üstte),47.91,92.27,0.42,15.18,0.0,
2026-08-11 14:09,VRT,270.1,🔴 Düşüş Trendinde,🟢 AL (Trend Onaylı),-,-,🟢 EMA Yükselişte (SSL Ok Bekleniyor),⚪ Yelpaze Açık,⚪Fiyat Alt_Orta Bant Aralığında,EMA5 Destek: 269.95 (%0.1 altta) | EMA21 Direnç: 278.33 (%3.0 üstte),158.70-171.18 (%36.6 altta),-,45.2,89.84,-0.31,10.41,0.0,
2026-08-11 18:21,COHR,329.13,🟢 Yükseliş Trendinde,⏳ BEKLE,🩸 SAT (Zirveden Dönüş),-,🟢 EMA Yükselişte (SSL Ok Bekleniyor),⚪ Yelpaze Açık,🟡Fiyat Orta-Üst Bant Aralığında,EMA55 Destek: 323.63 (%1.7 altta) | EMA5 Direnç: 330.44 (%0.4 üstte),-,380.01-439.68 (%15.5 üstte),52.71,78.76,0.64,28.62,0.0,
2026-08-11 18:21,DLR,190.78,🟢 Yükseliş Trendinde,🔴 SAT,-,-,🟢 EMA Yükselişte (SSL Ok Bekleniyor),⚪ Yelpaze Açık,🟡Fiyat Orta-Üst Bant Aralığında,EMA21 Destek: 188.69 (%1.1 altta) | EMA5 Direnç: 191.89 (%0.6 üstte),-,-,53.74,36.78,0.16,8.19,0.0,
2026-08-11 18:21,EQIX,1036.83,🔴 Düşüş Trendinde,⏳ BEKLE,-,-,🟢 EMA Yükselişte (SSL Ok Bekleniyor),🟡 Normal Genişlik,🟡Fiyat Orta-Üst Bant Aralığında,EMA100 Destek: 1021.49 (%1.5 altta) | EMA21 Direnç: 1040.60 (%0.4 üstte),716.69-727.98 (%29.8 altta),1096.01-1124.00 (%5.7 üstte),48.72,39.0,-0.03,10.56,0.0,
2026-08-11 18:21,ETN,460.61,🟢 Yükseliş Trendinde,🟢 AL (Trend Onaylı),-,-,🟢 EMA Yükselişte (SSL Ok Bekleniyor),⚪ Yelpaze Açık,🟡Fiyat Orta-Üst Bant Aralığında,EMA5 Destek: 447.81 (%2.8 altta),-,-,65.62,98.0,0.78,20.73,0.0,
2026-08-11 18:21,GLW,159.22,🔴 Düşüş Trendinde,🟢 AL (Trend Onaylı),-,-,🟢 EMA Yükselişte (SSL Ok Bekleniyor),🟡 Normal Genişlik,🟡Fiyat Orta-Üst Bant Aralığında,EMA21 Destek: 158.79 (%0.3 altta) | EMA100 Direnç: 164.04 (%3.0 üstte),-,250.50-271.78 (%57.3 üstte),48.64,89.61,0.58,16.06,0.0,
2026-08-11 18:21,VRT,279.14,🔴 Düşüş Trendinde,🟢 AL (Trend Onaylı),-,-,🟢 EMA Yükselişte (SSL Ok Bekleniyor),⚪ Yelpaze Açık,🟡Fiyat Orta-Üst Bant Aralığında,EMA21 Destek: 278.40 (%0.3 altta) | EMA100 Direnç: 286.50 (%2.6 üstte),158.70-171.18 (%38.7 altta),-,48.74,91.93,-0.09,13.95,0.0,
2026-08-11 21:11,COHR,327.52,🟢 Yükseliş Trendinde,⏳ BEKLE,🩸 SAT (Zirveden Dönüş),-,🟢 EMA Yükselişte (SSL Ok Bekleniyor),⚪ Yelpaze Açık,🟡Fiyat Orta-Üst Bant Aralığında,EMA55 Destek: 323.57 (%1.2 altta) | EMA5 Direnç: 329.91 (%0.7 üstte),-,380.01-439.68 (%16.0 üstte),52.43,78.5,0.64,27.99,0.0,
2026-08-11 21:11,DLR,191.75,🟢 Yükseliş Trendinde,⏳ BEKLE,🟡 RİSKLİ AL (0 Üstü - Hacimsiz),-,🟢 EMA Yükselişte (SSL Ok Bekleniyor),⚪ Yelpaze Açık,🟡Fiyat Orta-Üst Bant Aralığında,EMA21 Destek: 188.78 (%1.5 altta) | EMA5 Direnç: 192.22 (%0.2 üstte),-,-,54.91,38.71,0.19,8.73,0.0,
2026-08-11 21:11,EQIX,1042.36,🔴 Düşüş Trendinde,⏳ BEKLE,-,-,🟢 EMA Yükselişte (SSL Ok Bekleniyor),🟡 Normal Genişlik,🟡Fiyat Orta-Üst Bant Aralığında,EMA55 Destek: 1042.24 (%0.0 altta) | EMA5 Direnç: 1043.98 (%0.2 üstte),716.69-727.98 (%30.2 altta),1096.01-1124.00 (%5.1 üstte),50.13,41.41,0.01,11.14,0.0,
2026-08-11 21:11,ETN,458.11,🟢 Yükseliş Trendinde,🟢 AL (Trend Onaylı),-,-,🟢 EMA Yükselişte (SSL Ok Bekleniyor),⚪ Yelpaze Açık,🟡Fiyat Orta-Üst Bant Aralığında,EMA5 Destek: 446.97 (%2.4 altta),-,-,65.01,98.0,0.77,20.08,0.0,
2026-08-11 21:11,GLW,159.08,🔴 Düşüş Trendinde,🟢 AL (Trend Onaylı),-,-,🟢 EMA Yükselişte (SSL Ok Bekleniyor),🟡 Normal Genişlik,🟡Fiyat Orta-Üst Bant Aralığında,EMA21 Destek: 158.77 (%0.2 altta) | EMA100 Direnç: 164.04 (%3.1 üstte),-,250.50-271.78 (%57.5 üstte),48.57,89.51,0.58,15.96,0.0,
2026-08-11 21:11,VRT,277.51,🔴 Düşüş Trendinde,🟢 AL (Trend Onaylı),-,-,🟢 EMA Yükselişte (SSL Ok Bekleniyor),⚪ Yelpaze Açık,🟡Fiyat Orta-Üst Bant Aralığında,EMA5 Destek: 272.47 (%1.8 altta) | EMA21 Direnç: 278.25 (%0.3 üstte),158.70-171.18 (%38.3 altta),-,48.13,91.9,-0.1,13.29,0.0,
2026-08-12 14:13,COHR,328.57,🟢 Yükseliş Trendinde,⏳ BEKLE,🩸 SAT (Zirveden Dönüş),-,🟢 EMA Yükselişte (SSL Ok Bekleniyor),⚪ Yelpaze Açık,🟡Fiyat Orta-Üst Bant Aralığında,EMA55 Destek: 323.60 (%1.5 altta) | EMA5 Direnç: 330.26 (%0.5 üstte),-,380.01-439.68 (%15.7 üstte),52.61,78.67,0.64,28.53,0.0,
2026-08-12 14:13,DLR,190.81,🟢 Yükseliş Trendinde,🔴 SAT,-,-,🟢 EMA Yükselişte (SSL Ok Bekleniyor),⚪ Yelpaze Açık,🟡Fiyat Orta-Üst Bant Aralığında,EMA21 Destek: 188.69 (%1.1 altta) | EMA5 Direnç: 191.90 (%0.6 üstte),-,-,53.78,36.84,0.16,8.23,0.0,
2026-08-12 14:13,EQIX,1032.4,🔴 Düşüş Trendinde,⏳ BEKLE,-,-,🟢 EMA Yükselişte (SSL Ok Bekleniyor),🟡 Normal Genişlik,⚪Fiyat Alt_Orta Bant Aralığında,EMA100 Destek: 1021.42 (%1.1 altta) | EMA21 Direnç: 1040.19 (%0.8 üstte),716.69-727.98 (%29.5 altta),1096.01-1124.00 (%6.2 üstte),47.65,37.16,-0.06,10.13,0.0,
2026-08-12 14:13,ETN,459.29,🟢 Yükseliş Trendinde,🟢 AL (Trend Onaylı),-,-,🟢 EMA Yükselişte (SSL Ok Bekleniyor),⚪ Yelpaze Açık,🟡Fiyat Orta-Üst Bant Aralığında,EMA5 Destek: 447.37 (%2.6 altta),-,-,65.3,98.0,0.78,20.42,0.0,
2026-08-12 14:13,GLW,159.19,🔴 Düşüş Trendinde,🟢 AL (Trend Onaylı),-,-,🟢 EMA Yükselişte (SSL Ok Bekleniyor),🟡 Normal Genişlik,🟡Fiyat Orta-Üst Bant Aralığında,EMA21 Destek: 158.78 (%0.3 altta) | EMA100 Direnç: 164.05 (%3.1 üstte),-,250.50-271.78 (%57.4 üstte),48.62,89.59,0.58,16.1,0.0,
2026-08-12 14:13,VRT,281.81,🔴 Düşüş Trendinde,🟢 AL (Trend Onaylı),-,-,🟢 EMA Yükselişte (SSL Ok Bekleniyor),⚪ Yelpaze Açık,🟡Fiyat Orta-Üst Bant Aralığında,EMA21 Destek: 278.65 (%1.1 altta) | EMA100 Direnç: 286.56 (%1.7 üstte),158.70-171.18 (%39.3 altta),-,49.69,91.93,-0.07,15.07,0.0,
2026-08-12 18:18,COHR,354.78,🟢 Yükseliş Trendinde,⏳ BEKLE,-,-,🟢 EMA Yükselişte (SSL Ok Bekleniyor),⚪ Yelpaze Açık,🟡Fiyat Orta-Üst Bant Aralığında,EMA5 Destek: 338.43 (%4.6 altta),-,380.01-439.68 (%7.1 üstte),56.97,72.4,0.81,38.25,0.0,
2026-08-12 18:18,DLR,196.63,🟢 Yükseliş Trendinde,🔥 GÜÇLÜ AL (Taze Kırılım),🟡 RİSKLİ AL (0 Üstü - Hacimsiz),-,🚀 ASIL SİNYAL: GÜÇLÜ AL (EMA Sıralı + SSL Onay),⚪ Yelpaze Açık,🟡Fiyat Orta-Üst Bant Aralığında,EMA5 Destek: 193.48 (%1.6 altta),-,-,59.83,33.91,-0.14,11.41,0.0,
2026-08-12 18:18,EQIX,1063.62,🔴 Düşüş Trendinde,🔥 GÜÇLÜ AL (Taze Kırılım),-,-,🚀 ASIL SİNYAL: GÜÇLÜ AL (EMA Sıralı + SSL Onay),🟡 Normal Genişlik,🟡Fiyat Orta-Üst Bant Aralığında,EMA5 Destek: 1048.31 (%1.4 altta),716.69-727.98 (%31.6 altta),1096.01-1124.00 (%3.0 üstte),55.15,45.61,0.02,13.31,0.0,
2026-08-12 18:18,ETN,464.83,🟢 Yükseliş Trendinde,🟢 AL (Trend Onaylı),-,-,🟢 EMA Yükselişte (SSL Ok Bekleniyor),⚪ Yelpaze Açık,🟡Fiyat Orta-Üst Bant Aralığında,EMA5 Destek: 453.18 (%2.5 altta),-,-,66.01,97.98,0.86,21.77,0.0,
2026-08-12 18:18,GLW,166.6,🔴 Düşüş Trendinde,🟢 AL (Trend Onaylı),-,-,🟢 EMA Yükselişte (SSL Ok Bekleniyor),🟡 Normal Genişlik,🟡Fiyat Orta-Üst Bant Aralığında,EMA100 Destek: 164.10 (%1.5 altta) | EMA55 Direnç: 168.58 (%1.2 üstte),-,250.50-271.78 (%50.4 üstte),52.29,89.59,0.79,21.25,0.0,
2026-08-12 18:18,VRT,292.96,🔴 Düşüş Trendinde,🟢 AL (Trend Onaylı),-,-,🟢 EMA Yükselişte (SSL Ok Bekleniyor),⚪ Yelpaze Açık,🟡Fiyat Orta-Üst Bant Aralığında,EMA55 Destek: 292.23 (%0.2 altta),158.70-171.18 (%41.6 altta),-,53.6,95.38,0.28,19.39,0.0,
2026-08-12 21:10,COHR,359.53,🟢 Yükseliş Trendinde,⏳ BEKLE,-,-,🟢 EMA Yükselişte (SSL Ok Bekleniyor),⚪ Yelpaze Açık,🟡Fiyat Orta-Üst Bant Aralığında,EMA5 Destek: 340.01 (%5.4 altta),-,380.01-439.68 (%5.7 üstte),57.68,73.07,0.81,40.08,0.0,
2026-08-12 21:10,DLR,197.24,🟢 Yükseliş Trendinde,🔥 GÜÇLÜ AL (Taze Kırılım),🟡 RİSKLİ AL (0 Üstü - Hacimsiz),-,🚀 ASIL SİNYAL: GÜÇLÜ AL (EMA Sıralı + SSL Onay),⚪ Yelpaze Açık,🟡Fiyat Orta-Üst Bant Aralığında,EMA5 Destek: 193.68 (%1.8 altta),-,-,60.37,35.11,-0.11,11.74,0.0,
2026-08-12 21:10,EQIX,1062.92,🔴 Düşüş Trendinde,🔥 GÜÇLÜ AL (Taze Kırılım),-,-,🚀 ASIL SİNYAL: GÜÇLÜ AL (EMA Sıralı + SSL Onay),🟡 Normal Genişlik,🟡Fiyat Orta-Üst Bant Aralığında,EMA5 Destek: 1048.08 (%1.4 altta),716.69-727.98 (%31.5 altta),1096.01-1124.00 (%3.1 üstte),55.0,45.36,0.02,13.23,0.0,
2026-08-12 21:10,ETN,463.02,🟢 Yükseliş Trendinde,🟢 AL (Trend Onaylı),-,-,🟢 EMA Yükselişte (SSL Ok Bekleniyor),⚪ Yelpaze Açık,🟡Fiyat Orta-Üst Bant Aralığında,EMA5 Destek: 452.59 (%2.3 altta),-,-,66.26,98.0,0.86,21.14,0.0,
2026-08-12 21:10,GLW,167.44,🔥 AL (Taze Kırılım),🟢 AL (Trend Onaylı),-,-,🟢 EMA Yükselişte (SSL Ok Bekleniyor),🟡 Normal Genişlik,🟡Fiyat Orta-Üst Bant Aralığında,EMA100 Destek: 164.11 (%2.0 altta) | EMA55 Direnç: 168.61 (%0.7 üstte),-,250.50-271.78 (%49.6 üstte),52.67,89.59,0.79,21.85,0.0,
2026-08-12 21:10,VRT,292.48,🔴 Düşüş Trendinde,🟢 AL (Trend Onaylı),-,-,🟢 EMA Yükselişte (SSL Ok Bekleniyor),⚪ Yelpaze Açık,🟡Fiyat Orta-Üst Bant Aralığında,EMA55 Destek: 292.22 (%0.1 altta),158.70-171.18 (%41.5 altta),-,53.44,95.38,0.28,19.2,0.0,
2026-08-13 14:15,COHR,355.64,🟢 Yükseliş Trendinde,⏳ BEKLE,-,-,🟢 EMA Yükselişte (SSL Ok Bekleniyor),⚪ Yelpaze Açık,🟡Fiyat Orta-Üst Bant Aralığında,EMA5 Destek: 338.72 (%4.8 altta),-,380.01-439.68 (%6.9 üstte),57.1,72.52,0.81,38.7,0.0,
2026-08-13 14:15,DLR,197.06,🟢 Yükseliş Trendinde,🔥 GÜÇLÜ AL (Taze Kırılım),🟡 RİSKLİ AL (0 Üstü - Hacimsiz),-,🚀 ASIL SİNYAL: GÜÇLÜ AL (EMA Sıralı + SSL Onay),⚪ Yelpaze Açık,🟡Fiyat Orta-Üst Bant Aralığında,EMA5 Destek: 193.62 (%1.7 altta),-,-,60.12,35.24,-0.12,11.7,0.0,
2026-08-13 14:15,EQIX,1069.17,🔴 Düşüş Trendinde,🔥 GÜÇLÜ AL (Taze Kırılım),-,-,🚀 ASIL SİNYAL: GÜÇLÜ AL (EMA Sıralı + SSL Onay),🟡 Normal Genişlik,🟡Fiyat Orta-Üst Bant Aralığında,EMA5 Destek: 1050.16 (%1.8 altta),716.69-727.98 (%31.9 altta),1096.01-1124.00 (%2.5 üstte),56.26,47.51,0.06,13.93,0.0,
2026-08-13 14:15,ETN,459.96,🟢 Yükseliş Trendinde,🟢 AL (Trend Onaylı),🩸 SAT (Zirveden Dönüş),-,🟢 EMA Yükselişte (SSL Ok Bekleniyor),⚪ Yelpaze Açık,🟡Fiyat Orta-Üst Bant Aralığında,EMA5 Destek: 451.56 (%1.8 altta),-,-,64.8,97.98,0.86,20.54,0.0,
2026-08-13 14:15,GLW,167.44,🔥 AL (Taze Kırılım),🟢 AL (Trend Onaylı),-,-,🟢 EMA Yükselişte (SSL Ok Bekleniyor),🟡 Normal Genişlik,🟡Fiyat Orta-Üst Bant Aralığında,EMA100 Destek: 164.12 (%2.0 altta) | EMA55 Direnç: 168.61 (%0.7 üstte),-,250.50-271.78 (%49.6 üstte),52.67,89.59,0.79,21.91,0.0,
2026-08-13 14:15,VRT,288.36,🔴 Düşüş Trendinde,🟢 AL (Trend Onaylı),-,-,🟢 EMA Yükselişte (SSL Ok Bekleniyor),⚪ Yelpaze Açık,🟡Fiyat Orta-Üst Bant Aralığında,EMA100 Destek: 286.59 (%0.6 altta) | EMA55 Direnç: 292.07 (%1.3 üstte),158.70-171.18 (%40.6 altta),-,52.06,95.38,0.26,17.59,0.0,
2026-08-13 18:19,COHR,339.36,🟢 Yükseliş Trendinde,⏳ BEKLE,-,-,🟢 EMA Yükselişte (SSL Ok Bekleniyor),⚪ Yelpaze Açık,🟡Fiyat Orta-Üst Bant Aralığında,EMA5 Destek: 338.93 (%0.1 altta),-,380.01-439.68 (%12.0 üstte),53.8,74.2,0.85,31.93,0.0,
2026-08-13 18:19,DLR,197.15,🟢 Yükseliş Trendinde,🟢 AL (Trend Onaylı),-,-,🟢 EMA Yükselişte (SSL Ok Bekleniyor),⚪ Yelpaze Açık,🟡Fiyat Orta-Üst Bant Aralığında,EMA5 Destek: 194.80 (%1.2 altta),-,-,60.3,44.31,0.34,11.59,0.0,
2026-08-13 18:19,EQIX,1069.97,🔴 Düşüş Trendinde,🟢 AL (Trend Onaylı),-,-,🟢 EMA Yükselişte (SSL Ok Bekleniyor),🟡 Normal Genişlik,🟡Fiyat Orta-Üst Bant Aralığında,EMA5 Destek: 1056.77 (%1.2 altta),716.69-727.98 (%32.0 altta),1096.01-1124.00 (%2.4 üstte),56.43,66.78,0.56,13.86,0.0,
2026-08-13 18:19,ETN,453.15,🟢 Yükseliş Trendinde,⏳ BEKLE,-,-,🟢 EMA Yükselişte (SSL Ok Bekleniyor),⚪ Yelpaze Açık,🟡Fiyat Orta-Üst Bant Aralığında,EMA5 Destek: 452.09 (%0.2 altta),-,-,62.01,96.29,0.87,18.38,0.0,
2026-08-13 18:19,GLW,166.07,🟢 Yükseliş Trendinde,🟢 AL (Trend Onaylı),-,-,🟢 EMA Yükselişte (SSL Ok Bekleniyor),🟡 Normal Genişlik,🟡Fiyat Orta-Üst Bant Aralığında,EMA100 Destek: 164.16 (%1.2 altta) | EMA55 Direnç: 168.51 (%1.5 üstte),-,250.50-271.78 (%50.8 üstte),51.94,94.27,0.87,20.66,0.0,
2026-08-13 18:19,VRT,290.36,🔴 Düşüş Trendinde,🟢 AL (Trend Onaylı),-,-,🟢 EMA Yükselişte (SSL Ok Bekleniyor),⚪ Yelpaze Açık,🟡Fiyat Orta-Üst Bant Aralığında,EMA100 Destek: 286.67 (%1.3 altta) | EMA55 Direnç: 292.01 (%0.6 üstte),158.70-171.18 (%41.0 altta),-,52.8,100.0,0.54,18.19,0.0,
2026-08-13 21:11,COHR,333.55,🟢 Yükseliş Trendinde,⏳ BEKLE,-,-,🟢 EMA Yükselişte (SSL Ok Bekleniyor),⚪ Yelpaze Açık,🟡Fiyat Orta-Üst Bant Aralığında,EMA55 Destek: 325.06 (%2.5 altta) | EMA5 Direnç: 336.99 (%1.0 üstte),-,380.01-439.68 (%13.9 üstte),52.71,73.17,0.84,29.7,0.0,
2026-08-13 21:11,DLR,198.03,🟢 Yükseliş Trendinde,🟢 AL (Trend Onaylı),-,-,🟢 EMA Yükselişte (SSL Ok Bekleniyor),⚪ Yelpaze Açık,🟡Fiyat Orta-Üst Bant Aralığında,EMA5 Destek: 195.09 (%1.5 altta),-,-,61.03,47.63,0.36,12.11,0.0,
2026-08-13 21:11,EQIX,1072.47,🔴 Düşüş Trendinde,🟢 AL (Trend Onaylı),-,-,🟢 EMA Yükselişte (SSL Ok Bekleniyor),🟡 Normal Genişlik,🟡Fiyat Orta-Üst Bant Aralığında,EMA5 Destek: 1057.60 (%1.4 altta),716.69-727.98 (%32.1 altta),1096.01-1124.00 (%2.2 üstte),56.95,66.78,0.57,14.12,0.0,
2026-08-13 21:11,ETN,457.41,🟢 Yükseliş Trendinde,⏳ BEKLE,-,-,🟢 EMA Yükselişte (SSL Ok Bekleniyor),⚪ Yelpaze Açık,🟡Fiyat Orta-Üst Bant Aralığında,EMA5 Destek: 453.51 (%0.9 altta),-,-,63.53,98.55,0.88,19.64,0.0,
2026-08-13 21:11,GLW,163.18,🟢 Yükseliş Trendinde,🟢 AL (Trend Onaylı),-,-,🟢 EMA Yükselişte (SSL Ok Bekleniyor),🟡 Normal Genişlik,🟡Fiyat Orta-Üst Bant Aralığında,EMA5 Destek: 161.75 (%0.9 altta) | EMA100 Direnç: 164.10 (%0.6 üstte),-,250.50-271.78 (%53.5 üstte),50.46,92.08,0.86,18.59,0.0,
2026-08-13 21:11,VRT,291.79,🔴 Düşüş Trendinde,🟢 AL (Trend Onaylı),-,-,🟢 EMA Yükselişte (SSL Ok Bekleniyor),⚪ Yelpaze Açık,🟡Fiyat Orta-Üst Bant Aralığında,EMA100 Destek: 286.70 (%1.7 altta) | EMA55 Direnç: 292.06 (%0.1 üstte),158.70-171.18 (%41.3 altta),-,53.3,100.0,0.55,18.76,0.0,
2026-08-14 14:12,COHR,327.23,🟢 Yükseliş Trendinde,⏳ BEKLE,-,-,🟢 EMA Yükselişte (SSL Ok Bekleniyor),⚪ Yelpaze Açık,🟡Fiyat Orta-Üst Bant Aralığında,EMA55 Destek: 324.84 (%0.7 altta) | EMA5 Direnç: 334.89 (%2.3 üstte),-,380.01-439.68 (%16.1 üstte),51.58,72.1,0.82,27.37,0.0,
2026-08-14 14:12,DLR,197.58,🟢 Yükseliş Trendinde,🟢 AL (Trend Onaylı),-,-,🟢 EMA Yükselişte (SSL Ok Bekleniyor),⚪ Yelpaze Açık,🟡Fiyat Orta-Üst Bant Aralığında,EMA5 Destek: 194.94 (%1.3 altta),-,-,60.71,45.61,0.35,11.84,0.0,
2026-08-14 14:12,EQIX,1073.78,🔴 Düşüş Trendinde,🟢 AL (Trend Onaylı),-,-,🟢 EMA Yükselişte (SSL Ok Bekleniyor),⚪ Yelpaze Açık,🟡Fiyat Orta-Üst Bant Aralığında,EMA5 Destek: 1058.04 (%1.5 altta),716.69-727.98 (%32.2 altta),1096.01-1124.00 (%2.1 üstte),57.21,66.78,0.57,14.29,0.0,
2026-08-14 14:12,ETN,453.33,🟢 Yükseliş Trendinde,⏳ BEKLE,-,-,🟢 EMA Yükselişte (SSL Ok Bekleniyor),⚪ Yelpaze Açık,🟡Fiyat Orta-Üst Bant Aralığında,EMA5 Destek: 452.15 (%0.3 altta),-,-,62.1,96.38,0.87,18.46,0.0,
2026-08-14 14:12,GLW,158.54,🟢 Yükseliş Trendinde,🟢 AL (Trend Onaylı),🩸 SAT (Zirveden Dönüş),-,🟢 EMA Yükselişte (SSL Ok Bekleniyor),🟡 Normal Genişlik,🟡Fiyat Orta-Üst Bant Aralığında,EMA200 Destek: 137.51 (%13.3 altta) | EMA21 Direnç: 159.48 (%0.6 üstte),-,250.50-271.78 (%58.0 üstte),48.25,88.81,0.84,15.3,0.0,
2026-08-14 14:12,VRT,287.07,🔴 Düşüş Trendinde,🟢 AL (Trend Onaylı),-,-,🟢 EMA Yükselişte (SSL Ok Bekleniyor),⚪ Yelpaze Açık,🟡Fiyat Orta-Üst Bant Aralığında,EMA100 Destek: 286.61 (%0.2 altta) | EMA55 Direnç: 291.89 (%1.7 üstte),158.70-171.18 (%40.4 altta),-,51.55,99.32,0.53,16.92,0.0,
2026-08-14 18:10,COHR,327.23,🟢 Yükseliş Trendinde,🔴 SAT,-,-,🟢 EMA Yükselişte (SSL Ok Bekleniyor),⚪ Yelpaze Açık,🟡Fiyat Orta-Üst Bant Aralığında,EMA55 Destek: 324.92 (%0.7 altta) | EMA5 Direnç: 332.33 (%1.6 üstte),-,380.01-439.68 (%16.1 üstte),51.58,71.13,0.8,27.03,0.0,
2026-08-14 18:10,DLR,200.79,🟢 Yükseliş Trendinde,🟢 AL (Trend Onaylı),-,-,🟢 EMA Yükselişte (SSL Ok Bekleniyor),⚪ Yelpaze Açık,🟡Fiyat Orta-Üst Bant Aralığında,EMA5 Destek: 196.89 (%1.9 altta),-,-,63.68,70.11,0.67,13.51,0.0,
2026-08-14 18:10,EQIX,1094.74,🔥 AL (Taze Kırılım),🟢 AL (Trend Onaylı),-,-,🟢 EMA Yükselişte (SSL Ok Bekleniyor),⚪ Yelpaze Açık,🚨Fiyat Bandın Üzerinde!,EMA5 Destek: 1070.27 (%2.2 altta),716.69-727.98 (%33.5 altta),1096.01-1124.00 (%0.1 üstte),61.33,90.76,0.74,16.33,0.56,
2026-08-14 18:10,ETN,451.34,🟢 Yükseliş Trendinde,⏳ BEKLE,-,-,🟢 EMA Yükselişte (SSL Ok Bekleniyor),⚪ Yelpaze Açık,🟡Fiyat Orta-Üst Bant Aralığında,EMA21 Destek: 430.74 (%4.6 altta) | EMA5 Direnç: 451.88 (%0.1 üstte),-,-,61.08,91.67,0.84,17.73,0.0,
2026-08-14 18:10,GLW,165.3,🟢 Yükseliş Trendinde,⏳ BEKLE,🟡 RİSKLİ AL (0 Üstü - Hacimsiz),-,🟢 EMA Yükselişte (SSL Ok Bekleniyor),⚪ Yelpaze Açık,🟡Fiyat Orta-Üst Bant Aralığında,EMA100 Destek: 164.04 (%0.8 altta) | EMA55 Direnç: 168.14 (%1.7 üstte),-,250.50-271.78 (%51.5 üstte),51.58,91.83,0.88,19.97,0.0,
2026-08-14 18:10,VRT,291.74,🔴 Düşüş Trendinde,🟢 AL (Trend Onaylı),-,-,🟢 EMA Yükselişte (SSL Ok Bekleniyor),⚪ Yelpaze Açık,🟡Fiyat Orta-Üst Bant Aralığında,EMA100 Destek: 286.71 (%1.7 altta) | EMA55 Direnç: 291.89 (%0.0 üstte),158.70-171.18 (%41.3 altta),-,53.35,99.32,0.79,18.6,0.0,
2026-08-14 21:10,COHR,324.96,🟢 Yükseliş Trendinde,🔴 SAT,-,-,🟢 EMA Yükselişte (SSL Ok Bekleniyor),⚪ Yelpaze Açık,🟡Fiyat Orta-Üst Bant Aralığında,EMA55 Destek: 324.84 (%0.0 altta) | EMA5 Direnç: 331.58 (%2.0 üstte),-,380.01-439.68 (%16.9 üstte),51.15,70.73,0.8,26.16,0.0,
2026-08-14 21:10,DLR,200.31,🟢 Yükseliş Trendinde,🟢 AL (Trend Onaylı),-,-,🟢 EMA Yükselişte (SSL Ok Bekleniyor),⚪ Yelpaze Açık,🟡Fiyat Orta-Üst Bant Aralığında,EMA5 Destek: 196.73 (%1.8 altta),-,-,63.27,70.11,0.66,13.24,0.0,
2026-08-14 21:10,EQIX,1100.0,🔥 AL (Taze Kırılım),🟢 AL (Trend Onaylı),-,-,🟢 EMA Yükselişte (SSL Ok Bekleniyor),⚪ Yelpaze Açık,🚨Fiyat Bandın Üzerinde!,EMA5 Destek: 1072.02 (%2.5 altta),716.69-727.98 (%33.8 altta),1096.01-1124.00 (fiyat bandın içinde!),62.24,90.76,0.74,16.88,0.9,
2026-08-14 21:10,ETN,453.58,🟢 Yükseliş Trendinde,⏳ BEKLE,-,-,🟢 EMA Yükselişte (SSL Ok Bekleniyor),⚪ Yelpaze Açık,🟡Fiyat Orta-Üst Bant Aralığında,EMA5 Destek: 452.63 (%0.2 altta),-,-,62.18,92.85,0.85,18.3,0.0,
2026-08-14 21:10,GLW,165.06,🟢 Yükseliş Trendinde,⏳ BEKLE,🟡 RİSKLİ AL (0 Üstü - Hacimsiz),-,🟢 EMA Yükselişte (SSL Ok Bekleniyor),⚪ Yelpaze Açık,🟡Fiyat Orta-Üst Bant Aralığında,EMA100 Destek: 164.03 (%0.6 altta) | EMA55 Direnç: 168.13 (%1.9 üstte),-,250.50-271.78 (%51.8 üstte),51.47,91.67,0.88,19.8,0.0,
2026-08-14 21:10,VRT,294.2,🔴 Düşüş Trendinde,🟢 AL (Trend Onaylı),-,-,🟢 EMA Yükselişte (SSL Ok Bekleniyor),⚪ Yelpaze Açık,🟡Fiyat Orta-Üst Bant Aralığında,EMA55 Destek: 291.97 (%0.8 altta),158.70-171.18 (%41.8 altta),-,54.24,99.32,0.8,19.59,0.0,
2026-08-15 00:48,COHR,325.83,🟢 Yükseliş Trendinde,🔴 SAT,-,-,🟢 EMA Yükselişte (SSL Ok Bekleniyor),⚪ Yelpaze Açık,🟡Fiyat Orta-Üst Bant Aralığında,EMA55 Destek: 324.87 (%0.3 altta) | EMA5 Direnç: 331.87 (%1.9 üstte),-,380.01-439.68 (%16.6 üstte),51.32,70.88,0.8,26.65,0.0,
2026-08-15 00:48,DLR,200.15,🟢 Yükseliş Trendinde,🟢 AL (Trend Onaylı),-,-,🟢 EMA Yükselişte (SSL Ok Bekleniyor),⚪ Yelpaze Açık,🟡Fiyat Orta-Üst Bant Aralığında,EMA5 Destek: 196.68 (%1.7 altta),-,-,63.12,70.11,0.66,13.16,0.0,
2026-08-15 00:48,EQIX,1102.1,🔥 AL (Taze Kırılım),🟢 AL (Trend Onaylı),-,-,🟢 EMA Yükselişte (SSL Ok Bekleniyor),⚪ Yelpaze Açık,🚨Fiyat Bandın Üzerinde!,EMA5 Destek: 1072.72 (%2.7 altta),716.69-727.98 (%33.9 altta),1096.01-1124.00 (fiyat bandın içinde!),62.59,90.76,0.74,17.14,1.04,
2026-08-15 00:48,ETN,451.51,🟢 Yükseliş Trendinde,⏳ BEKLE,-,-,🟢 EMA Yükselişte (SSL Ok Bekleniyor),⚪ Yelpaze Açık,🟡Fiyat Orta-Üst Bant Aralığında,EMA21 Destek: 430.76 (%4.6 altta) | EMA5 Direnç: 451.94 (%0.1 üstte),-,-,61.17,91.77,0.85,17.81,0.0,
2026-08-15 00:48,GLW,165.99,🟢 Yükseliş Trendinde,⏳ BEKLE,🟡 RİSKLİ AL (0 Üstü - Hacimsiz),-,🟢 EMA Yükselişte (SSL Ok Bekleniyor),⚪ Yelpaze Açık,🟡Fiyat Orta-Üst Bant Aralığında,EMA100 Destek: 164.06 (%1.2 altta) | EMA55 Direnç: 168.17 (%1.3 üstte),-,250.50-271.78 (%50.9 üstte),51.89,92.3,0.88,20.57,0.0,
2026-08-15 00:48,VRT,293.84,🔴 Düşüş Trendinde,🟢 AL (Trend Onaylı),-,-,🟢 EMA Yükselişte (SSL Ok Bekleniyor),⚪ Yelpaze Açık,🟡Fiyat Orta-Üst Bant Aralığında,EMA55 Destek: 291.96 (%0.6 altta),158.70-171.18 (%41.7 altta),-,54.11,99.32,0.8,19.5,0.0,
2026-08-17 13:52,COHR,325.83,🟢 Yükseliş Trendinde,🔴 SAT,-,-,🟢 EMA Yükselişte (SSL Ok Bekleniyor),⚪ Yelpaze Açık,🟡Fiyat Orta-Üst Bant Aralığında,EMA55 Destek: 324.87 (%0.3 altta) | EMA5 Direnç: 331.87 (%1.9 üstte),-,380.01-439.68 (%16.6 üstte),51.32,70.88,0.8,,0.0,26.65
2026-08-17 13:52,DLR,200.15,🟢 Yükseliş Trendinde,🟢 AL (Trend Onaylı),-,-,🟢 EMA Yükselişte (SSL Ok Bekleniyor),⚪ Yelpaze Açık,🟡Fiyat Orta-Üst Bant Aralığında,EMA5 Destek: 196.68 (%1.7 altta),-,-,63.12,70.11,0.66,,0.0,13.16
2026-08-17 13:52,EQIX,1102.1,🔥 AL (Taze Kırılım),🟢 AL (Trend Onaylı),-,-,🟢 EMA Yükselişte (SSL Ok Bekleniyor),⚪ Yelpaze Açık,🚨Fiyat Bandın Üzerinde!,EMA5 Destek: 1072.72 (%2.7 altta),716.69-727.98 (%33.9 altta),1096.01-1124.00 (fiyat bandın içinde!),62.59,90.76,0.74,,1.04,17.14
2026-08-17 13:52,ETN,451.51,🟢 Yükseliş Trendinde,⏳ BEKLE,-,-,🟢 EMA Yükselişte (SSL Ok Bekleniyor),⚪ Yelpaze Açık,🟡Fiyat Orta-Üst Bant Aralığında,EMA21 Destek: 430.78 (%4.6 altta) | EMA5 Direnç: 451.94 (%0.1 üstte),-,-,60.71,91.65,0.85,,0.0,17.96
2026-08-17 13:52,GLW,165.99,🟢 Yükseliş Trendinde,⏳ BEKLE,🟡 RİSKLİ AL (0 Üstü - Hacimsiz),-,🟢 EMA Yükselişte (SSL Ok Bekleniyor),⚪ Yelpaze Açık,🟡Fiyat Orta-Üst Bant Aralığında,EMA100 Destek: 164.06 (%1.2 altta) | EMA55 Direnç: 168.17 (%1.3 üstte),-,250.50-271.78 (%50.9 üstte),51.89,92.3,0.88,,0.0,20.57
2026-08-17 13:52,VRT,293.84,🔴 Düşüş Trendinde,🟢 AL (Trend Onaylı),-,-,🟢 EMA Yükselişte (SSL Ok Bekleniyor),⚪ Yelpaze Açık,🟡Fiyat Orta-Üst Bant Aralığında,EMA55 Destek: 291.96 (%0.6 altta),158.70-171.18 (%41.7 altta),-,54.11,99.32,0.8,,0.0,19.5
2026-08-17 17:48,COHR,352.01,🟢 Yükseliş Trendinde,⏳ BEKLE,-,-,🟢 EMA Yükselişte (SSL Ok Bekleniyor),⚪ Yelpaze Açık,🟡Fiyat Orta-Üst Bant Aralığında,EMA5 Destek: 338.58 (%3.8 altta),-,380.01-439.68 (%8.0 üstte),55.86,69.7,0.77,,0.0,36.48
2026-08-17 17:48,DLR,198.79,🟢 Yükseliş Trendinde,🟢 AL (Trend Onaylı),-,-,🟢 EMA Yükselişte (SSL Ok Bekleniyor),⚪ Yelpaze Açık,🟡Fiyat Orta-Üst Bant Aralığında,EMA5 Destek: 197.38 (%0.7 altta),-,-,60.99,81.4,0.78,,0.0,12.26
2026-08-17 17:48,EQIX,1097.42,🟢 Yükseliş Trendinde,🟢 AL (Trend Onaylı),-,-,🟢 EMA Yükselişte (SSL Ok Bekleniyor),⚪ Yelpaze Açık,🟡Fiyat Orta-Üst Bant Aralığında,EMA5 Destek: 1080.96 (%1.5 altta),716.69-727.98 (%33.7 altta),1096.01-1124.00 (fiyat bandın içinde!),61.22,97.76,0.81,,0.0,16.48
2026-08-17 17:48,ETN,454.42,🟢 Yükseliş Trendinde,⏳ BEKLE,-,-,🟢 EMA Yükselişte (SSL Ok Bekleniyor),⚪ Yelpaze Açık,🟡Fiyat Orta-Üst Bant Aralığında,EMA5 Destek: 452.76 (%0.4 altta),-,-,62.14,88.2,0.79,,0.0,18.39
2026-08-17 17:48,GLW,174.44,🟢 Yükseliş Trendinde,🟢 AL (Trend Onaylı),-,-,🚀 ASIL SİNYAL: GÜÇLÜ AL (EMA Sıralı + SSL Onay),⚪ Yelpaze Açık,🟡Fiyat Orta-Üst Bant Aralığında,EMA55 Destek: 168.39 (%3.5 altta),-,250.50-271.78 (%43.6 üstte),55.69,92.3,0.88,,0.0,26.48
2026-08-17 17:48,VRT,297.36,🔴 Düşüş Trendinde,🟢 AL (Trend Onaylı),-,-,🟢 EMA Yükselişte (SSL Ok Bekleniyor),⚪ Yelpaze Açık,🟡Fiyat Orta-Üst Bant Aralığında,EMA55 Destek: 292.15 (%1.8 altta),158.70-171.18 (%42.4 altta),-,55.44,99.32,0.91,,0.0,20.74
2026-08-17 20:50,COHR,360.24,🟢 Yükseliş Trendinde,⏳ BEKLE,-,-,🟢 EMA Yükselişte (SSL Ok Bekleniyor),⚪ Yelpaze Açık,🟡Fiyat Orta-Üst Bant Aralığında,EMA5 Destek: 341.33 (%5.3 altta),-,380.01-439.68 (%5.5 üstte),57.11,70.89,0.78,,0.0,39.63
2026-08-17 20:50,DLR,198.6,🟢 Yükseliş Trendinde,🟢 AL (Trend Onaylı),-,-,🟢 EMA Yükselişte (SSL Ok Bekleniyor),⚪ Yelpaze Açık,🟡Fiyat Orta-Üst Bant Aralığında,EMA5 Destek: 197.32 (%0.6 altta),-,-,60.69,80.35,0.78,,0.0,12.15
2026-08-17 20:50,EQIX,1101.92,🟢 Yükseliş Trendinde,🟢 AL (Trend Onaylı),-,-,🟢 EMA Yükselişte (SSL Ok Bekleniyor),⚪ Yelpaze Açık,🚨Fiyat Bandın Üzerinde!,EMA5 Destek: 1082.45 (%1.8 altta),716.69-727.98 (%33.9 altta),1096.01-1124.00 (fiyat bandın içinde!),62.54,99.91,0.81,,0.23,16.96
2026-08-17 20:50,ETN,457.92,🟢 Yükseliş Trendinde,⏳ BEKLE,-,-,🟢 EMA Yükselişte (SSL Ok Bekleniyor),⚪ Yelpaze Açık,🟡Fiyat Orta-Üst Bant Aralığında,EMA5 Destek: 453.93 (%0.9 altta),-,-,63.26,89.39,0.8,,0.0,19.29
2026-08-17 20:50,GLW,175.99,🟢 Yükseliş Trendinde,🟢 AL (Trend Onaylı),-,-,🚀 ASIL SİNYAL: GÜÇLÜ AL (EMA Sıralı + SSL Onay),⚪ Yelpaze Açık,🟡Fiyat Orta-Üst Bant Aralığında,EMA55 Destek: 168.44 (%4.3 altta),-,250.50-271.78 (%42.3 üstte),56.33,92.3,0.88,,0.0,27.59
2026-08-17 20:50,VRT,297.53,🔴 Düşüş Trendinde,🟢 AL (Trend Onaylı),-,-,🟢 EMA Yükselişte (SSL Ok Bekleniyor),⚪ Yelpaze Açık,🟡Fiyat Orta-Üst Bant Aralığında,EMA55 Destek: 292.16 (%1.8 altta),158.70-171.18 (%42.5 altta),-,55.5,99.32,0.92,,0.0,20.8
2026-08-18 13:50,COHR,325.83,🟢 Yükseliş Trendinde,🔴 SAT,-,-,🟢 EMA Yükselişte (SSL Ok Bekleniyor),⚪ Yelpaze Açık,🟡Fiyat Orta-Üst Bant Aralığında,EMA55 Destek: 324.87 (%0.3 altta) | EMA5 Direnç: 331.87 (%1.9 üstte),-,380.01-439.68 (%16.6 üstte),51.32,70.88,0.8,,0.0,26.79
2026-08-18 13:50,DLR,200.15,🟢 Yükseliş Trendinde,🟢 AL (Trend Onaylı),-,-,🟢 EMA Yükselişte (SSL Ok Bekleniyor),⚪ Yelpaze Açık,🟡Fiyat Orta-Üst Bant Aralığında,EMA5 Destek: 196.68 (%1.7 altta),-,-,63.02,70.61,0.66,,0.0,13.2
2026-08-18 13:50,EQIX,1102.1,🔥 AL (Taze Kırılım),🟢 AL (Trend Onaylı),-,-,🟢 EMA Yükselişte (SSL Ok Bekleniyor),⚪ Yelpaze Açık,🚨Fiyat Bandın Üzerinde!,EMA5 Destek: 1072.72 (%2.7 altta),716.69-727.98 (%33.9 altta),1096.01-1124.00 (fiyat bandın içinde!),62.59,90.76,0.74,,1.04,17.18
2026-08-18 13:50,ETN,451.51,🟢 Yükseliş Trendinde,⏳ BEKLE,-,-,🟢 EMA Yükselişte (SSL Ok Bekleniyor),⚪ Yelpaze Açık,🟡Fiyat Orta-Üst Bant Aralığında,EMA21 Destek: 430.78 (%4.6 altta) | EMA5 Direnç: 451.94 (%0.1 üstte),-,-,60.71,91.65,0.85,,0.0,18.0
2026-08-18 13:50,GLW,165.99,🟢 Yükseliş Trendinde,⏳ BEKLE,🟡 RİSKLİ AL (0 Üstü - Hacimsiz),-,🟢 EMA Yükselişte (SSL Ok Bekleniyor),⚪ Yelpaze Açık,🟡Fiyat Orta-Üst Bant Aralığında,EMA100 Destek: 164.06 (%1.2 altta) | EMA55 Direnç: 168.17 (%1.3 üstte),-,250.50-271.78 (%50.9 üstte),51.89,92.3,0.88,,0.0,20.67
2026-08-18 13:50,VRT,293.84,🔴 Düşüş Trendinde,🟢 AL (Trend Onaylı),-,-,🟢 EMA Yükselişte (SSL Ok Bekleniyor),⚪ Yelpaze Açık,🟡Fiyat Orta-Üst Bant Aralığında,EMA55 Destek: 291.96 (%0.6 altta),158.70-171.18 (%41.7 altta),-,54.11,99.32,0.8,,0.0,19.56
2026-08-18 17:57,COHR,309.56,🟢 Yükseliş Trendinde,🔴 SAT,-,-,🟢 EMA Yükselişte (SSL Ok Bekleniyor),⚪ Yelpaze Açık,🟡Fiyat Orta-Üst Bant Aralığında,EMA200 Destek: 257.50 (%16.8 altta) | EMA100 Direnç: 314.22 (%1.5 üstte),-,380.01-439.68 (%22.8 üstte),48.23,62.51,0.67,,0.0,20.22
2026-08-18 17:57,DLR,198.11,🟢 Yükseliş Trendinde,🟢 AL (Trend Onaylı),-,-,🟢 EMA Yükselişte (SSL Ok Bekleniyor),⚪ Yelpaze Açık,🟡Fiyat Orta-Üst Bant Aralığında,EMA5 Destek: 197.15 (%0.5 altta),-,-,59.89,78.11,0.77,,0.0,11.91
2026-08-18 17:57,EQIX,1095.84,🟢 Yükseliş Trendinde,🟢 AL (Trend Onaylı),-,-,🟢 EMA Yükselişte (SSL Ok Bekleniyor),⚪ Yelpaze Açık,🟡Fiyat Orta-Üst Bant Aralığında,EMA5 Destek: 1080.50 (%1.4 altta),716.69-727.98 (%33.6 altta),1096.01-1124.00 (%0.0 üstte),60.75,89.23,0.79,,0.0,16.42
2026-08-18 17:57,ETN,432.49,🟢 Yükseliş Trendinde,🔴 SAT,-,-,🟢 EMA Yükselişte (SSL Ok Bekleniyor),⚪ Yelpaze Açık,🟡Fiyat Orta-Üst Bant Aralığında,EMA21 Destek: 430.93 (%0.4 altta) | EMA5 Direnç: 445.45 (%3.0 üstte),-,-,52.24,77.28,0.71,,0.0,12.88
2026-08-18 17:57,GLW,159.43,🟢 Yükseliş Trendinde,🔴 SAT,🩸 SAT (Zirveden Dönüş),-,🟢 EMA Yükselişte (SSL Ok Bekleniyor),⚪ Yelpaze Açık,🟡Fiyat Orta-Üst Bant Aralığında,EMA200 Destek: 137.77 (%13.6 altta) | EMA21 Direnç: 160.01 (%0.4 üstte),-,250.50-271.78 (%57.1 üstte),48.65,86.34,0.81,,0.0,15.72
2026-08-18 17:57,VRT,274.19,🔴 Düşüş Trendinde,🔴 SAT,🩸 SAT (Zirveden Dönüş),-,⚪ Karışık / Testere Piyasası,⚪ Yelpaze Açık,⚪Fiyat Alt_Orta Bant Aralığında,EMA200 Destek: 246.06 (%10.3 altta) | EMA21 Direnç: 280.79 (%2.4 üstte),158.70-171.18 (%37.6 altta),-,46.43,89.92,0.85,,0.0,11.43
2026-08-18 20:48,COHR,309.0,🟢 Yükseliş Trendinde,🔴 SAT,-,-,🟢 EMA Yükselişte (SSL Ok Bekleniyor),⚪ Yelpaze Açık,🟡Fiyat Orta-Üst Bant Aralığında,EMA200 Destek: 258.42 (%16.4 altta) | EMA100 Direnç: 314.92 (%1.9 üstte),220.68-245.00 (%20.7 altta),380.01-439.68 (%23.0 üstte),47.94,61.61,0.58,,0.0,19.57
2026-08-18 20:48,DLR,196.8,🟢 Yükseliş Trendinde,⏳ BEKLE,-,-,⚪ Karışık / Testere Piyasası,⚪ Yelpaze Açık,🟡Fiyat Orta-Üst Bant Aralığında,EMA21 Destek: 192.18 (%2.4 altta) | EMA5 Direnç: 196.99 (%0.1 üstte),-,-,57.99,69.4,0.72,,0.0,11.02
2026-08-18 20:48,EQIX,1090.82,🟢 Yükseliş Trendinde,🟢 AL (Trend Onaylı),-,-,🟢 EMA Yükselişte (SSL Ok Bekleniyor),⚪ Yelpaze Açık,🟡Fiyat Orta-Üst Bant Aralığında,EMA5 Destek: 1084.29 (%0.6 altta),716.69-727.98 (%33.3 altta),1096.01-1124.00 (%0.5 üstte),59.25,91.22,0.8,,0.0,15.6
2026-08-18 20:48,ETN,430.64,🟢 Yükseliş Trendinde,🔴 SAT,-,-,⚠️ Yükseliş Trendinde Düzeltme (SSL Negatif),⚪ Yelpaze Açık,🟡Fiyat Orta-Üst Bant Aralığında,EMA55 Destek: 416.86 (%3.2 altta) | EMA21 Direnç: 432.78 (%0.5 üstte),-,-,50.82,67.97,0.61,,0.0,12.05
2026-08-18 20:48,GLW,159.69,🟢 Yükseliş Trendinde,⏳ BEKLE,🩸 SAT (Zirveden Dönüş),-,🟢 EMA Yükselişte (SSL Ok Bekleniyor),⚪ Yelpaze Açık,🟡Fiyat Orta-Üst Bant Aralığında,EMA200 Destek: 138.13 (%13.5 altta) | EMA21 Direnç: 161.12 (%0.9 üstte),-,250.50-271.78 (%56.9 üstte),48.5,86.95,0.79,,0.0,15.61
2026-08-18 20:48,VRT,272.17,🔴 Düşüş Trendinde,🔴 SAT,🩸 SAT (Zirveden Dönüş),-,🟢 EMA Yükselişte (SSL Ok Bekleniyor),⚪ Yelpaze Açık,⚪Fiyat Alt_Orta Bant Aralığında,EMA200 Destek: 246.50 (%9.4 altta) | EMA21 Direnç: 281.52 (%3.4 üstte),158.70-171.18 (%37.1 altta),-,45.26,87.55,0.79,,0.0,10.42
2026-08-19 13:50,COHR,306.43,🟢 Yükseliş Trendinde,🔴 SAT,-,-,🟢 EMA Yükselişte (SSL Ok Bekleniyor),⚪ Yelpaze Açık,⚪Fiyat Alt_Orta Bant Aralığında,EMA200 Destek: 258.11 (%15.8 altta) | EMA100 Direnç: 314.88 (%2.8 üstte),220.68-245.00 (%20.0 altta),380.01-439.68 (%24.0 üstte),47.54,61.11,0.57,,0.0,18.72
2026-08-19 13:50,DLR,195.25,🟢 Yükseliş Trendinde,⏳ BEKLE,🩸 SAT (Zirveden Dönüş),-,⚪ Karışık / Testere Piyasası,⚪ Yelpaze Açık,🟡Fiyat Orta-Üst Bant Aralığında,EMA21 Destek: 192.04 (%1.6 altta) | EMA5 Direnç: 196.48 (%0.6 üstte),-,-,55.78,61.51,0.68,,0.0,10.17
2026-08-19 13:50,EQIX,1085.09,🟢 Yükseliş Trendinde,🟢 AL (Trend Onaylı),-,-,🟢 EMA Yükselişte (SSL Ok Bekleniyor),⚪ Yelpaze Açık,🟡Fiyat Orta-Üst Bant Aralığında,EMA5 Destek: 1082.38 (%0.3 altta),716.69-727.98 (%32.9 altta),1096.01-1124.00 (%1.0 üstte),57.64,88.02,0.79,,0.0,15.04
2026-08-19 13:50,ETN,431.33,🟢 Yükseliş Trendinde,🔴 SAT,-,-,⚠️ Yükseliş Trendinde Düzeltme (SSL Negatif),⚪ Yelpaze Açık,🟡Fiyat Orta-Üst Bant Aralığında,EMA55 Destek: 416.88 (%3.3 altta) | EMA21 Direnç: 432.84 (%0.4 üstte),-,-,51.09,68.41,0.62,,0.0,12.27
2026-08-19 13:50,GLW,159.9,🟢 Yükseliş Trendinde,⏳ BEKLE,🩸 SAT (Zirveden Dönüş),-,🟢 EMA Yükselişte (SSL Ok Bekleniyor),⚪ Yelpaze Açık,🟡Fiyat Orta-Üst Bant Aralığında,EMA200 Destek: 138.03 (%13.7 altta) | EMA21 Direnç: 161.14 (%0.8 üstte),-,250.50-271.78 (%56.7 üstte),48.59,87.11,0.79,,0.0,15.85
2026-08-19 13:50,VRT,272.54,🔴 Düşüş Trendinde,🔴 SAT,🩸 SAT (Zirveden Dönüş),-,🟢 EMA Yükselişte (SSL Ok Bekleniyor),⚪ Yelpaze Açık,⚪Fiyat Alt_Orta Bant Aralığında,EMA200 Destek: 246.41 (%9.6 altta) | EMA21 Direnç: 281.55 (%3.3 üstte),158.70-171.18 (%37.2 altta),-,45.39,87.72,0.79,,0.0,10.6
2026-08-19 17:57,COHR,295.89,🟢 Yükseliş Trendinde,🔴 SAT,-,-,🟢 EMA Yükselişte (SSL Ok Bekleniyor),⚪ Yelpaze Açık,⚪Fiyat Alt_Orta Bant Aralığında,EMA200 Destek: 258.49 (%12.6 altta) | EMA100 Direnç: 314.50 (%6.3 üstte),220.68-245.00 (%17.2 altta),380.01-439.68 (%28.4 üstte),45.83,47.19,0.24,,0.0,14.47
2026-08-19 17:57,DLR,189.74,🟢 Yükseliş Trendinde,🔴 SAT,-,-,⚠️ Yükseliş Trendinde Düzeltme (SSL Negatif),⚪ Yelpaze Açık,⚪Fiyat Alt_Orta Bant Aralığında,EMA55 Destek: 188.34 (%0.7 altta) | EMA21 Direnç: 191.83 (%1.1 üstte),-,-,48.69,28.17,0.45,,0.0,6.98
2026-08-19 17:57,EQIX,1048.46,🟢 Yükseliş Trendinde,⏳ BEKLE,🩸 SAT (Zirveden Dönüş),-,⚪ Karışık / Testere Piyasası,⚪ Yelpaze Açık,⚪Fiyat Alt_Orta Bant Aralığında,EMA100 Destek: 1027.97 (%2.0 altta) | EMA55 Direnç: 1049.18 (%0.1 üstte),716.69-727.98 (%30.6 altta),1096.01-1124.00 (%4.5 üstte),48.56,60.15,0.69,,0.0,11.03
2026-08-19 17:57,ETN,424.71,🟢 Yükseliş Trendinde,🔴 SAT,-,-,⚠️ Yükseliş Trendinde Düzeltme (SSL Negatif),⚪ Yelpaze Açık,⚪Fiyat Alt_Orta Bant Aralığında,EMA55 Destek: 417.16 (%1.8 altta) | EMA21 Direnç: 432.10 (%1.7 üstte),-,-,48.48,39.7,0.21,,0.0,10.43
2026-08-19 17:57,GLW,152.18,🟢 Yükseliş Trendinde,🔴 SAT,-,-,🟢 EMA Yükselişte (SSL Ok Bekleniyor),⚪ Yelpaze Açık,⚪Fiyat Alt_Orta Bant Aralığında,EMA200 Destek: 138.17 (%9.2 altta) | EMA5 Direnç: 159.96 (%5.1 üstte),-,250.50-271.78 (%64.6 üstte),45.21,68.83,0.55,,0.0,10.14
2026-08-19 17:57,VRT,263.42,🔴 Düşüş Trendinde,🔴 SAT,-,-,🟢 EMA Yükselişte (SSL Ok Bekleniyor),⚪ Yelpaze Açık,⚪Fiyat Alt_Orta Bant Aralığında,EMA200 Destek: 246.58 (%6.4 altta) | EMA5 Direnç: 276.32 (%4.9 üstte),158.70-171.18 (%35.0 altta),-,42.23,67.2,0.55,,0.0,6.83
2026-08-19 20:45,COHR,288.2,🟢 Yükseliş Trendinde,🔴 SAT,-,-,🟢 EMA Yükselişte (SSL Ok Bekleniyor),⚪ Yelpaze Açık,⚪Fiyat Alt_Orta Bant Aralığında,EMA200 Destek: 258.41 (%10.3 altta) | EMA100 Direnç: 314.35 (%9.1 üstte),220.68-245.00 (%15.0 altta),380.01-439.68 (%31.9 üstte),44.66,45.51,0.2,,0.0,11.53
2026-08-19 20:45,DLR,189.38,🟢 Yükseliş Trendinde,🔴 SAT,-,-,⚠️ Yükseliş Trendinde Düzeltme (SSL Negatif),⚪ Yelpaze Açık,⚪Fiyat Alt_Orta Bant Aralığında,EMA55 Destek: 188.32 (%0.6 altta) | EMA21 Direnç: 191.80 (%1.3 üstte),-,-,48.29,28.17,0.43,,0.0,6.78
2026-08-19 20:45,EQIX,1056.4,🟢 Yükseliş Trendinde,⏳ BEKLE,🩸 SAT (Zirveden Dönüş),-,⚪ Karışık / Testere Piyasası,⚪ Yelpaze Açık,🟡Fiyat Orta-Üst Bant Aralığında,EMA55 Destek: 1049.97 (%0.6 altta) | EMA21 Direnç: 1058.15 (%0.2 üstte),716.69-727.98 (%31.1 altta),1096.01-1124.00 (%3.7 üstte),50.14,62.38,0.66,,0.0,11.96
2026-08-19 20:45,ETN,424.49,🟢 Yükseliş Trendinde,🔴 SAT,-,-,⚠️ Yükseliş Trendinde Düzeltme (SSL Negatif),⚪ Yelpaze Açık,⚪Fiyat Alt_Orta Bant Aralığında,EMA55 Destek: 417.16 (%1.7 altta) | EMA21 Direnç: 432.08 (%1.8 üstte),-,-,48.39,39.7,0.2,,0.0,10.37
2026-08-19 20:45,GLW,151.7,🟢 Yükseliş Trendinde,🔴 SAT,-,-,🟢 EMA Yükselişte (SSL Ok Bekleniyor),⚪ Yelpaze Açık,⚪Fiyat Alt_Orta Bant Aralığında,EMA200 Destek: 138.16 (%8.9 altta) | EMA5 Direnç: 159.80 (%5.3 üstte),-,250.50-271.78 (%65.1 üstte),45.02,68.46,0.54,,0.0,9.8
2026-08-19 20:45,VRT,262.67,🔴 Düşüş Trendinde,🔴 SAT,-,-,🟢 EMA Yükselişte (SSL Ok Bekleniyor),⚪ Yelpaze Açık,⚪Fiyat Alt_Orta Bant Aralığında,EMA200 Destek: 246.57 (%6.1 altta) | EMA5 Direnç: 276.07 (%5.1 üstte),158.70-171.18 (%34.8 altta),-,41.99,66.79,0.54,,0.0,6.53
2026-08-20 13:51,COHR,287.47,🟢 Yükseliş Trendinde,🔴 SAT,-,-,🟢 EMA Yükselişte (SSL Ok Bekleniyor),⚪ Yelpaze Açık,⚪Fiyat Alt_Orta Bant Aralığında,EMA200 Destek: 258.27 (%10.2 altta) | EMA5 Direnç: 314.28 (%9.3 üstte),220.68-245.00 (%14.8 altta),380.01-439.68 (%32.2 üstte),44.55,45.36,0.2,,0.0,11.31
2026-08-20 13:51,DLR,192.35,🟢 Yükseliş Trendinde,🔴 SAT,-,-,⚠️ Yükseliş Trendinde Düzeltme (SSL Negatif),⚪ Yelpaze Açık,⚪Fiyat Alt_Orta Bant Aralığında,EMA21 Destek: 192.07 (%0.1 altta) | EMA5 Direnç: 195.10 (%1.4 üstte),-,-,51.81,28.17,0.57,,0.0,8.45
2026-08-20 13:51,EQIX,1077.08,🟢 Yükseliş Trendinde,⏳ BEKLE,🩸 SAT (Zirveden Dönüş),-,⚪ Karışık / Testere Piyasası,⚪ Yelpaze Açık,🟡Fiyat Orta-Üst Bant Aralığında,EMA21 Destek: 1054.95 (%2.1 altta) | EMA5 Direnç: 1077.18 (%0.0 üstte),713.28-724.52 (%32.7 altta),1090.80-1118.65 (%1.3 üstte),56.81,76.53,0.83,,0.0,14.6
2026-08-20 13:51,ETN,424.67,🟢 Yükseliş Trendinde,🔴 SAT,-,-,⚠️ Yükseliş Trendinde Düzeltme (SSL Negatif),⚪ Yelpaze Açık,⚪Fiyat Alt_Orta Bant Aralığında,EMA55 Destek: 417.16 (%1.8 altta) | EMA21 Direnç: 432.10 (%1.7 üstte),-,-,48.46,39.7,0.2,,0.0,10.43
2026-08-20 13:51,GLW,152.46,🟢 Yükseliş Trendinde,🔴 SAT,-,-,🟢 EMA Yükselişte (SSL Ok Bekleniyor),⚪ Yelpaze Açık,⚪Fiyat Alt_Orta Bant Aralığında,EMA200 Destek: 138.13 (%9.4 altta) | EMA5 Direnç: 160.05 (%5.0 üstte),-,250.50-271.78 (%64.3 üstte),45.33,69.06,0.55,,0.0,10.37
2026-08-20 13:51,VRT,261.0,🔴 Düşüş Trendinde,🔴 SAT,-,-,⚠️ Yükseliş Trendinde Düzeltme (SSL Negatif),⚪ Yelpaze Açık,⚪Fiyat Alt_Orta Bant Aralığında,EMA200 Destek: 246.56 (%5.5 altta) | EMA5 Direnç: 275.51 (%5.6 üstte),158.70-171.18 (%34.4 altta),-,41.47,65.88,0.52,,0.0,5.86
2026-08-20 17:59,COHR,287.85,🟢 Yükseliş Trendinde,🔴 SAT,-,-,⚠️ Yükseliş Trendinde Düzeltme (SSL Negatif),⚪ Yelpaze Açık,⚪Fiyat Alt_Orta Bant Aralığında,EMA200 Destek: 258.56 (%10.2 altta) | EMA5 Direnç: 305.47 (%6.1 üstte),220.68-245.00 (%14.9 altta),380.01-439.68 (%32.0 üstte),44.63,19.6,-0.25,,0.0,11.33
2026-08-20 17:59,DLR,193.74,🟢 Yükseliş Trendinde,🔴 SAT,-,-,⚠️ Yükseliş Trendinde Düzeltme (SSL Negatif),🟠 Daralıyor,⚪Fiyat Alt_Orta Bant Aralığında,EMA21 Destek: 192.22 (%0.8 altta) | EMA5 Direnç: 194.65 (%0.5 üstte),-,-,53.52,12.19,0.37,,0.0,9.13
2026-08-20 17:59,EQIX,1076.64,🟢 Yükseliş Trendinde,⏳ BEKLE,-,-,🟢 EMA Yükselişte (SSL Ok Bekleniyor),⚪ Yelpaze Açık,🟡Fiyat Orta-Üst Bant Aralığında,EMA21 Destek: 1056.92 (%1.8 altta) | EMA5 Direnç: 1077.00 (%0.0 üstte),713.28-724.52 (%32.7 altta),1090.80-1118.65 (%1.3 üstte),56.67,65.48,0.78,,0.0,14.39
2026-08-20 17:59,ETN,421.08,🟢 Yükseliş Trendinde,🔴 SAT,-,-,⚠️ Yükseliş Trendinde Düzeltme (SSL Negatif),⚪ Yelpaze Açık,⚪Fiyat Alt_Orta Bant Aralığında,EMA55 Destek: 417.30 (%0.9 altta) | EMA21 Direnç: 431.10 (%2.4 üstte),-,-,47.06,9.59,-0.34,,0.0,9.39
2026-08-20 17:59,GLW,151.77,🟢 Yükseliş Trendinde,🔴 SAT,-,-,🟢 EMA Yükselişte (SSL Ok Bekleniyor),⚪ Yelpaze Açık,⚪Fiyat Alt_Orta Bant Aralığında,EMA200 Destek: 138.27 (%8.9 altta) | EMA5 Direnç: 157.29 (%3.6 üstte),-,250.50-271.78 (%65.0 üstte),45.03,42.43,0.18,,0.0,9.77
2026-08-20 17:59,VRT,259.05,🔴 Düşüş Trendinde,🔴 SAT,-,-,⚠️ Yükseliş Trendinde Düzeltme (SSL Negatif),⚪ Yelpaze Açık,⚪Fiyat Alt_Orta Bant Aralığında,EMA200 Destek: 246.69 (%4.8 altta) | EMA5 Direnç: 270.03 (%4.2 üstte),158.70-171.18 (%33.9 altta),-,40.83,33.32,0.07,,0.0,5.01
2026-08-20 20:49,COHR,285.23,🟢 Yükseliş Trendinde,🔴 SAT,-,-,⚠️ Yükseliş Trendinde Düzeltme (SSL Negatif),⚪ Yelpaze Açık,⚪Fiyat Alt_Orta Bant Aralığında,EMA200 Destek: 258.54 (%9.4 altta) | EMA5 Direnç: 304.60 (%6.8 üstte),220.68-245.00 (%14.1 altta),380.01-439.68 (%33.2 üstte),44.2,19.47,-0.26,,0.0,10.32
2026-08-20 20:49,DLR,194.2,🟢 Yükseliş Trendinde,⏳ BEKLE,-,-,⚠️ Yükseliş Trendinde Düzeltme (SSL Negatif),🟠 Daralıyor,🟡Fiyat Orta-Üst Bant Aralığında,EMA21 Destek: 192.26 (%1.0 altta) | EMA5 Direnç: 194.80 (%0.3 üstte),-,-,54.05,13.74,0.39,,0.0,9.38
2026-08-20 20:49,EQIX,1082.5,🟢 Yükseliş Trendinde,⏳ BEKLE,-,-,🟢 EMA Yükselişte (SSL Ok Bekleniyor),⚪ Yelpaze Açık,🟡Fiyat Orta-Üst Bant Aralığında,EMA5 Destek: 1078.95 (%0.3 altta),713.28-724.52 (%33.1 altta),1090.80-1118.65 (%0.8 üstte),58.05,68.54,0.8,,0.0,15.0
2026-08-20 20:49,ETN,417.58,🟢 Yükseliş Trendinde,🔴 SAT,-,-,⚠️ Yükseliş Trendinde Düzeltme (SSL Negatif),⚪ Yelpaze Açık,⚪Fiyat Alt_Orta Bant Aralığında,EMA55 Destek: 417.18 (%0.1 altta) | EMA21 Direnç: 430.78 (%3.2 üstte),-,-,45.76,9.59,-0.36,,0.0,8.49
2026-08-20 20:49,GLW,151.47,🟢 Yükseliş Trendinde,🔴 SAT,-,-,🟢 EMA Yükselişte (SSL Ok Bekleniyor),⚪ Yelpaze Açık,⚪Fiyat Alt_Orta Bant Aralığında,EMA200 Destek: 138.27 (%8.7 altta) | EMA5 Direnç: 157.19 (%3.8 üstte),-,250.50-271.78 (%65.4 üstte),44.9,42.08,0.18,,0.0,9.55
2026-08-20 20:49,VRT,258.52,🔴 Düşüş Trendinde,🔴 SAT,-,-,⚠️ Yükseliş Trendinde Düzeltme (SSL Negatif),⚪ Yelpaze Açık,⚪Fiyat Alt_Orta Bant Aralığında,EMA200 Destek: 246.68 (%4.6 altta) | EMA5 Direnç: 269.85 (%4.4 üstte),158.70-171.18 (%33.8 altta),-,40.65,33.32,0.06,,0.0,4.8
2026-08-21 13:52,COHR,290.03,🟢 Yükseliş Trendinde,🔴 SAT,-,-,🟢 EMA Yükselişte (SSL Ok Bekleniyor),⚪ Yelpaze Açık,⚪Fiyat Alt_Orta Bant Aralığında,EMA200 Destek: 258.39 (%10.9 altta) | EMA5 Direnç: 306.20 (%5.6 üstte),220.68-245.00 (%15.5 altta),380.01-439.68 (%31.0 üstte),45.05,20.34,-0.24,,0.0,12.24
2026-08-21 13:52,DLR,194.3,🟢 Yükseliş Trendinde,⏳ BEKLE,-,-,⚠️ Yükseliş Trendinde Düzeltme (SSL Negatif),🟠 Daralıyor,🟡Fiyat Orta-Üst Bant Aralığında,EMA21 Destek: 192.27 (%1.0 altta) | EMA5 Direnç: 194.83 (%0.3 üstte),-,-,54.17,14.1,0.39,,0.0,9.44
2026-08-21 13:52,EQIX,1082.61,🟢 Yükseliş Trendinde,⏳ BEKLE,-,-,🟢 EMA Yükselişte (SSL Ok Bekleniyor),⚪ Yelpaze Açık,🟡Fiyat Orta-Üst Bant Aralığında,EMA5 Destek: 1078.99 (%0.3 altta),713.28-724.52 (%33.1 altta),1090.80-1118.65 (%0.8 üstte),58.07,68.6,0.8,,0.0,15.04
2026-08-21 13:52,ETN,415.29,🟢 Yükseliş Trendinde,🔴 SAT,-,-,⚠️ Yükseliş Trendinde Düzeltme (SSL Negatif),⚪ Yelpaze Açık,⚪Fiyat Alt_Orta Bant Aralığında,EMA100 Destek: 405.72 (%2.3 altta) | EMA55 Direnç: 417.09 (%0.4 üstte),-,-,44.95,9.59,-0.37,,0.0,7.92
2026-08-21 13:52,GLW,151.45,🟢 Yükseliş Trendinde,🔴 SAT,-,-,🟢 EMA Yükselişte (SSL Ok Bekleniyor),⚪ Yelpaze Açık,⚪Fiyat Alt_Orta Bant Aralığında,EMA200 Destek: 138.21 (%8.7 altta) | EMA5 Direnç: 157.18 (%3.8 üstte),-,250.50-271.78 (%65.4 üstte),44.89,42.06,0.18,,0.0,9.58
2026-08-21 13:52,VRT,264.63,🔴 Düşüş Trendinde,🔴 SAT,-,-,⚠️ Yükseliş Trendinde Düzeltme (SSL Negatif),⚪ Yelpaze Açık,⚪Fiyat Alt_Orta Bant Aralığında,EMA200 Destek: 246.76 (%6.8 altta) | EMA5 Direnç: 271.89 (%2.7 üstte),158.70-171.18 (%35.3 altta),-,43.13,37.71,0.14,,0.0,7.24
2026-08-21 17:57,COHR,283.92,🟢 Yükseliş Trendinde,🔴 SAT,-,-,⚠️ Yükseliş Trendinde Düzeltme (SSL Negatif),⚪ Yelpaze Açık,⚪Fiyat Alt_Orta Bant Aralığında,EMA200 Destek: 258.65 (%8.9 altta) | EMA5 Direnç: 298.77 (%5.2 üstte),220.68-245.00 (%13.7 altta),380.01-439.68 (%33.8 üstte),44.03,6.84,-0.61,,0.0,9.77
2026-08-21 17:57,DLR,192.57,🟢 Yükseliş Trendinde,🔴 SAT,-,-,⚠️ Yükseliş Trendinde Düzeltme (SSL Negatif),🟠 Daralıyor,⚪Fiyat Alt_Orta Bant Aralığında,EMA21 Destek: 192.30 (%0.1 altta) | EMA5 Direnç: 194.08 (%0.8 üstte),-,-,51.75,6.96,0.15,,0.0,8.38
2026-08-21 17:57,EQIX,1070.09,🟢 Yükseliş Trendinde,⏳ BEKLE,-,-,🟢 EMA Yükselişte (SSL Ok Bekleniyor),⚪ Yelpaze Açık,🟡Fiyat Orta-Üst Bant Aralığında,EMA21 Destek: 1058.61 (%1.1 altta) | EMA5 Direnç: 1076.02 (%0.6 üstte),713.28-724.52 (%32.3 altta),1090.80-1118.65 (%1.9 üstte),54.21,59.73,0.72,,0.0,13.56
2026-08-21 17:57,ETN,422.45,🟢 Yükseliş Trendinde,🔴 SAT,-,-,⚠️ Yükseliş Trendinde Düzeltme (SSL Negatif),⚪ Yelpaze Açık,⚪Fiyat Alt_Orta Bant Aralığında,EMA55 Destek: 417.29 (%1.2 altta) | EMA5 Direnç: 428.12 (%1.3 üstte),-,-,48.04,5.02,-0.59,,0.0,9.67
2026-08-21 17:57,GLW,148.32,🟢 Yükseliş Trendinde,🔴 SAT,-,-,🟢 EMA Yükselişte (SSL Ok Bekleniyor),⚪ Yelpaze Açık,⚪Fiyat Alt_Orta Bant Aralığında,EMA200 Destek: 138.31 (%6.8 altta) | EMA5 Direnç: 154.23 (%4.0 üstte),-,250.50-271.78 (%68.9 üstte),43.48,20.46,-0.28,,0.0,7.24
2026-08-21 17:57,VRT,258.71,🔴 Düşüş Trendinde,🔴 SAT,-,-,⚠️ Yükseliş Trendinde Düzeltme (SSL Negatif),⚪ Yelpaze Açık,⚪Fiyat Alt_Orta Bant Aralığında,EMA200 Destek: 246.87 (%4.6 altta) | EMA5 Direnç: 267.49 (%3.4 üstte),158.70-171.18 (%33.8 altta),-,41.08,15.88,-0.22,,0.0,4.79
2026-08-21 20:50,COHR,288.72,🟢 Yükseliş Trendinde,🔴 SAT,-,-,⚠️ Yükseliş Trendinde Düzeltme (SSL Negatif),⚪ Yelpaze Açık,⚪Fiyat Alt_Orta Bant Aralığında,EMA200 Destek: 258.69 (%10.4 altta) | EMA5 Direnç: 300.37 (%4.0 üstte),220.68-245.00 (%15.1 altta),380.01-439.68 (%31.6 üstte),44.83,7.33,-0.6,,0.0,11.61
2026-08-21 20:50,DLR,191.12,🟢 Yükseliş Trendinde,🔴 SAT,-,-,⚠️ Yükseliş Trendinde Düzeltme (SSL Negatif),🟠 Daralıyor,⚪Fiyat Alt_Orta Bant Aralığında,EMA55 Destek: 188.73 (%1.3 altta) | EMA21 Direnç: 192.17 (%0.5 üstte),-,-,49.88,6.96,0.09,,0.0,7.57
2026-08-21 20:50,EQIX,1065.22,🟢 Yükseliş Trendinde,⏳ BEKLE,-,-,🟢 EMA Yükselişte (SSL Ok Bekleniyor),⚪ Yelpaze Açık,🟡Fiyat Orta-Üst Bant Aralığında,EMA21 Destek: 1058.17 (%0.7 altta) | EMA5 Direnç: 1074.40 (%0.9 üstte),713.28-724.52 (%32.0 altta),1090.80-1118.65 (%2.4 üstte),52.84,56.68,0.69,,0.0,13.05
2026-08-21 20:50,ETN,421.2,🟢 Yükseliş Trendinde,🔴 SAT,-,-,⚠️ Yükseliş Trendinde Düzeltme (SSL Negatif),⚪ Yelpaze Açık,⚪Fiyat Alt_Orta Bant Aralığında,EMA55 Destek: 417.24 (%0.9 altta) | EMA5 Direnç: 427.70 (%1.5 üstte),-,-,47.53,4.19,-0.6,,0.0,9.35
2026-08-21 20:50,GLW,150.33,🟢 Yükseliş Trendinde,🔴 SAT,-,-,🟢 EMA Yükselişte (SSL Ok Bekleniyor),⚪ Yelpaze Açık,⚪Fiyat Alt_Orta Bant Aralığında,EMA200 Destek: 138.33 (%8.0 altta) | EMA5 Direnç: 154.90 (%3.0 üstte),-,250.50-271.78 (%66.6 üstte),44.37,20.46,-0.25,,0.0,8.68
2026-08-21 20:50,VRT,260.97,🔴 Düşüş Trendinde,🔴 SAT,-,-,⚠️ Yükseliş Trendinde Düzeltme (SSL Negatif),⚪ Yelpaze Açık,⚪Fiyat Alt_Orta Bant Aralığında,EMA200 Destek: 246.90 (%5.4 altta) | EMA5 Direnç: 268.25 (%2.8 üstte),158.70-171.18 (%34.4 altta),-,41.84,16.86,-0.2,,0.0,5.7
2026-08-24 13:58,COHR,289.52,🟢 Yükseliş Trendinde,🔴 SAT,-,-,⚠️ Yükseliş Trendinde Düzeltme (SSL Negatif),⚪ Yelpaze Açık,⚪Fiyat Alt_Orta Bant Aralığında,EMA200 Destek: 258.65 (%10.7 altta) | EMA5 Direnç: 300.64 (%3.8 üstte),220.68-245.00 (%15.4 altta),380.01-439.68 (%31.3 üstte),44.97,7.57,-0.6,,0.0,11.93
2026-08-24 13:58,DLR,190.62,🟢 Yükseliş Trendinde,🔴 SAT,-,-,⚠️ Yükseliş Trendinde Düzeltme (SSL Negatif),🟠 Daralıyor,⚪Fiyat Alt_Orta Bant Aralığında,EMA55 Destek: 188.71 (%1.0 altta) | EMA21 Direnç: 192.12 (%0.8 üstte),-,-,49.26,6.96,0.06,,0.0,7.29
2026-08-24 13:58,EQIX,1065.39,🟢 Yükseliş Trendinde,⏳ BEKLE,-,-,🟢 EMA Yükselişte (SSL Ok Bekleniyor),⚪ Yelpaze Açık,🟡Fiyat Orta-Üst Bant Aralığında,EMA21 Destek: 1058.18 (%0.7 altta) | EMA5 Direnç: 1074.46 (%0.9 üstte),713.28-724.52 (%32.0 altta),1090.80-1118.65 (%2.4 üstte),52.89,56.78,0.69,,0.0,13.09
2026-08-24 13:58,ETN,419.2,🟢 Yükseliş Trendinde,🔴 SAT,-,-,⚠️ Yükseliş Trendinde Düzeltme (SSL Negatif),⚪ Yelpaze Açık,⚪Fiyat Alt_Orta Bant Aralığında,EMA55 Destek: 417.17 (%0.5 altta) | EMA5 Direnç: 427.03 (%1.9 üstte),-,-,46.68,2.81,-0.61,,0.0,8.85
2026-08-24 13:58,GLW,149.84,🟢 Yükseliş Trendinde,🔴 SAT,-,-,🟢 EMA Yükselişte (SSL Ok Bekleniyor),⚪ Yelpaze Açık,⚪Fiyat Alt_Orta Bant Aralığında,EMA200 Destek: 138.30 (%7.7 altta) | EMA5 Direnç: 154.74 (%3.3 üstte),-,250.50-271.78 (%67.2 üstte),44.15,20.46,-0.26,,0.0,8.34
2026-08-24 13:58,VRT,261.95,🔴 Düşüş Trendinde,🔴 SAT,-,-,⚠️ Yükseliş Trendinde Düzeltme (SSL Negatif),⚪ Yelpaze Açık,⚪Fiyat Alt_Orta Bant Aralığında,EMA200 Destek: 246.96 (%5.7 altta) | EMA5 Direnç: 268.57 (%2.5 üstte),158.70-171.18 (%34.7 altta),-,42.18,17.76,-0.19,,0.0,6.07
