Tarih,Varlık,Fiyat,Supertrend_Sinyal,Tilson_Sinyal,Hacim_SMI,Kombine_Dip,SSL&EMA_Sinyal,BB_Sikisma,BB_Fiyat_Durum,Destek_Direnc,Alim_Bandi,Satim_Bandi,EMA_200_Durumu,RSI,StochRSI,TSI,BB_Bant_Durum
2026-07-24 21:56,A1CAP,9.48,🔴 Düşüş Trendinde,🔴 SAT,🔴 ZAYIFLAMA (Zaten Dipte),-,⚠️ Yükseliş Trendinde Düzeltme (SSL Negatif),⚪ Yelpaze Açık,⚪Fiyat Alt_Orta Bant Aralığında,EMA5 Direnç: 9.95 (%5.0 üstte),4.46-5.73 (%39.6 altta),-,-,34.18,9.59,-0.73,
2026-07-24 21:56,A1YEN,2.93,🟢 Yükseliş Trendinde,🔴 SAT,-,-,⚠️ Yükseliş Trendinde Düzeltme (SSL Negatif),⚪ Yelpaze Açık,⚪Fiyat Alt_Orta Bant Aralığında,EMA100 Destek: 2.84 (%3.1 altta) | EMA55 Direnç: 2.95 (%0.8 üstte),2.18-2.70 (%7.7 altta),-,14.27,46.16,1.37,-0.68,
2026-07-24 21:56,AAGYO,14.25,🟢 Yükseliş Trendinde,🔴 SAT,-,-,-,-,-,EMA5 Direnç: 15.14 (%6.2 üstte),-,-,-,8.94,,-0.97,
2026-07-24 21:56,ACSEL,128.5,🟢 Yükseliş Trendinde,🔴 SAT,-,-,⚠️ Yükseliş Trendinde Düzeltme (SSL Negatif),⚪ Yelpaze Açık,⚪Fiyat Alt_Orta Bant Aralığında,EMA55 Destek: 121.75 (%5.3 altta) | EMA21 Direnç: 131.28 (%2.2 üstte),-,-,29.9,49.92,0.52,-0.04,
2026-07-24 21:56,ADEL,30.12,🔴 Düşüş Trendinde,⏳ BEKLE,-,-,🔴 Ayı Piyasası (EMA 50 En Altta),⚪ Yelpaze Açık,⚪Fiyat Alt_Orta Bant Aralığında,EMA5 Direnç: 30.76 (%2.1 üstte),-,47.64-57.64 (%58.2 üstte),-57.14,42.05,0.29,-0.82,
2026-07-24 21:56,ADESE,0.91,🔴 Düşüş Trendinde,🔴 SAT,-,-,🟢 EMA Yükselişte (SSL Ok Bekleniyor),🚨 BB SIKIŞMA,⚪Fiyat Alt_Orta Bant Aralığında,EMA5 Direnç: 0.94 (%3.2 üstte),0.14-0.15 (%83.5 altta),-,-8.34,35.38,4.39,-0.9,
2026-07-24 21:56,ADGYO,52.6,🔴 Düşüş Trendinde,🔴 SAT,-,-,-,🟡 Normal Genişlik,⚪Fiyat Alt_Orta Bant Aralığında,EMA5 Destek: 52.53 (%0.1 altta) | EMA21 Direnç: 54.79 (%4.2 üstte),27.44-28.60 (%45.6 altta),-,-,46.68,8.81,-0.89,
2026-07-24 21:56,AEFES,20.96,🔴 Düşüş Trendinde,🔥 GÜÇLÜ AL (Taze Kırılım),-,-,🟢 EMA Yükselişte (SSL Ok Bekleniyor),🚨 BB SIKIŞMA,🟡Fiyat Orta-Üst Bant Aralığında,EMA5 Destek: 20.73 (%1.1 altta),13.44-13.99 (%33.2 altta),-,56.42,61.58,48.79,0.81,
2026-07-24 21:56,AFYON,12.69,🔴 Düşüş Trendinde,🔴 SAT,-,-,⚠️ Yükseliş Trendinde Düzeltme (SSL Negatif),⚪ Yelpaze Açık,⚪Fiyat Alt_Orta Bant Aralığında,EMA100 Destek: 12.36 (%2.6 altta) | EMA5 Direnç: 12.91 (%1.7 üstte),2.64-2.81 (%77.8 altta),-,24.85,44.91,26.74,-0.53,
2026-07-24 21:56,AGESA,239.2,🟢 Yükseliş Trendinde,🔴 SAT,-,-,⚠️ Yükseliş Trendinde Düzeltme (SSL Negatif),🚨 BB SIKIŞMA,🟡Fiyat Orta-Üst Bant Aralığında,EMA21 Destek: 235.72 (%1.5 altta) | EMA5 Direnç: 241.46 (%0.9 üstte),-,-,89.95,54.16,9.67,0.24,
2026-07-24 21:56,AGHOL,33.9,🟢 Yükseliş Trendinde,🟢 AL (Trend Onaylı),-,-,⚠️ Yükseliş Trendinde Düzeltme (SSL Negatif),🟠 Daralıyor,🟡Fiyat Orta-Üst Bant Aralığında,EMA5 Destek: 33.66 (%0.7 altta),24.14-25.64 (%24.4 altta),-,47.89,55.93,31.81,0.22,
2026-07-24 21:56,AGROT,2.78,🔴 Düşüş Trendinde,⏳ BEKLE,🟢 POTANSİYEL DİP (0 Altı - Hacimsiz),-,-,🟡 Normal Genişlik,⚪Fiyat Alt_Orta Bant Aralığında,EMA5 Destek: 2.67 (%3.9 altta) | EMA21 Direnç: 2.89 (%4.0 üstte),-,9.07-11.88 (%226.4 üstte),-,43.8,25.02,-0.91,
2026-07-24 21:56,AGYO,7.76,🟢 Yükseliş Trendinde,⏳ BEKLE,-,-,⚠️ Yükseliş Trendinde Düzeltme (SSL Negatif),🟡 Normal Genişlik,⚪Fiyat Alt_Orta Bant Aralığında,EMA100 Destek: 7.61 (%1.9 altta) | EMA5 Direnç: 7.89 (%1.7 üstte),5.90-6.64 (%14.4 altta),-,15.9,44.66,1.8,-0.87,
2026-07-24 21:56,AHGAZ,35.4,🟢 Yükseliş Trendinde,⏳ BEKLE,-,-,🟢 EMA Yükselişte (SSL Ok Bekleniyor),⚪ Yelpaze Açık,🟡Fiyat Orta-Üst Bant Aralığında,EMA5 Destek: 35.33 (%0.2 altta),-,-,-,64.21,66.96,0.91,
2026-07-24 21:56,AHSGY,20.0,🟢 Yükseliş Trendinde,🟢 AL (Trend Onaylı),-,-,-,-,🟡Fiyat Orta-Üst Bant Aralığında,EMA21 Destek: 19.42 (%2.9 altta) | EMA5 Direnç: 20.02 (%0.1 üstte),5.35-5.78 (%71.1 altta),-,-,53.32,32.53,0.09,
2026-07-24 21:56,AKBNK,67.6,🔴 Düşüş Trendinde,🔴 SAT,-,-,⚠️ Yükseliş Trendinde Düzeltme (SSL Negatif),🟠 Daralıyor,⚪Fiyat Alt_Orta Bant Aralığında,EMA100 Destek: 62.55 (%7.5 altta) | EMA55 Direnç: 68.56 (%1.4 üstte),-,-,45.2,46.49,21.48,-0.18,
2026-07-24 21:56,AKCNS,236.2,🟢 Yükseliş Trendinde,🟢 AL (Trend Onaylı),-,-,🟢 EMA Yükselişte (SSL Ok Bekleniyor),⚪ Yelpaze Açık,🟡Fiyat Orta-Üst Bant Aralığında,EMA5 Destek: 230.11 (%2.6 altta),-,-,82.29,61.65,63.65,0.58,
2026-07-24 21:56,AKENR,10.56,🟢 Yükseliş Trendinde,🔴 SAT,-,-,⚠️ Yükseliş Trendinde Düzeltme (SSL Negatif),⚪ Yelpaze Açık,⚪Fiyat Alt_Orta Bant Aralığında,EMA200 Destek: 8.62 (%18.4 altta) | EMA100 Direnç: 10.89 (%3.1 üstte),-,-,22.55,45.86,6.08,-0.09,
2026-07-24 21:56,AKFGY,2.75,🟢 Yükseliş Trendinde,⏳ BEKLE,-,-,⚠️ Yükseliş Trendinde Düzeltme (SSL Negatif),🚨 BB SIKIŞMA,⚪Fiyat Alt_Orta Bant Aralığında,EMA55 Destek: 2.72 (%1.2 altta) | EMA5 Direnç: 2.77 (%0.5 üstte),1.76-2.09 (%24.0 altta),-,16.7,47.43,8.94,-0.58,
2026-07-24 21:56,AKFIS,92.2,🟢 Yükseliş Trendinde,⏳ BEKLE,-,-,-,-,🟡Fiyat Orta-Üst Bant Aralığında,EMA5 Destek: 86.28 (%6.4 altta),-,-,-,90.87,99.69,0.96,
2026-07-24 21:56,AKFYE,26.7,🟢 Yükseliş Trendinde,🟢 AL (Trend Onaylı),-,-,🟢 EMA Yükselişte (SSL Ok Bekleniyor),⚪ Yelpaze Açık,🚨Fiyat Bandın Üzerinde!,EMA5 Destek: 25.01 (%6.3 altta),15.20-16.67 (%37.6 altta),-,-,63.28,57.39,0.56,
2026-07-24 21:56,AKGRT,7.05,🔴 Düşüş Trendinde,🔴 SAT,-,-,⚠️ Yükseliş Trendinde Düzeltme (SSL Negatif),🚨 BB SIKIŞMA,⚪Fiyat Alt_Orta Bant Aralığında,EMA100 Destek: 6.79 (%3.7 altta) | EMA5 Direnç: 7.10 (%0.8 üstte),1.27-1.46 (%79.3 altta),-,26.23,45.79,15.24,-0.34,
2026-07-24 21:56,AKHAN,40.16,🟢 Yükseliş Trendinde,🟢 AL (Trend Onaylı),🩸 SAT (Zirveden Dönüş),🔴 ZİRVEDE,-,-,🚨Fiyat Bandın Üzerinde!,EMA5 Destek: 37.69 (%6.1 altta),-,-,-,77.57,,0.95,
2026-07-24 21:56,AKMGY,242.8,🟢 Yükseliş Trendinde,🔴 SAT,-,-,⚠️ Yükseliş Trendinde Düzeltme (SSL Negatif),⚪ Yelpaze Açık,⚪Fiyat Alt_Orta Bant Aralığında,EMA55 Destek: 230.55 (%5.0 altta) | EMA21 Direnç: 247.12 (%1.8 üstte),-,-,46.42,49.55,3.49,-0.72,
2026-07-24 21:56,AKSA,12.05,🟢 Yükseliş Trendinde,🟢 AL (Trend Onaylı),-,-,🟢 EMA Yükselişte (SSL Ok Bekleniyor),🟠 Daralıyor,🟡Fiyat Orta-Üst Bant Aralığında,EMA5 Destek: 11.94 (%0.9 altta),-,-,51.71,60.65,77.87,0.83,
2026-07-24 21:56,AKSEN,105.8,🟢 Yükseliş Trendinde,🟢 AL (Trend Onaylı),-,🔴 ZİRVEDE,🟢 EMA Yükselişte (SSL Ok Bekleniyor),⚪ Yelpaze Açık,🚨Fiyat Bandın Üzerinde!,EMA5 Destek: 96.75 (%8.6 altta),-,-,132.06,73.91,88.87,0.67,
2026-07-24 21:56,AKSGY,9.36,🟢 Yükseliş Trendinde,⏳ BEKLE,🩸 SAT (Zirveden Dönüş),-,⚠️ Yükseliş Trendinde Düzeltme (SSL Negatif),🚨 BB SIKIŞMA,🟡Fiyat Orta-Üst Bant Aralığında,EMA21 Destek: 9.05 (%3.3 altta) | EMA5 Direnç: 9.50 (%1.5 üstte),0.51-0.56 (%94.0 altta),-,75.81,60.42,28.93,0.77,
2026-07-24 21:56,AKSUE,46.38,🟢 Yükseliş Trendinde,🟢 AL (Trend Onaylı),-,🔴 ZİRVEDE,🟢 EMA Yükselişte (SSL Ok Bekleniyor),⚪ Yelpaze Açık,🟡Fiyat Orta-Üst Bant Aralığında,EMA5 Destek: 43.33 (%6.6 altta),10.00-11.73 (%74.7 altta),-,124.41,73.38,66.81,0.76,
2026-07-24 21:56,AKYHO,2.49,🔴 Düşüş Trendinde,🔴 SAT,-,-,🔴 Ayı Piyasası (EMA 50 En Altta),🚨 BB SIKIŞMA,⚪Fiyat Alt_Orta Bant Aralığında,EMA5 Direnç: 2.51 (%0.6 üstte),1.54-1.70 (%31.7 altta),-,-19.07,40.39,20.31,-0.94,
2026-07-24 21:56,ALARK,105.6,🔴 Düşüş Trendinde,🔥 GÜÇLÜ AL (Taze Kırılım),🟡 RİSKLİ AL (0 Üstü - Hacimsiz),-,🟢 EMA Yükselişte (SSL Ok Bekleniyor),🚨 BB SIKIŞMA,🟡Fiyat Orta-Üst Bant Aralığında,EMA5 Destek: 103.94 (%1.6 altta),-,-,30.09,57.97,56.81,0.81,
2026-07-24 21:56,ALBRK,8.06,🟢 Yükseliş Trendinde,🔴 SAT,-,-,⚠️ Yükseliş Trendinde Düzeltme (SSL Negatif),🚨 BB SIKIŞMA,⚪Fiyat Alt_Orta Bant Aralığında,EMA55 Destek: 7.94 (%1.5 altta) | EMA5 Direnç: 8.11 (%0.6 üstte),-,-,44.65,47.48,6.0,-0.53,
2026-07-24 21:56,ALCAR,845.0,🟢 Yükseliş Trendinde,🟢 AL (Trend Onaylı),-,-,"📉 Düşüş Hazırlığı (50<100 Kesti, 150 Bekleniyor)",🟡 Normal Genişlik,🟡Fiyat Orta-Üst Bant Aralığında,EMA5 Destek: 836.21 (%1.0 altta) | EMA55 Direnç: 851.10 (%0.7 üstte),219.63-256.91 (%69.6 altta),894.50-945.50 (%5.9 üstte),9.15,53.25,89.11,0.45,
2026-07-24 21:56,ALCTL,174.5,🟢 Yükseliş Trendinde,🔥 GÜÇLÜ AL (Taze Kırılım),🟡 RİSKLİ AL (0 Üstü - Hacimsiz),-,🚀 ASIL SİNYAL: GÜÇLÜ AL (EMA Sıralı + SSL Onay),⚪ Yelpaze Açık,🚨Fiyat Bandın Üzerinde!,EMA5 Destek: 157.83 (%9.6 altta),96.30-104.40 (%40.2 altta),-,74.83,66.48,49.98,0.7,
2026-07-24 21:56,ALFAS,46.0,🟢 Yükseliş Trendinde,🔴 SAT,-,-,🔴 Ayı Piyasası (EMA 50 En Altta),⚪ Yelpaze Açık,🟡Fiyat Orta-Üst Bant Aralığında,EMA21 Direnç: 46.62 (%1.4 üstte),35.84-37.98 (%17.4 altta),99.37-121.39 (%116.0 üstte),-,49.7,12.58,0.16,
2026-07-24 21:56,ALGYO,3.51,🔴 Düşüş Trendinde,🔴 SAT,-,-,⚠️ Yükseliş Trendinde Düzeltme (SSL Negatif),⚪ Yelpaze Açık,⚪Fiyat Alt_Orta Bant Aralığında,EMA200 Destek: 3.17 (%9.6 altta) | EMA5 Direnç: 3.88 (%10.6 üstte),2.42-2.88 (%17.8 altta),-,10.62,38.97,2.09,-0.75,
2026-07-24 21:56,ALKA,9.09,🟢 Yükseliş Trendinde,⏳ BEKLE,🚀 KUSURSUZ DÖNÜŞ (0 Altı + Hacim),-,⚠️ Yükseliş Trendinde Düzeltme (SSL Negatif),🟡 Normal Genişlik,⚪Fiyat Alt_Orta Bant Aralığında,EMA200 Destek: 7.83 (%13.9 altta) | EMA5 Direnç: 9.23 (%1.6 üstte),-,-,16.08,39.48,2.12,-0.95,
2026-07-24 21:56,ALKIM,16.86,🔴 Düşüş Trendinde,🔴 SAT,-,-,⚠️ Yükseliş Trendinde Düzeltme (SSL Negatif),🟠 Daralıyor,⚪Fiyat Alt_Orta Bant Aralığında,EMA200 Destek: 16.40 (%2.7 altta) | EMA5 Direnç: 17.39 (%3.1 üstte),-,-,2.8,43.85,6.03,-0.75,
2026-07-24 21:56,ALKLC,401.0,🟢 Yükseliş Trendinde,🟢 AL (Trend Onaylı),-,-,-,-,🟡Fiyat Orta-Üst Bant Aralığında,EMA5 Destek: 379.08 (%5.5 altta),-,-,-,64.56,31.03,0.18,
2026-07-24 21:56,ALTNY,16.67,🟢 Yükseliş Trendinde,⏳ BEKLE,-,-,-,-,🟡Fiyat Orta-Üst Bant Aralığında,EMA21 Destek: 16.30 (%2.2 altta) | EMA55 Direnç: 16.81 (%0.9 üstte),14.21-15.69 (%5.9 altta),-,-,51.59,13.62,-0.38,
2026-07-24 21:56,ALVES,2.47,🔴 Düşüş Trendinde,🔴 SAT,-,-,-,⚪ Yelpaze Açık,⚪Fiyat Alt_Orta Bant Aralığında,EMA5 Direnç: 2.54 (%2.7 üstte),-,4.54-5.64 (%84.0 üstte),-,38.41,1.88,-0.88,
2026-07-24 21:56,ANELE,130.0,🟢 Yükseliş Trendinde,⏳ BEKLE,-,-,🚀 ASIL SİNYAL: GÜÇLÜ AL (EMA Sıralı + SSL Onay),⚪ Yelpaze Açık,🟡Fiyat Orta-Üst Bant Aralığında,EMA5 Destek: 109.99 (%15.4 altta),-,-,486.96,79.23,15.52,0.89,
2026-07-24 21:56,ANGEN,10.15,🔴 Düşüş Trendinde,🔴 SAT,-,-,🔴 Ayı Piyasası (EMA 50 En Altta),⚪ Yelpaze Açık,⚪Fiyat Alt_Orta Bant Aralığında,EMA5 Direnç: 10.37 (%2.2 üstte),-,13.77-16.45 (%35.7 üstte),-19.89,41.73,0.0,-0.71,
2026-07-24 21:56,ANHYT,105.9,🟢 Yükseliş Trendinde,🔥 GÜÇLÜ AL (Taze Kırılım),🚀 KUSURSUZ DÖNÜŞ (0 Altı + Hacim),-,⚠️ Yükseliş Trendinde Düzeltme (SSL Negatif),🚨 BB SIKIŞMA,⚪Fiyat Alt_Orta Bant Aralığında,EMA21 Destek: 104.54 (%1.3 altta),-,-,63.33,52.05,23.88,-0.7,
2026-07-24 21:56,ANSGR,26.84,🟢 Yükseliş Trendinde,🔴 SAT,-,-,⚠️ Yükseliş Trendinde Düzeltme (SSL Negatif),🚨 BB SIKIŞMA,⚪Fiyat Alt_Orta Bant Aralığında,EMA55 Destek: 25.28 (%5.8 altta) | EMA21 Direnç: 27.34 (%1.9 üstte),1.29-1.37 (%94.9 altta),-,60.5,49.61,9.62,-0.6,
2026-07-24 21:56,ARASE,119.0,🟢 Yükseliş Trendinde,🟢 AL (Trend Onaylı),-,-,🟢 EMA Yükselişte (SSL Ok Bekleniyor),⚪ Yelpaze Açık,🟡Fiyat Orta-Üst Bant Aralığında,EMA21 Destek: 106.67 (%10.4 altta) | EMA5 Direnç: 119.72 (%0.6 üstte),-,-,101.49,67.07,62.82,0.93,
2026-07-24 21:56,ARCLK,99.0,🔴 Düşüş Trendinde,⏳ BEKLE,-,-,🔴 Ayı Piyasası (EMA 50 En Altta),🟡 Normal Genişlik,⚪Fiyat Alt_Orta Bant Aralığında,EMA5 Direnç: 99.88 (%0.9 üstte),-,170.00-193.30 (%71.7 üstte),-10.92,38.26,4.83,-0.92,
2026-07-24 21:56,ARDYZ,69.5,🟢 Yükseliş Trendinde,🟢 AL (Trend Onaylı),-,-,🟢 EMA Yükselişte (SSL Ok Bekleniyor),⚪ Yelpaze Açık,🟡Fiyat Orta-Üst Bant Aralığında,EMA5 Destek: 65.30 (%6.0 altta),24.49-26.55 (%61.8 altta),-,135.66,72.88,60.86,0.8,
2026-07-24 21:56,ARENA,24.92,🔴 Düşüş Trendinde,🔴 SAT,-,-,"📉 Düşüş Hazırlığı (50<100 Kesti, 150 Bekleniyor)",⚪ Yelpaze Açık,⚪Fiyat Alt_Orta Bant Aralığında,EMA5 Direnç: 26.07 (%4.6 üstte),-,-,-8.74,41.89,0.98,-0.88,
2026-07-24 21:56,ARFYE,31.02,🟢 Yükseliş Trendinde,🟢 AL (Trend Onaylı),-,-,-,-,🟡Fiyat Orta-Üst Bant Aralığında,EMA5 Destek: 30.78 (%0.8 altta),-,-,-,50.63,79.43,-0.16,
2026-07-24 21:56,ARMGD,203.3,🟢 Yükseliş Trendinde,🟢 AL (Trend Onaylı),-,-,-,-,🟡Fiyat Orta-Üst Bant Aralığında,EMA5 Destek: 187.27 (%7.9 altta),-,-,-,75.71,51.99,0.91,
2026-07-24 21:56,ARSAN,3.55,🔴 Düşüş Trendinde,🟢 AL (Trend Onaylı),-,-,⚠️ Yükseliş Trendinde Düzeltme (SSL Negatif),🟠 Daralıyor,⚪Fiyat Alt_Orta Bant Aralığında,EMA21 Destek: 3.52 (%0.9 altta),0.63-0.66 (%81.3 altta),3.42-3.99 (fiyat bandın içinde!),60.68,50.76,50.18,-0.36,
2026-07-24 21:56,ARTMS,41.0,🔴 Düşüş Trendinde,🔴 SAT,-,-,-,-,⚪Fiyat Alt_Orta Bant Aralığında,EMA55 Destek: 40.60 (%1.0 altta) | EMA21 Direnç: 41.83 (%2.0 üstte),-,-,-,48.65,32.26,-0.57,
2026-07-24 21:56,ARZUM,1.82,🔴 Düşüş Trendinde,🔴 SAT,-,-,🔴 Ayı Piyasası (EMA 50 En Altta),⚪ Yelpaze Açık,⚪Fiyat Alt_Orta Bant Aralığında,EMA5 Direnç: 1.95 (%7.3 üstte),1.59-1.70 (%6.7 altta),5.10-5.72 (%180.2 üstte),-42.03,33.79,0.0,-0.98,
2026-07-24 21:56,ASELS,380.25,🟢 Yükseliş Trendinde,⏳ BEKLE,-,-,⚠️ Yükseliş Trendinde Düzeltme (SSL Negatif),🟠 Daralıyor,🟡Fiyat Orta-Üst Bant Aralığında,EMA5 Destek: 374.13 (%1.6 altta),-,-,153.36,55.57,5.93,-0.65,
2026-07-24 21:56,ASGYO,11.65,🔴 Düşüş Trendinde,🔴 SAT,-,-,-,🟡 Normal Genişlik,🟡Fiyat Orta-Üst Bant Aralığında,EMA100 Destek: 11.64 (%0.1 altta) | EMA21 Direnç: 11.74 (%0.8 üstte),10.02-10.54 (%9.5 altta),-,-,49.92,34.74,0.16,
2026-07-24 21:56,ASTOR,297.0,🟢 Yükseliş Trendinde,🔴 SAT,-,-,⚠️ Yükseliş Trendinde Düzeltme (SSL Negatif),⚪ Yelpaze Açık,🟡Fiyat Orta-Üst Bant Aralığında,EMA21 Destek: 266.20 (%10.4 altta) | EMA5 Direnç: 300.37 (%1.1 üstte),-,-,-,59.57,12.18,0.18,
2026-07-24 21:56,ASUZU,52.6,🔴 Düşüş Trendinde,🔴 SAT,-,-,"📉 Düşüş Hazırlığı (50<100 Kesti, 150 Bekleniyor)",⚪ Yelpaze Açık,⚪Fiyat Alt_Orta Bant Aralığında,EMA5 Direnç: 55.29 (%5.1 üstte),49.14-52.81 (fiyat bandın içinde!),-,-5.98,37.5,0.12,-0.91,
2026-07-24 21:56,ATAGY,11.05,🔴 Düşüş Trendinde,🔴 SAT,-,-,⚠️ Yükseliş Trendinde Düzeltme (SSL Negatif),🟠 Daralıyor,🚨Fiyat Bandın Altında!,EMA200 Destek: 9.83 (%11.1 altta) | EMA5 Direnç: 11.69 (%5.8 üstte),9.50-11.38 (fiyat bandın içinde!),13.71-15.98 (%24.1 üstte),12.43,37.64,7.23,-0.89,
2026-07-24 21:56,ATAKP,53.2,🟢 Yükseliş Trendinde,⏳ BEKLE,-,-,⚠️ Yükseliş Trendinde Düzeltme (SSL Negatif),🚨 BB SIKIŞMA,🟡Fiyat Orta-Üst Bant Aralığında,EMA55 Destek: 51.88 (%2.5 altta) | EMA5 Direnç: 53.25 (%0.1 üstte),36.10-40.03 (%24.8 altta),-,-,49.86,35.74,0.12,
2026-07-24 21:56,ATATP,266.75,🟢 Yükseliş Trendinde,🟢 AL (Trend Onaylı),📈 TREND DEVAMI (0 Üstü + Hacim),🔴 ZİRVEDE,🚀 ASIL SİNYAL: GÜÇLÜ AL (EMA Sıralı + SSL Onay),⚪ Yelpaze Açık,🟡Fiyat Orta-Üst Bant Aralığında,EMA5 Destek: 236.74 (%11.3 altta),72.71-79.58 (%70.2 altta),-,162.43,74.46,67.69,0.85,
2026-07-24 21:56,ATATR,15.38,🟢 Yükseliş Trendinde,🔴 SAT,-,-,-,-,🟡Fiyat Orta-Üst Bant Aralığında,EMA21 Destek: 15.07 (%2.0 altta) | EMA5 Direnç: 15.73 (%2.3 üstte),-,-,-,50.32,,-0.07,
2026-07-24 21:56,ATEKS,118.0,🟢 Yükseliş Trendinde,⏳ BEKLE,🩸 SAT (Zirveden Dönüş),-,"📉 Düşüş Hazırlığı (50<100 Kesti, 150 Bekleniyor)",⚪ Yelpaze Açık,🟡Fiyat Orta-Üst Bant Aralığında,EMA21 Destek: 109.91 (%6.9 altta) | EMA5 Direnç: 121.87 (%3.3 üstte),72.80-80.80 (%31.5 altta),173.00-196.60 (%46.6 üstte),24.35,55.04,69.4,0.77,
2026-07-24 21:56,ATLAS,7.7,🟢 Yükseliş Trendinde,⏳ BEKLE,-,-,⚠️ Yükseliş Trendinde Düzeltme (SSL Negatif),🟠 Daralıyor,⚪Fiyat Alt_Orta Bant Aralığında,EMA55 Destek: 7.28 (%5.5 altta) | EMA5 Direnç: 7.89 (%2.5 üstte),0.98-1.15 (%85.0 altta),-,49.16,49.13,13.27,-0.61,
2026-07-24 21:56,ATSYH,104.0,🟢 Yükseliş Trendinde,⏳ BEKLE,🩸 SAT (Zirveden Dönüş),-,⚪ Karışık / Testere Piyasası,⚪ Yelpaze Açık,🟡Fiyat Orta-Üst Bant Aralığında,EMA21 Destek: 85.43 (%17.9 altta) | EMA5 Direnç: 108.50 (%4.3 üstte),-,-,65.39,63.57,81.31,0.92,
2026-07-24 21:56,AVGYO,15.66,🟢 Yükseliş Trendinde,🟢 AL (Trend Onaylı),🩸 SAT (Zirveden Dönüş),-,🟢 EMA Yükselişte (SSL Ok Bekleniyor),⚪ Yelpaze Açık,🟡Fiyat Orta-Üst Bant Aralığında,EMA5 Destek: 15.26 (%2.6 altta),-,-,76.72,56.98,59.17,0.6,
2026-07-24 21:56,AVHOL,39.14,🟢 Yükseliş Trendinde,🔴 SAT,-,-,🟢 EMA Yükselişte (SSL Ok Bekleniyor),⚪ Yelpaze Açık,⚪Fiyat Alt_Orta Bant Aralığında,EMA200 Destek: 35.76 (%8.6 altta) | EMA100 Direnç: 40.13 (%2.5 üstte),30.24-37.62 (%3.9 altta),-,9.46,47.75,11.08,0.04,
2026-07-24 21:56,AVOD,3.92,🟢 Yükseliş Trendinde,🔴 SAT,-,-,⚠️ Yükseliş Trendinde Düzeltme (SSL Negatif),🚨 BB SIKIŞMA,🚨Fiyat Bandın Altında!,EMA100 Destek: 3.84 (%1.9 altta) | EMA55 Direnç: 4.12 (%5.0 üstte),2.51-2.73 (%30.4 altta),-,12.74,42.74,7.47,-0.72,
2026-07-24 21:56,AVPGY,52.85,🟢 Yükseliş Trendinde,🔴 SAT,-,-,-,⚪ Yelpaze Açık,⚪Fiyat Alt_Orta Bant Aralığında,EMA100 Destek: 50.90 (%3.7 altta) | EMA55 Direnç: 53.87 (%1.9 üstte),44.96-49.00 (%7.3 altta),-,-,45.33,0.0,-0.6,
2026-07-24 21:56,AVTUR,15.1,🟢 Yükseliş Trendinde,🔴 SAT,-,-,⚠️ Yükseliş Trendinde Düzeltme (SSL Negatif),🟠 Daralıyor,⚪Fiyat Alt_Orta Bant Aralığında,EMA100 Destek: 14.60 (%3.3 altta) | EMA5 Direnç: 15.81 (%4.7 üstte),1.93-2.02 (%86.6 altta),-,36.92,39.51,0.37,-0.77,
2026-07-24 21:56,AYCES,498.0,🔴 Düşüş Trendinde,🔴 SAT,-,-,⚠️ Yükseliş Trendinde Düzeltme (SSL Negatif),⚪ Yelpaze Açık,⚪Fiyat Alt_Orta Bant Aralığında,EMA200 Destek: 425.97 (%14.5 altta) | EMA5 Direnç: 534.30 (%7.3 üstte),392.00-415.50 (%16.6 altta),-,16.91,42.51,1.47,-0.7,
2026-07-24 21:56,AYDEM,25.4,🟢 Yükseliş Trendinde,🟢 AL (Trend Onaylı),-,-,⚠️ Yükseliş Trendinde Düzeltme (SSL Negatif),🟡 Normal Genişlik,⚪Fiyat Alt_Orta Bant Aralığında,EMA55 Destek: 24.11 (%5.1 altta) | EMA21 Direnç: 25.85 (%1.8 üstte),16.99-18.00 (%29.1 altta),-,26.79,49.62,29.83,-0.5,
2026-07-24 21:56,AYEN,35.14,🟢 Yükseliş Trendinde,🔴 SAT,-,-,⚠️ Yükseliş Trendinde Düzeltme (SSL Negatif),⚪ Yelpaze Açık,🟡Fiyat Orta-Üst Bant Aralığında,EMA21 Destek: 33.75 (%4.0 altta) | EMA5 Direnç: 35.43 (%0.8 üstte),-,-,44.26,56.47,7.87,0.16,
2026-07-24 21:56,AYES,31.22,🟢 Yükseliş Trendinde,🔴 SAT,-,-,⚠️ Yükseliş Trendinde Düzeltme (SSL Negatif),🚨 BB SIKIŞMA,⚪Fiyat Alt_Orta Bant Aralığında,EMA21 Destek: 30.38 (%2.7 altta) | EMA5 Direnç: 32.30 (%3.5 üstte),-,-,131.92,56.68,0.0,0.43,
2026-07-24 21:56,AYGAZ,270.25,🔴 Düşüş Trendinde,🟢 AL (Trend Onaylı),-,-,🟢 EMA Yükselişte (SSL Ok Bekleniyor),⚪ Yelpaze Açık,🟡Fiyat Orta-Üst Bant Aralığında,EMA5 Destek: 252.61 (%6.5 altta),-,-,92.77,60.51,51.95,-0.46,
2026-07-24 21:56,AZTEK,4.34,🟢 Yükseliş Trendinde,🔴 SAT,-,-,🔴 Ayı Piyasası (EMA 50 En Altta),⚪ Yelpaze Açık,⚪Fiyat Alt_Orta Bant Aralığında,EMA5 Direnç: 4.62 (%6.5 üstte),3.51-4.01 (%7.6 altta),-,-16.83,44.27,8.08,-0.06,
2026-07-24 21:56,BAGFS,24.56,🩸 SAT (Trend Kırıldı),🔴 SAT,-,-,⚠️ Yükseliş Trendinde Düzeltme (SSL Negatif),⚪ Yelpaze Açık,⚪Fiyat Alt_Orta Bant Aralığında,EMA5 Direnç: 25.37 (%3.3 üstte),17.60-21.64 (%11.9 altta),35.30-42.28 (%43.7 üstte),-8.83,37.4,0.69,-0.91,
2026-07-24 21:56,BAHKM,119.2,🟢 Yükseliş Trendinde,🟢 AL (Trend Onaylı),-,-,-,-,⚪Fiyat Alt_Orta Bant Aralığında,EMA21 Destek: 115.20 (%3.4 altta) | EMA5 Direnç: 119.22 (%0.0 üstte),-,-,-,53.47,34.02,0.23,
2026-07-24 21:56,BAKAB,48.08,🟢 Yükseliş Trendinde,🔴 SAT,-,-,⚪ Karışık / Testere Piyasası,⚪ Yelpaze Açık,🟡Fiyat Orta-Üst Bant Aralığında,EMA21 Destek: 47.33 (%1.6 altta) | EMA5 Direnç: 51.03 (%6.1 üstte),-,51.85-57.15 (%7.8 üstte),19.13,53.13,31.31,0.77,
2026-07-24 21:56,BALAT,70.85,🔴 Düşüş Trendinde,🟢 AL (Trend Onaylı),-,-,⚠️ Yükseliş Trendinde Düzeltme (SSL Negatif),⚪ Yelpaze Açık,⚪Fiyat Alt_Orta Bant Aralığında,EMA100 Destek: 68.30 (%3.6 altta) | EMA5 Direnç: 71.05 (%0.3 üstte),-,90.15-116.30 (%27.2 üstte),43.17,44.16,74.49,-0.59,
2026-07-24 21:56,BALSU,16.08,🟢 Yükseliş Trendinde,🟢 AL (Trend Onaylı),🔴 ZAYIFLAMA (Zaten Dipte),-,-,-,🟡Fiyat Orta-Üst Bant Aralığında,EMA5 Destek: 16.07 (%0.1 altta) | EMA55 Direnç: 17.01 (%5.8 üstte),-,-,-,50.97,51.01,0.42,
2026-07-24 21:56,BANVT,156.1,🔴 Düşüş Trendinde,🔴 SAT,-,-,🔴 Ayı Piyasası (EMA 50 En Altta),🚨 BB SIKIŞMA,⚪Fiyat Alt_Orta Bant Aralığında,EMA5 Direnç: 162.50 (%4.1 üstte),-,347.25-395.00 (%122.5 üstte),-4.19,44.17,50.16,0.3,
2026-07-24 21:56,BARMA,38.16,🩸 SAT (Trend Kırıldı),🔴 SAT,-,-,-,⚪ Yelpaze Açık,🚨Fiyat Bandın Altında!,EMA100 Destek: 34.67 (%9.1 altta) | EMA55 Direnç: 44.46 (%16.5 üstte),-,-,-,35.44,0.18,0.05,
2026-07-24 21:56,BASCM,13.5,🟢 Yükseliş Trendinde,🔴 SAT,-,-,⚠️ Yükseliş Trendinde Düzeltme (SSL Negatif),🚨 BB SIKIŞMA,⚪Fiyat Alt_Orta Bant Aralığında,EMA100 Destek: 13.24 (%1.9 altta) | EMA5 Direnç: 14.05 (%4.1 üstte),8.86-9.68 (%28.3 altta),-,28.08,43.15,7.35,0.04,
2026-07-24 21:56,BASGZ,45.5,🟢 Yükseliş Trendinde,🔴 SAT,-,-,⚠️ Yükseliş Trendinde Düzeltme (SSL Negatif),🚨 BB SIKIŞMA,⚪Fiyat Alt_Orta Bant Aralığında,EMA55 Destek: 42.32 (%7.0 altta) | EMA5 Direnç: 46.63 (%2.5 üstte),-,-,60.82,48.39,0.55,-0.27,
2026-07-24 21:56,BAYRK,4.58,🔴 Düşüş Trendinde,🔴 SAT,-,-,"📉 Düşüş Hazırlığı (50<100 Kesti, 150 Bekleniyor)",🚨 BB SIKIŞMA,⚪Fiyat Alt_Orta Bant Aralığında,EMA200 Destek: 4.30 (%6.1 altta) | EMA5 Direnç: 4.68 (%2.2 üstte),3.67-3.97 (%13.3 altta),-,6.51,42.78,12.19,-0.55,
2026-07-24 21:56,BEGYO,3.78,🔴 Düşüş Trendinde,🔴 SAT,-,🟢 POTANSİYEL DİP,-,🚨 BB SIKIŞMA,⚪Fiyat Alt_Orta Bant Aralığında,EMA5 Direnç: 3.92 (%3.8 üstte),-,-,-,33.23,0.0,-0.89,
2026-07-24 21:56,BERA,13.57,🔴 Düşüş Trendinde,🔴 SAT,-,🟢 POTANSİYEL DİP,⚠️ Yükseliş Trendinde Düzeltme (SSL Negatif),🟡 Normal Genişlik,🚨Fiyat Bandın Altında!,EMA200 Direnç: 14.24 (%4.9 üstte),-,-,-4.71,30.67,0.0,-0.79,
2026-07-24 21:56,BESLR,13.4,🟢 Yükseliş Trendinde,🔴 SAT,-,-,⚠️ Yükseliş Trendinde Düzeltme (SSL Negatif),🚨 BB SIKIŞMA,⚪Fiyat Alt_Orta Bant Aralığında,EMA200 Destek: 12.11 (%9.7 altta) | EMA5 Direnç: 13.52 (%0.9 üstte),-,-,10.68,45.52,4.38,-0.68,
2026-07-24 21:56,BESTE,32.3,🟢 Yükseliş Trendinde,🔴 SAT,-,-,-,-,🟡Fiyat Orta-Üst Bant Aralığında,EMA21 Destek: 29.96 (%7.2 altta) | EMA5 Direnç: 33.87 (%4.9 üstte),-,-,-,54.9,,0.48,
2026-07-24 21:56,BETAE,92.0,-,-,-,-,-,-,-,-,-,-,-,,,,
2026-07-24 21:56,BEYAZ,26.96,🔴 Düşüş Trendinde,⏳ BEKLE,🚀 KUSURSUZ DÖNÜŞ (0 Altı + Hacim),-,⚠️ Yükseliş Trendinde Düzeltme (SSL Negatif),🟡 Normal Genişlik,⚪Fiyat Alt_Orta Bant Aralığında,EMA100 Destek: 26.08 (%3.2 altta) | EMA55 Direnç: 27.44 (%1.8 üstte),6.87-7.29 (%73.0 altta),-,22.35,48.17,12.49,-0.84,
2026-07-24 21:56,BFREN,127.0,🔴 Düşüş Trendinde,🔴 SAT,-,🟢 POTANSİYEL DİP,🔴 Ayı Piyasası (EMA 50 En Altta),🚨 BB SIKIŞMA,⚪Fiyat Alt_Orta Bant Aralığında,EMA5 Direnç: 131.52 (%3.6 üstte),-,766.50-880.00 (%503.5 üstte),-60.97,33.29,9.41,-0.93,
2026-07-24 21:56,BIENY,22.54,🔴 Düşüş Trendinde,⏳ BEKLE,-,-,🔴 Ayı Piyasası (EMA 50 En Altta),🟠 Daralıyor,⚪Fiyat Alt_Orta Bant Aralığında,EMA5 Destek: 22.17 (%1.6 altta) | EMA21 Direnç: 23.86 (%5.9 üstte),-,46.10-56.05 (%104.5 üstte),-,42.34,23.23,-0.84,
2026-07-24 21:56,BIGCH,7.11,🔴 Düşüş Trendinde,⏳ BEKLE,-,-,-,🚨 BB SIKIŞMA,🟡Fiyat Orta-Üst Bant Aralığında,EMA5 Destek: 6.91 (%2.9 altta) | EMA100 Direnç: 7.31 (%2.8 üstte),4.81-6.18 (%13.1 altta),-,-,46.17,51.04,-0.32,
2026-07-24 21:56,BIGEN,128.7,🟢 Yükseliş Trendinde,🟢 AL (Trend Onaylı),📈 TREND DEVAMI (0 Üstü + Hacim),🔴 ZİRVEDE,-,-,🚨Fiyat Bandın Üzerinde!,EMA5 Destek: 102.05 (%20.7 altta),-,-,-,96.83,100.0,0.98,
2026-07-24 21:56,BIGTK,290.0,🟢 Yükseliş Trendinde,🟢 AL (Trend Onaylı),-,-,🟢 EMA Yükselişte (SSL Ok Bekleniyor),⚪ Yelpaze Açık,🟡Fiyat Orta-Üst Bant Aralığında,EMA5 Destek: 279.84 (%3.5 altta),-,-,46.18,54.13,71.33,0.77,
2026-07-24 21:56,BIMAS,380.25,🟢 Yükseliş Trendinde,🟢 AL (Trend Onaylı),🚀 KUSURSUZ DÖNÜŞ (0 Altı + Hacim),-,⚠️ Yükseliş Trendinde Düzeltme (SSL Negatif),🚨 BB SIKIŞMA,🟡Fiyat Orta-Üst Bant Aralığında,EMA5 Destek: 377.73 (%0.7 altta),-,-,80.06,57.7,33.22,-0.27,
2026-07-24 21:56,BINBN,176.4,🔴 Düşüş Trendinde,⏳ BEKLE,-,-,-,-,🟡Fiyat Orta-Üst Bant Aralığında,EMA5 Destek: 175.74 (%0.4 altta),-,-,-,51.05,30.18,-0.34,
2026-07-24 21:56,BINHO,10.05,🟢 Yükseliş Trendinde,🟢 AL (Trend Onaylı),-,-,-,🟠 Daralıyor,🟡Fiyat Orta-Üst Bant Aralığında,EMA55 Destek: 9.96 (%0.9 altta) | EMA5 Direnç: 10.17 (%1.2 üstte),-,15.18-17.84 (%51.1 üstte),-,53.02,73.14,0.22,
2026-07-24 21:56,BIOEN,16.81,🔴 Düşüş Trendinde,🔴 SAT,-,-,⚪ Karışık / Testere Piyasası,🚨 BB SIKIŞMA,⚪Fiyat Alt_Orta Bant Aralığında,EMA200 Direnç: 16.99 (%1.0 üstte),-,23.28-27.28 (%38.5 üstte),-1.04,43.24,15.24,-0.54,
2026-07-24 21:56,BIZIM,25.0,🟢 Yükseliş Trendinde,🔴 SAT,-,-,🔴 Ayı Piyasası (EMA 50 En Altta),⚪ Yelpaze Açık,⚪Fiyat Alt_Orta Bant Aralığında,EMA5 Direnç: 25.46 (%1.8 üstte),24.82-28.90 (fiyat bandın içinde!),35.66-39.50 (%42.6 üstte),-8.72,41.36,0.12,-0.74,
2026-07-24 21:56,BJKAS,1.92,🔥 AL (Taze Kırılım),🟢 AL (Trend Onaylı),-,-,🔴 Ayı Piyasası (EMA 50 En Altta),🟠 Daralıyor,🚨Fiyat Bandın Üzerinde!,EMA5 Destek: 1.76 (%8.2 altta) | EMA55 Direnç: 2.72 (%41.7 üstte),-,72.25-89.75 (%3663.0 üstte),-80.45,62.57,95.37,0.5,
2026-07-24 21:56,BLCYT,21.06,🔴 Düşüş Trendinde,🔴 SAT,-,-,⚠️ Yükseliş Trendinde Düzeltme (SSL Negatif),⚪ Yelpaze Açık,⚪Fiyat Alt_Orta Bant Aralığında,EMA200 Direnç: 21.87 (%3.8 üstte),-,-,-3.68,37.42,2.67,-0.89,
2026-07-24 21:56,BLUME,32.06,🔴 Düşüş Trendinde,🔴 SAT,🔴 ZAYIFLAMA (Zaten Dipte),-,⚠️ Yükseliş Trendinde Düzeltme (SSL Negatif),⚪ Yelpaze Açık,⚪Fiyat Alt_Orta Bant Aralığında,EMA200 Destek: 24.17 (%24.6 altta) | EMA5 Direnç: 33.58 (%4.7 üstte),-,-,32.64,38.72,50.4,-0.77,
2026-07-24 21:56,BMSCH,13.24,🔴 Düşüş Trendinde,🔴 SAT,-,-,⚠️ Yükseliş Trendinde Düzeltme (SSL Negatif),🟠 Daralıyor,⚪Fiyat Alt_Orta Bant Aralığında,EMA200 Destek: 11.52 (%13.0 altta) | EMA5 Direnç: 14.08 (%6.3 üstte),2.20-2.67 (%79.8 altta),-,14.9,35.41,0.74,-0.96,
2026-07-24 21:56,BMSTL,43.98,🔴 Düşüş Trendinde,⏳ BEKLE,🩸 SAT (Zirveden Dönüş),-,🟢 EMA Yükselişte (SSL Ok Bekleniyor),🚨 BB SIKIŞMA,🟡Fiyat Orta-Üst Bant Aralığında,EMA21 Destek: 43.60 (%0.9 altta) | EMA5 Direnç: 44.54 (%1.3 üstte),-,-,122.41,51.28,55.54,0.51,
2026-07-24 21:56,BNTAS,6.06,🟢 Yükseliş Trendinde,🔴 SAT,-,-,🔴 Ayı Piyasası (EMA 50 En Altta),🟠 Daralıyor,⚪Fiyat Alt_Orta Bant Aralığında,EMA5 Direnç: 6.23 (%2.8 üstte),2.56-3.04 (%49.8 altta),11.98-12.80 (%97.7 üstte),-12.33,41.84,3.65,-0.81,
2026-07-24 21:56,BOBET,18.94,🔴 Düşüş Trendinde,⏳ BEKLE,🔴 ZAYIFLAMA (Zaten Dipte),-,"📉 Düşüş Hazırlığı (50<100 Kesti, 150 Bekleniyor)",🚨 BB SIKIŞMA,⚪Fiyat Alt_Orta Bant Aralığında,EMA200 Destek: 18.73 (%1.1 altta) | EMA5 Direnç: 19.11 (%0.9 üstte),17.61-22.66 (fiyat bandın içinde!),32.83-36.62 (%73.4 üstte),1.11,45.33,46.22,-0.44,
2026-07-24 21:56,BORLS,5.75,🟢 Yükseliş Trendinde,🔴 SAT,-,-,-,⚪ Yelpaze Açık,🟡Fiyat Orta-Üst Bant Aralığında,EMA5 Direnç: 6.10 (%6.0 üstte),-,27.00-31.20 (%369.6 üstte),-,44.96,47.88,-0.41,
2026-07-24 21:56,BORSK,6.31,🟢 Yükseliş Trendinde,🔥 GÜÇLÜ AL (Taze Kırılım),🚀 KUSURSUZ DÖNÜŞ (0 Altı + Hacim),-,-,⚪ Yelpaze Açık,⚪Fiyat Alt_Orta Bant Aralığında,EMA55 Destek: 6.23 (%1.2 altta) | EMA100 Direnç: 6.32 (%0.2 üstte),5.33-5.69 (%9.8 altta),6.76-7.82 (%7.1 üstte),-,49.75,13.58,-0.87,
2026-07-24 21:56,BOSSA,6.85,🟢 Yükseliş Trendinde,🟢 AL (Trend Onaylı),-,-,🟢 EMA Yükselişte (SSL Ok Bekleniyor),🚨 BB SIKIŞMA,🟡Fiyat Orta-Üst Bant Aralığında,EMA5 Destek: 6.67 (%2.7 altta),5.63-5.90 (%13.9 altta),-,25.04,56.11,77.67,0.18,
2026-07-24 21:56,BRISA,81.2,🔴 Düşüş Trendinde,🔴 SAT,-,-,⚠️ Yükseliş Trendinde Düzeltme (SSL Negatif),🟡 Normal Genişlik,⚪Fiyat Alt_Orta Bant Aralığında,EMA200 Destek: 72.08 (%11.2 altta) | EMA5 Direnç: 83.45 (%2.8 üstte),71.80-77.15 (%5.0 altta),-,12.65,41.34,0.98,-0.57,
2026-07-24 21:56,BRKO,12.04,🟢 Yükseliş Trendinde,🔴 SAT,-,-,⚠️ Yükseliş Trendinde Düzeltme (SSL Negatif),🟠 Daralıyor,⚪Fiyat Alt_Orta Bant Aralığında,EMA55 Destek: 11.44 (%5.0 altta) | EMA5 Direnç: 12.69 (%5.4 üstte),7.15-7.65 (%36.5 altta),-,59.25,48.54,22.37,-0.08,
2026-07-24 21:56,BRKSN,7.76,🟢 Yükseliş Trendinde,🔴 SAT,🟢 POTANSİYEL DİP (0 Altı - Hacimsiz),-,⚠️ Yükseliş Trendinde Düzeltme (SSL Negatif),🟠 Daralıyor,⚪Fiyat Alt_Orta Bant Aralığında,EMA200 Destek: 6.83 (%12.0 altta) | EMA5 Direnç: 7.82 (%0.8 üstte),6.29-7.07 (%8.9 altta),-,13.59,41.78,6.16,-0.93,
2026-07-24 21:56,BRKVY,81.3,🟢 Yükseliş Trendinde,🔴 SAT,-,-,⚠️ Yükseliş Trendinde Düzeltme (SSL Negatif),🚨 BB SIKIŞMA,⚪Fiyat Alt_Orta Bant Aralığında,EMA100 Destek: 80.73 (%0.7 altta) | EMA5 Direnç: 84.42 (%3.8 üstte),-,-,-,41.37,0.0,-0.81,
2026-07-24 21:56,BRLSM,16.68,🟢 Yükseliş Trendinde,🔴 SAT,-,-,⚠️ Yükseliş Trendinde Düzeltme (SSL Negatif),⚪ Yelpaze Açık,⚪Fiyat Alt_Orta Bant Aralığında,EMA55 Destek: 16.55 (%0.8 altta) | EMA21 Direnç: 17.39 (%4.3 üstte),12.26-13.10 (%21.5 altta),-,11.88,48.31,2.41,0.13,
2026-07-24 21:56,BRMEN,18.88,🟢 Yükseliş Trendinde,⏳ BEKLE,-,-,🟢 EMA Yükselişte (SSL Ok Bekleniyor),⚪ Yelpaze Açık,🟡Fiyat Orta-Üst Bant Aralığında,EMA5 Destek: 17.64 (%6.6 altta),-,-,155.25,65.18,81.89,0.94,
2026-07-24 21:56,BRSAN,570.5,🔴 Düşüş Trendinde,🔴 SAT,-,-,⚠️ Yükseliş Trendinde Düzeltme (SSL Negatif),🚨 BB SIKIŞMA,🟡Fiyat Orta-Üst Bant Aralığında,EMA5 Destek: 560.55 (%1.7 altta),301.25-319.75 (%44.0 altta),673.50-784.00 (%18.1 üstte),46.85,52.18,50.09,0.16,
2026-07-24 21:56,BRYAT,1815.0,🔴 Düşüş Trendinde,🔴 SAT,-,-,⚠️ Yükseliş Trendinde Düzeltme (SSL Negatif),🟠 Daralıyor,⚪Fiyat Alt_Orta Bant Aralığında,EMA200 Destek: 1625.22 (%10.5 altta) | EMA5 Direnç: 1853.22 (%2.1 üstte),1562.66-1643.10 (%9.5 altta),-,11.68,39.75,0.79,-0.9,
2026-07-24 21:56,BSOKE,34.76,🟢 Yükseliş Trendinde,🔴 SAT,🩸 SAT (Zirveden Dönüş),-,⚠️ Yükseliş Trendinde Düzeltme (SSL Negatif),🚨 BB SIKIŞMA,⚪Fiyat Alt_Orta Bant Aralığında,EMA21 Destek: 34.27 (%1.4 altta) | EMA5 Direnç: 36.07 (%3.8 üstte),14.31-16.12 (%53.6 altta),50.10-60.95 (%44.1 üstte),85.32,55.07,14.73,-0.49,
2026-07-24 21:56,BTCIM,5.28,🟢 Yükseliş Trendinde,🔴 SAT,-,-,⚠️ Yükseliş Trendinde Düzeltme (SSL Negatif),🚨 BB SIKIŞMA,🚨Fiyat Bandın Altında!,EMA100 Destek: 4.88 (%7.6 altta) | EMA55 Direnç: 5.30 (%0.3 üstte),-,-,42.14,43.28,0.81,-0.86,
2026-07-24 21:56,BUCIM,5.25,🔴 Düşüş Trendinde,🔴 SAT,-,🟢 POTANSİYEL DİP,🔴 Ayı Piyasası (EMA 50 En Altta),🟠 Daralıyor,🚨Fiyat Bandın Altında!,EMA5 Direnç: 5.47 (%4.2 üstte),-,8.64-9.22 (%64.5 üstte),-13.51,29.94,0.0,-0.91,
2026-07-24 21:56,BULGS,39.1,🟢 Yükseliş Trendinde,🔴 SAT,-,-,-,-,⚪Fiyat Alt_Orta Bant Aralığında,EMA55 Destek: 38.30 (%2.0 altta) | EMA5 Direnç: 40.13 (%2.6 üstte),-,-,-,45.2,15.29,-0.71,
2026-07-24 21:56,BURCE,40.54,🔴 Düşüş Trendinde,🔴 SAT,-,-,⚠️ Yükseliş Trendinde Düzeltme (SSL Negatif),🟡 Normal Genişlik,⚪Fiyat Alt_Orta Bant Aralığında,EMA100 Destek: 34.56 (%14.7 altta) | EMA5 Direnç: 41.18 (%1.6 üstte),13.57-14.41 (%64.5 altta),-,65.4,43.26,3.07,-0.95,
2026-07-24 21:56,BURVA,790.0,🟢 Yükseliş Trendinde,🔴 SAT,-,-,⚠️ Yükseliş Trendinde Düzeltme (SSL Negatif),⚪ Yelpaze Açık,⚪Fiyat Alt_Orta Bant Aralığında,EMA55 Destek: 680.18 (%13.9 altta) | EMA5 Direnç: 878.52 (%11.2 üstte),-,-,153.83,46.44,0.0,-0.9,
2026-07-24 21:56,BVSAN,116.2,🟢 Yükseliş Trendinde,🔴 SAT,-,-,⚠️ Yükseliş Trendinde Düzeltme (SSL Negatif),🟡 Normal Genişlik,⚪Fiyat Alt_Orta Bant Aralığında,EMA55 Destek: 113.67 (%2.2 altta) | EMA5 Direnç: 119.22 (%2.6 üstte),76.60-82.34 (%29.1 altta),-,-,48.51,6.39,-0.34,
2026-07-24 21:56,BYDNR,39.0,🟢 Yükseliş Trendinde,⏳ BEKLE,🟢 POTANSİYEL DİP (0 Altı - Hacimsiz),-,⚠️ Yükseliş Trendinde Düzeltme (SSL Negatif),🚨 BB SIKIŞMA,⚪Fiyat Alt_Orta Bant Aralığında,EMA5 Destek: 38.77 (%0.6 altta),-,-,-,54.25,14.38,-0.4,
2026-07-24 21:56,CANTE,1.28,🔴 Düşüş Trendinde,🔴 SAT,-,-,🔴 Ayı Piyasası (EMA 50 En Altta),⚪ Yelpaze Açık,⚪Fiyat Alt_Orta Bant Aralığında,EMA5 Direnç: 1.32 (%3.4 üstte),-,2.43-2.87 (%89.8 üstte),-41.73,31.62,0.0,-0.95,
2026-07-24 21:56,CASA,79.5,🔴 Düşüş Trendinde,⏳ BEKLE,🚀 KUSURSUZ DÖNÜŞ (0 Altı + Hacim),-,🔴 Ayı Piyasası (EMA 50 En Altta),⚪ Yelpaze Açık,⚪Fiyat Alt_Orta Bant Aralığında,EMA5 Destek: 77.33 (%2.7 altta) | EMA21 Direnç: 86.39 (%8.7 üstte),60.00-60.95 (%23.3 altta),-,-23.65,40.68,23.73,-0.94,
2026-07-24 21:56,CATES,45.32,🟢 Yükseliş Trendinde,🟢 AL (Trend Onaylı),-,-,-,🟠 Daralıyor,🟡Fiyat Orta-Üst Bant Aralığında,EMA5 Destek: 43.91 (%3.1 altta),29.46-31.40 (%30.7 altta),55.10-67.90 (%21.6 üstte),-,58.48,90.42,0.35,
2026-07-24 21:56,CCOLA,91.15,🟢 Yükseliş Trendinde,🟢 AL (Trend Onaylı),-,-,🔴 Ayı Piyasası (EMA 50 En Altta),⚪ Yelpaze Açık,🟡Fiyat Orta-Üst Bant Aralığında,EMA5 Destek: 86.76 (%4.8 altta) | EMA100 Direnç: 111.43 (%22.3 üstte),-,773.03-888.15 (%748.1 üstte),-41.49,68.44,68.11,0.75,
2026-07-24 21:56,CELHA,23.6,🟢 Yükseliş Trendinde,🟢 AL (Trend Onaylı),-,-,🔴 Ayı Piyasası (EMA 50 En Altta),⚪ Yelpaze Açık,🟡Fiyat Orta-Üst Bant Aralığında,EMA5 Destek: 21.76 (%7.8 altta),-,21.72-26.46 (fiyat bandın içinde!),55.12,70.5,92.95,0.93,
2026-07-24 21:56,CEMAS,4.17,🟢 Yükseliş Trendinde,🔴 SAT,-,-,⚠️ Yükseliş Trendinde Düzeltme (SSL Negatif),🚨 BB SIKIŞMA,⚪Fiyat Alt_Orta Bant Aralığında,EMA200 Destek: 4.15 (%0.4 altta) | EMA5 Direnç: 4.32 (%3.7 üstte),2.56-3.01 (%27.8 altta),-,0.41,35.92,0.0,-0.84,
2026-07-24 21:56,CEMTS,9.09,🔴 Düşüş Trendinde,🔴 SAT,-,-,⚠️ Yükseliş Trendinde Düzeltme (SSL Negatif),🚨 BB SIKIŞMA,🚨Fiyat Bandın Altında!,EMA200 Direnç: 9.27 (%1.9 üstte),-,-,-1.89,35.86,0.0,-0.92,
2026-07-24 21:56,CEMZY,14.02,🟢 Yükseliş Trendinde,⏳ BEKLE,-,-,-,-,🟡Fiyat Orta-Üst Bant Aralığında,EMA5 Destek: 13.64 (%2.7 altta),-,-,-,60.44,16.67,0.21,
2026-07-24 21:56,CEOEM,23.88,🟢 Yükseliş Trendinde,🔴 SAT,-,-,"📉 Düşüş Hazırlığı (50<100 Kesti, 150 Bekleniyor)",🚨 BB SIKIŞMA,⚪Fiyat Alt_Orta Bant Aralığında,EMA200 Destek: 23.04 (%3.5 altta) | EMA21 Direnç: 25.44 (%6.5 üstte),-,24.82-29.40 (%3.9 üstte),3.66,45.79,21.01,0.09,
2026-07-24 21:56,CGCAM,42.66,🟢 Yükseliş Trendinde,🔴 SAT,-,-,-,-,🟡Fiyat Orta-Üst Bant Aralığında,EMA21 Destek: 42.39 (%0.6 altta) | EMA5 Direnç: 44.61 (%4.6 üstte),-,-,-,51.77,22.93,0.41,
2026-07-24 21:56,CIMSA,49.64,🟢 Yükseliş Trendinde,⏳ BEKLE,🚀 KUSURSUZ DÖNÜŞ (0 Altı + Hacim),-,⚠️ Yükseliş Trendinde Düzeltme (SSL Negatif),⚪ Yelpaze Açık,⚪Fiyat Alt_Orta Bant Aralığında,EMA5 Destek: 49.06 (%1.2 altta) | EMA21 Direnç: 50.06 (%0.8 üstte),-,-,46.79,49.32,15.89,-0.86,
2026-07-24 21:56,CLEBI,1498.0,🩸 SAT (Trend Kırıldı),🔴 SAT,-,-,⚠️ Yükseliş Trendinde Düzeltme (SSL Negatif),⚪ Yelpaze Açık,⚪Fiyat Alt_Orta Bant Aralığında,EMA200 Destek: 1279.17 (%14.6 altta) | EMA5 Direnç: 1552.12 (%3.6 üstte),-,-,17.11,37.93,0.0,-0.93,
2026-07-24 21:56,CMBTN,1685.0,🔴 Düşüş Trendinde,🟢 AL (Trend Onaylı),-,-,"📉 Düşüş Hazırlığı (50<100 Kesti, 150 Bekleniyor)",🚨 BB SIKIŞMA,🟡Fiyat Orta-Üst Bant Aralığında,EMA5 Destek: 1653.87 (%1.8 altta) | EMA21 Direnç: 1711.40 (%1.6 üstte),-,2500.00-3047.50 (%48.4 üstte),3.53,46.99,55.54,-0.31,
2026-07-24 21:56,CMENT,292.25,🔴 Düşüş Trendinde,⏳ BEKLE,-,-,"📉 Düşüş Hazırlığı (50<100 Kesti, 150 Bekleniyor)",🟠 Daralıyor,⚪Fiyat Alt_Orta Bant Aralığında,EMA200 Destek: 257.89 (%11.8 altta) | EMA5 Direnç: 297.30 (%1.7 üstte),-,-,13.32,42.02,47.19,-0.68,
2026-07-24 21:56,CONSE,2.65,🔴 Düşüş Trendinde,⏳ BEKLE,🚀 KUSURSUZ DÖNÜŞ (0 Altı + Hacim),-,🔴 Ayı Piyasası (EMA 50 En Altta),⚪ Yelpaze Açık,⚪Fiyat Alt_Orta Bant Aralığında,EMA5 Destek: 2.64 (%0.3 altta) | EMA21 Direnç: 2.93 (%10.5 üstte),-,-,-41.73,40.76,8.32,-0.91,
2026-07-24 21:56,COSMO,126.0,🔴 Düşüş Trendinde,🔴 SAT,-,-,⚠️ Yükseliş Trendinde Düzeltme (SSL Negatif),⚪ Yelpaze Açık,⚪Fiyat Alt_Orta Bant Aralığında,EMA200 Destek: 124.52 (%1.2 altta) | EMA5 Direnç: 138.57 (%10.0 üstte),100.00-107.90 (%14.4 altta),-,1.19,32.06,2.63,-0.98,
2026-07-24 21:56,CRDFA,44.3,🟢 Yükseliş Trendinde,🔥 GÜÇLÜ AL (Taze Kırılım),🟡 RİSKLİ AL (0 Üstü - Hacimsiz),-,🚀 ASIL SİNYAL: GÜÇLÜ AL (EMA Sıralı + SSL Onay),🟡 Normal Genişlik,🟡Fiyat Orta-Üst Bant Aralığında,EMA5 Destek: 40.35 (%8.9 altta),0.63-0.71 (%98.4 altta),-,302.04,73.9,32.22,0.77,
2026-07-24 21:56,CRFSA,158.6,🟢 Yükseliş Trendinde,🟢 AL (Trend Onaylı),-,-,🟢 EMA Yükselişte (SSL Ok Bekleniyor),⚪ Yelpaze Açık,🟡Fiyat Orta-Üst Bant Aralığında,EMA5 Destek: 152.20 (%4.0 altta),77.20-83.70 (%47.2 altta),-,63.95,57.74,40.81,0.52,
2026-07-24 21:56,CUSAN,26.76,🟢 Yükseliş Trendinde,🔥 GÜÇLÜ AL (Taze Kırılım),🚀 KUSURSUZ DÖNÜŞ (0 Altı + Hacim),-,🚀 ASIL SİNYAL: GÜÇLÜ AL (EMA Sıralı + SSL Onay),🚨 BB SIKIŞMA,🟡Fiyat Orta-Üst Bant Aralığında,EMA5 Destek: 24.90 (%6.9 altta),-,-,28.38,54.95,31.99,-0.17,
2026-07-24 21:56,CVKMD,38.14,🟢 Yükseliş Trendinde,🔴 SAT,-,-,⚠️ Yükseliş Trendinde Düzeltme (SSL Negatif),⚪ Yelpaze Açık,⚪Fiyat Alt_Orta Bant Aralığında,EMA21 Destek: 37.93 (%0.5 altta) | EMA5 Direnç: 39.26 (%2.9 üstte),8.73-11.01 (%71.1 altta),-,-,52.79,0.05,0.07,
2026-07-24 21:56,CWENE,37.3,🟢 Yükseliş Trendinde,🔴 SAT,-,-,⚠️ Yükseliş Trendinde Düzeltme (SSL Negatif),🟡 Normal Genişlik,🟡Fiyat Orta-Üst Bant Aralığında,EMA21 Destek: 35.96 (%3.6 altta) | EMA5 Direnç: 38.46 (%3.1 üstte),12.34-13.76 (%63.1 altta),-,-,54.37,5.8,0.44,
2026-07-24 21:56,DAGI,9.2,🟢 Yükseliş Trendinde,⏳ BEKLE,-,-,🟢 EMA Yükselişte (SSL Ok Bekleniyor),⚪ Yelpaze Açık,🟡Fiyat Orta-Üst Bant Aralığında,EMA5 Destek: 8.98 (%2.4 altta),-,-,101.73,68.18,74.1,0.93,
2026-07-24 21:56,DAPGM,9.52,🔴 Düşüş Trendinde,🔴 SAT,-,-,⚠️ Yükseliş Trendinde Düzeltme (SSL Negatif),⚪ Yelpaze Açık,⚪Fiyat Alt_Orta Bant Aralığında,EMA200 Destek: 7.68 (%19.4 altta) | EMA5 Direnç: 9.60 (%0.8 üstte),-,-,24.02,42.38,26.15,-0.53,
2026-07-24 21:56,DARDL,1.9,🔴 Düşüş Trendinde,🔴 SAT,-,-,🔴 Ayı Piyasası (EMA 50 En Altta),🟠 Daralıyor,⚪Fiyat Alt_Orta Bant Aralığında,EMA5 Direnç: 1.96 (%3.2 üstte),-,7.39-8.43 (%288.9 üstte),-46.81,37.2,0.0,-0.86,
2026-07-24 21:56,DCTTR,11.49,🟢 Yükseliş Trendinde,🔴 SAT,-,-,-,-,⚪Fiyat Alt_Orta Bant Aralığında,EMA55 Destek: 10.88 (%5.3 altta) | EMA21 Direnç: 11.66 (%1.5 üstte),-,12.18-14.22 (%6.0 üstte),-,50.29,1.79,-0.44,
2026-07-24 21:56,DENGE,2.32,🔴 Düşüş Trendinde,⏳ BEKLE,🔴 ZAYIFLAMA (Zaten Dipte),-,🔴 Ayı Piyasası (EMA 50 En Altta),🚨 BB SIKIŞMA,⚪Fiyat Alt_Orta Bant Aralığında,EMA5 Direnç: 2.41 (%3.8 üstte),-,2.51-2.75 (%8.2 üstte),-12.91,42.52,61.64,-0.36,
2026-07-24 21:56,DERHL,11.46,🔴 Düşüş Trendinde,🔴 SAT,-,🟢 POTANSİYEL DİP,🔴 Ayı Piyasası (EMA 50 En Altta),🟠 Daralıyor,⚪Fiyat Alt_Orta Bant Aralığında,EMA5 Direnç: 12.04 (%5.0 üstte),-,-,-17.61,33.8,0.0,-0.96,
2026-07-24 21:56,DERIM,35.28,🟢 Yükseliş Trendinde,🔴 SAT,-,-,⚠️ Yükseliş Trendinde Düzeltme (SSL Negatif),🚨 BB SIKIŞMA,⚪Fiyat Alt_Orta Bant Aralığında,EMA200 Destek: 27.32 (%22.6 altta) | EMA100 Direnç: 35.58 (%0.9 üstte),-,-,29.15,44.65,13.88,-0.29,
2026-07-24 21:56,DESA,9.65,🔴 Düşüş Trendinde,🔴 SAT,-,🟢 POTANSİYEL DİP,⚠️ Yükseliş Trendinde Düzeltme (SSL Negatif),⚪ Yelpaze Açık,⚪Fiyat Alt_Orta Bant Aralığında,EMA200 Destek: 9.27 (%3.9 altta) | EMA5 Direnç: 10.48 (%8.6 üstte),7.68-9.68 (fiyat bandın içinde!),-,4.11,30.83,0.0,-0.98,
2026-07-24 21:56,DESPC,48.0,🔴 Düşüş Trendinde,🟢 AL (Trend Onaylı),-,-,🟢 EMA Yükselişte (SSL Ok Bekleniyor),🟡 Normal Genişlik,🟡Fiyat Orta-Üst Bant Aralığında,EMA55 Destek: 46.26 (%3.6 altta),-,47.28-52.05 (fiyat bandın içinde!),30.92,55.34,68.22,0.09,
2026-07-24 21:56,DEVA,75.6,🔥 AL (Taze Kırılım),🟢 AL (Trend Onaylı),-,-,🟢 EMA Yükselişte (SSL Ok Bekleniyor),🟡 Normal Genişlik,🟡Fiyat Orta-Üst Bant Aralığında,EMA5 Destek: 72.73 (%3.8 altta),-,74.40-79.85 (fiyat bandın içinde!),25.7,61.03,82.8,0.66,
2026-07-24 21:56,DGATE,113.5,🟢 Yükseliş Trendinde,🔴 SAT,-,-,🟢 EMA Yükselişte (SSL Ok Bekleniyor),⚪ Yelpaze Açık,🟡Fiyat Orta-Üst Bant Aralığında,EMA5 Destek: 109.32 (%3.7 altta),-,-,117.67,60.63,22.76,0.43,
2026-07-24 21:56,DGGYO,38.3,🟢 Yükseliş Trendinde,⏳ BEKLE,-,-,🟢 EMA Yükselişte (SSL Ok Bekleniyor),⚪ Yelpaze Açık,🟡Fiyat Orta-Üst Bant Aralığında,EMA5 Destek: 38.11 (%0.5 altta),-,-,34.09,59.81,55.18,0.75,
2026-07-24 21:56,DGNMO,7.25,🟢 Yükseliş Trendinde,🔴 SAT,-,-,"📉 Düşüş Hazırlığı (50<100 Kesti, 150 Bekleniyor)",⚪ Yelpaze Açık,⚪Fiyat Alt_Orta Bant Aralığında,EMA100 Destek: 7.23 (%0.3 altta) | EMA21 Direnç: 7.75 (%6.9 üstte),3.51-3.92 (%45.9 altta),9.10-9.64 (%25.5 üstte),7.06,47.83,2.37,-0.77,
2026-07-24 21:56,DIRIT,24.5,🔴 Düşüş Trendinde,⏳ BEKLE,🚀 KUSURSUZ DÖNÜŞ (0 Altı + Hacim),-,⚠️ Yükseliş Trendinde Düzeltme (SSL Negatif),🟡 Normal Genişlik,⚪Fiyat Alt_Orta Bant Aralığında,EMA5 Destek: 23.37 (%4.6 altta) | EMA100 Direnç: 24.97 (%1.9 üstte),-,-,28.93,47.59,21.28,-0.81,
2026-07-24 21:56,DITAS,24.8,🔴 Düşüş Trendinde,🔴 SAT,-,-,⚠️ Yükseliş Trendinde Düzeltme (SSL Negatif),⚪ Yelpaze Açık,⚪Fiyat Alt_Orta Bant Aralığında,EMA200 Destek: 23.36 (%5.8 altta) | EMA5 Direnç: 28.82 (%16.2 üstte),11.41-14.27 (%42.5 altta),-,6.18,37.99,0.0,-0.33,
2026-07-24 21:56,DMRGD,12.58,🟢 Yükseliş Trendinde,⏳ BEKLE,-,-,-,⚪ Yelpaze Açık,🟡Fiyat Orta-Üst Bant Aralığında,EMA5 Destek: 12.33 (%2.0 altta),1.48-1.85 (%85.3 altta),-,-,81.37,89.06,0.94,
2026-07-24 21:56,DMSAS,9.0,🔴 Düşüş Trendinde,⏳ BEKLE,-,-,🟢 EMA Yükselişte (SSL Ok Bekleniyor),🚨 BB SIKIŞMA,🟡Fiyat Orta-Üst Bant Aralığında,EMA21 Destek: 8.94 (%0.6 altta),5.18-5.62 (%37.6 altta),-,15.63,50.33,13.17,-0.19,
2026-07-24 21:56,DNISI,20.0,🟢 Yükseliş Trendinde,🔴 SAT,-,-,⚠️ Yükseliş Trendinde Düzeltme (SSL Negatif),🚨 BB SIKIŞMA,⚪Fiyat Alt_Orta Bant Aralığında,EMA200 Destek: 15.49 (%22.6 altta) | EMA100 Direnç: 20.12 (%0.6 üstte),-,22.86-24.86 (%14.3 üstte),29.15,45.87,31.29,0.29,
2026-07-24 21:56,DOAS,186.3,🔴 Düşüş Trendinde,🔴 SAT,-,-,⚠️ Yükseliş Trendinde Düzeltme (SSL Negatif),🚨 BB SIKIŞMA,🟡Fiyat Orta-Üst Bant Aralığında,EMA55 Destek: 183.99 (%1.2 altta) | EMA5 Direnç: 186.62 (%0.2 üstte),155.84-163.99 (%12.0 altta),-,25.87,49.57,22.55,0.28,
2026-07-24 21:56,DOCO,10835.0,🟢 Yükseliş Trendinde,⏳ BEKLE,-,-,🟢 EMA Yükselişte (SSL Ok Bekleniyor),⚪ Yelpaze Açık,🟡Fiyat Orta-Üst Bant Aralığında,EMA21 Destek: 10443.87 (%3.6 altta) | EMA5 Direnç: 11024.59 (%1.7 üstte),-,-,69.75,55.1,54.9,0.84,
2026-07-24 21:56,DOFER,30.18,🔴 Düşüş Trendinde,🔴 SAT,-,-,-,🚨 BB SIKIŞMA,⚪Fiyat Alt_Orta Bant Aralığında,EMA5 Direnç: 31.09 (%3.0 üstte),22.90-28.69 (%4.9 altta),-,-,36.48,2.02,-0.81,
2026-07-24 21:56,DOFRB,151.8,🟢 Yükseliş Trendinde,🔴 SAT,-,-,-,-,🟡Fiyat Orta-Üst Bant Aralığında,EMA21 Destek: 145.63 (%4.1 altta) | EMA5 Direnç: 162.69 (%7.2 üstte),-,-,-,55.82,11.67,0.42,
2026-07-24 21:56,DOGUB,83.3,🟢 Yükseliş Trendinde,⏳ BEKLE,-,-,⚠️ Yükseliş Trendinde Düzeltme (SSL Negatif),⚪ Yelpaze Açık,⚪Fiyat Alt_Orta Bant Aralığında,EMA55 Destek: 66.65 (%20.0 altta) | EMA21 Direnç: 87.76 (%5.4 üstte),15.00-15.93 (%80.9 altta),-,138.59,49.89,9.51,-0.78,
2026-07-24 21:56,DOHOL,21.18,🟢 Yükseliş Trendinde,🔴 SAT,-,-,⚠️ Yükseliş Trendinde Düzeltme (SSL Negatif),🚨 BB SIKIŞMA,⚪Fiyat Alt_Orta Bant Aralığında,EMA55 Destek: 19.62 (%7.3 altta) | EMA5 Direnç: 21.25 (%0.3 üstte),-,-,51.53,50.99,16.32,-0.67,
2026-07-24 21:56,DOKTA,22.76,🟢 Yükseliş Trendinde,🔴 SAT,-,-,"📉 Düşüş Hazırlığı (50<100 Kesti, 150 Bekleniyor)",🟡 Normal Genişlik,⚪Fiyat Alt_Orta Bant Aralığında,EMA5 Direnç: 23.85 (%4.8 üstte),18.29-23.20 (fiyat bandın içinde!),32.46-34.22 (%42.6 üstte),-4.78,43.03,0.0,-0.45,
2026-07-24 21:56,DSTKF,2048.0,🔴 Düşüş Trendinde,🔴 SAT,-,-,-,-,⚪Fiyat Alt_Orta Bant Aralığında,EMA55 Destek: 1588.79 (%22.4 altta) | EMA21 Direnç: 2400.44 (%17.2 üstte),-,-,-,47.77,24.16,0.37,
2026-07-24 21:56,DUNYH,141.1,🟢 Yükseliş Trendinde,🔥 GÜÇLÜ AL (Taze Kırılım),🩸 SAT (Zirveden Dönüş),🔴 ZİRVEDE,🚀 ASIL SİNYAL: GÜÇLÜ AL (EMA Sıralı + SSL Onay),⚪ Yelpaze Açık,🚨Fiyat Bandın Üzerinde!,EMA5 Destek: 119.77 (%15.1 altta),41.20-50.45 (%64.2 altta),-,141.78,97.01,66.67,0.45,
2026-07-24 21:56,DURDO,5.01,🟢 Yükseliş Trendinde,🔴 SAT,-,-,🟢 EMA Yükselişte (SSL Ok Bekleniyor),⚪ Yelpaze Açık,🟡Fiyat Orta-Üst Bant Aralığında,EMA21 Destek: 4.75 (%5.2 altta) | EMA5 Direnç: 5.09 (%1.5 üstte),2.11-2.40 (%52.1 altta),-,51.47,58.98,13.53,0.52,
2026-07-24 21:56,DURKN,20.1,🟢 Yükseliş Trendinde,🔴 SAT,-,-,-,-,⚪Fiyat Alt_Orta Bant Aralığında,EMA21 Destek: 19.99 (%0.5 altta) | EMA5 Direnç: 20.43 (%1.6 üstte),13.69-15.43 (%23.2 altta),-,-,51.98,5.73,-0.4,
2026-07-24 21:56,DYOBY,13.72,🔴 Düşüş Trendinde,🔴 SAT,-,-,"📉 Düşüş Hazırlığı (50<100 Kesti, 150 Bekleniyor)",⚪ Yelpaze Açık,⚪Fiyat Alt_Orta Bant Aralığında,EMA200 Destek: 12.40 (%9.6 altta) | EMA5 Direnç: 13.94 (%1.6 üstte),2.53-2.89 (%78.9 altta),28.50-30.88 (%107.7 üstte),10.67,44.31,1.76,-0.91,
2026-07-24 21:56,DZGYO,7.66,🟢 Yükseliş Trendinde,🔴 SAT,-,-,⚠️ Yükseliş Trendinde Düzeltme (SSL Negatif),🚨 BB SIKIŞMA,⚪Fiyat Alt_Orta Bant Aralığında,EMA100 Destek: 7.39 (%3.5 altta) | EMA55 Direnç: 7.88 (%2.8 üstte),6.30-7.05 (%8.0 altta),-,29.4,44.38,14.19,0.23,
2026-07-24 21:56,EBEBK,86.3,🟢 Yükseliş Trendinde,🔥 GÜÇLÜ AL (Taze Kırılım),🟡 RİSKLİ AL (0 Üstü - Hacimsiz),-,-,⚪ Yelpaze Açık,🟡Fiyat Orta-Üst Bant Aralığında,EMA5 Destek: 81.67 (%5.4 altta),-,-,-,68.19,33.27,0.48,
2026-07-24 21:56,ECILC,71.05,🔴 Düşüş Trendinde,🔴 SAT,-,-,⚠️ Yükseliş Trendinde Düzeltme (SSL Negatif),⚪ Yelpaze Açık,⚪Fiyat Alt_Orta Bant Aralığında,EMA200 Destek: 54.34 (%23.5 altta) | EMA100 Direnç: 71.93 (%1.2 üstte),40.18-42.32 (%40.4 altta),-,30.76,38.12,0.0,-0.88,
2026-07-24 21:56,ECOGR,44.22,🟢 Yükseliş Trendinde,⏳ BEKLE,📈 TREND DEVAMI (0 Üstü + Hacim),-,-,-,🚨Fiyat Bandın Üzerinde!,EMA5 Destek: 40.82 (%7.7 altta),-,-,-,68.5,25.72,0.61,
2026-07-24 21:56,ECZYT,333.0,🟢 Yükseliş Trendinde,⏳ BEKLE,🚀 KUSURSUZ DÖNÜŞ (0 Altı + Hacim),-,⚠️ Yükseliş Trendinde Düzeltme (SSL Negatif),⚪ Yelpaze Açık,⚪Fiyat Alt_Orta Bant Aralığında,EMA55 Destek: 302.62 (%9.1 altta) | EMA5 Direnç: 333.12 (%0.0 üstte),161.43-172.16 (%48.3 altta),-,55.94,51.04,23.82,-0.84,
2026-07-24 21:56,EDATA,18.64,🟢 Yükseliş Trendinde,⏳ BEKLE,🟢 POTANSİYEL DİP (0 Altı - Hacimsiz),-,⚠️ Yükseliş Trendinde Düzeltme (SSL Negatif),⚪ Yelpaze Açık,🟡Fiyat Orta-Üst Bant Aralığında,EMA5 Destek: 18.12 (%2.8 altta),3.81-4.36 (%76.6 altta),-,158.9,55.93,9.28,-0.44,
2026-07-24 21:56,EDIP,35.98,🔴 Düşüş Trendinde,⏳ BEKLE,-,-,⚠️ Yükseliş Trendinde Düzeltme (SSL Negatif),🚨 BB SIKIŞMA,⚪Fiyat Alt_Orta Bant Aralığında,EMA55 Destek: 34.69 (%3.6 altta) | EMA21 Direnç: 36.88 (%2.5 üstte),2.80-3.11 (%91.4 altta),-,56.28,48.39,29.19,-0.24,
2026-07-24 21:56,EFOR,18.2,🟢 Yükseliş Trendinde,🟢 AL (Trend Onaylı),-,-,-,-,🟡Fiyat Orta-Üst Bant Aralığında,EMA5 Destek: 16.60 (%8.8 altta),-,22.18-32.00 (%21.9 üstte),-,55.42,93.5,0.85,
2026-07-24 21:56,EGEEN,5450.0,🟢 Yükseliş Trendinde,🔴 SAT,-,-,🔴 Ayı Piyasası (EMA 50 En Altta),🟡 Normal Genişlik,⚪Fiyat Alt_Orta Bant Aralığında,EMA5 Direnç: 5575.29 (%2.3 üstte),-,9445.71-10325.66 (%73.3 üstte),-20.22,38.11,22.12,-0.81,
2026-07-24 21:56,EGEGY,32.64,🟢 Yükseliş Trendinde,🟢 AL (Trend Onaylı),-,-,-,-,🟡Fiyat Orta-Üst Bant Aralığında,EMA5 Destek: 31.10 (%4.7 altta),-,-,-,62.92,87.58,0.15,
2026-07-24 21:56,EGEPO,18.74,🟢 Yükseliş Trendinde,⏳ BEKLE,-,-,⚠️ Yükseliş Trendinde Düzeltme (SSL Negatif),⚪ Yelpaze Açık,🟡Fiyat Orta-Üst Bant Aralığında,EMA21 Destek: 17.11 (%8.7 altta) | EMA5 Direnç: 18.97 (%1.3 üstte),-,-,138.86,65.77,15.71,0.15,
2026-07-24 21:56,EGGUB,99.05,🟢 Yükseliş Trendinde,⏳ BEKLE,-,-,⚠️ Yükseliş Trendinde Düzeltme (SSL Negatif),🟡 Normal Genişlik,⚪Fiyat Alt_Orta Bant Aralığında,EMA100 Destek: 89.72 (%9.4 altta) | EMA5 Direnç: 100.35 (%1.3 üstte),-,-,44.49,44.67,5.05,-0.82,
2026-07-24 21:56,EGPRO,35.6,🟢 Yükseliş Trendinde,🔴 SAT,-,-,⚠️ Yükseliş Trendinde Düzeltme (SSL Negatif),⚪ Yelpaze Açık,⚪Fiyat Alt_Orta Bant Aralığında,EMA21 Destek: 35.58 (%0.0 altta) | EMA5 Direnç: 36.85 (%3.5 üstte),17.30-18.68 (%47.5 altta),-,71.3,53.08,0.0,-0.9,
2026-07-24 21:56,EGSER,3.0,🟢 Yükseliş Trendinde,🔴 SAT,-,-,"📉 Düşüş Hazırlığı (50<100 Kesti, 150 Bekleniyor)",⚪ Yelpaze Açık,⚪Fiyat Alt_Orta Bant Aralığında,EMA200 Direnç: 3.07 (%2.2 üstte),2.73-2.95 (%1.7 altta),3.54-4.20 (%18.0 üstte),-2.15,44.63,6.17,-0.37,
2026-07-24 21:56,EKDMR,51.65,🟢 Yükseliş Trendinde,🔴 SAT,-,-,-,-,-,EMA5 Direnç: 54.78 (%6.1 üstte),-,-,-,,,,
2026-07-24 21:56,EKGYO,18.62,🔴 Düşüş Trendinde,🔴 SAT,🩸 SAT (Zirveden Dönüş),-,⚠️ Yükseliş Trendinde Düzeltme (SSL Negatif),🚨 BB SIKIŞMA,⚪Fiyat Alt_Orta Bant Aralığında,EMA100 Destek: 17.06 (%8.4 altta) | EMA55 Direnç: 19.21 (%3.2 üstte),10.39-12.29 (%34.0 altta),-,45.22,43.1,42.57,-0.02,
2026-07-24 21:56,EKIM,22.22,-,-,-,-,-,-,-,-,-,-,-,,,,
2026-07-24 21:56,EKIZ,66.9,🔴 Düşüş Trendinde,🔴 SAT,-,🟢 POTANSİYEL DİP,⚠️ Yükseliş Trendinde Düzeltme (SSL Negatif),⚪ Yelpaze Açık,🚨Fiyat Bandın Altında!,EMA200 Destek: 60.78 (%9.2 altta) | EMA5 Direnç: 72.83 (%8.9 üstte),52.70-57.65 (%13.8 altta),-,10.08,30.0,0.0,-0.96,
2026-07-24 21:56,EKOS,6.03,🟢 Yükseliş Trendinde,🔴 SAT,-,-,-,⚪ Yelpaze Açık,⚪Fiyat Alt_Orta Bant Aralığında,EMA5 Direnç: 6.41 (%6.3 üstte),5.32-5.70 (%5.5 altta),8.46-10.27 (%40.3 üstte),-,42.47,0.17,-0.27,
2026-07-24 21:56,EKSUN,6.61,🟢 Yükseliş Trendinde,🔴 SAT,-,-,🔴 Ayı Piyasası (EMA 50 En Altta),⚪ Yelpaze Açık,🟡Fiyat Orta-Üst Bant Aralığında,EMA21 Destek: 6.54 (%1.1 altta) | EMA5 Direnç: 6.76 (%2.2 üstte),-,-,-,52.53,13.13,0.2,
2026-07-24 21:56,ELITE,31.56,🟢 Yükseliş Trendinde,🔴 SAT,-,-,"📉 Düşüş Hazırlığı (50<100 Kesti, 150 Bekleniyor)",⚪ Yelpaze Açık,⚪Fiyat Alt_Orta Bant Aralığında,EMA200 Destek: 29.52 (%6.5 altta) | EMA5 Direnç: 32.69 (%3.6 üstte),27.02-28.50 (%9.7 altta),52.56-64.18 (%66.5 üstte),6.9,44.95,3.09,-0.25,
2026-07-24 21:56,EMKEL,20.16,🔴 Düşüş Trendinde,⏳ BEKLE,-,-,"📉 Düşüş Hazırlığı (50<100 Kesti, 150 Bekleniyor)",🟡 Normal Genişlik,⚪Fiyat Alt_Orta Bant Aralığında,EMA5 Direnç: 20.19 (%0.1 üstte),10.18-11.39 (%43.5 altta),66.00-76.85 (%227.4 üstte),-16.09,40.0,34.0,-0.88,
2026-07-24 21:56,EMNIS,163.4,🟢 Yükseliş Trendinde,⏳ BEKLE,-,-,🔴 Ayı Piyasası (EMA 50 En Altta),🟠 Daralıyor,🟡Fiyat Orta-Üst Bant Aralığında,EMA21 Destek: 162.45 (%0.6 altta) | EMA55 Direnç: 183.04 (%12.0 üstte),17.55-20.50 (%87.5 altta),350.00-384.00 (%114.2 üstte),5.87,49.07,43.33,-0.25,
2026-07-24 21:56,EMPAE,62.35,🔴 Düşüş Trendinde,🔴 SAT,-,-,-,-,⚪Fiyat Alt_Orta Bant Aralığında,EMA21 Destek: 62.30 (%0.1 altta) | EMA5 Direnç: 71.39 (%14.5 üstte),-,-,-,53.65,,0.31,
2026-07-24 21:56,ENDAE,16.66,🟢 Yükseliş Trendinde,🔴 SAT,-,-,-,-,🟡Fiyat Orta-Üst Bant Aralığında,EMA55 Destek: 16.35 (%1.9 altta) | EMA21 Direnç: 16.72 (%0.3 üstte),-,-,-,50.44,10.89,0.23,
2026-07-24 21:56,ENERY,9.57,🔴 Düşüş Trendinde,⏳ BEKLE,-,-,🟢 EMA Yükselişte (SSL Ok Bekleniyor),🚨 BB SIKIŞMA,🟡Fiyat Orta-Üst Bant Aralığında,EMA5 Destek: 9.52 (%0.5 altta),-,9.29-10.94 (fiyat bandın içinde!),-,54.69,81.58,0.7,
2026-07-24 21:56,ENJSA,105.4,🟢 Yükseliş Trendinde,⏳ BEKLE,🚀 KUSURSUZ DÖNÜŞ (0 Altı + Hacim),-,⚠️ Yükseliş Trendinde Düzeltme (SSL Negatif),🟡 Normal Genişlik,⚪Fiyat Alt_Orta Bant Aralığında,EMA5 Destek: 104.77 (%0.6 altta) | EMA21 Direnç: 106.55 (%1.1 üstte),49.53-62.47 (%40.7 altta),-,75.47,50.72,6.49,-0.91,
2026-07-24 21:56,ENKAI,88.8,🟢 Yükseliş Trendinde,🔴 SAT,-,-,⚠️ Yükseliş Trendinde Düzeltme (SSL Negatif),⚪ Yelpaze Açık,⚪Fiyat Alt_Orta Bant Aralığında,EMA55 Destek: 84.07 (%5.3 altta) | EMA5 Direnç: 91.03 (%2.5 üstte),-,-,66.68,45.92,0.59,-0.91,
2026-07-24 21:56,ENPRA,61.55,🟢 Yükseliş Trendinde,🔴 SAT,-,-,-,-,-,EMA5 Direnç: 65.14 (%5.8 üstte),-,-,-,18.63,,-0.88,
2026-07-24 21:56,ENSRI,6.15,🔴 Düşüş Trendinde,⏳ BEKLE,🚀 KUSURSUZ DÖNÜŞ (0 Altı + Hacim),-,⚠️ Yükseliş Trendinde Düzeltme (SSL Negatif),⚪ Yelpaze Açık,⚪Fiyat Alt_Orta Bant Aralığında,EMA5 Direnç: 6.65 (%8.1 üstte),3.23-3.74 (%39.1 altta),-,-27.72,33.8,5.8,-0.81,
2026-07-24 21:56,ENTRA,4.46,🟢 Yükseliş Trendinde,🔴 SAT,-,-,-,🟠 Daralıyor,⚪Fiyat Alt_Orta Bant Aralığında,EMA100 Destek: 4.41 (%1.0 altta) | EMA55 Direnç: 4.60 (%3.1 üstte),-,-,-,45.27,25.61,-0.26,
2026-07-24 21:56,EPLAS,5.49,🟢 Yükseliş Trendinde,🔴 SAT,-,-,⚠️ Yükseliş Trendinde Düzeltme (SSL Negatif),🚨 BB SIKIŞMA,⚪Fiyat Alt_Orta Bant Aralığında,EMA200 Destek: 5.46 (%0.5 altta) | EMA5 Direnç: 5.61 (%2.1 üstte),2.25-2.74 (%50.1 altta),-,0.5,42.87,6.17,-0.79,
2026-07-24 21:56,ERBOS,164.8,🔴 Düşüş Trendinde,🔴 SAT,-,-,⚠️ Yükseliş Trendinde Düzeltme (SSL Negatif),⚪ Yelpaze Açık,⚪Fiyat Alt_Orta Bant Aralığında,EMA5 Direnç: 169.99 (%3.2 üstte),-,-,-3.77,39.4,1.81,-0.89,
2026-07-24 21:56,ERCB,54.8,🔴 Düşüş Trendinde,🔴 SAT,-,-,🔴 Ayı Piyasası (EMA 50 En Altta),⚪ Yelpaze Açık,⚪Fiyat Alt_Orta Bant Aralığında,EMA5 Destek: 52.25 (%4.7 altta) | EMA21 Direnç: 56.85 (%3.7 üstte),33.24-36.42 (%33.5 altta),69.55-103.00 (%26.9 üstte),-35.84,45.82,27.0,-0.68,
2026-07-24 21:56,EREGL,43.28,🟢 Yükseliş Trendinde,🟢 AL (Trend Onaylı),🟡 RİSKLİ AL (0 Üstü - Hacimsiz),-,🟢 EMA Yükselişte (SSL Ok Bekleniyor),⚪ Yelpaze Açık,🟡Fiyat Orta-Üst Bant Aralığında,EMA5 Destek: 41.69 (%3.7 altta),18.45-20.50 (%52.6 altta),-,81.3,73.27,45.21,0.81,
2026-07-24 21:56,ERSU,24.0,🟢 Yükseliş Trendinde,🔴 SAT,-,-,⚠️ Yükseliş Trendinde Düzeltme (SSL Negatif),🟡 Normal Genişlik,⚪Fiyat Alt_Orta Bant Aralığında,EMA21 Destek: 23.86 (%0.6 altta),14.15-15.04 (%37.3 altta),-,50.97,52.15,5.09,-0.83,
2026-07-24 21:56,ESCAR,47.62,🟢 Yükseliş Trendinde,⏳ BEKLE,-,-,⚠️ Yükseliş Trendinde Düzeltme (SSL Negatif),🟡 Normal Genişlik,🟡Fiyat Orta-Üst Bant Aralığında,EMA21 Destek: 44.99 (%5.5 altta) | EMA5 Direnç: 48.47 (%1.8 üstte),-,73.92-77.79 (%55.2 üstte),71.99,56.44,9.53,-0.66,
2026-07-24 21:56,ESCOM,5.27,🟢 Yükseliş Trendinde,🔴 SAT,-,-,⚠️ Yükseliş Trendinde Düzeltme (SSL Negatif),🟠 Daralıyor,⚪Fiyat Alt_Orta Bant Aralığında,EMA21 Destek: 5.23 (%0.8 altta) | EMA5 Direnç: 5.59 (%6.0 üstte),-,-,59.69,52.89,16.29,0.45,
2026-07-24 21:56,ESEN,3.53,🔴 Düşüş Trendinde,🔴 SAT,-,-,"📉 Düşüş Hazırlığı (50<100 Kesti, 150 Bekleniyor)",🟠 Daralıyor,⚪Fiyat Alt_Orta Bant Aralığında,EMA5 Direnç: 3.60 (%2.0 üstte),-,14.06-15.00 (%298.3 üstte),-21.16,37.68,3.36,-0.72,
2026-07-24 21:56,ETILR,6.37,🟢 Yükseliş Trendinde,🟢 AL (Trend Onaylı),-,-,🔴 Ayı Piyasası (EMA 50 En Altta),🟡 Normal Genişlik,🟡Fiyat Orta-Üst Bant Aralığında,EMA5 Destek: 6.15 (%3.4 altta),-,8.91-10.52 (%39.9 üstte),22.72,59.97,55.92,0.52,
2026-07-24 21:56,ETYAT,13.16,🟢 Yükseliş Trendinde,⏳ BEKLE,-,-,🟢 EMA Yükselişte (SSL Ok Bekleniyor),⚪ Yelpaze Açık,🟡Fiyat Orta-Üst Bant Aralığında,EMA21 Destek: 10.91 (%17.1 altta) | EMA5 Direnç: 13.26 (%0.7 üstte),3.01-3.23 (%75.4 altta),-,150.64,70.33,81.11,0.92,
2026-07-24 21:56,EUHOL,10.25,🔴 Düşüş Trendinde,🔴 SAT,-,-,⚠️ Yükseliş Trendinde Düzeltme (SSL Negatif),🟡 Normal Genişlik,⚪Fiyat Alt_Orta Bant Aralığında,EMA200 Destek: 7.47 (%27.1 altta) | EMA100 Direnç: 10.45 (%2.0 üstte),2.51-2.73 (%73.4 altta),-,37.14,38.95,2.97,-0.93,
2026-07-24 21:56,EUKYO,12.97,🟢 Yükseliş Trendinde,🟢 AL (Trend Onaylı),🩸 SAT (Zirveden Dönüş),-,🟢 EMA Yükselişte (SSL Ok Bekleniyor),⚪ Yelpaze Açık,🟡Fiyat Orta-Üst Bant Aralığında,EMA5 Destek: 12.35 (%4.8 altta),-,-,166.97,84.4,99.42,0.96,
2026-07-24 21:56,EUPWR,100.4,🟢 Yükseliş Trendinde,🟢 AL (Trend Onaylı),📈 TREND DEVAMI (0 Üstü + Hacim),-,🟢 EMA Yükselişte (SSL Ok Bekleniyor),⚪ Yelpaze Açık,🟡Fiyat Orta-Üst Bant Aralığında,EMA5 Destek: 90.83 (%9.5 altta),25.50-26.88 (%73.2 altta),-,-,73.7,46.63,0.87,
2026-07-24 21:56,EUREN,4.11,🔴 Düşüş Trendinde,🔴 SAT,-,-,🔴 Ayı Piyasası (EMA 50 En Altta),🟠 Daralıyor,⚪Fiyat Alt_Orta Bant Aralığında,EMA5 Direnç: 4.25 (%3.4 üstte),-,15.05-16.70 (%266.2 üstte),-57.68,35.24,0.0,-0.95,
2026-07-24 21:56,EUYO,4.98,🟢 Yükseliş Trendinde,🔴 SAT,-,-,⚠️ Yükseliş Trendinde Düzeltme (SSL Negatif),🟠 Daralıyor,⚪Fiyat Alt_Orta Bant Aralığında,EMA100 Destek: 4.75 (%4.6 altta) | EMA55 Direnç: 5.18 (%4.0 üstte),4.10-4.43 (%11.0 altta),-,29.62,42.36,1.65,-0.53,
2026-07-24 21:56,EYGYO,2.37,🔴 Düşüş Trendinde,⏳ BEKLE,-,-,-,🟡 Normal Genişlik,⚪Fiyat Alt_Orta Bant Aralığında,EMA5 Direnç: 2.46 (%4.0 üstte),-,2.70-3.04 (%13.9 üstte),-,39.76,42.91,-0.79,
2026-07-24 21:56,FADE,15.7,🟢 Yükseliş Trendinde,🔴 SAT,-,-,⚠️ Yükseliş Trendinde Düzeltme (SSL Negatif),🟠 Daralıyor,🟡Fiyat Orta-Üst Bant Aralığında,EMA21 Destek: 15.68 (%0.2 altta) | EMA5 Direnç: 15.85 (%0.9 üstte),6.10-6.41 (%59.2 altta),16.54-18.08 (%5.4 üstte),16.05,51.21,9.71,0.14,
2026-07-24 21:56,FENER,3.06,🔴 Düşüş Trendinde,🔴 SAT,-,-,🔴 Ayı Piyasası (EMA 50 En Altta),🟠 Daralıyor,⚪Fiyat Alt_Orta Bant Aralığında,EMA5 Direnç: 3.16 (%3.2 üstte),-,104.30-114.90 (%3308.5 üstte),-92.82,32.89,79.72,-0.23,
2026-07-24 21:56,FLAP,10.57,🔴 Düşüş Trendinde,🔴 SAT,-,-,⚠️ Yükseliş Trendinde Düzeltme (SSL Negatif),⚪ Yelpaze Açık,⚪Fiyat Alt_Orta Bant Aralığında,EMA100 Destek: 10.31 (%2.5 altta) | EMA55 Direnç: 11.02 (%4.2 üstte),-,-,17.5,43.18,0.0,-0.86,
2026-07-24 21:56,FMIZP,287.75,🔴 Düşüş Trendinde,🔴 SAT,-,-,🟢 EMA Yükselişte (SSL Ok Bekleniyor),🚨 BB SIKIŞMA,⚪Fiyat Alt_Orta Bant Aralığında,EMA200 Destek: 252.66 (%12.2 altta) | EMA5 Direnç: 293.75 (%2.1 üstte),-,316.39-332.39 (%10.0 üstte),13.89,45.85,17.06,-0.21,
2026-07-24 21:56,FONET,5.35,🟢 Yükseliş Trendinde,🔴 SAT,-,-,⚠️ Yükseliş Trendinde Düzeltme (SSL Negatif),🟠 Daralıyor,🟡Fiyat Orta-Üst Bant Aralığında,EMA5 Destek: 5.29 (%1.1 altta),1.92-2.21 (%58.7 altta),-,115.18,58.52,13.84,-0.0,
2026-07-24 21:56,FORMT,1.93,🔴 Düşüş Trendinde,🔴 SAT,-,-,🔴 Ayı Piyasası (EMA 50 En Altta),⚪ Yelpaze Açık,⚪Fiyat Alt_Orta Bant Aralığında,EMA5 Direnç: 2.04 (%5.9 üstte),0.56-0.69 (%64.1 altta),5.45-7.11 (%182.4 üstte),-31.86,26.38,0.0,-0.92,
2026-07-24 21:56,FORTE,106.4,🟢 Yükseliş Trendinde,🟢 AL (Trend Onaylı),-,-,-,🚨 BB SIKIŞMA,🟡Fiyat Orta-Üst Bant Aralığında,EMA5 Destek: 101.43 (%4.7 altta),-,-,-,64.58,100.0,0.58,
2026-07-24 21:56,FRIGO,2.28,🔴 Düşüş Trendinde,⏳ BEKLE,-,-,⚠️ Yükseliş Trendinde Düzeltme (SSL Negatif),⚪ Yelpaze Açık,⚪Fiyat Alt_Orta Bant Aralığında,EMA5 Destek: 2.23 (%2.2 altta) | EMA55 Direnç: 2.40 (%5.5 üstte),1.12-1.24 (%45.6 altta),-,35.88,43.59,30.14,-0.81,
2026-07-24 21:56,FRMPL,33.46,🟢 Yükseliş Trendinde,🔴 SAT,-,-,-,-,⚪Fiyat Alt_Orta Bant Aralığında,EMA5 Direnç: 34.83 (%4.1 üstte),-,-,-,45.31,,-0.09,
2026-07-24 21:56,FROTO,79.0,🔴 Düşüş Trendinde,🔴 SAT,-,-,⚠️ Yükseliş Trendinde Düzeltme (SSL Negatif),⚪ Yelpaze Açık,⚪Fiyat Alt_Orta Bant Aralığında,EMA200 Destek: 72.80 (%7.8 altta) | EMA5 Direnç: 82.75 (%4.7 üstte),20.16-21.94 (%72.2 altta),-,8.51,36.2,5.05,-0.86,
2026-07-24 21:56,FZLGY,12.76,🩸 SAT (Trend Kırıldı),🔴 SAT,-,-,-,🟡 Normal Genişlik,⚪Fiyat Alt_Orta Bant Aralığında,EMA100 Destek: 10.45 (%18.1 altta) | EMA55 Direnç: 13.06 (%2.4 üstte),-,-,-,44.8,9.83,-0.29,
2026-07-24 21:56,GARAN,126.0,🔴 Düşüş Trendinde,🔴 SAT,-,-,⚠️ Yükseliş Trendinde Düzeltme (SSL Negatif),🚨 BB SIKIŞMA,⚪Fiyat Alt_Orta Bant Aralığında,EMA100 Destek: 119.55 (%5.1 altta) | EMA5 Direnç: 129.30 (%2.6 üstte),94.91-100.34 (%20.4 altta),-,44.0,44.87,23.96,-0.18,
2026-07-24 21:56,GARFA,27.96,🟢 Yükseliş Trendinde,🔴 SAT,-,-,⚠️ Yükseliş Trendinde Düzeltme (SSL Negatif),🟡 Normal Genişlik,⚪Fiyat Alt_Orta Bant Aralığında,EMA55 Destek: 27.49 (%1.7 altta) | EMA5 Direnç: 28.91 (%3.4 üstte),15.75-19.85 (%29.0 altta),-,45.2,48.01,10.72,-0.2,
2026-07-24 21:56,GATEG,310.0,🟢 Yükseliş Trendinde,🟢 AL (Trend Onaylı),-,-,⚠️ Yükseliş Trendinde Düzeltme (SSL Negatif),🚨 BB SIKIŞMA,⚪Fiyat Alt_Orta Bant Aralığında,EMA21 Destek: 304.23 (%1.9 altta),23.40-28.76 (%90.7 altta),-,104.02,52.57,47.47,-0.55,
2026-07-24 21:56,GEDIK,6.62,🟢 Yükseliş Trendinde,🔴 SAT,-,-,🟢 EMA Yükselişte (SSL Ok Bekleniyor),⚪ Yelpaze Açık,🟡Fiyat Orta-Üst Bant Aralığında,EMA21 Destek: 6.42 (%3.0 altta) | EMA5 Direnç: 6.79 (%2.5 üstte),-,-,65.31,53.67,31.26,0.66,
2026-07-24 21:56,GEDZA,29.12,🟢 Yükseliş Trendinde,🔴 SAT,-,-,⚠️ Yükseliş Trendinde Düzeltme (SSL Negatif),🟠 Daralıyor,⚪Fiyat Alt_Orta Bant Aralığında,EMA100 Destek: 27.36 (%6.1 altta) | EMA55 Direnç: 29.19 (%0.2 üstte),-,-,28.36,46.91,0.79,-0.24,
2026-07-24 21:56,GENIL,9.21,🔴 Düşüş Trendinde,🟢 AL (Trend Onaylı),-,-,🟢 EMA Yükselişte (SSL Ok Bekleniyor),🚨 BB SIKIŞMA,⚪Fiyat Alt_Orta Bant Aralığında,EMA5 Destek: 9.14 (%0.8 altta) | EMA21 Direnç: 9.29 (%0.9 üstte),-,13.06-14.43 (%41.8 üstte),37.8,48.36,81.58,-0.01,
2026-07-24 21:56,GENKM,12.18,🔴 Düşüş Trendinde,🔴 SAT,-,-,-,-,⚪Fiyat Alt_Orta Bant Aralığında,EMA5 Direnç: 13.23 (%8.6 üstte),-,-,-,41.31,,-0.16,
2026-07-24 21:56,GENTS,6.08,🔴 Düşüş Trendinde,⏳ BEKLE,-,-,⚠️ Yükseliş Trendinde Düzeltme (SSL Negatif),⚪ Yelpaze Açık,⚪Fiyat Alt_Orta Bant Aralığında,EMA200 Destek: 5.46 (%10.2 altta) | EMA5 Direnç: 6.22 (%2.4 üstte),2.78-2.90 (%52.3 altta),11.81-13.62 (%94.2 üstte),11.32,35.75,8.97,-0.93,
2026-07-24 21:56,GEREL,35.9,🟢 Yükseliş Trendinde,🔴 SAT,-,-,⚠️ Yükseliş Trendinde Düzeltme (SSL Negatif),⚪ Yelpaze Açık,⚪Fiyat Alt_Orta Bant Aralığında,EMA21 Destek: 35.17 (%2.0 altta) | EMA5 Direnç: 37.05 (%3.2 üstte),7.71-9.27 (%74.2 altta),-,131.2,52.73,9.33,-0.38,
2026-07-24 21:56,GESAN,81.3,🟢 Yükseliş Trendinde,🟢 AL (Trend Onaylı),-,-,🟢 EMA Yükselişte (SSL Ok Bekleniyor),⚪ Yelpaze Açık,🟡Fiyat Orta-Üst Bant Aralığında,EMA5 Destek: 79.00 (%2.8 altta),41.48-44.50 (%45.3 altta),95.55-116.50 (%17.5 üstte),64.86,65.82,57.78,0.82,
2026-07-24 21:56,GIPTA,64.55,🟢 Yükseliş Trendinde,🔴 SAT,-,-,-,🚨 BB SIKIŞMA,⚪Fiyat Alt_Orta Bant Aralığında,EMA5 Direnç: 65.74 (%1.8 üstte),-,-,-,43.55,6.08,-0.95,
2026-07-24 21:56,GLBMD,12.79,🟢 Yükseliş Trendinde,⏳ BEKLE,-,-,⚪ Karışık / Testere Piyasası,🟠 Daralıyor,🟡Fiyat Orta-Üst Bant Aralığında,EMA55 Destek: 12.57 (%1.7 altta) | EMA21 Direnç: 12.96 (%1.4 üstte),9.65-10.99 (%14.1 altta),14.37-18.07 (%12.4 üstte),31.2,49.27,59.2,0.73,
2026-07-24 21:56,GLCVY,53.2,🔴 Düşüş Trendinde,🔴 SAT,-,🟢 POTANSİYEL DİP,⚠️ Yükseliş Trendinde Düzeltme (SSL Negatif),🚨 BB SIKIŞMA,🚨Fiyat Bandın Altında!,EMA200 Destek: 43.46 (%18.3 altta) | EMA5 Direnç: 56.07 (%5.4 üstte),-,-,22.41,34.83,8.55,-0.85,
2026-07-24 21:56,GLRMK,163.3,🔴 Düşüş Trendinde,⏳ BEKLE,-,-,-,-,⚪Fiyat Alt_Orta Bant Aralığında,EMA5 Direnç: 165.94 (%1.6 üstte),-,-,-,44.31,2.89,-0.85,
2026-07-24 21:56,GLRYH,3.04,🔴 Düşüş Trendinde,🔴 SAT,-,-,⚠️ Yükseliş Trendinde Düzeltme (SSL Negatif),⚪ Yelpaze Açık,⚪Fiyat Alt_Orta Bant Aralığında,EMA5 Direnç: 3.17 (%4.1 üstte),-,-,-7.58,34.84,7.33,-0.88,
2026-07-24 21:56,GLYHO,16.91,🟢 Yükseliş Trendinde,⏳ BEKLE,-,-,⚠️ Yükseliş Trendinde Düzeltme (SSL Negatif),🟡 Normal Genişlik,🟡Fiyat Orta-Üst Bant Aralığında,EMA21 Destek: 15.93 (%5.8 altta) | EMA5 Direnç: 17.19 (%1.6 üstte),-,-,118.43,58.55,21.28,0.75,
2026-07-24 21:56,GMTAS,45.56,🟢 Yükseliş Trendinde,🔴 SAT,-,-,⚠️ Yükseliş Trendinde Düzeltme (SSL Negatif),⚪ Yelpaze Açık,🟡Fiyat Orta-Üst Bant Aralığında,EMA5 Destek: 45.18 (%0.8 altta),-,-,216.75,60.21,2.86,0.04,
2026-07-24 21:56,GOKNR,23.9,🟢 Yükseliş Trendinde,🔴 SAT,-,-,🟢 EMA Yükselişte (SSL Ok Bekleniyor),🟡 Normal Genişlik,🟡Fiyat Orta-Üst Bant Aralığında,EMA21 Destek: 23.52 (%1.6 altta) | EMA5 Direnç: 24.16 (%1.1 üstte),19.75-20.60 (%13.8 altta),26.97-29.45 (%12.9 üstte),-,52.77,24.79,0.52,
2026-07-24 21:56,GOLDA,17.11,-,-,-,-,-,-,-,-,-,-,-,,,,
2026-07-24 21:56,GOLTS,310.0,🟢 Yükseliş Trendinde,🔴 SAT,-,-,⚠️ Yükseliş Trendinde Düzeltme (SSL Negatif),⚪ Yelpaze Açık,⚪Fiyat Alt_Orta Bant Aralığında,EMA200 Destek: 267.84 (%13.6 altta) | EMA5 Direnç: 316.79 (%2.2 üstte),299.86-311.77 (fiyat bandın içinde!),473.34-531.44 (%52.7 üstte),15.74,38.19,1.72,-0.93,
2026-07-24 21:56,GOODY,2.6,🔴 Düşüş Trendinde,🔴 SAT,-,-,🔴 Ayı Piyasası (EMA 50 En Altta),⚪ Yelpaze Açık,⚪Fiyat Alt_Orta Bant Aralığında,EMA5 Direnç: 2.77 (%6.5 üstte),2.47-2.61 (fiyat bandın içinde!),4.26-4.70 (%64.0 üstte),-9.19,42.85,0.0,-0.13,
2026-07-24 21:56,GOZDE,22.98,🟢 Yükseliş Trendinde,⏳ BEKLE,🩸 SAT (Zirveden Dönüş),-,🟢 EMA Yükselişte (SSL Ok Bekleniyor),⚪ Yelpaze Açık,🟡Fiyat Orta-Üst Bant Aralığında,EMA5 Destek: 22.95 (%0.1 altta),-,26.86-28.34 (%16.9 üstte),17.99,54.16,65.62,0.74,
2026-07-24 21:56,GRNYO,14.9,🟢 Yükseliş Trendinde,🔴 SAT,-,-,⚠️ Yükseliş Trendinde Düzeltme (SSL Negatif),⚪ Yelpaze Açık,⚪Fiyat Alt_Orta Bant Aralığında,EMA100 Destek: 13.50 (%9.4 altta) | EMA55 Direnç: 15.50 (%4.0 üstte),7.85-8.37 (%43.8 altta),-,44.94,41.15,0.0,-0.74,
2026-07-24 21:56,GRSEL,348.75,🔴 Düşüş Trendinde,🟢 AL (Trend Onaylı),-,-,🟢 EMA Yükselişte (SSL Ok Bekleniyor),🚨 BB SIKIŞMA,🚨Fiyat Bandın Üzerinde!,EMA5 Destek: 322.24 (%7.6 altta),-,-,104.74,59.04,70.83,0.35,
2026-07-24 21:56,GRTHO,247.0,🔴 Düşüş Trendinde,🟢 AL (Trend Onaylı),-,-,-,🚨 BB SIKIŞMA,🟡Fiyat Orta-Üst Bant Aralığında,EMA5 Destek: 243.54 (%1.4 altta) | EMA21 Direnç: 247.55 (%0.2 üstte),-,-,-,47.97,92.86,0.09,
2026-07-24 21:56,GSDDE,13.43,🔴 Düşüş Trendinde,🟢 AL (Trend Onaylı),-,-,🟢 EMA Yükselişte (SSL Ok Bekleniyor),⚪ Yelpaze Açık,🟡Fiyat Orta-Üst Bant Aralığında,EMA21 Destek: 12.38 (%7.8 altta) | EMA5 Direnç: 13.52 (%0.7 üstte),-,-,54.29,55.8,18.03,0.29,
2026-07-24 21:56,GSDHO,5.31,🟢 Yükseliş Trendinde,🔴 SAT,-,-,⚠️ Yükseliş Trendinde Düzeltme (SSL Negatif),⚪ Yelpaze Açık,🟡Fiyat Orta-Üst Bant Aralığında,EMA55 Destek: 4.91 (%7.6 altta) | EMA21 Direnç: 5.34 (%0.5 üstte),3.35-3.54 (%33.3 altta),-,37.85,50.79,6.1,0.31,
2026-07-24 21:56,GSRAY,1.01,🔴 Düşüş Trendinde,⏳ BEKLE,-,-,🔴 Ayı Piyasası (EMA 50 En Altta),🚨 BB SIKIŞMA,⚪Fiyat Alt_Orta Bant Aralığında,EMA5 Direnç: 1.02 (%0.8 üstte),-,6.85-9.63 (%578.2 üstte),-67.05,36.8,7.04,-0.88,
2026-07-24 21:56,GUBRF,422.75,🔴 Düşüş Trendinde,🔴 SAT,-,-,⚠️ Yükseliş Trendinde Düzeltme (SSL Negatif),⚪ Yelpaze Açık,⚪Fiyat Alt_Orta Bant Aralığında,EMA55 Destek: 418.58 (%1.0 altta) | EMA5 Direnç: 440.93 (%4.3 üstte),216.90-233.40 (%44.8 altta),-,48.97,42.19,1.84,-0.88,
2026-07-24 21:56,GUNDG,2510.0,🟢 Yükseliş Trendinde,🟢 AL (Trend Onaylı),-,🔴 ZİRVEDE,-,-,🚨Fiyat Bandın Üzerinde!,EMA5 Destek: 2027.74 (%19.2 altta),-,-,-,88.38,100.0,0.94,
2026-07-24 21:56,GWIND,25.38,🟢 Yükseliş Trendinde,⏳ BEKLE,🟢 POTANSİYEL DİP (0 Altı - Hacimsiz),-,⚠️ Yükseliş Trendinde Düzeltme (SSL Negatif),🟠 Daralıyor,⚪Fiyat Alt_Orta Bant Aralığında,EMA5 Destek: 25.16 (%0.9 altta) | EMA55 Direnç: 25.68 (%1.2 üstte),-,-,18.78,47.7,8.85,-0.76,
2026-07-24 21:56,GZNMI,67.65,🔴 Düşüş Trendinde,⏳ BEKLE,🚀 KUSURSUZ DÖNÜŞ (0 Altı + Hacim),-,"📉 Düşüş Hazırlığı (50<100 Kesti, 150 Bekleniyor)",🚨 BB SIKIŞMA,🟡Fiyat Orta-Üst Bant Aralığında,EMA200 Destek: 64.46 (%4.7 altta) | EMA21 Direnç: 70.31 (%3.9 üstte),-,62.50-87.15 (fiyat bandın içinde!),4.95,44.92,34.96,-0.65,
2026-07-24 21:56,HALKB,35.98,🔴 Düşüş Trendinde,🔴 SAT,-,-,⚠️ Yükseliş Trendinde Düzeltme (SSL Negatif),🟠 Daralıyor,⚪Fiyat Alt_Orta Bant Aralığında,EMA100 Destek: 30.73 (%14.6 altta) | EMA55 Direnç: 36.17 (%0.5 üstte),-,-,58.03,42.21,0.87,0.05,
2026-07-24 21:56,HATEK,15.22,🟢 Yükseliş Trendinde,🔴 SAT,-,-,⚠️ Yükseliş Trendinde Düzeltme (SSL Negatif),🚨 BB SIKIŞMA,⚪Fiyat Alt_Orta Bant Aralığında,EMA200 Destek: 13.67 (%10.2 altta) | EMA5 Direnç: 15.57 (%2.3 üstte),-,-,11.37,45.25,14.29,-0.72,
2026-07-24 21:56,HATSN,61.25,🟢 Yükseliş Trendinde,⏳ BEKLE,📈 TREND DEVAMI (0 Üstü + Hacim),-,-,⚪ Yelpaze Açık,🟡Fiyat Orta-Üst Bant Aralığında,EMA5 Destek: 58.75 (%4.1 altta),-,53.05-63.10 (fiyat bandın içinde!),-,62.29,38.18,0.76,
2026-07-24 21:56,HDFGS,2.73,🔴 Düşüş Trendinde,🔥 GÜÇLÜ AL (Taze Kırılım),-,-,⚠️ Yükseliş Trendinde Düzeltme (SSL Negatif),⚪ Yelpaze Açık,⚪Fiyat Alt_Orta Bant Aralığında,EMA5 Destek: 2.68 (%1.8 altta) | EMA55 Direnç: 2.85 (%4.5 üstte),1.13-1.21 (%55.7 altta),-,23.1,46.4,18.39,-0.75,
2026-07-24 21:56,HEDEF,233.0,🟢 Yükseliş Trendinde,🟢 AL (Trend Onaylı),-,🔴 ZİRVEDE,🟢 EMA Yükselişte (SSL Ok Bekleniyor),⚪ Yelpaze Açık,🚨Fiyat Bandın Üzerinde!,EMA5 Destek: 188.71 (%19.0 altta),-,-,646.44,92.39,100.0,0.91,
2026-07-24 21:56,HEKTS,2.99,🔴 Düşüş Trendinde,🔴 SAT,-,-,🔴 Ayı Piyasası (EMA 50 En Altta),⚪ Yelpaze Açık,⚪Fiyat Alt_Orta Bant Aralığında,EMA5 Direnç: 3.20 (%7.0 üstte),-,30.60-32.94 (%923.4 üstte),-68.66,42.12,0.0,-0.55,
2026-07-24 21:56,HKTM,10.61,🟢 Yükseliş Trendinde,🔴 SAT,-,-,🔴 Ayı Piyasası (EMA 50 En Altta),⚪ Yelpaze Açık,⚪Fiyat Alt_Orta Bant Aralığında,EMA5 Direnç: 11.16 (%5.2 üstte),-,17.85-20.34 (%68.2 üstte),-35.37,38.93,2.67,-0.9,
2026-07-24 21:56,HLGYO,4.87,🟢 Yükseliş Trendinde,🔴 SAT,-,-,⚠️ Yükseliş Trendinde Düzeltme (SSL Negatif),⚪ Yelpaze Açık,⚪Fiyat Alt_Orta Bant Aralığında,EMA55 Destek: 4.38 (%10.0 altta) | EMA21 Direnç: 5.18 (%6.4 üstte),0.69-0.78 (%84.0 altta),-,68.39,47.38,7.92,0.01,
2026-07-24 21:56,HOROZ,59.9,🟢 Yükseliş Trendinde,🔴 SAT,-,-,-,-,⚪Fiyat Alt_Orta Bant Aralığında,EMA100 Direnç: 60.12 (%0.4 üstte),-,-,-,44.02,4.09,-0.79,
2026-07-24 21:56,HRKET,96.4,🟢 Yükseliş Trendinde,🔴 SAT,-,-,-,-,🟡Fiyat Orta-Üst Bant Aralığında,EMA21 Destek: 90.04 (%6.6 altta) | EMA5 Direnç: 99.51 (%3.2 üstte),52.20-67.20 (%30.3 altta),-,-,56.29,33.55,0.64,
2026-07-24 21:56,HTTBT,37.2,🔴 Düşüş Trendinde,🔴 SAT,-,-,⚠️ Yükseliş Trendinde Düzeltme (SSL Negatif),🚨 BB SIKIŞMA,⚪Fiyat Alt_Orta Bant Aralığında,EMA200 Destek: 30.09 (%19.1 altta) | EMA5 Direnç: 38.33 (%3.0 üstte),-,44.10-46.50 (%18.5 üstte),23.63,38.57,0.0,-0.83,
2026-07-24 21:56,HUBVC,3.06,🔴 Düşüş Trendinde,⏳ BEKLE,🚀 KUSURSUZ DÖNÜŞ (0 Altı + Hacim),-,⚠️ Yükseliş Trendinde Düzeltme (SSL Negatif),⚪ Yelpaze Açık,⚪Fiyat Alt_Orta Bant Aralığında,EMA5 Destek: 2.98 (%2.7 altta) | EMA55 Direnç: 3.15 (%2.9 üstte),1.53-1.70 (%44.4 altta),-,27.65,45.94,18.17,-0.85,
2026-07-24 21:56,HUNER,3.67,🟢 Yükseliş Trendinde,🔴 SAT,-,-,🔴 Ayı Piyasası (EMA 50 En Altta),⚪ Yelpaze Açık,🟡Fiyat Orta-Üst Bant Aralığında,EMA100 Destek: 3.65 (%0.7 altta) | EMA5 Direnç: 3.73 (%1.6 üstte),2.93-3.10 (%15.5 altta),4.38-5.04 (%19.3 üstte),-6.17,52.02,33.24,0.48,
2026-07-24 21:56,HURGZ,6.88,🟢 Yükseliş Trendinde,🔴 SAT,-,-,⚠️ Yükseliş Trendinde Düzeltme (SSL Negatif),⚪ Yelpaze Açık,⚪Fiyat Alt_Orta Bant Aralığında,EMA21 Destek: 6.76 (%1.8 altta),4.05-5.14 (%25.3 altta),-,35.66,51.76,8.47,-0.77,
2026-07-24 21:56,ICBCT,24.4,🟢 Yükseliş Trendinde,⏳ BEKLE,-,-,🚀 ASIL SİNYAL: GÜÇLÜ AL (EMA Sıralı + SSL Onay),⚪ Yelpaze Açık,🟡Fiyat Orta-Üst Bant Aralığında,EMA5 Destek: 22.24 (%8.9 altta),11.92-14.92 (%38.9 altta),-,86.68,68.62,20.57,0.61,
2026-07-24 21:56,ICUGS,6.0,🟢 Yükseliş Trendinde,🔥 GÜÇLÜ AL (Taze Kırılım),🟡 RİSKLİ AL (0 Üstü - Hacimsiz),-,🟢 EMA Yükselişte (SSL Ok Bekleniyor),⚪ Yelpaze Açık,🟡Fiyat Orta-Üst Bant Aralığında,EMA5 Destek: 5.70 (%5.0 altta),-,-,116.77,65.65,12.72,-0.02,
2026-07-24 21:56,IDGYO,4.55,🟢 Yükseliş Trendinde,🔴 SAT,-,-,🟢 EMA Yükselişte (SSL Ok Bekleniyor),⚪ Yelpaze Açık,🟡Fiyat Orta-Üst Bant Aralığında,EMA21 Destek: 4.34 (%4.6 altta) | EMA5 Direnç: 4.66 (%2.4 üstte),2.09-2.57 (%43.5 altta),6.40-7.35 (%40.7 üstte),20.91,53.44,49.95,0.74,
2026-07-24 21:56,IEYHO,164.2,🟢 Yükseliş Trendinde,🟢 AL (Trend Onaylı),-,-,🟢 EMA Yükselişte (SSL Ok Bekleniyor),⚪ Yelpaze Açık,🟡Fiyat Orta-Üst Bant Aralığında,EMA5 Destek: 153.60 (%6.5 altta),0.71-0.75 (%99.5 altta),-,361.5,96.92,61.29,0.98,
2026-07-24 21:56,IHAAS,57.0,🔴 Düşüş Trendinde,🔴 SAT,-,-,⚠️ Yükseliş Trendinde Düzeltme (SSL Negatif),⚪ Yelpaze Açık,⚪Fiyat Alt_Orta Bant Aralığında,EMA100 Destek: 47.57 (%16.5 altta) | EMA55 Direnç: 58.36 (%2.4 üstte),12.87-13.78 (%75.8 altta),-,53.7,44.17,9.59,-0.61,
2026-07-24 21:56,IHEVA,2.02,🔴 Düşüş Trendinde,🔴 SAT,-,-,"📉 Düşüş Hazırlığı (50<100 Kesti, 150 Bekleniyor)",🚨 BB SIKIŞMA,⚪Fiyat Alt_Orta Bant Aralığında,EMA5 Direnç: 2.06 (%1.8 üstte),-,2.17-2.34 (%7.4 üstte),-2.3,36.59,0.65,-0.95,
2026-07-24 21:56,IHGZT,1.27,🔴 Düşüş Trendinde,🔴 SAT,-,-,⚠️ Yükseliş Trendinde Düzeltme (SSL Negatif),🟠 Daralıyor,⚪Fiyat Alt_Orta Bant Aralığında,EMA5 Direnç: 1.31 (%3.1 üstte),0.62-0.66 (%48.0 altta),1.82-2.14 (%43.3 üstte),-4.34,33.39,0.0,-0.93,
2026-07-24 21:56,IHLAS,1.07,🔴 Düşüş Trendinde,🔴 SAT,-,-,"📉 Düşüş Hazırlığı (50<100 Kesti, 150 Bekleniyor)",⚪ Yelpaze Açık,⚪Fiyat Alt_Orta Bant Aralığında,EMA5 Direnç: 1.17 (%9.3 üstte),-,2.25-2.56 (%110.3 üstte),-37.55,26.37,1.74,-0.93,
2026-07-24 21:56,IHLGM,1.69,🔴 Düşüş Trendinde,🔴 SAT,-,-,⚠️ Yükseliş Trendinde Düzeltme (SSL Negatif),🟡 Normal Genişlik,⚪Fiyat Alt_Orta Bant Aralığında,EMA200 Direnç: 1.71 (%1.4 üstte),0.64-0.70 (%58.6 altta),-,-1.41,35.68,0.0,-0.94,
2026-07-24 21:56,IHYAY,1.33,🔴 Düşüş Trendinde,🔴 SAT,-,🟢 POTANSİYEL DİP,🔴 Ayı Piyasası (EMA 50 En Altta),🟠 Daralıyor,🚨Fiyat Bandın Altında!,EMA5 Direnç: 1.42 (%6.6 üstte),0.63-0.70 (%47.4 altta),4.67-5.23 (%251.1 üstte),-33.56,27.01,0.0,-0.95,
2026-07-24 21:56,IMASM,2.86,🔴 Düşüş Trendinde,⏳ BEKLE,🟢 POTANSİYEL DİP (0 Altı - Hacimsiz),-,🔴 Ayı Piyasası (EMA 50 En Altta),⚪ Yelpaze Açık,⚪Fiyat Alt_Orta Bant Aralığında,EMA5 Direnç: 2.92 (%2.1 üstte),2.23-2.78 (%2.8 altta),-,-32.64,32.76,6.66,-0.97,
2026-07-24 21:56,INDES,11.18,🟢 Yükseliş Trendinde,⏳ BEKLE,-,-,🟢 EMA Yükselişte (SSL Ok Bekleniyor),⚪ Yelpaze Açık,🟡Fiyat Orta-Üst Bant Aralığında,EMA5 Destek: 11.07 (%1.0 altta),5.94-6.20 (%44.6 altta),-,64.87,62.43,18.48,0.39,
2026-07-24 21:56,INFO,6.47,🟢 Yükseliş Trendinde,⏳ BEKLE,-,-,🟢 EMA Yükselişte (SSL Ok Bekleniyor),⚪ Yelpaze Açık,🟡Fiyat Orta-Üst Bant Aralığında,EMA5 Destek: 6.39 (%1.2 altta),-,-,115.89,65.24,57.23,0.84,
2026-07-24 21:56,INGRM,391.0,🟢 Yükseliş Trendinde,🔴 SAT,-,-,"📉 Düşüş Hazırlığı (50<100 Kesti, 150 Bekleniyor)",⚪ Yelpaze Açık,⚪Fiyat Alt_Orta Bant Aralığında,EMA200 Destek: 377.51 (%3.4 altta) | EMA5 Direnç: 407.78 (%4.3 üstte),332.25-367.25 (%6.1 altta),529.50-592.50 (%35.4 üstte),3.57,45.35,0.0,-0.45,
2026-07-24 21:56,INTEK,371.25,🔥 AL (Taze Kırılım),🟢 AL (Trend Onaylı),-,-,🔴 Ayı Piyasası (EMA 50 En Altta),⚪ Yelpaze Açık,🚨Fiyat Bandın Üzerinde!,EMA100 Destek: 330.95 (%10.9 altta),-,431.25-463.00 (%16.2 üstte),34.0,67.66,89.44,0.55,
2026-07-24 21:56,INTEM,256.0,🔴 Düşüş Trendinde,⏳ BEKLE,-,-,⚠️ Yükseliş Trendinde Düzeltme (SSL Negatif),🚨 BB SIKIŞMA,⚪Fiyat Alt_Orta Bant Aralığında,EMA200 Destek: 207.92 (%18.8 altta) | EMA100 Direnç: 256.71 (%0.3 üstte),-,-,23.13,42.8,29.75,-0.85,
2026-07-24 21:56,INVEO,7.63,🔴 Düşüş Trendinde,🔴 SAT,-,-,"📉 Düşüş Hazırlığı (50<100 Kesti, 150 Bekleniyor)",🚨 BB SIKIŞMA,⚪Fiyat Alt_Orta Bant Aralığında,EMA200 Direnç: 7.73 (%1.3 üstte),5.79-6.25 (%18.1 altta),9.19-10.25 (%20.4 üstte),-1.25,44.45,41.09,0.13,
2026-07-24 21:56,INVES,668.0,🟢 Yükseliş Trendinde,⏳ BEKLE,-,-,-,🟡 Normal Genişlik,🟡Fiyat Orta-Üst Bant Aralığında,EMA5 Destek: 652.74 (%2.3 altta),183.50-210.00 (%68.6 altta),-,-,63.07,20.99,0.72,
2026-07-24 21:56,ISATR,4950000.0,🔴 Düşüş Trendinde,🔴 SAT,-,🟢 POTANSİYEL DİP,🟢 EMA Yükselişte (SSL Ok Bekleniyor),🟡 Normal Genişlik,🟡Fiyat Orta-Üst Bant Aralığında,EMA5 Destek: 4949999.96 (%0.0 altta) | EMA21 Direnç: 4958198.74 (%0.2 üstte),300995.94-307995.84 (%93.8 altta),-,51.83,5.39,0.0,,
2026-07-24 21:56,ISBIR,72.45,🔴 Düşüş Trendinde,⏳ BEKLE,🚀 KUSURSUZ DÖNÜŞ (0 Altı + Hacim),-,🔴 Ayı Piyasası (EMA 50 En Altta),🟠 Daralıyor,⚪Fiyat Alt_Orta Bant Aralığında,EMA5 Destek: 70.75 (%2.3 altta) | EMA21 Direnç: 75.04 (%3.6 üstte),-,115.80-129.99 (%59.8 üstte),-15.29,43.08,18.14,-0.9,
2026-07-24 21:56,ISBTR,498992.5,🟢 Yükseliş Trendinde,🟢 AL (Trend Onaylı),-,-,"📉 Düşüş Hazırlığı (50<100 Kesti, 150 Bekleniyor)",⚪ Yelpaze Açık,🟡Fiyat Orta-Üst Bant Aralığında,EMA5 Destek: 495571.54 (%0.7 altta),4271.97-43898.61 (%91.2 altta),-,40.53,56.01,71.69,0.78,
2026-07-24 21:56,ISCTR,12.92,🔴 Düşüş Trendinde,🔴 SAT,-,-,⚠️ Yükseliş Trendinde Düzeltme (SSL Negatif),🚨 BB SIKIŞMA,⚪Fiyat Alt_Orta Bant Aralığında,EMA100 Destek: 12.82 (%0.8 altta) | EMA5 Direnç: 13.64 (%5.6 üstte),10.65-11.73 (%9.2 altta),-,30.54,43.24,15.37,-0.21,
2026-07-24 21:56,ISDMR,55.55,🟢 Yükseliş Trendinde,🔴 SAT,-,-,🟢 EMA Yükselişte (SSL Ok Bekleniyor),⚪ Yelpaze Açık,🟡Fiyat Orta-Üst Bant Aralığında,EMA21 Destek: 51.40 (%7.5 altta) | EMA5 Direnç: 56.59 (%1.9 üstte),-,-,60.92,60.85,4.57,0.64,
2026-07-24 21:56,ISFIN,19.44,🟢 Yükseliş Trendinde,🔴 SAT,-,-,⚠️ Yükseliş Trendinde Düzeltme (SSL Negatif),🚨 BB SIKIŞMA,⚪Fiyat Alt_Orta Bant Aralığında,EMA55 Destek: 18.50 (%4.8 altta) | EMA5 Direnç: 19.64 (%1.0 üstte),-,-,47.43,48.8,4.62,-0.49,
2026-07-24 21:56,ISGSY,17.58,🟢 Yükseliş Trendinde,🔴 SAT,-,-,⚠️ Yükseliş Trendinde Düzeltme (SSL Negatif),🟠 Daralıyor,⚪Fiyat Alt_Orta Bant Aralığında,EMA55 Destek: 15.82 (%10.0 altta) | EMA5 Direnç: 18.81 (%7.0 üstte),3.38-3.88 (%77.9 altta),-,100.06,47.08,4.21,-0.25,
2026-07-24 21:56,ISGYO,25.06,🟢 Yükseliş Trendinde,🟢 AL (Trend Onaylı),🩸 SAT (Zirveden Dönüş),-,🟢 EMA Yükselişte (SSL Ok Bekleniyor),⚪ Yelpaze Açık,🟡Fiyat Orta-Üst Bant Aralığında,EMA21 Destek: 22.92 (%8.5 altta) | EMA5 Direnç: 25.52 (%1.8 üstte),17.74-19.47 (%22.3 altta),-,50.58,58.43,62.85,0.81,
2026-07-24 21:56,ISKPL,9.78,🔴 Düşüş Trendinde,⏳ BEKLE,🚀 KUSURSUZ DÖNÜŞ (0 Altı + Hacim),-,⚠️ Yükseliş Trendinde Düzeltme (SSL Negatif),⚪ Yelpaze Açık,⚪Fiyat Alt_Orta Bant Aralığında,EMA5 Destek: 8.72 (%10.8 altta) | EMA55 Direnç: 10.51 (%7.5 üstte),-,-,76.26,45.52,12.44,-0.86,
2026-07-24 21:56,ISKUR,4125000.0,🟢 Yükseliş Trendinde,🟢 AL (Trend Onaylı),-,-,-,⚪ Yelpaze Açık,🟡Fiyat Orta-Üst Bant Aralığında,EMA5 Destek: 3442088.66 (%16.6 altta),-,-,-,61.22,88.64,0.43,
2026-07-24 21:56,ISMEN,36.3,🔴 Düşüş Trendinde,⏳ BEKLE,🟢 POTANSİYEL DİP (0 Altı - Hacimsiz),-,⚠️ Yükseliş Trendinde Düzeltme (SSL Negatif),⚪ Yelpaze Açık,⚪Fiyat Alt_Orta Bant Aralığında,EMA100 Destek: 36.07 (%0.6 altta) | EMA5 Direnç: 36.33 (%0.1 üstte),-,-,32.01,42.31,17.17,-0.9,
2026-07-24 21:56,ISSEN,7.17,🟢 Yükseliş Trendinde,🔴 SAT,-,-,🔴 Ayı Piyasası (EMA 50 En Altta),⚪ Yelpaze Açık,⚪Fiyat Alt_Orta Bant Aralığında,EMA5 Direnç: 7.32 (%2.1 üstte),-,22.03-29.24 (%207.3 üstte),-31.62,40.71,1.03,-0.83,
2026-07-24 21:56,ISVEA,44.28,-,-,-,-,-,-,-,-,-,-,-,,,,
2026-07-24 21:56,ISYAT,7.75,🔴 Düşüş Trendinde,🔴 SAT,-,-,⚠️ Yükseliş Trendinde Düzeltme (SSL Negatif),🚨 BB SIKIŞMA,⚪Fiyat Alt_Orta Bant Aralığında,EMA200 Destek: 7.26 (%6.3 altta) | EMA5 Direnç: 7.92 (%2.2 üstte),7.34-8.16 (fiyat bandın içinde!),9.40-11.20 (%21.3 üstte),6.72,40.18,3.52,-0.79,
2026-07-24 21:56,IZENR,10.0,🔴 Düşüş Trendinde,⏳ BEKLE,🟢 POTANSİYEL DİP (0 Altı - Hacimsiz),-,⚠️ Yükseliş Trendinde Düzeltme (SSL Negatif),🟠 Daralıyor,⚪Fiyat Alt_Orta Bant Aralığında,EMA21 Destek: 9.92 (%0.8 altta),4.20-4.54 (%54.6 altta),-,-,50.84,21.67,-0.58,
2026-07-24 21:56,IZFAS,64.1,🟢 Yükseliş Trendinde,🔴 SAT,-,-,⚠️ Yükseliş Trendinde Düzeltme (SSL Negatif),🚨 BB SIKIŞMA,🟡Fiyat Orta-Üst Bant Aralığında,EMA5 Destek: 63.10 (%1.6 altta),0.50-0.52 (%99.2 altta),-,145.35,56.13,10.05,-0.44,
2026-07-24 21:56,IZINV,60.1,🟢 Yükseliş Trendinde,🔴 SAT,-,-,⚠️ Yükseliş Trendinde Düzeltme (SSL Negatif),🟠 Daralıyor,⚪Fiyat Alt_Orta Bant Aralığında,EMA100 Destek: 58.43 (%2.8 altta) | EMA5 Direnç: 62.55 (%4.1 üstte),55.10-63.70 (fiyat bandın içinde!),-,27.13,44.04,3.59,-0.63,
2026-07-24 21:56,IZMDC,12.16,🟢 Yükseliş Trendinde,🟢 AL (Trend Onaylı),-,🔴 ZİRVEDE,🟢 EMA Yükselişte (SSL Ok Bekleniyor),⚪ Yelpaze Açık,🚨Fiyat Bandın Üzerinde!,EMA5 Destek: 10.48 (%13.8 altta),4.50-5.48 (%54.9 altta),-,106.13,75.51,94.31,0.84,
2026-07-24 21:56,JANTS,15.53,🔴 Düşüş Trendinde,🔴 SAT,-,-,🔴 Ayı Piyasası (EMA 50 En Altta),🚨 BB SIKIŞMA,⚪Fiyat Alt_Orta Bant Aralığında,EMA5 Direnç: 16.04 (%3.3 üstte),-,26.24-29.46 (%69.0 üstte),-14.64,37.49,14.18,-0.87,
2026-07-24 21:56,KAPLM,424.25,🟢 Yükseliş Trendinde,🔴 SAT,-,-,⚠️ Yükseliş Trendinde Düzeltme (SSL Negatif),🟡 Normal Genişlik,⚪Fiyat Alt_Orta Bant Aralığında,EMA100 Destek: 357.41 (%15.8 altta) | EMA55 Direnç: 434.50 (%2.4 üstte),-,-,67.21,41.79,0.0,-0.84,
2026-07-24 21:56,KAREL,10.0,🟢 Yükseliş Trendinde,🔴 SAT,-,-,⚠️ Yükseliş Trendinde Düzeltme (SSL Negatif),⚪ Yelpaze Açık,⚪Fiyat Alt_Orta Bant Aralığında,EMA200 Destek: 9.28 (%7.2 altta) | EMA100 Direnç: 10.09 (%0.9 üstte),7.52-8.04 (%19.6 altta),15.00-17.48 (%50.0 üstte),7.8,46.82,3.88,-0.71,
2026-07-24 21:56,KARSN,10.89,🟢 Yükseliş Trendinde,🔴 SAT,-,-,⚠️ Yükseliş Trendinde Düzeltme (SSL Negatif),⚪ Yelpaze Açık,⚪Fiyat Alt_Orta Bant Aralığında,EMA200 Destek: 10.07 (%7.6 altta) | EMA100 Direnç: 11.06 (%1.6 üstte),-,-,8.18,46.14,2.31,-0.2,
2026-07-24 21:56,KARTN,212.6,🟢 Yükseliş Trendinde,🟢 AL (Trend Onaylı),-,🔴 ZİRVEDE,🟢 EMA Yükselişte (SSL Ok Bekleniyor),⚪ Yelpaze Açık,🚨Fiyat Bandın Üzerinde!,EMA5 Destek: 186.83 (%12.1 altta),-,-,140.7,78.63,97.95,0.87,
2026-07-24 21:56,KATMR,2.41,🔴 Düşüş Trendinde,🔴 SAT,-,-,⚠️ Yükseliş Trendinde Düzeltme (SSL Negatif),🟠 Daralıyor,⚪Fiyat Alt_Orta Bant Aralığında,EMA200 Destek: 2.25 (%6.6 altta) | EMA5 Direnç: 2.51 (%4.0 üstte),1.47-1.62 (%32.8 altta),-,7.03,38.66,3.28,-0.84,
2026-07-24 21:56,KAYSE,4.08,🔴 Düşüş Trendinde,🔴 SAT,-,-,🔴 Ayı Piyasası (EMA 50 En Altta),🟠 Daralıyor,⚪Fiyat Alt_Orta Bant Aralığında,EMA5 Direnç: 4.20 (%3.0 üstte),4.04-4.21 (fiyat bandın içinde!),-,-,39.46,0.63,-0.96,
2026-07-24 21:56,KBORU,26.4,🟢 Yükseliş Trendinde,🟢 AL (Trend Onaylı),-,-,-,⚪ Yelpaze Açık,🟡Fiyat Orta-Üst Bant Aralığında,EMA5 Destek: 26.15 (%1.0 altta) | EMA100 Direnç: 36.02 (%36.4 üstte),13.07-14.75 (%44.1 altta),76.07-89.10 (%188.1 üstte),-,63.82,32.88,0.2,
2026-07-24 21:56,KCAER,15.0,🟢 Yükseliş Trendinde,⏳ BEKLE,-,-,🟢 EMA Yükselişte (SSL Ok Bekleniyor),⚪ Yelpaze Açık,🟡Fiyat Orta-Üst Bant Aralığında,EMA5 Destek: 14.36 (%4.3 altta),-,14.36-15.98 (fiyat bandın içinde!),25.85,61.12,43.57,0.75,
2026-07-24 21:56,KCHOL,197.6,🟢 Yükseliş Trendinde,🟢 AL (Trend Onaylı),-,-,⚠️ Yükseliş Trendinde Düzeltme (SSL Negatif),🚨 BB SIKIŞMA,🟡Fiyat Orta-Üst Bant Aralığında,EMA5 Destek: 195.37 (%1.1 altta),145.08-157.70 (%20.2 altta),-,44.55,54.02,28.98,-0.46,
2026-07-24 21:56,KENT,336.5,🔴 Düşüş Trendinde,🔴 SAT,-,🟢 POTANSİYEL DİP,🔴 Ayı Piyasası (EMA 50 En Altta),🚨 BB SIKIŞMA,⚪Fiyat Alt_Orta Bant Aralığında,EMA5 Direnç: 357.81 (%6.3 üstte),-,816.00-1145.00 (%142.5 üstte),-38.1,25.06,8.63,-0.94,
2026-07-24 21:56,KERVN,6.95,🟢 Yükseliş Trendinde,⏳ BEKLE,-,-,🟢 EMA Yükselişte (SSL Ok Bekleniyor),⚪ Yelpaze Açık,🟡Fiyat Orta-Üst Bant Aralığında,EMA5 Destek: 6.60 (%5.0 altta),1.83-1.90 (%72.7 altta),-,206.04,72.06,56.62,0.91,
2026-07-24 21:56,KFEIN,8.92,🟢 Yükseliş Trendinde,🔴 SAT,-,-,⚠️ Yükseliş Trendinde Düzeltme (SSL Negatif),⚪ Yelpaze Açık,⚪Fiyat Alt_Orta Bant Aralığında,EMA200 Destek: 7.44 (%16.6 altta) | EMA5 Direnç: 9.14 (%2.4 üstte),1.68-1.92 (%78.4 altta),-,19.86,45.62,3.87,-0.01,
2026-07-24 21:56,KGYO,10.05,🔴 Düşüş Trendinde,🔴 SAT,-,-,⚠️ Yükseliş Trendinde Düzeltme (SSL Negatif),⚪ Yelpaze Açık,⚪Fiyat Alt_Orta Bant Aralığında,EMA21 Destek: 9.97 (%0.8 altta),-,-,197.52,52.48,15.39,-0.57,
2026-07-24 21:56,KIMMR,14.71,🟢 Yükseliş Trendinde,🔴 SAT,-,-,⚠️ Yükseliş Trendinde Düzeltme (SSL Negatif),🟠 Daralıyor,⚪Fiyat Alt_Orta Bant Aralığında,EMA100 Destek: 13.45 (%8.6 altta) | EMA55 Direnç: 15.01 (%2.1 üstte),-,-,37.45,42.31,4.02,-0.91,
2026-07-24 21:56,KLGYO,4.64,🔴 Düşüş Trendinde,🔴 SAT,🔴 ZAYIFLAMA (Zaten Dipte),-,⚠️ Yükseliş Trendinde Düzeltme (SSL Negatif),🚨 BB SIKIŞMA,⚪Fiyat Alt_Orta Bant Aralığında,EMA200 Destek: 4.37 (%5.8 altta) | EMA5 Direnç: 4.91 (%5.7 üstte),-,-,6.14,36.49,40.65,-0.49,
2026-07-24 21:56,KLKIM,26.94,🔴 Düşüş Trendinde,🔴 SAT,-,-,⚠️ Yükseliş Trendinde Düzeltme (SSL Negatif),⚪ Yelpaze Açık,⚪Fiyat Alt_Orta Bant Aralığında,EMA200 Destek: 24.14 (%10.4 altta) | EMA5 Direnç: 28.13 (%4.4 üstte),-,-,11.61,33.63,1.48,-0.96,
2026-07-24 21:56,KLMSN,29.24,🔴 Düşüş Trendinde,🔴 SAT,-,-,⚠️ Yükseliş Trendinde Düzeltme (SSL Negatif),🚨 BB SIKIŞMA,⚪Fiyat Alt_Orta Bant Aralığında,EMA200 Destek: 25.47 (%12.9 altta) | EMA100 Direnç: 29.65 (%1.4 üstte),-,-,14.8,42.89,1.41,-0.85,
2026-07-24 21:56,KLNMA,9.8,🟢 Yükseliş Trendinde,⏳ BEKLE,-,-,🔴 Ayı Piyasası (EMA 50 En Altta),🚨 BB SIKIŞMA,🟡Fiyat Orta-Üst Bant Aralığında,EMA21 Destek: 9.67 (%1.3 altta) | EMA55 Direnç: 10.38 (%6.0 üstte),-,28.10-38.52 (%186.7 üstte),-27.88,50.19,64.53,0.05,
2026-07-24 21:56,KLRHO,81.15,🔴 Düşüş Trendinde,🔴 SAT,-,-,-,🟡 Normal Genişlik,⚪Fiyat Alt_Orta Bant Aralığında,EMA5 Direnç: 86.62 (%6.7 üstte),-,-,-,38.97,8.68,-0.75,
2026-07-24 21:56,KLSER,25.66,🔴 Düşüş Trendinde,🔴 SAT,-,-,🔴 Ayı Piyasası (EMA 50 En Altta),🟠 Daralıyor,⚪Fiyat Alt_Orta Bant Aralığında,EMA5 Direnç: 26.25 (%2.3 üstte),-,-,-,42.06,4.11,-0.5,
2026-07-24 21:56,KLSYN,13.43,🟢 Yükseliş Trendinde,⏳ BEKLE,🩸 SAT (Zirveden Dönüş),-,⚪ Karışık / Testere Piyasası,⚪ Yelpaze Açık,🟡Fiyat Orta-Üst Bant Aralığında,EMA21 Destek: 12.07 (%10.2 altta) | EMA5 Direnç: 13.95 (%3.9 üstte),-,-,111.07,57.61,29.92,0.63,
2026-07-24 21:56,KLYPV,60.65,🔴 Düşüş Trendinde,🔴 SAT,🩸 SAT (Zirveden Dönüş),-,-,-,⚪Fiyat Alt_Orta Bant Aralığında,EMA21 Direnç: 61.06 (%0.7 üstte),-,-,-,49.35,44.91,0.13,
2026-07-24 21:56,KMPUR,21.78,🟢 Yükseliş Trendinde,🔥 GÜÇLÜ AL (Taze Kırılım),-,-,🔴 Ayı Piyasası (EMA 50 En Altta),⚪ Yelpaze Açık,🟡Fiyat Orta-Üst Bant Aralığında,EMA200 Destek: 21.34 (%2.0 altta),13.04-14.12 (%35.2 altta),31.59-34.44 (%45.1 üstte),2.07,60.52,29.69,-0.29,
2026-07-24 21:56,KNFRT,11.69,🟢 Yükseliş Trendinde,🔴 SAT,-,-,🟢 EMA Yükselişte (SSL Ok Bekleniyor),⚪ Yelpaze Açık,⚪Fiyat Alt_Orta Bant Aralığında,EMA200 Destek: 10.28 (%12.1 altta) | EMA100 Direnç: 12.24 (%4.7 üstte),9.51-11.17 (%4.4 altta),-,13.74,45.26,3.16,-0.0,
2026-07-24 21:56,KOCMT,4.89,🟢 Yükseliş Trendinde,🟢 AL (Trend Onaylı),📈 TREND DEVAMI (0 Üstü + Hacim),🔴 ZİRVEDE,-,-,🚨Fiyat Bandın Üzerinde!,EMA5 Destek: 4.10 (%16.2 altta),-,-,-,74.19,64.02,0.82,
2026-07-24 21:56,KONKA,13.17,🟢 Yükseliş Trendinde,🔴 SAT,-,-,⚠️ Yükseliş Trendinde Düzeltme (SSL Negatif),⚪ Yelpaze Açık,⚪Fiyat Alt_Orta Bant Aralığında,EMA200 Direnç: 13.59 (%3.2 üstte),9.79-11.30 (%14.2 altta),-,-3.07,40.92,0.19,-0.85,
2026-07-24 21:56,KONTR,5.0,🔴 Düşüş Trendinde,⏳ BEKLE,-,-,🔴 Ayı Piyasası (EMA 50 En Altta),⚪ Yelpaze Açık,⚪Fiyat Alt_Orta Bant Aralığında,EMA5 Direnç: 5.13 (%2.6 üstte),-,52.99-67.62 (%959.7 üstte),-81.92,35.14,45.89,-0.9,
2026-07-24 21:56,KONYA,3850.0,🟢 Yükseliş Trendinde,⏳ BEKLE,-,-,🔴 Ayı Piyasası (EMA 50 En Altta),🟠 Daralıyor,⚪Fiyat Alt_Orta Bant Aralığında,EMA5 Direnç: 3875.86 (%0.7 üstte),-,-,-14.76,43.49,52.51,-0.56,
2026-07-24 21:56,KOPOL,6.19,🟢 Yükseliş Trendinde,🔴 SAT,-,-,🔴 Ayı Piyasası (EMA 50 En Altta),🚨 BB SIKIŞMA,🟡Fiyat Orta-Üst Bant Aralığında,EMA55 Destek: 6.13 (%1.0 altta) | EMA21 Direnç: 6.24 (%0.8 üstte),4.64-6.29 (fiyat bandın içinde!),7.03-9.10 (%13.5 üstte),-,49.89,27.52,0.42,
2026-07-24 21:56,KORDS,70.0,🟢 Yükseliş Trendinde,🔴 SAT,-,-,⚠️ Yükseliş Trendinde Düzeltme (SSL Negatif),⚪ Yelpaze Açık,⚪Fiyat Alt_Orta Bant Aralığında,EMA100 Destek: 65.69 (%6.2 altta) | EMA21 Direnç: 70.76 (%1.1 üstte),-,94.75-102.40 (%35.4 üstte),8.87,50.83,15.78,0.14,
2026-07-24 21:56,KOTON,13.66,🔴 Düşüş Trendinde,🔴 SAT,-,-,-,-,⚪Fiyat Alt_Orta Bant Aralığında,EMA5 Direnç: 14.05 (%2.9 üstte),-,20.20-21.76 (%47.9 üstte),-,36.97,0.0,-0.9,
2026-07-24 21:56,KRDMA,42.76,🟢 Yükseliş Trendinde,🟢 AL (Trend Onaylı),-,-,🟢 EMA Yükselişte (SSL Ok Bekleniyor),🟡 Normal Genişlik,🟡Fiyat Orta-Üst Bant Aralığında,EMA5 Destek: 41.01 (%4.1 altta),17.05-18.33 (%57.1 altta),-,67.92,68.73,55.86,0.78,
2026-07-24 21:56,KRDMB,136.0,🟢 Yükseliş Trendinde,⏳ BEKLE,🩸 SAT (Zirveden Dönüş),-,⚪ Karışık / Testere Piyasası,⚪ Yelpaze Açık,🟡Fiyat Orta-Üst Bant Aralığında,EMA5 Destek: 135.01 (%0.7 altta),-,-,295.55,82.85,50.66,0.97,
2026-07-24 21:56,KRDMD,42.2,🟢 Yükseliş Trendinde,🟢 AL (Trend Onaylı),🚀 KUSURSUZ DÖNÜŞ (0 Altı + Hacim),-,🟢 EMA Yükselişte (SSL Ok Bekleniyor),⚪ Yelpaze Açık,🟡Fiyat Orta-Üst Bant Aralığında,EMA5 Destek: 40.91 (%3.0 altta),23.50-26.00 (%38.4 altta),-,68.46,65.72,31.44,0.38,
2026-07-24 21:56,KRGYO,2.5,🔴 Düşüş Trendinde,🔴 SAT,-,🟢 POTANSİYEL DİP,🔴 Ayı Piyasası (EMA 50 En Altta),🚨 BB SIKIŞMA,⚪Fiyat Alt_Orta Bant Aralığında,EMA5 Direnç: 2.56 (%2.4 üstte),-,3.06-3.27 (%22.3 üstte),-38.46,34.19,0.0,-0.85,
2026-07-24 21:56,KRONT,22.8,🟢 Yükseliş Trendinde,🟢 AL (Trend Onaylı),🩸 SAT (Zirveden Dönüş),-,⚪ Karışık / Testere Piyasası,🟡 Normal Genişlik,🟡Fiyat Orta-Üst Bant Aralığında,EMA21 Destek: 20.64 (%9.5 altta) | EMA5 Direnç: 23.04 (%1.1 üstte),7.54-9.28 (%59.3 altta),-,94.2,58.61,49.09,0.68,
2026-07-24 21:56,KRPLS,9.45,🟢 Yükseliş Trendinde,⏳ BEKLE,🟢 POTANSİYEL DİP (0 Altı - Hacimsiz),-,🟢 EMA Yükselişte (SSL Ok Bekleniyor),🚨 BB SIKIŞMA,🟡Fiyat Orta-Üst Bant Aralığında,EMA5 Destek: 9.18 (%2.9 altta),6.12-7.57 (%19.9 altta),-,18.69,56.3,18.76,-0.1,
2026-07-24 21:56,KRSTL,10.52,🔴 Düşüş Trendinde,🔴 SAT,-,-,🟢 EMA Yükselişte (SSL Ok Bekleniyor),🟡 Normal Genişlik,🟡Fiyat Orta-Üst Bant Aralığında,EMA55 Destek: 9.94 (%5.5 altta) | EMA21 Direnç: 10.52 (%0.0 üstte),5.42-5.80 (%44.9 altta),11.27-12.50 (%7.1 üstte),24.36,50.81,31.55,0.32,
2026-07-24 21:56,KRTEK,21.78,🔴 Düşüş Trendinde,🔴 SAT,-,-,🔴 Ayı Piyasası (EMA 50 En Altta),🚨 BB SIKIŞMA,⚪Fiyat Alt_Orta Bant Aralığında,EMA5 Direnç: 22.43 (%3.0 üstte),-,36.68-41.68 (%68.4 üstte),-12.07,36.14,0.0,-0.93,
2026-07-24 21:56,KRVGD,2.64,🟢 Yükseliş Trendinde,🔴 SAT,-,-,⚠️ Yükseliş Trendinde Düzeltme (SSL Negatif),⚪ Yelpaze Açık,⚪Fiyat Alt_Orta Bant Aralığında,EMA100 Destek: 2.59 (%1.9 altta) | EMA55 Direnç: 2.73 (%3.4 üstte),2.17-2.35 (%11.0 altta),-,13.62,40.59,0.0,-0.75,
2026-07-24 21:56,KSTUR,2692.5,🟢 Yükseliş Trendinde,🔴 SAT,-,-,"📉 Düşüş Hazırlığı (50<100 Kesti, 150 Bekleniyor)",🚨 BB SIKIŞMA,⚪Fiyat Alt_Orta Bant Aralığında,EMA200 Destek: 2480.19 (%7.9 altta) | EMA5 Direnç: 2778.73 (%3.2 üstte),-,-,8.56,40.5,3.76,-0.9,
2026-07-24 21:56,KTLEV,155.0,🟢 Yükseliş Trendinde,🔴 SAT,-,-,-,🟡 Normal Genişlik,🟡Fiyat Orta-Üst Bant Aralığında,EMA21 Destek: 129.84 (%16.2 altta) | EMA5 Direnç: 171.65 (%10.7 üstte),-,-,-,64.37,21.34,0.87,
2026-07-24 21:56,KTSKR,99.65,🔴 Düşüş Trendinde,🔥 GÜÇLÜ AL (Taze Kırılım),-,-,⚠️ Yükseliş Trendinde Düzeltme (SSL Negatif),⚪ Yelpaze Açık,⚪Fiyat Alt_Orta Bant Aralığında,EMA21 Destek: 98.20 (%1.5 altta) | EMA5 Direnç: 100.35 (%0.7 üstte),50.95-56.68 (%43.1 altta),-,56.13,52.36,13.48,-0.77,
2026-07-24 21:56,KUTPO,85.05,🔴 Düşüş Trendinde,🔴 SAT,-,-,⚠️ Yükseliş Trendinde Düzeltme (SSL Negatif),🚨 BB SIKIŞMA,⚪Fiyat Alt_Orta Bant Aralığında,EMA200 Destek: 79.84 (%6.1 altta) | EMA5 Direnç: 86.11 (%1.2 üstte),68.45-71.80 (%15.6 altta),95.65-102.70 (%12.5 üstte),6.52,39.26,2.87,-0.9,
2026-07-24 21:56,KUVVA,154.3,🟢 Yükseliş Trendinde,⏳ BEKLE,-,-,🚀 ASIL SİNYAL: GÜÇLÜ AL (EMA Sıralı + SSL Onay),🟠 Daralıyor,🟡Fiyat Orta-Üst Bant Aralığında,EMA5 Destek: 143.17 (%7.2 altta),-,-,90.55,58.57,22.96,0.01,
2026-07-24 21:56,KUYAS,70.75,🟢 Yükseliş Trendinde,🔴 SAT,🚀 KUSURSUZ DÖNÜŞ (0 Altı + Hacim),-,⚠️ Yükseliş Trendinde Düzeltme (SSL Negatif),🚨 BB SIKIŞMA,⚪Fiyat Alt_Orta Bant Aralığında,EMA55 Destek: 63.63 (%10.1 altta) | EMA5 Direnç: 71.03 (%0.4 üstte),-,-,101.04,49.25,5.56,-0.85,
2026-07-24 21:56,KZBGY,2.21,🔴 Düşüş Trendinde,🔴 SAT,-,🟢 POTANSİYEL DİP,⚠️ Yükseliş Trendinde Düzeltme (SSL Negatif),⚪ Yelpaze Açık,🚨Fiyat Bandın Altında!,EMA5 Direnç: 2.42 (%9.6 üstte),1.25-1.42 (%35.8 altta),-,-19.94,33.35,0.0,-0.89,
2026-07-24 21:56,KZGYO,21.44,🔴 Düşüş Trendinde,🔴 SAT,-,-,🔴 Ayı Piyasası (EMA 50 En Altta),🟡 Normal Genişlik,⚪Fiyat Alt_Orta Bant Aralığında,EMA5 Direnç: 22.06 (%2.9 üstte),17.80-21.88 (fiyat bandın içinde!),-,-,41.73,2.0,-0.69,
2026-07-24 21:56,LIDER,102.1,🔴 Düşüş Trendinde,⏳ BEKLE,-,-,⚠️ Yükseliş Trendinde Düzeltme (SSL Negatif),⚪ Yelpaze Açık,⚪Fiyat Alt_Orta Bant Aralığında,EMA55 Destek: 84.74 (%17.0 altta) | EMA5 Direnç: 102.41 (%0.3 üstte),-,-,153.82,50.88,22.98,-0.73,
2026-07-24 21:56,LIDFA,3.0,🟢 Yükseliş Trendinde,⏳ BEKLE,🟢 POTANSİYEL DİP (0 Altı - Hacimsiz),-,⚠️ Yükseliş Trendinde Düzeltme (SSL Negatif),⚪ Yelpaze Açık,⚪Fiyat Alt_Orta Bant Aralığında,EMA21 Destek: 2.99 (%0.3 altta),1.28-1.65 (%44.9 altta),-,70.95,51.64,13.23,-0.68,
2026-07-24 21:56,LILAK,30.16,🟢 Yükseliş Trendinde,🔴 SAT,-,-,-,-,⚪Fiyat Alt_Orta Bant Aralığında,EMA100 Destek: 27.80 (%7.8 altta) | EMA55 Direnç: 30.59 (%1.4 üstte),19.00-21.07 (%30.2 altta),-,-,43.58,0.0,-0.59,
2026-07-24 21:56,LINK,6.28,🟢 Yükseliş Trendinde,🔴 SAT,-,-,🔴 Ayı Piyasası (EMA 50 En Altta),⚪ Yelpaze Açık,⚪Fiyat Alt_Orta Bant Aralığında,EMA200 Direnç: 6.59 (%5.0 üstte),-,15.77-18.76 (%151.1 üstte),-4.77,45.34,42.11,0.48,
2026-07-24 21:56,LKMNH,14.52,🟢 Yükseliş Trendinde,🔴 SAT,-,-,⚠️ Yükseliş Trendinde Düzeltme (SSL Negatif),🚨 BB SIKIŞMA,⚪Fiyat Alt_Orta Bant Aralığında,EMA200 Destek: 11.72 (%19.3 altta) | EMA5 Direnç: 14.94 (%2.9 üstte),-,-,23.89,41.09,15.54,-0.56,
2026-07-24 21:56,LMKDC,23.66,🔴 Düşüş Trendinde,🔴 SAT,-,-,-,⚪ Yelpaze Açık,⚪Fiyat Alt_Orta Bant Aralığında,EMA5 Direnç: 25.23 (%6.6 üstte),-,-,-,33.11,0.0,-0.93,
2026-07-24 21:56,LOGO,133.6,🔴 Düşüş Trendinde,🔴 SAT,-,-,⚠️ Yükseliş Trendinde Düzeltme (SSL Negatif),🟠 Daralıyor,⚪Fiyat Alt_Orta Bant Aralığında,EMA100 Destek: 130.45 (%2.4 altta) | EMA5 Direnç: 136.68 (%2.3 üstte),-,136.39-157.01 (%2.1 üstte),29.46,43.65,6.91,-0.49,
2026-07-24 21:56,LRSHO,2.91,🔴 Düşüş Trendinde,⏳ BEKLE,-,-,⚠️ Yükseliş Trendinde Düzeltme (SSL Negatif),🟠 Daralıyor,⚪Fiyat Alt_Orta Bant Aralığında,EMA5 Direnç: 3.07 (%5.3 üstte),-,5.66-6.82 (%94.5 üstte),-6.34,34.32,1.12,-0.9,
2026-07-24 21:56,LUKSK,96.0,🟢 Yükseliş Trendinde,🔴 SAT,-,-,⚠️ Yükseliş Trendinde Düzeltme (SSL Negatif),🚨 BB SIKIŞMA,⚪Fiyat Alt_Orta Bant Aralığında,EMA200 Destek: 76.84 (%20.0 altta) | EMA100 Direnç: 96.86 (%0.9 üstte),-,-,24.94,43.51,10.15,-0.42,
2026-07-24 21:56,LXGYO,13.04,🟢 Yükseliş Trendinde,🔴 SAT,-,-,-,-,⚪Fiyat Alt_Orta Bant Aralığında,EMA5 Direnç: 14.11 (%8.2 üstte),-,-,-,41.03,,-0.77,
2026-07-24 21:56,LYDHO,182.5,🟢 Yükseliş Trendinde,🔴 SAT,🔴 ZAYIFLAMA (Zaten Dipte),-,⚠️ Yükseliş Trendinde Düzeltme (SSL Negatif),🚨 BB SIKIŞMA,⚪Fiyat Alt_Orta Bant Aralığında,EMA55 Destek: 167.66 (%8.1 altta) | EMA5 Direnç: 184.97 (%1.4 üstte),3.16-3.60 (%98.0 altta),-,82.97,49.48,11.8,-0.64,
2026-07-24 21:56,LYDYE,13500.0,🔴 Düşüş Trendinde,⏳ BEKLE,🟢 POTANSİYEL DİP (0 Altı - Hacimsiz),-,⚠️ Yükseliş Trendinde Düzeltme (SSL Negatif),🟠 Daralıyor,⚪Fiyat Alt_Orta Bant Aralığında,EMA100 Destek: 13021.51 (%3.5 altta) | EMA5 Direnç: 13643.50 (%1.1 üstte),181.30-212.80 (%98.4 altta),-,49.11,41.51,18.28,-0.9,
2026-07-24 21:56,MAALT,1074.0,🟢 Yükseliş Trendinde,🔴 SAT,-,-,⚠️ Yükseliş Trendinde Düzeltme (SSL Negatif),🟡 Normal Genişlik,⚪Fiyat Alt_Orta Bant Aralığında,EMA55 Destek: 1063.08 (%1.0 altta) | EMA5 Direnç: 1110.00 (%3.4 üstte),616.00-651.00 (%39.4 altta),1214.00-1460.00 (%13.0 üstte),33.13,47.35,0.0,-0.41,
2026-07-24 21:56,MACKO,32.76,🟢 Yükseliş Trendinde,🔴 SAT,-,-,⚠️ Yükseliş Trendinde Düzeltme (SSL Negatif),⚪ Yelpaze Açık,⚪Fiyat Alt_Orta Bant Aralığında,EMA100 Destek: 31.02 (%5.3 altta) | EMA5 Direnç: 34.01 (%3.8 üstte),14.21-15.37 (%53.1 altta),40.61-45.18 (%24.0 üstte),-,43.24,0.49,-0.86,
2026-07-24 21:56,MAGEN,40.5,🔴 Düşüş Trendinde,⏳ BEKLE,🟢 POTANSİYEL DİP (0 Altı - Hacimsiz),-,⚠️ Yükseliş Trendinde Düzeltme (SSL Negatif),⚪ Yelpaze Açık,⚪Fiyat Alt_Orta Bant Aralığında,EMA5 Destek: 38.40 (%5.2 altta) | EMA21 Direnç: 44.55 (%10.0 üstte),-,-,107.55,46.19,13.09,-0.87,
2026-07-24 21:56,MAKIM,17.1,🟢 Yükseliş Trendinde,🔴 SAT,-,-,🔴 Ayı Piyasası (EMA 50 En Altta),🚨 BB SIKIŞMA,⚪Fiyat Alt_Orta Bant Aralığında,EMA21 Direnç: 17.51 (%2.4 üstte),-,24.52-26.38 (%43.4 üstte),-9.15,48.18,29.14,-0.15,
2026-07-24 21:56,MAKTK,11.1,🔴 Düşüş Trendinde,🔴 SAT,-,-,⚠️ Yükseliş Trendinde Düzeltme (SSL Negatif),🚨 BB SIKIŞMA,🚨Fiyat Bandın Altında!,EMA200 Destek: 9.52 (%14.2 altta) | EMA5 Direnç: 11.77 (%6.0 üstte),5.97-6.31 (%43.2 altta),-,16.61,38.1,0.0,-0.83,
2026-07-24 21:56,MANAS,30.62,🟢 Yükseliş Trendinde,🟢 AL (Trend Onaylı),-,-,🟢 EMA Yükselişte (SSL Ok Bekleniyor),🟠 Daralıyor,🟡Fiyat Orta-Üst Bant Aralığında,EMA21 Destek: 26.03 (%15.0 altta) | EMA5 Direnç: 30.75 (%0.4 üstte),6.35-7.25 (%76.3 altta),-,146.47,60.78,64.91,0.64,
2026-07-24 21:56,MARBL,12.55,🔴 Düşüş Trendinde,🔴 SAT,-,-,-,🚨 BB SIKIŞMA,⚪Fiyat Alt_Orta Bant Aralığında,EMA5 Direnç: 12.92 (%3.0 üstte),10.17-12.70 (fiyat bandın içinde!),-,-,45.18,11.92,-0.5,
2026-07-24 21:56,MARKA,78.75,🟢 Yükseliş Trendinde,⏳ BEKLE,-,-,🟢 EMA Yükselişte (SSL Ok Bekleniyor),⚪ Yelpaze Açık,🟡Fiyat Orta-Üst Bant Aralığında,EMA21 Destek: 65.51 (%16.8 altta) | EMA5 Direnç: 79.38 (%0.8 üstte),-,-,95.81,62.62,28.71,0.82,
2026-07-24 21:56,MARMR,2.23,🟢 Yükseliş Trendinde,⏳ BEKLE,-,-,-,-,⚪Fiyat Alt_Orta Bant Aralığında,EMA5 Direnç: 2.29 (%2.6 üstte),-,-,-,45.47,3.37,-0.96,
2026-07-24 21:56,MARTI,1.73,🟢 Yükseliş Trendinde,⏳ BEKLE,-,-,🔴 Ayı Piyasası (EMA 50 En Altta),⚪ Yelpaze Açık,⚪Fiyat Alt_Orta Bant Aralığında,EMA5 Destek: 1.71 (%1.3 altta) | EMA21 Direnç: 1.93 (%11.3 üstte),-,2.76-3.05 (%59.5 üstte),-41.1,42.16,11.8,-0.81,
2026-07-24 21:56,MAVI,38.48,🩸 SAT (Trend Kırıldı),⏳ BEKLE,-,-,⚠️ Yükseliş Trendinde Düzeltme (SSL Negatif),🚨 BB SIKIŞMA,⚪Fiyat Alt_Orta Bant Aralığında,EMA100 Destek: 38.11 (%1.0 altta) | EMA5 Direnç: 39.85 (%3.6 üstte),29.32-36.07 (%6.3 altta),-,29.04,43.37,16.93,-0.72,
2026-07-24 21:56,MCARD,137.2,🟢 Yükseliş Trendinde,🔴 SAT,-,-,-,-,⚪Fiyat Alt_Orta Bant Aralığında,EMA5 Direnç: 148.31 (%8.1 üstte),-,-,-,54.63,,-0.54,
2026-07-24 21:56,MEDTR,26.56,🔴 Düşüş Trendinde,🔴 SAT,-,-,🔴 Ayı Piyasası (EMA 50 En Altta),🚨 BB SIKIŞMA,⚪Fiyat Alt_Orta Bant Aralığında,EMA5 Direnç: 27.63 (%4.0 üstte),-,50.19-54.55 (%89.0 üstte),-9.76,38.0,0.0,-0.83,
2026-07-24 21:56,MEGAP,1.95,🔴 Düşüş Trendinde,🔴 SAT,-,-,🔴 Ayı Piyasası (EMA 50 En Altta),🟠 Daralıyor,⚪Fiyat Alt_Orta Bant Aralığında,EMA5 Direnç: 2.08 (%6.4 üstte),-,4.50-5.00 (%130.8 üstte),-41.6,29.97,0.0,-0.97,
2026-07-24 21:56,MEGMT,79.8,🔴 Düşüş Trendinde,🔴 SAT,-,-,-,🟠 Daralıyor,🟡Fiyat Orta-Üst Bant Aralığında,EMA5 Destek: 74.84 (%6.2 altta),25.20-27.48 (%65.6 altta),-,-,57.04,12.39,-0.53,
2026-07-24 21:56,MEKAG,3.25,🔴 Düşüş Trendinde,🔴 SAT,🔴 ZAYIFLAMA (Zaten Dipte),-,-,⚪ Yelpaze Açık,⚪Fiyat Alt_Orta Bant Aralığında,EMA5 Direnç: 3.50 (%7.6 üstte),-,-,-,34.42,8.19,-0.92,
2026-07-24 21:56,MEPET,21.06,🟢 Yükseliş Trendinde,🔴 SAT,-,-,⚠️ Yükseliş Trendinde Düzeltme (SSL Negatif),⚪ Yelpaze Açık,⚪Fiyat Alt_Orta Bant Aralığında,EMA55 Destek: 19.65 (%6.7 altta) | EMA5 Direnç: 21.72 (%3.1 üstte),7.44-8.82 (%58.1 altta),-,71.95,47.01,3.0,-0.18,
2026-07-24 21:56,MERCN,23.82,🟢 Yükseliş Trendinde,⏳ BEKLE,🩸 SAT (Zirveden Dönüş),-,⚪ Karışık / Testere Piyasası,⚪ Yelpaze Açık,🟡Fiyat Orta-Üst Bant Aralığında,EMA21 Destek: 22.74 (%4.5 altta) | EMA5 Direnç: 24.55 (%3.0 üstte),-,-,46.14,53.17,50.37,0.4,
2026-07-24 21:56,MERIT,16.32,🔴 Düşüş Trendinde,🔴 SAT,-,-,⚪ Karışık / Testere Piyasası,🚨 BB SIKIŞMA,⚪Fiyat Alt_Orta Bant Aralığında,EMA100 Destek: 15.65 (%4.1 altta) | EMA55 Direnç: 16.89 (%3.5 üstte),-,-,39.8,46.65,38.97,0.44,
2026-07-24 21:56,MERKO,1.46,🔴 Düşüş Trendinde,⏳ BEKLE,-,-,🔴 Ayı Piyasası (EMA 50 En Altta),⚪ Yelpaze Açık,⚪Fiyat Alt_Orta Bant Aralığında,EMA5 Direnç: 1.65 (%13.0 üstte),-,-,-85.31,20.73,0.01,-0.51,
2026-07-24 21:56,METRO,8.76,🟢 Yükseliş Trendinde,⏳ BEKLE,-,-,🟢 EMA Yükselişte (SSL Ok Bekleniyor),⚪ Yelpaze Açık,🟡Fiyat Orta-Üst Bant Aralığında,EMA5 Destek: 8.73 (%0.3 altta),-,-,138.44,64.66,38.78,0.84,
2026-07-24 21:56,MEYSU,13.77,🟢 Yükseliş Trendinde,🔴 SAT,-,-,-,-,⚪Fiyat Alt_Orta Bant Aralığında,EMA5 Direnç: 13.87 (%0.7 üstte),-,-,-,49.07,,-0.89,
2026-07-24 21:56,MGROS,623.0,🟢 Yükseliş Trendinde,🔴 SAT,-,-,⚠️ Yükseliş Trendinde Düzeltme (SSL Negatif),🚨 BB SIKIŞMA,⚪Fiyat Alt_Orta Bant Aralığında,EMA55 Destek: 588.14 (%5.6 altta) | EMA21 Direnç: 638.03 (%2.4 üstte),150.78-162.32 (%73.9 altta),-,55.58,48.84,4.38,-0.33,
2026-07-24 21:56,MHRGY,3.74,🔴 Düşüş Trendinde,🔴 SAT,-,-,-,⚪ Yelpaze Açık,⚪Fiyat Alt_Orta Bant Aralığında,EMA55 Destek: 3.68 (%1.6 altta) | EMA5 Direnç: 3.76 (%0.4 üstte),2.54-3.08 (%17.7 altta),-,-,49.02,6.03,-0.27,
2026-07-24 21:56,MIATK,33.64,🔴 Düşüş Trendinde,🔴 SAT,-,-,⚠️ Yükseliş Trendinde Düzeltme (SSL Negatif),⚪ Yelpaze Açık,⚪Fiyat Alt_Orta Bant Aralığında,EMA200 Destek: 31.69 (%5.8 altta) | EMA5 Direnç: 35.59 (%5.8 üstte),-,56.45-65.75 (%67.8 üstte),6.15,40.4,7.87,-0.63,
2026-07-24 21:56,MMCAS,72.1,🔴 Düşüş Trendinde,🟢 AL (Trend Onaylı),-,-,⚠️ Yükseliş Trendinde Düzeltme (SSL Negatif),🟡 Normal Genişlik,⚪Fiyat Alt_Orta Bant Aralığında,EMA5 Destek: 66.70 (%7.5 altta) | EMA55 Direnç: 74.21 (%2.9 üstte),2.37-2.62 (%96.4 altta),-,69.5,47.6,74.46,-0.56,
2026-07-24 21:56,MNDRS,10.93,🔴 Düşüş Trendinde,🔴 SAT,-,-,⚠️ Yükseliş Trendinde Düzeltme (SSL Negatif),🟡 Normal Genişlik,⚪Fiyat Alt_Orta Bant Aralığında,EMA200 Destek: 10.31 (%5.7 altta) | EMA5 Direnç: 11.14 (%2.0 üstte),-,-,6.02,35.98,2.46,-0.87,
2026-07-24 21:56,MNDTR,5.46,🔴 Düşüş Trendinde,🔴 SAT,-,-,🔴 Ayı Piyasası (EMA 50 En Altta),🚨 BB SIKIŞMA,⚪Fiyat Alt_Orta Bant Aralığında,EMA5 Direnç: 5.61 (%2.8 üstte),4.91-6.31 (fiyat bandın içinde!),6.54-7.93 (%19.8 üstte),-43.92,39.46,2.79,-0.77,
2026-07-24 21:56,MOBTL,14.46,🟢 Yükseliş Trendinde,⏳ BEKLE,-,-,⚠️ Yükseliş Trendinde Düzeltme (SSL Negatif),⚪ Yelpaze Açık,🟡Fiyat Orta-Üst Bant Aralığında,EMA5 Destek: 14.36 (%0.7 altta),3.42-4.19 (%71.0 altta),-,116.01,59.97,20.13,0.25,
2026-07-24 21:56,MOGAN,17.63,🟢 Yükseliş Trendinde,🟢 AL (Trend Onaylı),-,-,-,-,🟡Fiyat Orta-Üst Bant Aralığında,EMA5 Destek: 16.21 (%8.1 altta),7.66-7.95 (%54.9 altta),-,-,67.28,56.04,0.5,
2026-07-24 21:56,MOPAS,32.0,🔴 Düşüş Trendinde,🔴 SAT,-,-,-,-,⚪Fiyat Alt_Orta Bant Aralığında,EMA5 Direnç: 33.04 (%3.3 üstte),-,-,-,37.87,1.46,-0.91,
2026-07-24 21:56,MPARK,402.25,🟢 Yükseliş Trendinde,🔴 SAT,-,-,⚠️ Yükseliş Trendinde Düzeltme (SSL Negatif),🟠 Daralıyor,⚪Fiyat Alt_Orta Bant Aralığında,EMA100 Destek: 366.16 (%9.0 altta) | EMA55 Direnç: 405.66 (%0.8 üstte),6.00-71.00 (%82.3 altta),-,51.37,43.08,0.0,-0.77,
2026-07-24 21:56,MRGYO,1.44,🔴 Düşüş Trendinde,🔴 SAT,-,-,"📉 Düşüş Hazırlığı (50<100 Kesti, 150 Bekleniyor)",🚨 BB SIKIŞMA,⚪Fiyat Alt_Orta Bant Aralığında,EMA5 Direnç: 1.48 (%2.9 üstte),1.23-1.61 (fiyat bandın içinde!),-,-16.85,37.97,11.7,-0.81,
2026-07-24 21:56,MRSHL,1718.0,🟢 Yükseliş Trendinde,⏳ BEKLE,-,-,⚪ Karışık / Testere Piyasası,⚪ Yelpaze Açık,🟡Fiyat Orta-Üst Bant Aralığında,EMA21 Destek: 1694.80 (%1.4 altta) | EMA5 Direnç: 1844.46 (%7.4 üstte),183.50-200.40 (%88.3 altta),-,35.79,51.33,30.35,0.59,
2026-07-24 21:56,MSGYO,5.99,🟢 Yükseliş Trendinde,⏳ BEKLE,-,-,⚠️ Yükseliş Trendinde Düzeltme (SSL Negatif),⚪ Yelpaze Açık,⚪Fiyat Alt_Orta Bant Aralığında,EMA55 Destek: 5.86 (%2.2 altta) | EMA5 Direnç: 6.16 (%2.9 üstte),-,-,53.56,46.55,11.21,-0.62,
2026-07-24 21:56,MTRKS,29.14,🟢 Yükseliş Trendinde,⏳ BEKLE,-,-,🟢 EMA Yükselişte (SSL Ok Bekleniyor),⚪ Yelpaze Açık,🟡Fiyat Orta-Üst Bant Aralığında,EMA5 Destek: 28.98 (%0.5 altta),4.85-5.80 (%80.1 altta),28.80-35.13 (fiyat bandın içinde!),55.03,61.05,51.19,0.84,
2026-07-24 21:56,MTRYO,9.94,🟢 Yükseliş Trendinde,🔴 SAT,-,-,⚠️ Yükseliş Trendinde Düzeltme (SSL Negatif),🚨 BB SIKIŞMA,⚪Fiyat Alt_Orta Bant Aralığında,EMA55 Destek: 9.32 (%6.3 altta) | EMA21 Direnç: 10.06 (%1.2 üstte),6.03-6.66 (%33.0 altta),-,45.51,50.16,19.17,0.47,
2026-07-24 21:56,MZHLD,5.53,🔴 Düşüş Trendinde,🔴 SAT,-,-,🔴 Ayı Piyasası (EMA 50 En Altta),🚨 BB SIKIŞMA,⚪Fiyat Alt_Orta Bant Aralığında,EMA5 Direnç: 5.67 (%2.6 üstte),5.50-5.93 (fiyat bandın içinde!),8.31-9.35 (%50.3 üstte),-18.35,35.96,0.0,-0.94,
2026-07-24 21:56,NATEN,6.38,🔴 Düşüş Trendinde,🔴 SAT,🟢 POTANSİYEL DİP (0 Altı - Hacimsiz),-,"📉 Düşüş Hazırlığı (50<100 Kesti, 150 Bekleniyor)",🟠 Daralıyor,⚪Fiyat Alt_Orta Bant Aralığında,EMA5 Direnç: 6.46 (%1.3 üstte),-,9.72-11.79 (%52.3 üstte),-8.9,36.09,6.27,-0.92,
2026-07-24 21:56,NETAS,64.05,🔴 Düşüş Trendinde,🔴 SAT,-,-,⚠️ Yükseliş Trendinde Düzeltme (SSL Negatif),🚨 BB SIKIŞMA,🟡Fiyat Orta-Üst Bant Aralığında,EMA21 Destek: 63.89 (%0.3 altta),-,89.80-97.15 (%40.2 üstte),22.52,50.39,14.96,-0.48,
2026-07-24 21:56,NETCD,139.3,🟢 Yükseliş Trendinde,🔴 SAT,-,-,-,-,⚪Fiyat Alt_Orta Bant Aralığında,EMA21 Destek: 139.11 (%0.1 altta) | EMA5 Direnç: 146.75 (%5.4 üstte),-,-,-,60.46,,-0.01,
2026-07-24 21:56,NIBAS,4.11,🔴 Düşüş Trendinde,🔴 SAT,-,-,⚠️ Yükseliş Trendinde Düzeltme (SSL Negatif),⚪ Yelpaze Açık,⚪Fiyat Alt_Orta Bant Aralığında,EMA200 Destek: 3.55 (%13.6 altta) | EMA5 Direnç: 4.25 (%3.4 üstte),-,-,15.77,39.39,1.55,-0.92,
2026-07-24 21:56,NTGAZ,11.33,🟢 Yükseliş Trendinde,🔴 SAT,-,-,⚠️ Yükseliş Trendinde Düzeltme (SSL Negatif),🚨 BB SIKIŞMA,⚪Fiyat Alt_Orta Bant Aralığında,EMA55 Destek: 10.40 (%8.2 altta) | EMA5 Direnç: 11.54 (%1.9 üstte),3.65-3.91 (%65.5 altta),-,67.87,49.25,6.4,-0.54,
2026-07-24 21:56,NTHOL,42.66,🟢 Yükseliş Trendinde,⏳ BEKLE,🩸 SAT (Zirveden Dönüş),-,⚪ Karışık / Testere Piyasası,🟡 Normal Genişlik,🟡Fiyat Orta-Üst Bant Aralığında,EMA100 Destek: 41.03 (%3.8 altta) | EMA21 Direnç: 42.90 (%0.6 üstte),8.49-10.95 (%74.3 altta),46.62-53.05 (%9.3 üstte),34.05,49.03,74.38,0.73,
2026-07-24 21:56,NUGYO,9.67,🔴 Düşüş Trendinde,🔴 SAT,-,-,⚠️ Yükseliş Trendinde Düzeltme (SSL Negatif),🚨 BB SIKIŞMA,🟡Fiyat Orta-Üst Bant Aralığında,EMA5 Destek: 9.55 (%1.3 altta) | EMA21 Direnç: 9.73 (%0.6 üstte),5.94-7.46 (%22.9 altta),-,14.44,49.52,20.33,-0.27,
2026-07-24 21:56,NUHCM,218.0,🟢 Yükseliş Trendinde,⏳ BEKLE,-,-,⚠️ Yükseliş Trendinde Düzeltme (SSL Negatif),⚪ Yelpaze Açık,⚪Fiyat Alt_Orta Bant Aralığında,EMA200 Destek: 187.32 (%14.1 altta) | EMA5 Direnç: 222.04 (%1.9 üstte),196.51-210.92 (%3.2 altta),-,16.38,44.57,25.22,-0.67,
2026-07-24 21:56,OBAMS,5.21,🔴 Düşüş Trendinde,🔴 SAT,-,-,-,⚪ Yelpaze Açık,⚪Fiyat Alt_Orta Bant Aralığında,EMA5 Direnç: 5.63 (%8.1 üstte),-,-,-,29.53,6.79,-0.94,
2026-07-24 21:56,OBASE,44.44,🟢 Yükseliş Trendinde,🟢 AL (Trend Onaylı),-,-,🟢 EMA Yükselişte (SSL Ok Bekleniyor),⚪ Yelpaze Açık,🟡Fiyat Orta-Üst Bant Aralığında,EMA5 Destek: 42.22 (%5.0 altta),-,-,37.15,64.37,92.59,0.63,
2026-07-24 21:56,ODAS,8.52,🟢 Yükseliş Trendinde,🟢 AL (Trend Onaylı),-,-,🟢 EMA Yükselişte (SSL Ok Bekleniyor),⚪ Yelpaze Açık,🟡Fiyat Orta-Üst Bant Aralığında,EMA5 Destek: 8.35 (%2.0 altta),-,9.64-11.06 (%13.1 üstte),34.48,62.49,29.1,0.7,
2026-07-24 21:56,ODINE,2470.0,🟢 Yükseliş Trendinde,⏳ BEKLE,-,🔴 ZİRVEDE,-,-,🚨Fiyat Bandın Üzerinde!,EMA5 Destek: 2076.80 (%15.9 altta),-,-,-,92.91,71.05,0.96,
2026-07-24 21:56,OFSYM,50.2,🔴 Düşüş Trendinde,🔴 SAT,-,-,-,🟡 Normal Genişlik,🚨Fiyat Bandın Altında!,EMA100 Direnç: 51.72 (%3.0 üstte),34.97-37.14 (%26.0 altta),-,-,37.75,0.65,-0.65,
2026-07-24 21:56,ONCSM,252.75,🟢 Yükseliş Trendinde,⏳ BEKLE,-,-,⚠️ Yükseliş Trendinde Düzeltme (SSL Negatif),🟡 Normal Genişlik,⚪Fiyat Alt_Orta Bant Aralığında,EMA55 Destek: 235.29 (%6.9 altta) | EMA5 Direnç: 262.60 (%3.9 üstte),77.95-81.70 (%67.7 altta),-,-,47.38,12.6,-0.58,
2026-07-24 21:56,ONRYT,60.05,🩸 SAT (Trend Kırıldı),🔴 SAT,-,-,-,-,⚪Fiyat Alt_Orta Bant Aralığında,EMA5 Direnç: 63.28 (%5.4 üstte),-,-,-,43.82,16.8,-0.21,
2026-07-24 21:56,ORCAY,4.01,🟢 Yükseliş Trendinde,🔴 SAT,-,-,🔴 Ayı Piyasası (EMA 50 En Altta),⚪ Yelpaze Açık,⚪Fiyat Alt_Orta Bant Aralığında,EMA5 Direnç: 4.14 (%3.2 üstte),-,9.25-11.39 (%130.7 üstte),-51.66,44.8,48.39,-0.03,
2026-07-24 21:56,ORGE,107.3,🟢 Yükseliş Trendinde,🔴 SAT,-,-,🟢 EMA Yükselişte (SSL Ok Bekleniyor),⚪ Yelpaze Açık,🟡Fiyat Orta-Üst Bant Aralığında,EMA21 Destek: 98.05 (%8.6 altta) | EMA5 Direnç: 109.07 (%1.7 üstte),-,-,79.38,62.04,6.71,0.71,
2026-07-24 21:56,ORMA,166.2,🔴 Düşüş Trendinde,🔴 SAT,-,-,⚠️ Yükseliş Trendinde Düzeltme (SSL Negatif),⚪ Yelpaze Açık,⚪Fiyat Alt_Orta Bant Aralığında,EMA200 Destek: 142.52 (%14.2 altta) | EMA100 Direnç: 175.99 (%5.9 üstte),142.40-154.00 (%7.3 altta),202.10-273.75 (%21.6 üstte),16.61,43.1,8.27,-0.11,
2026-07-24 21:56,ORZAX,102.0,-,-,-,-,-,-,-,-,-,-,-,,,,
2026-07-24 21:56,OSMEN,9.07,🔴 Düşüş Trendinde,🟢 AL (Trend Onaylı),-,-,🔴 Ayı Piyasası (EMA 50 En Altta),🟠 Daralıyor,🚨Fiyat Bandın Üzerinde!,EMA5 Destek: 8.50 (%6.3 altta) | EMA55 Direnç: 12.66 (%39.5 üstte),-,296.98-371.58 (%3174.3 üstte),-80.69,60.46,89.36,0.68,
2026-07-24 21:56,OSTIM,1.72,🔴 Düşüş Trendinde,🔴 SAT,-,🟢 POTANSİYEL DİP,⚠️ Yükseliş Trendinde Düzeltme (SSL Negatif),🟠 Daralıyor,🚨Fiyat Bandın Altında!,EMA200 Destek: 1.66 (%3.5 altta) | EMA5 Direnç: 1.82 (%6.0 üstte),0.28-0.33 (%80.9 altta),2.89-3.36 (%68.0 üstte),3.58,33.18,0.0,-0.87,
2026-07-24 21:56,OTKAR,327.0,🔴 Düşüş Trendinde,🔴 SAT,-,-,"📉 Düşüş Hazırlığı (50<100 Kesti, 150 Bekleniyor)",🚨 BB SIKIŞMA,⚪Fiyat Alt_Orta Bant Aralığında,EMA5 Direnç: 342.09 (%4.6 üstte),-,485.00-540.00 (%48.3 üstte),-6.19,37.79,3.68,-0.75,
2026-07-24 21:56,OTTO,183.5,🔴 Düşüş Trendinde,⏳ BEKLE,-,-,"📉 Düşüş Hazırlığı (50<100 Kesti, 150 Bekleniyor)",⚪ Yelpaze Açık,⚪Fiyat Alt_Orta Bant Aralığında,EMA5 Direnç: 189.61 (%3.3 üstte),-,457.75-507.50 (%149.5 üstte),-33.05,30.75,28.14,-0.91,
2026-07-24 21:56,OYAKC,21.3,🔴 Düşüş Trendinde,🔥 GÜÇLÜ AL (Taze Kırılım),🚀 KUSURSUZ DÖNÜŞ (0 Altı + Hacim),-,⚠️ Yükseliş Trendinde Düzeltme (SSL Negatif),🟡 Normal Genişlik,⚪Fiyat Alt_Orta Bant Aralığında,EMA100 Destek: 21.16 (%0.6 altta) | EMA21 Direnç: 22.05 (%3.5 üstte),-,-,30.64,44.56,17.74,-0.78,
2026-07-24 21:56,OYAYO,46.42,🟢 Yükseliş Trendinde,🔴 SAT,-,-,⚠️ Yükseliş Trendinde Düzeltme (SSL Negatif),🟠 Daralıyor,⚪Fiyat Alt_Orta Bant Aralığında,EMA100 Destek: 41.75 (%10.1 altta) | EMA55 Direnç: 47.34 (%2.0 üstte),5.66-6.60 (%85.8 altta),-,45.38,43.54,19.77,-0.77,
2026-07-24 21:56,OYLUM,7.94,🔴 Düşüş Trendinde,🔴 SAT,-,-,🟢 EMA Yükselişte (SSL Ok Bekleniyor),🚨 BB SIKIŞMA,⚪Fiyat Alt_Orta Bant Aralığında,EMA200 Destek: 7.37 (%7.2 altta) | EMA5 Direnç: 8.18 (%3.0 üstte),-,-,7.76,42.89,42.28,-0.67,
2026-07-24 21:56,OYYAT,37.16,🔴 Düşüş Trendinde,🔴 SAT,-,-,⚠️ Yükseliş Trendinde Düzeltme (SSL Negatif),⚪ Yelpaze Açık,⚪Fiyat Alt_Orta Bant Aralığında,EMA200 Destek: 36.89 (%0.7 altta) | EMA5 Direnç: 39.91 (%7.4 üstte),24.21-30.54 (%17.8 altta),-,0.73,34.25,0.0,-0.97,
2026-07-24 21:56,OZATD,3120.0,🟢 Yükseliş Trendinde,🟢 AL (Trend Onaylı),-,🔴 ZİRVEDE,-,-,🚨Fiyat Bandın Üzerinde!,EMA5 Destek: 2406.09 (%22.9 altta),-,-,-,95.88,86.87,0.96,
2026-07-24 21:56,OZGYO,2.14,🟢 Yükseliş Trendinde,⏳ BEKLE,-,-,⚠️ Yükseliş Trendinde Düzeltme (SSL Negatif),🟡 Normal Genişlik,⚪Fiyat Alt_Orta Bant Aralığında,EMA55 Destek: 2.02 (%5.8 altta) | EMA21 Direnç: 2.14 (%0.2 üstte),1.02-1.29 (%39.7 altta),-,41.92,50.55,3.24,-0.33,
2026-07-24 21:56,OZKGY,12.79,🟢 Yükseliş Trendinde,🔴 SAT,-,-,⚠️ Yükseliş Trendinde Düzeltme (SSL Negatif),🟠 Daralıyor,⚪Fiyat Alt_Orta Bant Aralığında,EMA100 Destek: 12.35 (%3.4 altta) | EMA55 Direnç: 13.25 (%3.6 üstte),-,14.41-15.77 (%12.6 üstte),29.4,45.35,39.08,0.52,
2026-07-24 21:56,OZRDN,30.78,🟢 Yükseliş Trendinde,⏳ BEKLE,-,-,⚠️ Yükseliş Trendinde Düzeltme (SSL Negatif),🟡 Normal Genişlik,⚪Fiyat Alt_Orta Bant Aralığında,EMA21 Destek: 29.75 (%3.4 altta) | EMA5 Direnç: 30.96 (%0.6 üstte),7.45-8.05 (%73.8 altta),-,127.64,53.99,32.06,-0.6,
2026-07-24 21:56,OZSUB,33.42,🟢 Yükseliş Trendinde,🟢 AL (Trend Onaylı),📈 TREND DEVAMI (0 Üstü + Hacim),-,🚀 ASIL SİNYAL: GÜÇLÜ AL (EMA Sıralı + SSL Onay),⚪ Yelpaze Açık,🟡Fiyat Orta-Üst Bant Aralığında,EMA5 Destek: 31.19 (%6.7 altta),-,-,-,70.5,28.88,0.83,
2026-07-24 21:56,OZYSR,13.24,🟢 Yükseliş Trendinde,🟢 AL (Trend Onaylı),-,-,-,-,🟡Fiyat Orta-Üst Bant Aralığında,EMA5 Destek: 13.13 (%0.8 altta),-,-,-,58.97,62.86,0.66,
2026-07-24 21:56,PAGYO,172.5,🟢 Yükseliş Trendinde,⏳ BEKLE,🟡 RİSKLİ AL (0 Üstü - Hacimsiz),🔴 ZİRVEDE,🟢 EMA Yükselişte (SSL Ok Bekleniyor),⚪ Yelpaze Açık,🚨Fiyat Bandın Üzerinde!,EMA5 Destek: 159.99 (%7.3 altta),-,-,181.11,74.54,50.5,0.89,
2026-07-24 21:56,PAHOL,1.42,🟢 Yükseliş Trendinde,🔴 SAT,-,-,-,-,⚪Fiyat Alt_Orta Bant Aralığında,EMA5 Direnç: 1.46 (%2.8 üstte),-,-,-,39.89,1.37,-0.77,
2026-07-24 21:56,PAMEL,82.0,🔴 Düşüş Trendinde,🔴 SAT,-,-,🔴 Ayı Piyasası (EMA 50 En Altta),🚨 BB SIKIŞMA,⚪Fiyat Alt_Orta Bant Aralığında,EMA5 Direnç: 83.38 (%1.7 üstte),74.85-84.60 (fiyat bandın içinde!),175.50-199.90 (%114.0 üstte),-27.42,45.78,15.31,-0.59,
2026-07-24 21:56,PAPIL,13.39,🔴 Düşüş Trendinde,🔴 SAT,-,-,"📉 Düşüş Hazırlığı (50<100 Kesti, 150 Bekleniyor)",🚨 BB SIKIŞMA,⚪Fiyat Alt_Orta Bant Aralığında,EMA200 Direnç: 13.56 (%1.3 üstte),11.95-13.32 (%0.5 altta),-,-1.25,36.21,1.33,-0.89,
2026-07-24 21:56,PARSN,80.0,🔴 Düşüş Trendinde,🔴 SAT,-,-,"📉 Düşüş Hazırlığı (50<100 Kesti, 150 Bekleniyor)",🚨 BB SIKIŞMA,⚪Fiyat Alt_Orta Bant Aralığında,EMA200 Direnç: 80.13 (%0.2 üstte),78.15-83.20 (fiyat bandın içinde!),85.75-93.85 (%7.2 üstte),-0.17,41.13,1.38,-0.25,
2026-07-24 21:56,PASEU,114.7,🔴 Düşüş Trendinde,⏳ BEKLE,🟢 POTANSİYEL DİP (0 Altı - Hacimsiz),-,-,🟠 Daralıyor,🟡Fiyat Orta-Üst Bant Aralığında,EMA21 Destek: 114.35 (%0.3 altta),-,118.60-135.00 (%3.4 üstte),-,49.59,34.01,-0.46,
2026-07-24 21:56,PATEK,20.42,🟢 Yükseliş Trendinde,🔴 SAT,-,-,-,🟠 Daralıyor,⚪Fiyat Alt_Orta Bant Aralığında,EMA100 Direnç: 21.54 (%5.5 üstte),14.67-16.39 (%19.7 altta),-,-,46.01,6.38,-0.22,
2026-07-24 21:56,PCILT,33.22,🟢 Yükseliş Trendinde,🔴 SAT,-,-,🟢 EMA Yükselişte (SSL Ok Bekleniyor),🟠 Daralıyor,🟡Fiyat Orta-Üst Bant Aralığında,EMA5 Destek: 33.20 (%0.1 altta),-,-,94.53,59.73,31.06,0.49,
2026-07-24 21:56,PEKGY,15.0,🔴 Düşüş Trendinde,🟢 AL (Trend Onaylı),-,-,⚠️ Yükseliş Trendinde Düzeltme (SSL Negatif),🚨 BB SIKIŞMA,🟡Fiyat Orta-Üst Bant Aralığında,EMA5 Destek: 14.55 (%3.0 altta),-,-,141.62,58.75,45.83,-0.14,
2026-07-24 21:56,PENGD,10.4,🔴 Düşüş Trendinde,🔴 SAT,-,-,⚠️ Yükseliş Trendinde Düzeltme (SSL Negatif),⚪ Yelpaze Açık,⚪Fiyat Alt_Orta Bant Aralığında,EMA55 Destek: 10.20 (%1.9 altta) | EMA5 Direnç: 10.89 (%4.8 üstte),6.33-8.16 (%21.5 altta),-,30.52,45.28,0.0,-0.95,
2026-07-24 21:56,PENTA,13.59,🟢 Yükseliş Trendinde,🔴 SAT,-,-,🔴 Ayı Piyasası (EMA 50 En Altta),⚪ Yelpaze Açık,⚪Fiyat Alt_Orta Bant Aralığında,EMA5 Direnç: 13.70 (%0.8 üstte),12.29-14.09 (fiyat bandın içinde!),53.78-78.72 (%295.7 üstte),-35.47,44.43,4.45,-0.65,
2026-07-24 21:56,PETKM,22.02,🔴 Düşüş Trendinde,🔥 GÜÇLÜ AL (Taze Kırılım),🚀 KUSURSUZ DÖNÜŞ (0 Altı + Hacim),-,⚠️ Yükseliş Trendinde Düzeltme (SSL Negatif),⚪ Yelpaze Açık,🟡Fiyat Orta-Üst Bant Aralığında,EMA5 Destek: 20.78 (%5.6 altta),15.18-18.61 (%15.5 altta),-,27.94,56.43,22.56,-0.71,
2026-07-24 21:56,PETUN,11.49,🔴 Düşüş Trendinde,⏳ BEKLE,-,-,⚠️ Yükseliş Trendinde Düzeltme (SSL Negatif),⚪ Yelpaze Açık,⚪Fiyat Alt_Orta Bant Aralığında,EMA100 Destek: 11.27 (%1.9 altta) | EMA5 Direnç: 11.75 (%2.3 üstte),7.70-9.35 (%18.6 altta),-,20.39,44.39,6.07,-0.68,
2026-07-24 21:56,PGSUS,161.6,🔴 Düşüş Trendinde,🔴 SAT,-,-,"📉 Düşüş Hazırlığı (50<100 Kesti, 150 Bekleniyor)",🟠 Daralıyor,⚪Fiyat Alt_Orta Bant Aralığında,EMA200 Destek: 161.28 (%0.2 altta) | EMA5 Direnç: 168.36 (%4.2 üstte),-,251.00-264.50 (%55.3 üstte),0.2,36.15,17.75,-0.65,
2026-07-24 21:56,PINSU,11.05,🟢 Yükseliş Trendinde,⏳ BEKLE,-,-,⚠️ Yükseliş Trendinde Düzeltme (SSL Negatif),🚨 BB SIKIŞMA,⚪Fiyat Alt_Orta Bant Aralığında,EMA55 Destek: 10.81 (%2.1 altta) | EMA5 Direnç: 11.09 (%0.3 üstte),5.20-5.57 (%49.6 altta),-,53.12,47.71,30.77,-0.75,
2026-07-24 21:56,PKART,128.5,🟢 Yükseliş Trendinde,🔴 SAT,-,-,🟢 EMA Yükselişte (SSL Ok Bekleniyor),⚪ Yelpaze Açık,🟡Fiyat Orta-Üst Bant Aralığında,EMA21 Destek: 118.79 (%7.6 altta) | EMA5 Direnç: 130.18 (%1.3 üstte),14.85-17.95 (%86.0 altta),-,99.11,59.57,10.46,-0.32,
2026-07-24 21:56,PKENT,134.4,🔴 Düşüş Trendinde,⏳ BEKLE,-,-,🔴 Ayı Piyasası (EMA 50 En Altta),🟡 Normal Genişlik,⚪Fiyat Alt_Orta Bant Aralığında,EMA5 Direnç: 139.82 (%4.0 üstte),88.80-109.10 (%18.8 altta),-,-31.16,35.76,0.0,-0.91,
2026-07-24 21:56,PLTUR,22.28,🟢 Yükseliş Trendinde,🔴 SAT,-,-,⚠️ Yükseliş Trendinde Düzeltme (SSL Negatif),🚨 BB SIKIŞMA,⚪Fiyat Alt_Orta Bant Aralığında,EMA5 Direnç: 22.62 (%1.5 üstte),-,-,-,45.22,1.88,-0.78,
2026-07-24 21:56,PNLSN,46.92,🟢 Yükseliş Trendinde,🟢 AL (Trend Onaylı),-,-,⚠️ Yükseliş Trendinde Düzeltme (SSL Negatif),🚨 BB SIKIŞMA,🟡Fiyat Orta-Üst Bant Aralığında,EMA5 Destek: 46.15 (%1.6 altta),36.08-40.25 (%14.2 altta),47.76-56.08 (%1.8 üstte),10.85,54.28,74.3,-0.0,
2026-07-24 21:56,PNSUT,11.42,🔴 Düşüş Trendinde,⏳ BEKLE,-,-,⚠️ Yükseliş Trendinde Düzeltme (SSL Negatif),⚪ Yelpaze Açık,⚪Fiyat Alt_Orta Bant Aralığında,EMA100 Destek: 11.32 (%0.9 altta) | EMA5 Direnç: 11.68 (%2.3 üstte),7.73-9.05 (%20.8 altta),-,17.61,44.17,4.09,-0.72,
2026-07-24 21:56,POLHO,21.42,🟢 Yükseliş Trendinde,🟢 AL (Trend Onaylı),-,-,⚠️ Yükseliş Trendinde Düzeltme (SSL Negatif),🚨 BB SIKIŞMA,🟡Fiyat Orta-Üst Bant Aralığında,EMA5 Destek: 21.31 (%0.5 altta),2.05-2.48 (%88.4 altta),-,154.11,59.29,51.17,0.29,
2026-07-24 21:56,POLTK,4837.5,🔴 Düşüş Trendinde,🔴 SAT,-,-,🔴 Ayı Piyasası (EMA 50 En Altta),🟠 Daralıyor,⚪Fiyat Alt_Orta Bant Aralığında,EMA5 Direnç: 5053.76 (%4.5 üstte),-,5170.00-5725.00 (%6.9 üstte),-20.55,40.72,19.22,-0.52,
2026-07-24 21:56,PRDGS,7.78,🟢 Yükseliş Trendinde,🔥 GÜÇLÜ AL (Taze Kırılım),🟢 POTANSİYEL DİP (0 Altı - Hacimsiz),-,⚠️ Yükseliş Trendinde Düzeltme (SSL Negatif),⚪ Yelpaze Açık,🟡Fiyat Orta-Üst Bant Aralığında,EMA21 Destek: 7.33 (%5.8 altta),4.35-5.32 (%31.6 altta),-,18.08,54.73,12.13,-0.74,
2026-07-24 21:56,PRKAB,35.24,🔴 Düşüş Trendinde,🔴 SAT,-,-,⚠️ Yükseliş Trendinde Düzeltme (SSL Negatif),🟠 Daralıyor,⚪Fiyat Alt_Orta Bant Aralığında,EMA200 Destek: 34.42 (%2.3 altta) | EMA100 Direnç: 35.80 (%1.6 üstte),25.00-30.48 (%13.5 altta),-,2.37,43.36,4.34,-0.74,
2026-07-24 21:56,PRKME,17.75,🟢 Yükseliş Trendinde,🔴 SAT,-,-,⚠️ Yükseliş Trendinde Düzeltme (SSL Negatif),🟡 Normal Genişlik,⚪Fiyat Alt_Orta Bant Aralığında,EMA200 Destek: 16.90 (%4.8 altta) | EMA100 Direnç: 18.82 (%6.0 üstte),15.80-16.70 (%5.9 altta),21.24-25.47 (%19.7 üstte),5.04,46.33,22.84,-0.06,
2026-07-24 21:56,PRZMA,73.5,🟢 Yükseliş Trendinde,🟢 AL (Trend Onaylı),-,-,🟢 EMA Yükselişte (SSL Ok Bekleniyor),⚪ Yelpaze Açık,🟡Fiyat Orta-Üst Bant Aralığında,EMA5 Destek: 67.51 (%8.1 altta),11.07-13.97 (%81.0 altta),-,372.46,81.51,50.91,0.92,
2026-07-24 21:56,PSDTC,121.8,🔴 Düşüş Trendinde,🔴 SAT,-,-,⚪ Karışık / Testere Piyasası,🚨 BB SIKIŞMA,⚪Fiyat Alt_Orta Bant Aralığında,EMA100 Destek: 115.89 (%4.9 altta) | EMA55 Direnç: 126.69 (%4.0 üstte),-,-,36.67,45.3,31.93,-0.3,
2026-07-24 21:56,PSGYO,3.74,🟢 Yükseliş Trendinde,⏳ BEKLE,-,-,🟢 EMA Yükselişte (SSL Ok Bekleniyor),⚪ Yelpaze Açık,🟡Fiyat Orta-Üst Bant Aralığında,EMA5 Destek: 3.47 (%7.1 altta),-,-,82.27,61.21,26.23,0.59,
2026-07-24 21:56,QNBFK,46.56,🟢 Yükseliş Trendinde,🟢 AL (Trend Onaylı),-,-,🔴 Ayı Piyasası (EMA 50 En Altta),🟡 Normal Genişlik,🟡Fiyat Orta-Üst Bant Aralığında,EMA5 Destek: 45.85 (%1.5 altta) | EMA200 Direnç: 48.84 (%4.9 üstte),31.20-33.76 (%27.5 altta),-,-4.67,50.9,89.55,0.55,
2026-07-24 21:56,QNBTR,201.9,🔴 Düşüş Trendinde,🔴 SAT,-,-,⚠️ Yükseliş Trendinde Düzeltme (SSL Negatif),⚪ Yelpaze Açık,⚪Fiyat Alt_Orta Bant Aralığında,EMA200 Destek: 174.06 (%13.8 altta) | EMA5 Direnç: 209.64 (%3.8 üstte),-,-,15.99,33.18,11.98,-0.89,
2026-07-24 21:56,QUAGR,3.92,🔴 Düşüş Trendinde,🔴 SAT,-,-,🔴 Ayı Piyasası (EMA 50 En Altta),🟠 Daralıyor,🟡Fiyat Orta-Üst Bant Aralığında,EMA21 Destek: 3.77 (%3.8 altta) | EMA55 Direnç: 4.25 (%8.4 üstte),-,3.82-4.71 (fiyat bandın içinde!),-10.2,50.8,23.57,-0.09,
2026-07-24 21:56,RALYH,256.0,🔴 Düşüş Trendinde,🟢 AL (Trend Onaylı),-,-,⚠️ Yükseliş Trendinde Düzeltme (SSL Negatif),⚪ Yelpaze Açık,🟡Fiyat Orta-Üst Bant Aralığında,EMA5 Destek: 232.12 (%9.3 altta),-,-,151.67,55.03,30.02,-0.7,
2026-07-24 21:56,RAYSG,172.0,🔴 Düşüş Trendinde,🔴 SAT,-,-,🔴 Ayı Piyasası (EMA 50 En Altta),🚨 BB SIKIŞMA,⚪Fiyat Alt_Orta Bant Aralığında,EMA5 Direnç: 177.56 (%3.2 üstte),-,241.60-301.25 (%40.5 üstte),-10.65,34.73,9.64,-0.8,
2026-07-24 21:56,REEDR,6.75,🟢 Yükseliş Trendinde,⏳ BEKLE,-,-,-,🟠 Daralıyor,⚪Fiyat Alt_Orta Bant Aralığında,EMA5 Direnç: 6.82 (%1.0 üstte),-,9.93-11.42 (%47.1 üstte),-,44.3,25.07,-0.77,
2026-07-24 21:56,RGYAS,202.0,🟢 Yükseliş Trendinde,🟢 AL (Trend Onaylı),🟡 RİSKLİ AL (0 Üstü - Hacimsiz),-,-,-,🟡Fiyat Orta-Üst Bant Aralığında,EMA5 Destek: 199.42 (%1.3 altta),-,-,-,63.98,32.34,0.59,
2026-07-24 21:56,RNPOL,2.39,🟢 Yükseliş Trendinde,🔴 SAT,-,-,⚠️ Yükseliş Trendinde Düzeltme (SSL Negatif),⚪ Yelpaze Açık,⚪Fiyat Alt_Orta Bant Aralığında,EMA55 Destek: 2.25 (%5.9 altta) | EMA5 Direnç: 2.47 (%3.2 üstte),-,-,48.09,48.41,7.55,-0.72,
2026-07-24 21:56,RODRG,25.0,🟢 Yükseliş Trendinde,🔴 SAT,-,-,⚠️ Yükseliş Trendinde Düzeltme (SSL Negatif),⚪ Yelpaze Açık,🟡Fiyat Orta-Üst Bant Aralığında,EMA21 Destek: 24.95 (%0.2 altta) | EMA5 Direnç: 25.61 (%2.4 üstte),-,-,41.19,51.56,31.6,-0.04,
2026-07-24 21:56,RTALB,3.38,🟢 Yükseliş Trendinde,🔴 SAT,-,-,⚠️ Yükseliş Trendinde Düzeltme (SSL Negatif),🟠 Daralıyor,⚪Fiyat Alt_Orta Bant Aralığında,EMA200 Destek: 2.93 (%13.3 altta) | EMA100 Direnç: 3.42 (%1.1 üstte),-,-,15.36,43.5,21.76,-0.46,
2026-07-24 21:56,RUBNS,22.92,🔴 Düşüş Trendinde,⏳ BEKLE,🟢 POTANSİYEL DİP (0 Altı - Hacimsiz),-,⚠️ Yükseliş Trendinde Düzeltme (SSL Negatif),⚪ Yelpaze Açık,⚪Fiyat Alt_Orta Bant Aralığında,EMA5 Direnç: 23.23 (%1.3 üstte),18.77-20.38 (%11.1 altta),-,-13.51,39.86,5.28,-0.91,
2026-07-24 21:56,RUZYE,9.5,🔴 Düşüş Trendinde,⏳ BEKLE,🚀 KUSURSUZ DÖNÜŞ (0 Altı + Hacim),-,⚠️ Yükseliş Trendinde Düzeltme (SSL Negatif),⚪ Yelpaze Açık,⚪Fiyat Alt_Orta Bant Aralığında,EMA200 Destek: 8.13 (%14.4 altta) | EMA5 Direnç: 9.78 (%2.9 üstte),6.35-8.34 (%12.2 altta),-,16.8,36.51,6.08,-0.97,
2026-07-24 21:56,RYGYO,31.72,🟢 Yükseliş Trendinde,⏳ BEKLE,-,-,⚠️ Yükseliş Trendinde Düzeltme (SSL Negatif),🚨 BB SIKIŞMA,🟡Fiyat Orta-Üst Bant Aralığında,EMA5 Destek: 31.33 (%1.2 altta),-,-,109.16,56.36,24.82,-0.03,
2026-07-24 21:56,RYSAS,19.84,🟢 Yükseliş Trendinde,🔴 SAT,-,-,⚠️ Yükseliş Trendinde Düzeltme (SSL Negatif),🟡 Normal Genişlik,⚪Fiyat Alt_Orta Bant Aralığında,EMA55 Destek: 18.78 (%5.4 altta) | EMA21 Direnç: 20.79 (%4.8 üstte),-,-,64.73,48.56,1.97,0.06,
2026-07-24 21:56,SAFKR,19.27,🩸 SAT (Trend Kırıldı),🔴 SAT,-,-,⚠️ Yükseliş Trendinde Düzeltme (SSL Negatif),🟡 Normal Genişlik,🚨Fiyat Bandın Altında!,EMA200 Destek: 13.63 (%29.3 altta) | EMA100 Direnç: 19.59 (%1.6 üstte),1.07-1.27 (%93.4 altta),-,41.35,35.69,5.99,-0.82,
2026-07-24 21:56,SAHOL,87.1,🟢 Yükseliş Trendinde,🔴 SAT,-,-,⚠️ Yükseliş Trendinde Düzeltme (SSL Negatif),🚨 BB SIKIŞMA,⚪Fiyat Alt_Orta Bant Aralığında,EMA100 Destek: 86.01 (%1.3 altta) | EMA5 Direnç: 90.47 (%3.9 üstte),72.73-79.47 (%8.8 altta),-,27.97,44.38,1.07,-0.48,
2026-07-24 21:56,SAMAT,5.69,🟢 Yükseliş Trendinde,🔴 SAT,-,-,🔴 Ayı Piyasası (EMA 50 En Altta),⚪ Yelpaze Açık,⚪Fiyat Alt_Orta Bant Aralığında,EMA5 Direnç: 6.07 (%6.7 üstte),-,-,-12.64,44.01,16.2,0.24,
2026-07-24 21:56,SANEL,72.65,🟢 Yükseliş Trendinde,⏳ BEKLE,-,-,⚪ Karışık / Testere Piyasası,⚪ Yelpaze Açık,🟡Fiyat Orta-Üst Bant Aralığında,EMA5 Destek: 71.63 (%1.4 altta),21.78-25.10 (%65.5 altta),-,164.13,66.23,66.07,0.92,
2026-07-24 21:56,SANFM,9.5,🟢 Yükseliş Trendinde,🔴 SAT,-,-,🟢 EMA Yükselişte (SSL Ok Bekleniyor),🟡 Normal Genişlik,🟡Fiyat Orta-Üst Bant Aralığında,EMA5 Destek: 9.43 (%0.7 altta),-,-,55.11,56.97,47.92,0.73,
2026-07-24 21:56,SANKO,19.9,🟢 Yükseliş Trendinde,🔴 SAT,-,-,⚠️ Yükseliş Trendinde Düzeltme (SSL Negatif),🟡 Normal Genişlik,⚪Fiyat Alt_Orta Bant Aralığında,EMA200 Destek: 18.98 (%4.6 altta) | EMA5 Direnç: 20.77 (%4.4 üstte),18.65-20.00 (fiyat bandın içinde!),-,4.84,39.97,0.0,-0.84,
2026-07-24 21:56,SARKY,25.76,🔴 Düşüş Trendinde,🔴 SAT,-,-,⚠️ Yükseliş Trendinde Düzeltme (SSL Negatif),🟡 Normal Genişlik,⚪Fiyat Alt_Orta Bant Aralığında,EMA55 Destek: 23.78 (%7.7 altta) | EMA5 Direnç: 26.19 (%1.7 üstte),10.17-10.86 (%57.9 altta),-,59.46,47.29,3.82,-0.46,
2026-07-24 21:56,SASA,2.69,🟢 Yükseliş Trendinde,🔥 GÜÇLÜ AL (Taze Kırılım),🚀 KUSURSUZ DÖNÜŞ (0 Altı + Hacim),-,🔴 Ayı Piyasası (EMA 50 En Altta),⚪ Yelpaze Açık,🟡Fiyat Orta-Üst Bant Aralığında,EMA21 Destek: 2.66 (%1.3 altta) | EMA55 Direnç: 2.95 (%9.7 üstte),-,2.96-3.58 (%10.0 üstte),-25.18,49.84,12.94,-0.75,
2026-07-24 21:56,SAYAS,47.6,🟢 Yükseliş Trendinde,🔴 SAT,-,-,"📉 Düşüş Hazırlığı (50<100 Kesti, 150 Bekleniyor)",⚪ Yelpaze Açık,⚪Fiyat Alt_Orta Bant Aralığında,EMA200 Destek: 44.69 (%6.1 altta) | EMA55 Direnç: 47.84 (%0.5 üstte),-,96.00-122.40 (%101.7 üstte),6.51,49.0,5.33,-0.29,
2026-07-24 21:56,SDTTR,243.6,🟢 Yükseliş Trendinde,🔴 SAT,-,-,"⚡ Yükseliş Hazırlığı (50>100 Kesti, 150 Bekleniyor)",⚪ Yelpaze Açık,🟡Fiyat Orta-Üst Bant Aralığında,EMA21 Destek: 238.94 (%1.9 altta) | EMA5 Direnç: 247.75 (%1.7 üstte),166.24-184.03 (%24.5 altta),259.37-292.04 (%6.5 üstte),-,52.76,5.83,0.13,
2026-07-24 21:56,SEGMN,49.9,🟢 Yükseliş Trendinde,🔴 SAT,-,-,-,-,⚪Fiyat Alt_Orta Bant Aralığında,EMA55 Destek: 41.54 (%16.7 altta) | EMA5 Direnç: 51.32 (%2.8 üstte),17.58-19.10 (%61.7 altta),-,-,50.5,1.52,-0.82,
2026-07-24 21:56,SEGYO,4.32,🟢 Yükseliş Trendinde,🔴 SAT,-,-,⚠️ Yükseliş Trendinde Düzeltme (SSL Negatif),🚨 BB SIKIŞMA,⚪Fiyat Alt_Orta Bant Aralığında,EMA200 Destek: 4.04 (%6.4 altta) | EMA5 Direnç: 4.50 (%4.2 üstte),4.07-4.38 (fiyat bandın içinde!),-,6.84,40.07,0.0,-0.77,
2026-07-24 21:56,SEKFK,5.15,🔴 Düşüş Trendinde,🔴 SAT,-,🟢 POTANSİYEL DİP,⚠️ Yükseliş Trendinde Düzeltme (SSL Negatif),⚪ Yelpaze Açık,🚨Fiyat Bandın Altında!,EMA200 Direnç: 7.38 (%43.3 üstte),-,-,-30.2,22.28,0.0,-0.76,
2026-07-24 21:56,SEKUR,10.19,🟢 Yükseliş Trendinde,⏳ BEKLE,-,-,⚪ Karışık / Testere Piyasası,⚪ Yelpaze Açık,🟡Fiyat Orta-Üst Bant Aralığında,EMA21 Destek: 8.58 (%15.8 altta) | EMA5 Direnç: 10.54 (%3.4 üstte),0.89-1.20 (%88.2 altta),-,181.88,62.26,26.29,0.79,
2026-07-24 21:56,SELEC,235.7,🟢 Yükseliş Trendinde,🟢 AL (Trend Onaylı),-,-,🟢 EMA Yükselişte (SSL Ok Bekleniyor),⚪ Yelpaze Açık,🟡Fiyat Orta-Üst Bant Aralığında,EMA5 Destek: 218.11 (%7.5 altta),-,-,244.83,74.01,67.55,0.9,
2026-07-24 21:56,SELVA,2.0,🔴 Düşüş Trendinde,⏳ BEKLE,🟢 POTANSİYEL DİP (0 Altı - Hacimsiz),-,⚠️ Yükseliş Trendinde Düzeltme (SSL Negatif),⚪ Yelpaze Açık,⚪Fiyat Alt_Orta Bant Aralığında,EMA5 Destek: 1.98 (%1.2 altta) | EMA200 Direnç: 2.19 (%9.3 üstte),-,-,-8.52,43.6,7.09,-0.88,
2026-07-24 21:56,SERNT,8.93,🟢 Yükseliş Trendinde,🔴 SAT,-,-,-,-,⚪Fiyat Alt_Orta Bant Aralığında,EMA21 Direnç: 9.21 (%3.1 üstte),-,9.46-11.41 (%5.9 üstte),-,46.85,2.16,0.15,
2026-07-24 21:56,SEYKM,4.96,🔴 Düşüş Trendinde,🟢 AL (Trend Onaylı),-,-,🔴 Ayı Piyasası (EMA 50 En Altta),🟠 Daralıyor,🟡Fiyat Orta-Üst Bant Aralığında,EMA55 Direnç: 5.03 (%1.4 üstte),2.78-3.07 (%38.1 altta),8.83-11.11 (%78.0 üstte),-9.1,48.9,68.2,-0.06,
2026-07-24 21:56,SILVR,2.39,🟢 Yükseliş Trendinde,🔴 SAT,-,-,⚠️ Yükseliş Trendinde Düzeltme (SSL Negatif),🚨 BB SIKIŞMA,⚪Fiyat Alt_Orta Bant Aralığında,EMA200 Destek: 2.31 (%3.5 altta) | EMA5 Direnç: 2.50 (%4.4 üstte),1.84-2.10 (%12.2 altta),2.64-2.92 (%10.5 üstte),3.64,41.3,0.0,-0.38,
2026-07-24 21:56,SISE,43.42,🟢 Yükseliş Trendinde,⏳ BEKLE,-,-,⚠️ Yükseliş Trendinde Düzeltme (SSL Negatif),🟠 Daralıyor,⚪Fiyat Alt_Orta Bant Aralığında,EMA55 Destek: 42.28 (%2.6 altta) | EMA5 Direnç: 44.12 (%1.6 üstte),31.53-34.12 (%21.4 altta),50.92-53.88 (%17.3 üstte),17.38,48.32,3.34,-0.75,
2026-07-24 21:56,SKBNK,11.76,🩸 SAT (Trend Kırıldı),🔴 SAT,🩸 SAT (Zirveden Dönüş),-,⚠️ Yükseliş Trendinde Düzeltme (SSL Negatif),⚪ Yelpaze Açık,⚪Fiyat Alt_Orta Bant Aralığında,EMA55 Destek: 10.82 (%8.0 altta) | EMA21 Direnç: 13.84 (%17.7 üstte),-,-,84.99,46.09,66.67,0.57,
2026-07-24 21:56,SKTAS,3.35,🔴 Düşüş Trendinde,🔴 SAT,-,-,🔴 Ayı Piyasası (EMA 50 En Altta),🟡 Normal Genişlik,⚪Fiyat Alt_Orta Bant Aralığında,EMA5 Direnç: 3.46 (%3.4 üstte),-,-,-13.9,46.35,33.14,-0.05,
2026-07-24 21:56,SKYLP,286.25,🟢 Yükseliş Trendinde,⏳ BEKLE,🟢 POTANSİYEL DİP (0 Altı - Hacimsiz),-,⚠️ Yükseliş Trendinde Düzeltme (SSL Negatif),🟠 Daralıyor,⚪Fiyat Alt_Orta Bant Aralığında,EMA21 Destek: 281.89 (%1.5 altta),73.50-80.00 (%72.1 altta),-,100.46,51.95,15.32,-0.9,
2026-07-24 21:56,SKYMD,14.51,🔴 Düşüş Trendinde,🟢 AL (Trend Onaylı),-,-,-,🟠 Daralıyor,🟡Fiyat Orta-Üst Bant Aralığında,EMA21 Destek: 13.68 (%5.7 altta) | EMA5 Direnç: 14.57 (%0.4 üstte),-,-,-,58.31,85.77,0.72,
2026-07-24 21:56,SMART,26.4,🟢 Yükseliş Trendinde,🔴 SAT,-,-,⚠️ Yükseliş Trendinde Düzeltme (SSL Negatif),⚪ Yelpaze Açık,⚪Fiyat Alt_Orta Bant Aralığında,EMA200 Destek: 23.07 (%12.6 altta) | EMA5 Direnç: 27.44 (%4.0 üstte),21.60-22.50 (%14.8 altta),35.12-40.90 (%33.0 üstte),14.45,42.12,5.05,-0.82,
2026-07-24 21:56,SMRTG,11.98,🟢 Yükseliş Trendinde,🔴 SAT,-,-,🔴 Ayı Piyasası (EMA 50 En Altta),⚪ Yelpaze Açık,🟡Fiyat Orta-Üst Bant Aralığında,EMA5 Destek: 11.71 (%2.2 altta) | EMA200 Direnç: 12.25 (%2.3 üstte),6.27-7.16 (%40.2 altta),21.10-25.57 (%76.1 üstte),-2.2,62.89,56.33,0.61,
2026-07-24 21:56,SMRVA,12.43,🔴 Düşüş Trendinde,🔴 SAT,-,-,-,-,⚪Fiyat Alt_Orta Bant Aralığında,EMA5 Direnç: 13.38 (%7.7 üstte),-,-,-,37.78,0.0,-0.9,
2026-07-24 21:56,SNGYO,3.32,🔴 Düşüş Trendinde,🔴 SAT,🔴 ZAYIFLAMA (Zaten Dipte),-,⚠️ Yükseliş Trendinde Düzeltme (SSL Negatif),🚨 BB SIKIŞMA,🚨Fiyat Bandın Altında!,EMA200 Destek: 2.89 (%13.0 altta) | EMA5 Direnç: 3.60 (%8.5 üstte),0.97-1.06 (%68.0 altta),-,14.97,36.39,44.46,-0.2,
2026-07-24 21:56,SNICA,3.82,🟢 Yükseliş Trendinde,🔴 SAT,-,-,🔴 Ayı Piyasası (EMA 50 En Altta),🟠 Daralıyor,⚪Fiyat Alt_Orta Bant Aralığında,EMA5 Direnç: 4.09 (%7.1 üstte),-,7.72-10.28 (%102.0 üstte),-,43.84,8.81,-0.06,
2026-07-24 21:56,SNPAM,19.78,🔴 Düşüş Trendinde,🔴 SAT,-,-,⚠️ Yükseliş Trendinde Düzeltme (SSL Negatif),🚨 BB SIKIŞMA,⚪Fiyat Alt_Orta Bant Aralığında,EMA200 Destek: 16.24 (%17.9 altta) | EMA5 Direnç: 20.48 (%3.5 üstte),13.62-14.45 (%26.9 altta),-,21.8,40.0,2.69,-0.66,
2026-07-24 21:56,SODSN,8.45,🔴 Düşüş Trendinde,🔴 SAT,-,-,"📉 Düşüş Hazırlığı (50<100 Kesti, 150 Bekleniyor)",🟠 Daralıyor,⚪Fiyat Alt_Orta Bant Aralığında,EMA5 Direnç: 8.66 (%2.5 üstte),-,-,-14.1,34.56,12.16,-0.94,
2026-07-24 21:56,SOHOE,12.38,-,-,-,-,-,-,-,-,-,-,-,,,,
2026-07-24 21:56,SOKE,17.1,🔴 Düşüş Trendinde,🟢 AL (Trend Onaylı),-,-,⚠️ Yükseliş Trendinde Düzeltme (SSL Negatif),⚪ Yelpaze Açık,⚪Fiyat Alt_Orta Bant Aralığında,EMA21 Destek: 16.58 (%3.0 altta) | EMA5 Direnç: 17.39 (%1.7 üstte),10.32-10.93 (%36.1 altta),20.44-22.72 (%19.5 üstte),-,54.15,23.06,-0.55,
2026-07-24 21:56,SOKM,53.1,🔴 Düşüş Trendinde,🟢 AL (Trend Onaylı),-,-,⚠️ Yükseliş Trendinde Düzeltme (SSL Negatif),🚨 BB SIKIŞMA,🟡Fiyat Orta-Üst Bant Aralığında,EMA21 Destek: 50.52 (%4.9 altta),34.82-37.50 (%29.4 altta),-,31.14,54.82,66.67,-0.15,
2026-07-24 21:56,SONME,125.0,🟢 Yükseliş Trendinde,⏳ BEKLE,-,-,⚠️ Yükseliş Trendinde Düzeltme (SSL Negatif),🚨 BB SIKIŞMA,⚪Fiyat Alt_Orta Bant Aralığında,EMA100 Destek: 121.26 (%3.0 altta) | EMA5 Direnç: 127.55 (%2.0 üstte),-,-,33.35,42.17,41.13,-0.8,
2026-07-24 21:56,SRVGY,2.6,🩸 SAT (Trend Kırıldı),🔴 SAT,-,-,🔴 Ayı Piyasası (EMA 50 En Altta),🟡 Normal Genişlik,⚪Fiyat Alt_Orta Bant Aralığında,EMA5 Direnç: 2.71 (%4.3 üstte),-,4.34-4.57 (%66.9 üstte),-16.99,36.45,0.0,-0.89,
2026-07-24 21:56,SUMAS,335.0,🟢 Yükseliş Trendinde,🔴 SAT,-,-,⚠️ Yükseliş Trendinde Düzeltme (SSL Negatif),⚪ Yelpaze Açık,🟡Fiyat Orta-Üst Bant Aralığında,EMA21 Destek: 334.98 (%0.0 altta) | EMA5 Direnç: 344.18 (%2.7 üstte),253.25-262.00 (%21.8 altta),-,33.82,50.96,18.52,0.06,
2026-07-24 21:56,SUNTK,41.98,🟢 Yükseliş Trendinde,🟢 AL (Trend Onaylı),-,-,🟢 EMA Yükselişte (SSL Ok Bekleniyor),🟡 Normal Genişlik,🚨Fiyat Bandın Üzerinde!,EMA5 Destek: 36.96 (%11.9 altta),-,-,70.56,59.06,87.95,0.05,
2026-07-24 21:56,SURGY,68.5,🟢 Yükseliş Trendinde,🔴 SAT,-,-,-,🟠 Daralıyor,🟡Fiyat Orta-Üst Bant Aralığında,EMA21 Destek: 67.05 (%2.1 altta) | EMA5 Direnç: 70.12 (%2.4 üstte),34.94-47.18 (%31.1 altta),-,-,53.18,4.92,-0.11,
2026-07-24 21:56,SUWEN,7.06,🔴 Düşüş Trendinde,⏳ BEKLE,🚀 KUSURSUZ DÖNÜŞ (0 Altı + Hacim),-,"📉 Düşüş Hazırlığı (50<100 Kesti, 150 Bekleniyor)",⚪ Yelpaze Açık,⚪Fiyat Alt_Orta Bant Aralığında,EMA5 Destek: 6.95 (%1.6 altta) | EMA21 Direnç: 7.91 (%12.0 üstte),-,-,-14.45,40.66,29.63,-0.9,
2026-07-24 21:56,SVGYO,13.51,🔴 Düşüş Trendinde,🔴 SAT,-,-,-,-,⚪Fiyat Alt_Orta Bant Aralığında,EMA5 Direnç: 15.79 (%16.9 üstte),-,-,-,56.69,,-0.37,
2026-07-24 21:56,TABGD,233.0,🔴 Düşüş Trendinde,🔴 SAT,-,-,-,🟠 Daralıyor,⚪Fiyat Alt_Orta Bant Aralığında,EMA55 Destek: 232.08 (%0.4 altta) | EMA5 Direnç: 237.37 (%1.9 üstte),-,-,-,45.16,17.15,-0.75,
2026-07-24 21:56,TARKM,513.0,🟢 Yükseliş Trendinde,🔴 SAT,-,-,-,⚪ Yelpaze Açık,🟡Fiyat Orta-Üst Bant Aralığında,EMA5 Destek: 500.59 (%2.4 altta),322.00-341.00 (%33.5 altta),-,-,57.8,15.62,0.34,
2026-07-24 21:56,TATEN,13.12,🟢 Yükseliş Trendinde,⏳ BEKLE,-,-,⚠️ Yükseliş Trendinde Düzeltme (SSL Negatif),🟡 Normal Genişlik,⚪Fiyat Alt_Orta Bant Aralığında,EMA5 Destek: 13.03 (%0.7 altta) | EMA55 Direnç: 13.18 (%0.5 üstte),-,-,-,48.72,11.59,-0.55,
2026-07-24 21:56,TATGD,19.51,🟢 Yükseliş Trendinde,🔴 SAT,-,-,🔴 Ayı Piyasası (EMA 50 En Altta),⚪ Yelpaze Açık,🟡Fiyat Orta-Üst Bant Aralığında,EMA200 Destek: 19.25 (%1.3 altta),10.51-11.50 (%41.1 altta),35.32-39.08 (%81.0 üstte),1.33,57.36,11.64,-0.02,
2026-07-24 21:56,TAVHL,259.5,🔴 Düşüş Trendinde,🔴 SAT,🔴 ZAYIFLAMA (Zaten Dipte),-,⚠️ Yükseliş Trendinde Düzeltme (SSL Negatif),⚪ Yelpaze Açık,⚪Fiyat Alt_Orta Bant Aralığında,EMA100 Destek: 257.23 (%0.9 altta) | EMA5 Direnç: 266.72 (%2.8 üstte),-,-,32.38,43.08,29.28,-0.24,
2026-07-24 21:56,TBORG,129.6,🔴 Düşüş Trendinde,⏳ BEKLE,-,-,⚠️ Yükseliş Trendinde Düzeltme (SSL Negatif),🚨 BB SIKIŞMA,⚪Fiyat Alt_Orta Bant Aralığında,EMA200 Destek: 104.29 (%19.5 altta) | EMA5 Direnç: 130.38 (%0.6 üstte),-,-,24.27,36.05,12.15,-0.9,
2026-07-24 21:56,TCELL,103.7,🔴 Düşüş Trendinde,🔴 SAT,-,-,⚠️ Yükseliş Trendinde Düzeltme (SSL Negatif),🟠 Daralıyor,⚪Fiyat Alt_Orta Bant Aralığında,EMA100 Destek: 95.86 (%7.6 altta) | EMA55 Direnç: 103.97 (%0.3 üstte),-,-,41.2,45.81,21.46,-0.47,
2026-07-24 21:56,TCKRC,140.3,🟢 Yükseliş Trendinde,🔴 SAT,-,-,-,-,🟡Fiyat Orta-Üst Bant Aralığında,EMA5 Destek: 136.31 (%2.8 altta),-,-,-,59.67,12.14,0.46,
2026-07-24 21:56,TDGYO,16.16,🔴 Düşüş Trendinde,🟢 AL (Trend Onaylı),-,-,🟢 EMA Yükselişte (SSL Ok Bekleniyor),🚨 BB SIKIŞMA,⚪Fiyat Alt_Orta Bant Aralığında,EMA5 Destek: 15.70 (%2.8 altta) | EMA21 Direnç: 17.62 (%9.0 üstte),-,-,17.1,42.85,87.14,-0.34,
2026-07-24 21:56,TEHOL,43.1,🟢 Yükseliş Trendinde,🟢 AL (Trend Onaylı),🩸 SAT (Zirveden Dönüş),-,🟢 EMA Yükselişte (SSL Ok Bekleniyor),🟡 Normal Genişlik,🟡Fiyat Orta-Üst Bant Aralığında,EMA5 Destek: 39.88 (%7.5 altta),0.18-0.19 (%99.6 altta),-,217.07,76.04,100.0,0.98,
2026-07-24 21:56,TEKTU,8.19,🔴 Düşüş Trendinde,🔴 SAT,-,-,🟢 EMA Yükselişte (SSL Ok Bekleniyor),⚪ Yelpaze Açık,⚪Fiyat Alt_Orta Bant Aralığında,EMA200 Destek: 7.52 (%8.1 altta) | EMA5 Direnç: 9.12 (%11.3 üstte),-,-,8.86,40.88,6.96,-0.87,
2026-07-24 21:56,TERA,164.4,🔴 Düşüş Trendinde,⏳ BEKLE,-,-,⚠️ Yükseliş Trendinde Düzeltme (SSL Negatif),⚪ Yelpaze Açık,⚪Fiyat Alt_Orta Bant Aralığında,EMA100 Destek: 150.88 (%8.2 altta) | EMA5 Direnç: 165.87 (%0.9 üstte),-,-,-,40.07,11.62,-0.93,
2026-07-24 21:56,TEZOL,13.69,🩸 SAT (Trend Kırıldı),🔴 SAT,-,-,⚠️ Yükseliş Trendinde Düzeltme (SSL Negatif),🟠 Daralıyor,🚨Fiyat Bandın Altında!,EMA200 Destek: 13.12 (%4.2 altta) | EMA100 Direnç: 15.34 (%12.1 üstte),-,19.78-21.36 (%44.5 üstte),4.34,36.33,0.14,-0.83,
2026-07-24 21:56,TGSAS,181.0,🔴 Düşüş Trendinde,🟢 AL (Trend Onaylı),-,-,🟢 EMA Yükselişte (SSL Ok Bekleniyor),🚨 BB SIKIŞMA,🟡Fiyat Orta-Üst Bant Aralığında,EMA5 Destek: 178.01 (%1.7 altta),-,-,91.95,56.73,91.21,0.6,
2026-07-24 21:56,THYAO,312.0,🔴 Düşüş Trendinde,⏳ BEKLE,🩸 SAT (Zirveden Dönüş),-,⚠️ Yükseliş Trendinde Düzeltme (SSL Negatif),🟡 Normal Genişlik,🟡Fiyat Orta-Üst Bant Aralığında,EMA55 Destek: 304.11 (%2.5 altta) | EMA21 Direnç: 313.99 (%0.6 üstte),-,-,35.0,50.17,63.76,0.5,
2026-07-24 21:56,TKFEN,150.0,🟢 Yükseliş Trendinde,🟢 AL (Trend Onaylı),🟡 RİSKLİ AL (0 Üstü - Hacimsiz),-,🚀 ASIL SİNYAL: GÜÇLÜ AL (EMA Sıralı + SSL Onay),⚪ Yelpaze Açık,🟡Fiyat Orta-Üst Bant Aralığında,EMA5 Destek: 143.75 (%4.2 altta),-,-,112.4,66.79,16.62,0.21,
2026-07-24 21:56,TKNSA,17.5,🔴 Düşüş Trendinde,🔴 SAT,-,🟢 POTANSİYEL DİP,🔴 Ayı Piyasası (EMA 50 En Altta),🟡 Normal Genişlik,⚪Fiyat Alt_Orta Bant Aralığında,EMA5 Direnç: 18.59 (%6.2 üstte),-,36.56-40.38 (%108.9 üstte),-21.91,33.75,0.0,-0.96,
2026-07-24 21:56,TLMAN,85.05,🔴 Düşüş Trendinde,🔴 SAT,-,-,⚠️ Yükseliş Trendinde Düzeltme (SSL Negatif),🟡 Normal Genişlik,⚪Fiyat Alt_Orta Bant Aralığında,EMA200 Destek: 80.02 (%5.9 altta) | EMA5 Direnç: 88.12 (%3.6 üstte),72.65-78.80 (%7.3 altta),95.95-116.00 (%12.8 üstte),6.29,39.15,2.02,-0.65,
2026-07-24 21:56,TMPOL,426.5,🔴 Düşüş Trendinde,⏳ BEKLE,-,-,⚠️ Yükseliş Trendinde Düzeltme (SSL Negatif),⚪ Yelpaze Açık,⚪Fiyat Alt_Orta Bant Aralığında,EMA55 Destek: 353.82 (%17.0 altta) | EMA5 Direnç: 431.64 (%1.2 üstte),66.90-85.40 (%80.0 altta),-,137.27,50.57,28.31,-0.1,
2026-07-24 21:56,TMSN,83.2,🔴 Düşüş Trendinde,🔴 SAT,-,-,"📉 Düşüş Hazırlığı (50<100 Kesti, 150 Bekleniyor)",🟡 Normal Genişlik,⚪Fiyat Alt_Orta Bant Aralığında,EMA5 Direnç: 86.18 (%3.6 üstte),-,122.50-138.40 (%47.2 üstte),-6.59,32.92,0.0,-0.96,
2026-07-24 21:56,TNZTP,25.02,🟢 Yükseliş Trendinde,⏳ BEKLE,-,-,⚠️ Yükseliş Trendinde Düzeltme (SSL Negatif),🚨 BB SIKIŞMA,🟡Fiyat Orta-Üst Bant Aralığında,EMA21 Destek: 24.48 (%2.2 altta),17.48-20.72 (%17.2 altta),-,-,52.14,16.86,-0.43,
2026-07-24 21:56,TOASO,281.0,🟢 Yükseliş Trendinde,🔴 SAT,-,-,⚠️ Yükseliş Trendinde Düzeltme (SSL Negatif),🚨 BB SIKIŞMA,⚪Fiyat Alt_Orta Bant Aralığında,EMA55 Destek: 267.40 (%4.8 altta) | EMA21 Direnç: 294.97 (%5.0 üstte),-,-,41.98,47.09,6.16,0.0,
2026-07-24 21:56,TRALT,49.12,🔴 Düşüş Trendinde,🟢 AL (Trend Onaylı),-,-,⚠️ Yükseliş Trendinde Düzeltme (SSL Negatif),🟡 Normal Genişlik,🟡Fiyat Orta-Üst Bant Aralığında,EMA21 Destek: 47.18 (%3.9 altta) | EMA5 Direnç: 49.80 (%1.4 üstte),-,-,78.0,53.3,68.72,0.7,
2026-07-24 21:56,TRCAS,45.94,🔴 Düşüş Trendinde,🟢 AL (Trend Onaylı),🟢 POTANSİYEL DİP (0 Altı - Hacimsiz),-,⚠️ Yükseliş Trendinde Düzeltme (SSL Negatif),🚨 BB SIKIŞMA,🟡Fiyat Orta-Üst Bant Aralığında,EMA5 Destek: 44.00 (%4.2 altta),-,-,72.3,57.6,40.58,-0.38,
2026-07-24 21:56,TRENJ,100.3,🔴 Düşüş Trendinde,🟢 AL (Trend Onaylı),-,-,⚠️ Yükseliş Trendinde Düzeltme (SSL Negatif),🚨 BB SIKIŞMA,🟡Fiyat Orta-Üst Bant Aralığında,EMA5 Destek: 94.71 (%5.6 altta),20.98-25.80 (%74.3 altta),-,76.53,56.13,85.84,0.28,
2026-07-24 21:56,TRGYO,96.45,🟢 Yükseliş Trendinde,⏳ BEKLE,🩸 SAT (Zirveden Dönüş),-,⚠️ Yükseliş Trendinde Düzeltme (SSL Negatif),⚪ Yelpaze Açık,🟡Fiyat Orta-Üst Bant Aralığında,EMA21 Destek: 92.36 (%4.2 altta) | EMA5 Direnç: 98.08 (%1.7 üstte),-,-,95.91,60.28,24.99,0.53,
2026-07-24 21:56,TRHOL,1804.0,🟢 Yükseliş Trendinde,🟢 AL (Trend Onaylı),📈 TREND DEVAMI (0 Üstü + Hacim),-,🚀 ASIL SİNYAL: GÜÇLÜ AL (EMA Sıralı + SSL Onay),🟡 Normal Genişlik,🟡Fiyat Orta-Üst Bant Aralığında,EMA5 Destek: 1659.90 (%8.0 altta),-,-,362.87,73.29,26.44,0.72,
2026-07-24 21:56,TRILC,1.32,🔴 Düşüş Trendinde,⏳ BEKLE,-,-,🔴 Ayı Piyasası (EMA 50 En Altta),⚪ Yelpaze Açık,⚪Fiyat Alt_Orta Bant Aralığında,EMA5 Direnç: 1.40 (%6.2 üstte),-,3.38-4.62 (%155.8 üstte),-46.89,35.14,12.23,-0.88,
2026-07-24 21:56,TRMET,136.1,🔴 Düşüş Trendinde,🟢 AL (Trend Onaylı),-,-,🟢 EMA Yükselişte (SSL Ok Bekleniyor),⚪ Yelpaze Açık,🟡Fiyat Orta-Üst Bant Aralığında,EMA5 Destek: 124.47 (%8.5 altta),-,-,80.21,57.72,71.98,0.09,
2026-07-24 21:56,TSGYO,6.15,🟢 Yükseliş Trendinde,🔴 SAT,-,-,🔴 Ayı Piyasası (EMA 50 En Altta),🚨 BB SIKIŞMA,🚨Fiyat Bandın Altında!,EMA5 Direnç: 6.40 (%4.0 üstte),-,6.76-7.14 (%9.9 üstte),-11.31,38.66,9.7,-0.61,
2026-07-24 21:56,TSKB,11.43,🟢 Yükseliş Trendinde,🔴 SAT,-,-,⚠️ Yükseliş Trendinde Düzeltme (SSL Negatif),🚨 BB SIKIŞMA,⚪Fiyat Alt_Orta Bant Aralığında,EMA100 Destek: 11.31 (%1.1 altta) | EMA5 Direnç: 11.69 (%2.3 üstte),-,-,29.42,46.02,39.41,-0.16,
2026-07-24 21:56,TSPOR,0.96,🔴 Düşüş Trendinde,🔥 GÜÇLÜ AL (Taze Kırılım),🟢 POTANSİYEL DİP (0 Altı - Hacimsiz),-,🔴 Ayı Piyasası (EMA 50 En Altta),🚨 BB SIKIŞMA,⚪Fiyat Alt_Orta Bant Aralığında,EMA5 Destek: 0.94 (%2.4 altta) | EMA21 Direnç: 0.97 (%1.4 üstte),0.72-0.75 (%21.9 altta),2.07-2.46 (%115.4 üstte),-31.2,46.3,45.85,-0.75,
2026-07-24 21:56,TTKOM,54.0,🔴 Düşüş Trendinde,🔴 SAT,-,-,⚠️ Yükseliş Trendinde Düzeltme (SSL Negatif),🟠 Daralıyor,🚨Fiyat Bandın Altında!,EMA100 Destek: 53.86 (%0.3 altta) | EMA5 Direnç: 57.93 (%7.3 üstte),-,-,32.11,37.96,0.7,-0.69,
2026-07-24 21:56,TTRAK,411.5,🔴 Düşüş Trendinde,⏳ BEKLE,-,🟢 POTANSİYEL DİP,🩸 ASIL SİNYAL: GÜÇLÜ SAT (EMA Çöktü + SSL Onay),🚨 BB SIKIŞMA,🚨Fiyat Bandın Altında!,EMA5 Direnç: 430.79 (%4.7 üstte),-,611.00-650.00 (%48.5 üstte),-11.4,33.37,27.43,-0.77,
2026-07-24 21:56,TUCLK,3.85,🔴 Düşüş Trendinde,🔴 SAT,-,🟢 POTANSİYEL DİP,🔴 Ayı Piyasası (EMA 50 En Altta),🚨 BB SIKIŞMA,⚪Fiyat Alt_Orta Bant Aralığında,EMA5 Direnç: 3.99 (%3.5 üstte),-,10.99-13.30 (%185.5 üstte),-43.62,34.05,9.73,-0.77,
2026-07-24 21:56,TUKAS,2.1,🔴 Düşüş Trendinde,🔴 SAT,-,🟢 POTANSİYEL DİP,🔴 Ayı Piyasası (EMA 50 En Altta),🚨 BB SIKIŞMA,⚪Fiyat Alt_Orta Bant Aralığında,EMA5 Direnç: 2.18 (%3.9 üstte),-,6.72-7.28 (%220.0 üstte),-47.86,33.0,0.0,-0.95,
2026-07-24 21:56,TUPRS,304.25,🟢 Yükseliş Trendinde,🟢 AL (Trend Onaylı),-,🔴 ZİRVEDE,🟢 EMA Yükselişte (SSL Ok Bekleniyor),⚪ Yelpaze Açık,🚨Fiyat Bandın Üzerinde!,EMA5 Destek: 275.38 (%9.5 altta),113.53-117.22 (%61.5 altta),-,123.71,71.59,79.27,0.2,
2026-07-24 21:56,TUREX,7.95,🟢 Yükseliş Trendinde,⏳ BEKLE,🟢 POTANSİYEL DİP (0 Altı - Hacimsiz),-,"📉 Düşüş Hazırlığı (50<100 Kesti, 150 Bekleniyor)",🟠 Daralıyor,⚪Fiyat Alt_Orta Bant Aralığında,EMA21 Destek: 7.90 (%0.6 altta) | EMA55 Direnç: 9.23 (%16.1 üstte),-,-,12.39,48.82,20.11,-0.83,
2026-07-24 21:56,TURGG,27.34,🔴 Düşüş Trendinde,⏳ BEKLE,-,-,⚠️ Yükseliş Trendinde Düzeltme (SSL Negatif),⚪ Yelpaze Açık,⚪Fiyat Alt_Orta Bant Aralığında,EMA200 Destek: 24.32 (%11.1 altta) | EMA5 Direnç: 27.77 (%1.6 üstte),23.46-28.75 (fiyat bandın içinde!),-,12.44,43.32,0.14,-0.89,
2026-07-24 21:56,TURSG,6.62,🟢 Yükseliş Trendinde,🟢 AL (Trend Onaylı),-,-,⚠️ Yükseliş Trendinde Düzeltme (SSL Negatif),🚨 BB SIKIŞMA,⚪Fiyat Alt_Orta Bant Aralığında,EMA5 Destek: 6.47 (%2.2 altta),0.21-0.25 (%96.2 altta),-,82.85,54.49,35.92,-0.68,
2026-07-24 21:56,UCAYM,28.46,🟢 Yükseliş Trendinde,🔴 SAT,-,-,-,-,⚪Fiyat Alt_Orta Bant Aralığında,EMA5 Direnç: 30.59 (%7.5 üstte),-,-,-,50.04,,0.01,
2026-07-24 21:56,UFUK,1653.0,🟢 Yükseliş Trendinde,🟢 AL (Trend Onaylı),-,-,🟢 EMA Yükselişte (SSL Ok Bekleniyor),🚨 BB SIKIŞMA,🟡Fiyat Orta-Üst Bant Aralığında,EMA5 Destek: 1646.93 (%0.4 altta),-,-,114.95,55.03,82.97,0.57,
2026-07-24 21:56,ULAS,23.76,🔴 Düşüş Trendinde,⏳ BEKLE,-,-,⚠️ Yükseliş Trendinde Düzeltme (SSL Negatif),⚪ Yelpaze Açık,⚪Fiyat Alt_Orta Bant Aralığında,EMA200 Destek: 21.26 (%10.5 altta) | EMA5 Direnç: 24.47 (%3.0 üstte),-,-,11.74,34.33,2.57,-0.98,
2026-07-24 21:56,ULKER,92.05,🔴 Düşüş Trendinde,🔴 SAT,-,🟢 POTANSİYEL DİP,⚠️ Yükseliş Trendinde Düzeltme (SSL Negatif),⚪ Yelpaze Açık,🚨Fiyat Bandın Altında!,EMA200 Destek: 81.31 (%11.7 altta) | EMA5 Direnç: 98.02 (%6.5 üstte),12.08-13.37 (%85.5 altta),-,13.2,33.92,1.75,-0.95,
2026-07-24 21:56,ULUFA,1.71,🔴 Düşüş Trendinde,⏳ BEKLE,-,-,⚠️ Yükseliş Trendinde Düzeltme (SSL Negatif),⚪ Yelpaze Açık,⚪Fiyat Alt_Orta Bant Aralığında,EMA100 Destek: 1.62 (%5.4 altta) | EMA5 Direnç: 1.78 (%4.1 üstte),-,-,46.47,41.5,3.6,-0.91,
2026-07-24 21:56,ULUSE,290.0,🟢 Yükseliş Trendinde,🔴 SAT,-,-,🟢 EMA Yükselişte (SSL Ok Bekleniyor),⚪ Yelpaze Açık,🟡Fiyat Orta-Üst Bant Aralığında,EMA21 Destek: 268.25 (%7.5 altta) | EMA5 Direnç: 300.16 (%3.5 üstte),122.00-131.50 (%54.7 altta),-,64.43,57.04,20.82,0.49,
2026-07-24 21:56,ULUUN,9.25,🟢 Yükseliş Trendinde,🟢 AL (Trend Onaylı),-,-,🟢 EMA Yükselişte (SSL Ok Bekleniyor),⚪ Yelpaze Açık,🟡Fiyat Orta-Üst Bant Aralığında,EMA21 Destek: 8.64 (%6.6 altta) | EMA5 Direnç: 9.25 (%0.0 üstte),5.35-6.85 (%25.9 altta),-,37.9,57.23,31.05,0.36,
2026-07-24 21:56,UMPAS,9.3,🔴 Düşüş Trendinde,⏳ BEKLE,-,-,🟢 EMA Yükselişte (SSL Ok Bekleniyor),🚨 BB SIKIŞMA,🚨Fiyat Bandın Altında!,EMA100 Destek: 9.10 (%2.1 altta) | EMA5 Direnç: 9.30 (%0.0 üstte),-,11.40-14.35 (%22.6 üstte),26.69,41.55,50.0,0.0,
2026-07-24 21:56,UNLU,11.8,🔴 Düşüş Trendinde,🔴 SAT,-,-,"📉 Düşüş Hazırlığı (50<100 Kesti, 150 Bekleniyor)",🟠 Daralıyor,⚪Fiyat Alt_Orta Bant Aralığında,EMA5 Direnç: 12.30 (%4.2 üstte),-,13.23-14.50 (%12.1 üstte),-7.98,37.29,0.72,-0.79,
2026-07-24 21:56,USAK,1.42,🔴 Düşüş Trendinde,⏳ BEKLE,-,-,🔴 Ayı Piyasası (EMA 50 En Altta),🚨 BB SIKIŞMA,⚪Fiyat Alt_Orta Bant Aralığında,EMA5 Direnç: 1.44 (%1.7 üstte),0.27-0.31 (%78.3 altta),4.97-6.62 (%250.0 üstte),-32.69,31.93,7.81,-0.95,
2026-07-24 21:56,VAKBN,30.24,🔴 Düşüş Trendinde,🔴 SAT,-,-,⚠️ Yükseliş Trendinde Düzeltme (SSL Negatif),🚨 BB SIKIŞMA,⚪Fiyat Alt_Orta Bant Aralığında,EMA100 Destek: 27.48 (%9.1 altta) | EMA55 Direnç: 30.47 (%0.8 üstte),-,-,45.2,44.57,13.87,-0.14,
2026-07-24 21:56,VAKFA,11.56,🟢 Yükseliş Trendinde,🔴 SAT,-,-,-,-,⚪Fiyat Alt_Orta Bant Aralığında,EMA5 Direnç: 11.78 (%1.9 üstte),-,-,-,34.87,1.21,-0.9,
2026-07-24 21:56,VAKFN,1.29,🔴 Düşüş Trendinde,⏳ BEKLE,-,-,⚠️ Yükseliş Trendinde Düzeltme (SSL Negatif),🟡 Normal Genişlik,⚪Fiyat Alt_Orta Bant Aralığında,EMA200 Destek: 1.10 (%14.4 altta) | EMA5 Direnç: 1.32 (%2.4 üstte),0.81-0.92 (%28.6 altta),1.48-1.62 (%15.0 üstte),16.86,33.88,0.0,-0.94,
2026-07-24 21:56,VAKKO,70.25,🟢 Yükseliş Trendinde,🔴 SAT,-,-,⚠️ Yükseliş Trendinde Düzeltme (SSL Negatif),🟡 Normal Genişlik,⚪Fiyat Alt_Orta Bant Aralığında,EMA55 Destek: 69.18 (%1.5 altta) | EMA5 Direnç: 72.14 (%2.7 üstte),52.59-57.37 (%18.3 altta),-,23.39,47.31,3.51,-0.85,
2026-07-24 21:56,VANGD,92.95,🟢 Yükseliş Trendinde,⏳ BEKLE,-,-,⚠️ Yükseliş Trendinde Düzeltme (SSL Negatif),🟡 Normal Genişlik,🟡Fiyat Orta-Üst Bant Aralığında,EMA5 Destek: 92.91 (%0.0 altta),-,-,158.39,57.87,10.36,0.18,
2026-07-24 21:56,VBTYZ,34.6,🟢 Yükseliş Trendinde,⏳ BEKLE,📈 TREND DEVAMI (0 Üstü + Hacim),-,🚀 ASIL SİNYAL: GÜÇLÜ AL (EMA Sıralı + SSL Onay),⚪ Yelpaze Açık,🚨Fiyat Bandın Üzerinde!,EMA5 Destek: 31.04 (%10.3 altta),-,-,82.19,69.67,52.7,0.88,
2026-07-24 21:56,VERTU,37.22,🔴 Düşüş Trendinde,🔴 SAT,-,-,⚠️ Yükseliş Trendinde Düzeltme (SSL Negatif),🚨 BB SIKIŞMA,⚪Fiyat Alt_Orta Bant Aralığında,EMA200 Destek: 36.58 (%1.7 altta) | EMA5 Direnç: 38.19 (%2.6 üstte),20.39-22.44 (%39.7 altta),-,1.76,43.45,2.65,-0.46,
2026-07-24 21:56,VERUS,480.25,🔴 Düşüş Trendinde,🔴 SAT,-,-,⚠️ Yükseliş Trendinde Düzeltme (SSL Negatif),⚪ Yelpaze Açık,⚪Fiyat Alt_Orta Bant Aralığında,EMA55 Destek: 405.65 (%15.5 altta) | EMA21 Direnç: 485.86 (%1.2 üstte),11.99-137.23 (%71.4 altta),-,81.41,51.22,18.79,-0.18,
2026-07-24 21:56,VESBE,6.12,🔴 Düşüş Trendinde,🔴 SAT,🔴 ZAYIFLAMA (Zaten Dipte),-,🔴 Ayı Piyasası (EMA 50 En Altta),🟠 Daralıyor,⚪Fiyat Alt_Orta Bant Aralığında,EMA5 Direnç: 6.32 (%3.2 üstte),-,17.31-18.83 (%182.8 üstte),-42.86,35.08,67.48,-0.87,
2026-07-24 21:56,VESTL,24.42,🔴 Düşüş Trendinde,⏳ BEKLE,🔴 ZAYIFLAMA (Zaten Dipte),-,🔴 Ayı Piyasası (EMA 50 En Altta),🟠 Daralıyor,⚪Fiyat Alt_Orta Bant Aralığında,EMA5 Direnç: 25.08 (%2.7 üstte),21.54-23.14 (%5.2 altta),62.00-73.15 (%153.9 üstte),-41.62,37.51,62.76,-0.81,
2026-07-24 21:56,VKFYO,26.4,🔴 Düşüş Trendinde,🔴 SAT,🟢 POTANSİYEL DİP (0 Altı - Hacimsiz),-,⚠️ Yükseliş Trendinde Düzeltme (SSL Negatif),⚪ Yelpaze Açık,⚪Fiyat Alt_Orta Bant Aralığında,EMA200 Destek: 21.34 (%19.2 altta) | EMA100 Direnç: 26.72 (%1.2 üstte),15.62-17.18 (%34.9 altta),-,23.73,42.19,16.66,-0.92,
2026-07-24 21:56,VKGYO,2.64,🟢 Yükseliş Trendinde,🔴 SAT,-,-,⚠️ Yükseliş Trendinde Düzeltme (SSL Negatif),🚨 BB SIKIŞMA,⚪Fiyat Alt_Orta Bant Aralığında,EMA55 Destek: 2.52 (%4.5 altta) | EMA21 Direnç: 2.66 (%0.7 üstte),-,-,40.2,49.94,19.11,-0.19,
2026-07-24 21:56,VKING,23.96,🔴 Düşüş Trendinde,⏳ BEKLE,-,-,"📉 Düşüş Hazırlığı (50<100 Kesti, 150 Bekleniyor)",🚨 BB SIKIŞMA,⚪Fiyat Alt_Orta Bant Aralığında,EMA5 Direnç: 24.22 (%1.1 üstte),-,-,-11.37,41.16,25.5,-0.78,
2026-07-24 21:56,VRGYO,1.93,🔴 Düşüş Trendinde,🔴 SAT,-,-,-,🟠 Daralıyor,⚪Fiyat Alt_Orta Bant Aralığında,EMA5 Direnç: 2.00 (%3.5 üstte),-,-,-,35.19,0.0,-0.94,
2026-07-24 21:56,VSNMD,81.35,🔴 Düşüş Trendinde,🔴 SAT,-,-,-,-,⚪Fiyat Alt_Orta Bant Aralığında,EMA5 Direnç: 84.45 (%3.8 üstte),-,89.50-106.70 (%10.0 üstte),-,42.96,32.84,-0.13,
2026-07-24 21:56,YAPRK,10.95,🟢 Yükseliş Trendinde,🔴 SAT,-,-,"📉 Düşüş Hazırlığı (50<100 Kesti, 150 Bekleniyor)",⚪ Yelpaze Açık,⚪Fiyat Alt_Orta Bant Aralığında,EMA5 Direnç: 11.50 (%5.1 üstte),-,-,-5.46,39.23,0.0,-0.97,
2026-07-24 21:56,YATAS,34.94,🔴 Düşüş Trendinde,🔴 SAT,-,-,⚠️ Yükseliş Trendinde Düzeltme (SSL Negatif),🟡 Normal Genişlik,🚨Fiyat Bandın Altında!,EMA200 Destek: 30.80 (%11.9 altta) | EMA100 Direnç: 35.42 (%1.4 üstte),23.56-29.48 (%15.6 altta),-,13.45,38.25,0.0,-0.87,
2026-07-24 21:56,YAYLA,22.98,🔴 Düşüş Trendinde,🔴 SAT,-,-,🟢 EMA Yükselişte (SSL Ok Bekleniyor),🟠 Daralıyor,⚪Fiyat Alt_Orta Bant Aralığında,EMA200 Destek: 18.08 (%21.3 altta) | EMA5 Direnç: 23.75 (%3.3 üstte),11.51-14.00 (%39.1 altta),-,27.07,41.9,23.78,-0.88,
2026-07-24 21:56,YBTAS,15.1,🔴 Düşüş Trendinde,🔴 SAT,-,-,🔴 Ayı Piyasası (EMA 50 En Altta),🟠 Daralıyor,⚪Fiyat Alt_Orta Bant Aralığında,EMA5 Direnç: 15.66 (%3.7 üstte),-,35.33-43.15 (%134.0 üstte),-41.93,32.41,11.5,-0.92,
2026-07-24 21:56,YEOTK,98.1,🟢 Yükseliş Trendinde,🔴 SAT,-,-,🟢 EMA Yükselişte (SSL Ok Bekleniyor),⚪ Yelpaze Açık,🟡Fiyat Orta-Üst Bant Aralığında,EMA5 Destek: 96.52 (%1.6 altta),-,-,118.5,64.69,6.44,0.46,
2026-07-24 21:56,YESIL,1.31,🔴 Düşüş Trendinde,⏳ BEKLE,-,-,🔴 Ayı Piyasası (EMA 50 En Altta),🚨 BB SIKIŞMA,⚪Fiyat Alt_Orta Bant Aralığında,EMA5 Direnç: 1.34 (%2.0 üstte),-,4.52-5.46 (%245.0 üstte),-47.49,36.13,6.31,-0.96,
2026-07-24 21:56,YGGYO,218.2,🟢 Yükseliş Trendinde,🔴 SAT,-,-,⚠️ Yükseliş Trendinde Düzeltme (SSL Negatif),⚪ Yelpaze Açık,⚪Fiyat Alt_Orta Bant Aralığında,EMA21 Destek: 211.59 (%3.0 altta) | EMA5 Direnç: 223.96 (%2.6 üstte),-,-,146.81,56.0,0.72,-0.43,
2026-07-24 21:56,YIGIT,21.66,🔴 Düşüş Trendinde,🔴 SAT,-,-,-,-,⚪Fiyat Alt_Orta Bant Aralığında,EMA5 Direnç: 22.50 (%3.9 üstte),-,33.40-38.88 (%54.2 üstte),-,41.26,0.0,-0.67,
2026-07-24 21:56,YKBNK,33.36,🟢 Yükseliş Trendinde,🔴 SAT,-,-,⚠️ Yükseliş Trendinde Düzeltme (SSL Negatif),🟡 Normal Genişlik,⚪Fiyat Alt_Orta Bant Aralığında,EMA100 Destek: 32.11 (%3.7 altta) | EMA55 Direnç: 35.00 (%4.9 üstte),27.14-30.88 (%7.4 altta),-,36.76,44.62,11.02,-0.15,
2026-07-24 21:56,YKSLN,3.15,🔴 Düşüş Trendinde,🔴 SAT,-,-,🔴 Ayı Piyasası (EMA 50 En Altta),🚨 BB SIKIŞMA,⚪Fiyat Alt_Orta Bant Aralığında,EMA5 Direnç: 3.21 (%1.8 üstte),-,6.71-9.39 (%113.0 üstte),-39.06,39.63,56.08,-0.5,
2026-07-24 21:56,YONGA,47.9,🔴 Düşüş Trendinde,🔴 SAT,-,-,"📉 Düşüş Hazırlığı (50<100 Kesti, 150 Bekleniyor)",🚨 BB SIKIŞMA,🚨Fiyat Bandın Altında!,EMA5 Direnç: 51.37 (%7.2 üstte),-,59.95-71.00 (%25.2 üstte),-7.39,35.55,0.0,-0.74,
2026-07-24 21:56,YUNSA,8.86,🟢 Yükseliş Trendinde,🔴 SAT,-,-,⚠️ Yükseliş Trendinde Düzeltme (SSL Negatif),⚪ Yelpaze Açık,⚪Fiyat Alt_Orta Bant Aralığında,EMA55 Destek: 8.29 (%6.5 altta) | EMA21 Direnç: 9.12 (%2.9 üstte),4.51-5.12 (%42.2 altta),10.66-12.89 (%20.3 üstte),36.95,49.05,0.53,0.15,
2026-07-24 21:56,YYAPI,0.89,🔴 Düşüş Trendinde,⏳ BEKLE,-,-,🔴 Ayı Piyasası (EMA 50 En Altta),⚪ Yelpaze Açık,⚪Fiyat Alt_Orta Bant Aralığında,EMA5 Direnç: 0.91 (%2.1 üstte),-,-,-33.2,33.55,36.35,-0.84,
2026-07-24 21:56,YYLGD,10.47,🔴 Düşüş Trendinde,🔴 SAT,-,-,🔴 Ayı Piyasası (EMA 50 En Altta),🚨 BB SIKIŞMA,⚪Fiyat Alt_Orta Bant Aralığında,EMA5 Direnç: 10.81 (%3.3 üstte),8.40-10.32 (%1.4 altta),-,-12.57,41.08,0.0,-0.88,
2026-07-24 21:56,ZEDUR,8.31,🟢 Yükseliş Trendinde,🔴 SAT,-,-,⚠️ Yükseliş Trendinde Düzeltme (SSL Negatif),⚪ Yelpaze Açık,⚪Fiyat Alt_Orta Bant Aralığında,EMA200 Destek: 7.76 (%6.6 altta) | EMA100 Direnç: 8.74 (%5.2 üstte),7.75-8.38 (fiyat bandın içinde!),14.18-18.70 (%70.7 üstte),7.11,42.44,0.0,-0.51,
2026-07-24 21:56,ZERGY,10.24,🔴 Düşüş Trendinde,🔴 SAT,-,-,-,-,⚪Fiyat Alt_Orta Bant Aralığında,EMA5 Direnç: 11.02 (%7.6 üstte),-,-,-,38.79,1.25,-0.94,
2026-07-24 21:56,ZGYO,38.2,🟢 Yükseliş Trendinde,🔴 SAT,-,-,-,-,🟡Fiyat Orta-Üst Bant Aralığında,EMA5 Destek: 37.95 (%0.7 altta),-,-,-,66.97,,0.71,
2026-07-24 21:56,ZOREN,2.54,🔴 Düşüş Trendinde,🔴 SAT,-,🟢 POTANSİYEL DİP,🔴 Ayı Piyasası (EMA 50 En Altta),🟠 Daralıyor,🚨Fiyat Bandın Altında!,EMA5 Direnç: 2.69 (%5.9 üstte),-,4.28-4.53 (%68.5 üstte),-22.08,33.52,1.05,-0.92,
2026-07-24 21:56,ZRGYO,18.2,🔴 Düşüş Trendinde,🟢 AL (Trend Onaylı),-,-,⚠️ Yükseliş Trendinde Düzeltme (SSL Negatif),⚪ Yelpaze Açık,⚪Fiyat Alt_Orta Bant Aralığında,EMA5 Destek: 17.90 (%1.7 altta) | EMA100 Direnç: 18.42 (%1.2 üstte),-,23.74-25.73 (%30.4 üstte),35.62,41.8,55.9,-0.66,
2026-07-31 21:53,A1CAP,8.78,🔴 Düşüş Trendinde,🔴 SAT,-,-,⚠️ Yükseliş Trendinde Düzeltme (SSL Negatif),⚪ Yelpaze Açık,⚪Fiyat Alt_Orta Bant Aralığında,EMA5 Direnç: 9.56 (%8.9 üstte),4.46-5.73 (%34.7 altta),-,-,31.02,4.44,-0.75,0
2026-07-31 21:53,A1YEN,2.64,🩸 SAT (Trend Kırıldı),🔴 SAT,-,-,⚠️ Yükseliş Trendinde Düzeltme (SSL Negatif),⚪ Yelpaze Açık,⚪Fiyat Alt_Orta Bant Aralığında,EMA200 Destek: 2.57 (%2.7 altta) | EMA100 Direnç: 2.84 (%7.4 üstte),2.18-2.70 (fiyat bandın içinde!),-,2.8,39.7,1.37,-0.87,0
2026-07-31 21:53,AAGYO,12.94,🟢 Yükseliş Trendinde,🔴 SAT,-,-,-,-,-,EMA5 Direnç: 14.41 (%11.3 üstte),-,-,-,8.0,,-0.96,-
2026-07-31 21:53,ACSEL,124.2,🟢 Yükseliş Trendinde,🔴 SAT,-,-,⚠️ Yükseliş Trendinde Düzeltme (SSL Negatif),⚪ Yelpaze Açık,⚪Fiyat Alt_Orta Bant Aralığında,EMA55 Destek: 121.84 (%1.9 altta) | EMA5 Direnç: 130.33 (%4.9 üstte),-,-,25.06,47.15,0.52,-0.4,0
2026-07-31 21:53,ADEL,29.06,🔴 Düşüş Trendinde,🔴 SAT,-,-,🔴 Ayı Piyasası (EMA 50 En Altta),⚪ Yelpaze Açık,⚪Fiyat Alt_Orta Bant Aralığında,EMA5 Direnç: 30.19 (%3.9 üstte),-,47.64-57.64 (%63.9 üstte),-58.65,40.4,0.29,-0.79,0
2026-07-31 21:53,ADESE,0.87,🔴 Düşüş Trendinde,🔴 SAT,-,-,🟢 EMA Yükselişte (SSL Ok Bekleniyor),🟠 Daralıyor,⚪Fiyat Alt_Orta Bant Aralığında,EMA5 Direnç: 0.92 (%5.3 üstte),0.14-0.15 (%82.8 altta),-,-12.13,33.91,0.0,-0.94,0
2026-07-31 21:53,ADGYO,48.52,🔴 Düşüş Trendinde,🔴 SAT,-,-,-,🟡 Normal Genişlik,🚨Fiyat Bandın Altında!,EMA100 Destek: 43.89 (%9.5 altta) | EMA55 Direnç: 50.89 (%4.9 üstte),27.44-28.60 (%41.1 altta),-,-,40.87,8.81,-0.92,-0.73
2026-07-31 21:53,AEFES,21.88,🔥 AL (Taze Kırılım),🟢 AL (Trend Onaylı),📈 TREND DEVAMI (0 Üstü + Hacim),-,🟢 EMA Yükselişte (SSL Ok Bekleniyor),🚨 BB SIKIŞMA,🟡Fiyat Orta-Üst Bant Aralığında,EMA5 Destek: 21.12 (%3.5 altta),13.44-13.99 (%36.0 altta),-,62.12,65.88,71.41,0.82,0
2026-07-31 21:53,AFYON,12.84,🔴 Düşüş Trendinde,🔴 SAT,-,-,⚠️ Yükseliş Trendinde Düzeltme (SSL Negatif),🟡 Normal Genişlik,⚪Fiyat Alt_Orta Bant Aralığında,EMA100 Destek: 12.36 (%3.7 altta) | EMA5 Direnç: 12.89 (%0.4 üstte),2.64-2.81 (%78.1 altta),-,25.95,46.68,26.37,-0.39,0
2026-07-31 21:53,AGESA,242.9,🟢 Yükseliş Trendinde,🔴 SAT,-,-,⚠️ Yükseliş Trendinde Düzeltme (SSL Negatif),🚨 BB SIKIŞMA,🟡Fiyat Orta-Üst Bant Aralığında,EMA5 Destek: 241.94 (%0.4 altta),-,-,91.29,55.93,18.17,0.11,0
2026-07-31 21:53,AGHOL,35.5,🟢 Yükseliş Trendinde,🟢 AL (Trend Onaylı),🟡 RİSKLİ AL (0 Üstü - Hacimsiz),-,🚀 ASIL SİNYAL: GÜÇLÜ AL (EMA Sıralı + SSL Onay),🟠 Daralıyor,🟡Fiyat Orta-Üst Bant Aralığında,EMA5 Destek: 34.27 (%3.5 altta),24.14-25.64 (%27.8 altta),-,53.93,60.71,51.5,0.16,0
2026-07-31 21:53,AGROT,2.41,🔴 Düşüş Trendinde,⏳ BEKLE,-,-,-,🟡 Normal Genişlik,⚪Fiyat Alt_Orta Bant Aralığında,EMA5 Direnç: 2.58 (%7.3 üstte),-,9.07-11.88 (%276.6 üstte),-,35.31,31.56,-0.91,0
2026-07-31 21:53,AGYO,7.31,🟢 Yükseliş Trendinde,🔴 SAT,-,-,⚠️ Yükseliş Trendinde Düzeltme (SSL Negatif),⚪ Yelpaze Açık,⚪Fiyat Alt_Orta Bant Aralığında,EMA200 Destek: 6.71 (%8.2 altta) | EMA100 Direnç: 7.61 (%4.1 üstte),5.90-6.64 (%9.2 altta),-,8.96,40.07,1.8,-0.96,0
2026-07-31 21:53,AHGAZ,33.46,🟢 Yükseliş Trendinde,🔴 SAT,-,-,🟢 EMA Yükselişte (SSL Ok Bekleniyor),⚪ Yelpaze Açık,🟡Fiyat Orta-Üst Bant Aralığında,EMA21 Destek: 31.52 (%5.8 altta) | EMA5 Direnç: 34.71 (%3.7 üstte),-,-,-,57.79,34.53,0.81,0
2026-07-31 21:53,AHSGY,18.7,🟢 Yükseliş Trendinde,🔴 SAT,-,-,-,-,⚪Fiyat Alt_Orta Bant Aralığında,EMA55 Destek: 16.46 (%12.0 altta) | EMA21 Direnç: 19.36 (%3.5 üstte),5.35-5.78 (%69.1 altta),-,-,49.19,24.43,-0.21,0
2026-07-31 21:53,AKBNK,63.4,🔴 Düşüş Trendinde,🔴 SAT,-,-,⚠️ Yükseliş Trendinde Düzeltme (SSL Negatif),🟠 Daralıyor,⚪Fiyat Alt_Orta Bant Aralığında,EMA100 Destek: 62.56 (%1.3 altta) | EMA5 Direnç: 67.47 (%6.4 üstte),-,-,35.67,43.1,13.87,-0.18,0
2026-07-31 21:53,AKCNS,237.0,🟢 Yükseliş Trendinde,🟢 AL (Trend Onaylı),-,-,🟢 EMA Yükselişte (SSL Ok Bekleniyor),⚪ Yelpaze Açık,🟡Fiyat Orta-Üst Bant Aralığında,EMA5 Destek: 232.40 (%1.9 altta),-,-,81.33,61.88,64.92,0.66,0
2026-07-31 21:53,AKENR,9.98,🟢 Yükseliş Trendinde,🔴 SAT,-,-,⚠️ Yükseliş Trendinde Düzeltme (SSL Negatif),⚪ Yelpaze Açık,⚪Fiyat Alt_Orta Bant Aralığında,EMA200 Destek: 8.63 (%13.5 altta) | EMA5 Direnç: 10.79 (%8.1 üstte),-,-,15.59,43.44,4.7,-0.4,0
2026-07-31 21:53,AKFGY,2.77,🟢 Yükseliş Trendinde,⏳ BEKLE,🟢 POTANSİYEL DİP (0 Altı - Hacimsiz),-,⚠️ Yükseliş Trendinde Düzeltme (SSL Negatif),🚨 BB SIKIŞMA,⚪Fiyat Alt_Orta Bant Aralığında,EMA5 Destek: 2.77 (%0.1 altta) | EMA21 Direnç: 2.80 (%1.1 üstte),1.76-2.09 (%24.5 altta),-,17.17,48.52,14.33,-0.58,0
2026-07-31 21:53,AKFIS,91.8,🟢 Yükseliş Trendinde,⏳ BEKLE,-,-,-,-,🟡Fiyat Orta-Üst Bant Aralığında,EMA5 Destek: 88.12 (%4.0 altta),-,-,-,89.99,96.92,0.95,0
2026-07-31 21:53,AKFYE,23.88,🟢 Yükseliş Trendinde,⏳ BEKLE,-,-,⚠️ Yükseliş Trendinde Düzeltme (SSL Negatif),⚪ Yelpaze Açık,🟡Fiyat Orta-Üst Bant Aralığında,EMA21 Destek: 22.96 (%3.9 altta) | EMA5 Direnç: 24.63 (%3.2 üstte),15.20-16.67 (%30.2 altta),-,-,54.09,53.51,0.48,0
2026-07-31 21:53,AKGRT,6.69,🔴 Düşüş Trendinde,🔴 SAT,-,-,⚠️ Yükseliş Trendinde Düzeltme (SSL Negatif),🚨 BB SIKIŞMA,🚨Fiyat Bandın Altında!,EMA200 Destek: 5.60 (%16.3 altta) | EMA100 Direnç: 6.79 (%1.5 üstte),1.27-1.46 (%78.1 altta),-,19.5,39.69,6.06,-0.57,-0.04
2026-07-31 21:53,AKHAN,48.06,🟢 Yükseliş Trendinde,🟢 AL (Trend Onaylı),-,🔴 ZİRVEDE,-,-,🚨Fiyat Bandın Üzerinde!,EMA5 Destek: 41.15 (%14.4 altta),-,-,-,84.18,,0.92,10.78
2026-07-31 21:53,AKMGY,237.4,🟢 Yükseliş Trendinde,🔴 SAT,-,-,⚠️ Yükseliş Trendinde Düzeltme (SSL Negatif),🟡 Normal Genişlik,⚪Fiyat Alt_Orta Bant Aralığında,EMA55 Destek: 230.80 (%2.8 altta) | EMA5 Direnç: 244.14 (%2.8 üstte),-,-,42.49,47.16,3.49,-0.72,0
2026-07-31 21:53,AKSA,13.0,🟢 Yükseliş Trendinde,🟢 AL (Trend Onaylı),-,-,🟢 EMA Yükselişte (SSL Ok Bekleniyor),🟠 Daralıyor,🚨Fiyat Bandın Üzerinde!,EMA5 Destek: 12.29 (%5.4 altta),-,-,62.52,66.98,89.23,0.86,2.27
2026-07-31 21:53,AKSEN,94.15,🟢 Yükseliş Trendinde,⏳ BEKLE,🩸 SAT (Zirveden Dönüş),-,🟢 EMA Yükselişte (SSL Ok Bekleniyor),⚪ Yelpaze Açık,🟡Fiyat Orta-Üst Bant Aralığında,EMA21 Destek: 84.38 (%10.4 altta) | EMA5 Direnç: 95.88 (%1.8 üstte),-,-,104.09,60.71,72.6,0.69,0
2026-07-31 21:53,AKSGY,9.3,🟢 Yükseliş Trendinde,🔴 SAT,-,-,⚠️ Yükseliş Trendinde Düzeltme (SSL Negatif),🚨 BB SIKIŞMA,🟡Fiyat Orta-Üst Bant Aralığında,EMA21 Destek: 9.07 (%2.5 altta) | EMA5 Direnç: 9.44 (%1.5 üstte),0.51-0.56 (%94.0 altta),-,73.4,58.95,12.82,0.6,0
2026-07-31 21:53,AKSUE,41.52,🟢 Yükseliş Trendinde,🟢 AL (Trend Onaylı),🩸 SAT (Zirveden Dönüş),-,⚪ Karışık / Testere Piyasası,⚪ Yelpaze Açık,🟡Fiyat Orta-Üst Bant Aralığında,EMA21 Destek: 36.74 (%11.5 altta) | EMA5 Direnç: 42.73 (%2.9 üstte),10.00-11.73 (%71.7 altta),-,98.63,61.71,41.99,0.77,0
2026-07-31 21:53,AKYHO,2.24,🔴 Düşüş Trendinde,🔴 SAT,-,🟢 POTANSİYEL DİP,🔴 Ayı Piyasası (EMA 50 En Altta),🟠 Daralıyor,🚨Fiyat Bandın Altında!,EMA5 Direnç: 2.42 (%7.9 üstte),1.54-1.70 (%24.1 altta),-,-27.1,32.23,12.38,-0.92,-4.04
2026-07-31 21:53,ALARK,101.0,🔴 Düşüş Trendinde,🔴 SAT,🩸 SAT (Zirveden Dönüş),-,🟢 EMA Yükselişte (SSL Ok Bekleniyor),🚨 BB SIKIŞMA,🟡Fiyat Orta-Üst Bant Aralığında,EMA21 Destek: 100.29 (%0.7 altta) | EMA5 Direnç: 102.96 (%1.9 üstte),-,-,23.92,51.87,49.91,0.68,0
2026-07-31 21:53,ALBRK,7.93,🟢 Yükseliş Trendinde,🔴 SAT,-,-,⚠️ Yükseliş Trendinde Düzeltme (SSL Negatif),🚨 BB SIKIŞMA,⚪Fiyat Alt_Orta Bant Aralığında,EMA100 Destek: 7.25 (%8.6 altta) | EMA55 Direnç: 7.94 (%0.2 üstte),-,-,41.77,45.8,6.0,-0.49,0
2026-07-31 21:53,ALCAR,740.0,🟢 Yükseliş Trendinde,🔴 SAT,🔴 ZAYIFLAMA (Zaten Dipte),-,"📉 Düşüş Hazırlığı (50<100 Kesti, 150 Bekleniyor)",🟡 Normal Genişlik,⚪Fiyat Alt_Orta Bant Aralığında,EMA200 Direnç: 774.56 (%4.7 üstte),219.63-256.91 (%65.3 altta),894.50-945.50 (%20.9 üstte),-4.46,44.33,64.64,0.38,0
2026-07-31 21:53,ALCTL,180.0,🟢 Yükseliş Trendinde,🟢 AL (Trend Onaylı),-,-,🟢 EMA Yükselişte (SSL Ok Bekleniyor),⚪ Yelpaze Açık,🚨Fiyat Bandın Üzerinde!,EMA5 Destek: 165.22 (%8.2 altta),96.30-104.40 (%42.0 altta),-,78.77,68.17,75.04,0.81,2.93
2026-07-31 21:53,ALFAS,41.04,🩸 SAT (Trend Kırıldı),🔴 SAT,-,-,🔴 Ayı Piyasası (EMA 50 En Altta),⚪ Yelpaze Açık,⚪Fiyat Alt_Orta Bant Aralığında,EMA5 Direnç: 45.08 (%9.8 üstte),35.84-37.98 (%7.5 altta),99.37-121.39 (%142.1 üstte),-,41.64,6.44,-0.25,0
2026-07-31 21:53,ALGYO,3.32,🔴 Düşüş Trendinde,🔴 SAT,-,-,⚠️ Yükseliş Trendinde Düzeltme (SSL Negatif),⚪ Yelpaze Açık,⚪Fiyat Alt_Orta Bant Aralığında,EMA200 Destek: 3.18 (%4.3 altta) | EMA5 Direnç: 3.69 (%11.3 üstte),2.42-2.88 (%13.1 altta),-,4.48,37.83,2.09,-0.9,0
2026-07-31 21:53,ALKA,8.16,🩸 SAT (Trend Kırıldı),⏳ BEKLE,🔴 ZAYIFLAMA (Zaten Dipte),🟢 POTANSİYEL DİP,⚠️ Yükseliş Trendinde Düzeltme (SSL Negatif),⚪ Yelpaze Açık,⚪Fiyat Alt_Orta Bant Aralığında,EMA200 Destek: 7.84 (%3.9 altta) | EMA5 Direnç: 8.88 (%8.8 üstte),-,-,4.02,34.13,2.12,-0.95,0
2026-07-31 21:53,ALKIM,15.55,🔴 Düşüş Trendinde,🔴 SAT,-,-,⚠️ Yükseliş Trendinde Düzeltme (SSL Negatif),🟠 Daralıyor,🚨Fiyat Bandın Altında!,EMA200 Direnç: 16.42 (%5.6 üstte),-,-,-5.27,38.62,3.07,-0.75,-0.15
2026-07-31 21:53,ALKLC,396.5,🟢 Yükseliş Trendinde,🟢 AL (Trend Onaylı),-,-,-,-,🟡Fiyat Orta-Üst Bant Aralığında,EMA5 Destek: 384.89 (%2.9 altta),-,-,-,63.53,50.42,0.58,0
2026-07-31 21:53,ALTNY,15.38,🟢 Yükseliş Trendinde,🔴 SAT,-,-,-,-,⚪Fiyat Alt_Orta Bant Aralığında,EMA5 Direnç: 15.95 (%3.7 üstte),14.21-15.69 (fiyat bandın içinde!),-,-,46.18,11.71,-0.56,0
2026-07-31 21:53,ALVES,2.18,🔴 Düşüş Trendinde,🔴 SAT,-,-,-,⚪ Yelpaze Açık,⚪Fiyat Alt_Orta Bant Aralığında,EMA5 Direnç: 2.42 (%10.9 üstte),-,4.54-5.64 (%108.4 üstte),-,33.43,1.88,-0.87,0
2026-07-31 21:53,ANELE,121.0,🟢 Yükseliş Trendinde,🟢 AL (Trend Onaylı),-,-,🟢 EMA Yükselişte (SSL Ok Bekleniyor),⚪ Yelpaze Açık,🟡Fiyat Orta-Üst Bant Aralığında,EMA5 Destek: 113.66 (%6.1 altta),-,-,423.2,73.05,18.29,0.87,0
2026-07-31 21:53,ANGEN,9.39,🔴 Düşüş Trendinde,🔴 SAT,-,-,🔴 Ayı Piyasası (EMA 50 En Altta),⚪ Yelpaze Açık,⚪Fiyat Alt_Orta Bant Aralığında,EMA5 Direnç: 10.04 (%7.0 üstte),-,13.77-16.45 (%46.6 üstte),-25.7,36.17,0.0,-0.81,0
2026-07-31 21:53,ANHYT,115.0,🟢 Yükseliş Trendinde,🟢 AL (Trend Onaylı),-,-,🟢 EMA Yükselişte (SSL Ok Bekleniyor),🚨 BB SIKIŞMA,🟡Fiyat Orta-Üst Bant Aralığında,EMA5 Destek: 107.24 (%6.7 altta),-,-,76.03,59.41,54.43,-0.3,0
2026-07-31 21:53,ANSGR,27.2,🟢 Yükseliş Trendinde,🔴 SAT,-,-,⚠️ Yükseliş Trendinde Düzeltme (SSL Negatif),🚨 BB SIKIŞMA,⚪Fiyat Alt_Orta Bant Aralığında,EMA55 Destek: 25.35 (%6.8 altta) | EMA21 Direnç: 27.33 (%0.5 üstte),1.29-1.37 (%95.0 altta),-,61.69,51.01,7.01,-0.64,0
2026-07-31 21:53,ARASE,113.4,🟢 Yükseliş Trendinde,🔴 SAT,🩸 SAT (Zirveden Dönüş),-,⚠️ Yükseliş Trendinde Düzeltme (SSL Negatif),⚪ Yelpaze Açık,🟡Fiyat Orta-Üst Bant Aralığında,EMA21 Destek: 107.28 (%5.4 altta) | EMA5 Direnç: 117.62 (%3.7 üstte),48.94-52.24 (%53.9 altta),-,90.27,60.3,33.33,0.8,0
2026-07-31 21:53,ARCLK,97.25,🔴 Düşüş Trendinde,⏳ BEKLE,-,-,🔴 Ayı Piyasası (EMA 50 En Altta),🟡 Normal Genişlik,⚪Fiyat Alt_Orta Bant Aralığında,EMA5 Direnç: 99.00 (%1.8 üstte),-,170.00-193.30 (%74.8 üstte),-12.56,36.55,6.14,-0.91,0
2026-07-31 21:53,ARDYZ,72.3,🟢 Yükseliş Trendinde,🟢 AL (Trend Onaylı),-,-,🟢 EMA Yükselişte (SSL Ok Bekleniyor),⚪ Yelpaze Açık,🟡Fiyat Orta-Üst Bant Aralığında,EMA5 Destek: 67.63 (%6.5 altta),24.49-26.55 (%63.3 altta),-,141.54,74.79,66.41,0.8,0
2026-07-31 21:53,ARENA,21.76,🔴 Düşüş Trendinde,🔴 SAT,-,-,"📉 Düşüş Hazırlığı (50<100 Kesti, 150 Bekleniyor)",⚪ Yelpaze Açık,⚪Fiyat Alt_Orta Bant Aralığında,EMA5 Direnç: 24.63 (%13.2 üstte),-,-,-20.22,36.62,0.0,-0.87,0
2026-07-31 21:53,ARFYE,29.3,🟢 Yükseliş Trendinde,🔴 SAT,-,-,-,-,⚪Fiyat Alt_Orta Bant Aralığında,EMA21 Direnç: 29.56 (%0.9 üstte),-,-,-,46.34,68.68,-0.09,0
2026-07-31 21:53,ARMGD,180.3,🟢 Yükseliş Trendinde,⏳ BEKLE,🩸 SAT (Zirveden Dönüş),-,-,-,🟡Fiyat Orta-Üst Bant Aralığında,EMA21 Destek: 148.36 (%17.7 altta) | EMA5 Direnç: 184.97 (%2.6 üstte),-,-,-,64.6,45.01,0.9,0
2026-07-31 21:53,ARSAN,3.37,🔴 Düşüş Trendinde,🟢 AL (Trend Onaylı),-,-,⚠️ Yükseliş Trendinde Düzeltme (SSL Negatif),🟠 Daralıyor,⚪Fiyat Alt_Orta Bant Aralığında,EMA55 Destek: 3.32 (%1.4 altta) | EMA5 Direnç: 3.44 (%2.0 üstte),0.63-0.66 (%80.3 altta),3.42-3.99 (%1.5 üstte),51.75,47.58,57.63,-0.32,0
2026-07-31 21:53,ARTMS,42.0,🔴 Düşüş Trendinde,⏳ BEKLE,-,-,-,-,⚪Fiyat Alt_Orta Bant Aralığında,EMA5 Destek: 41.89 (%0.3 altta),-,-,-,51.19,34.55,-0.43,0
2026-07-31 21:53,ARZUM,1.67,🔴 Düşüş Trendinde,🔴 SAT,-,-,🩸 ASIL SİNYAL: GÜÇLÜ SAT (EMA Çöktü + SSL Onay),⚪ Yelpaze Açık,⚪Fiyat Alt_Orta Bant Aralığında,EMA5 Direnç: 1.86 (%11.3 üstte),1.59-1.70 (fiyat bandın içinde!),5.10-5.72 (%205.4 üstte),-46.58,31.35,0.0,-0.98,0
2026-07-31 21:53,ASELS,342.25,🟢 Yükseliş Trendinde,🔴 SAT,-,-,⚠️ Yükseliş Trendinde Düzeltme (SSL Negatif),🟠 Daralıyor,⚪Fiyat Alt_Orta Bant Aralığında,EMA55 Destek: 294.46 (%14.0 altta) | EMA21 Direnç: 360.68 (%5.4 üstte),-,-,125.4,48.76,5.86,-0.77,0
2026-07-31 21:53,ASGYO,10.83,🔴 Düşüş Trendinde,🔴 SAT,-,-,-,🟡 Normal Genişlik,⚪Fiyat Alt_Orta Bant Aralığında,EMA55 Direnç: 11.51 (%6.2 üstte),10.02-10.54 (%2.7 altta),-,-,41.5,6.53,-0.36,0
2026-07-31 21:53,ASTOR,295.5,🟢 Yükseliş Trendinde,⏳ BEKLE,-,-,⚠️ Yükseliş Trendinde Düzeltme (SSL Negatif),⚪ Yelpaze Açık,🟡Fiyat Orta-Üst Bant Aralığında,EMA21 Destek: 268.86 (%9.0 altta) | EMA5 Direnç: 298.75 (%1.1 üstte),-,-,-,59.2,3.5,-0.28,0
2026-07-31 21:53,ASUZU,50.9,🔴 Düşüş Trendinde,🔴 SAT,-,-,"📉 Düşüş Hazırlığı (50<100 Kesti, 150 Bekleniyor)",⚪ Yelpaze Açık,⚪Fiyat Alt_Orta Bant Aralığında,EMA5 Direnç: 53.83 (%5.8 üstte),49.14-52.81 (fiyat bandın içinde!),-,-9.15,35.45,0.12,-0.92,0
2026-07-31 21:53,ATAGY,10.7,🔴 Düşüş Trendinde,🔴 SAT,-,-,⚠️ Yükseliş Trendinde Düzeltme (SSL Negatif),🟡 Normal Genişlik,🚨Fiyat Bandın Altında!,EMA200 Destek: 9.84 (%8.0 altta) | EMA5 Direnç: 11.36 (%6.2 üstte),9.50-11.38 (fiyat bandın içinde!),13.71-15.98 (%28.1 üstte),8.74,35.68,4.32,-0.91,-2.06
2026-07-31 21:53,ATAKP,49.92,🟢 Yükseliş Trendinde,🔴 SAT,-,-,⚠️ Yükseliş Trendinde Düzeltme (SSL Negatif),🚨 BB SIKIŞMA,⚪Fiyat Alt_Orta Bant Aralığında,EMA100 Direnç: 51.14 (%2.5 üstte),36.10-40.03 (%19.8 altta),-,-,44.44,29.54,-0.26,0
2026-07-31 21:53,ATATP,251.0,🟢 Yükseliş Trendinde,⏳ BEKLE,-,-,🟢 EMA Yükselişte (SSL Ok Bekleniyor),⚪ Yelpaze Açık,🟡Fiyat Orta-Üst Bant Aralığında,EMA5 Destek: 241.49 (%3.8 altta),72.71-79.58 (%68.3 altta),-,143.19,67.75,69.85,0.83,0
2026-07-31 21:53,ATATR,13.65,🟢 Yükseliş Trendinde,🔴 SAT,-,-,-,-,⚪Fiyat Alt_Orta Bant Aralığında,EMA21 Direnç: 14.94 (%9.5 üstte),-,-,-,45.19,,-0.35,0
2026-07-31 21:53,ATEKS,113.0,🟢 Yükseliş Trendinde,⏳ BEKLE,-,-,"📉 Düşüş Hazırlığı (50<100 Kesti, 150 Bekleniyor)",⚪ Yelpaze Açık,🟡Fiyat Orta-Üst Bant Aralığında,EMA21 Destek: 110.19 (%2.5 altta) | EMA5 Direnç: 118.91 (%5.2 üstte),72.80-80.80 (%28.5 altta),173.00-196.60 (%53.1 üstte),18.59,52.46,52.26,0.76,0
2026-07-31 21:53,ATLAS,7.08,🟢 Yükseliş Trendinde,🔴 SAT,🔴 ZAYIFLAMA (Zaten Dipte),-,⚠️ Yükseliş Trendinde Düzeltme (SSL Negatif),🟠 Daralıyor,⚪Fiyat Alt_Orta Bant Aralığında,EMA100 Destek: 6.59 (%6.9 altta) | EMA55 Direnç: 7.27 (%2.7 üstte),0.98-1.15 (%83.7 altta),-,36.65,45.25,8.2,-0.61,0
2026-07-31 21:53,ATSYH,111.0,🟢 Yükseliş Trendinde,⏳ BEKLE,-,-,🟢 EMA Yükselişte (SSL Ok Bekleniyor),⚪ Yelpaze Açık,🟡Fiyat Orta-Üst Bant Aralığında,EMA5 Destek: 109.33 (%1.5 altta),-,-,74.81,66.39,65.71,0.91,0
2026-07-31 21:53,AVGYO,13.38,🟢 Yükseliş Trendinde,🔴 SAT,-,-,⚠️ Yükseliş Trendinde Düzeltme (SSL Negatif),⚪ Yelpaze Açık,⚪Fiyat Alt_Orta Bant Aralığında,EMA55 Destek: 12.63 (%5.6 altta) | EMA21 Direnç: 13.86 (%3.6 üstte),-,-,50.25,49.32,37.75,0.59,0
2026-07-31 21:53,AVHOL,39.0,🟢 Yükseliş Trendinde,🔴 SAT,-,-,🟢 EMA Yükselişte (SSL Ok Bekleniyor),⚪ Yelpaze Açık,⚪Fiyat Alt_Orta Bant Aralığında,EMA200 Destek: 35.84 (%8.1 altta) | EMA5 Direnç: 39.78 (%2.0 üstte),30.24-37.62 (%3.5 altta),-,8.83,47.49,10.09,-0.14,0
2026-07-31 21:53,AVOD,3.74,🟢 Yükseliş Trendinde,🔴 SAT,-,-,⚠️ Yükseliş Trendinde Düzeltme (SSL Negatif),🟠 Daralıyor,🚨Fiyat Bandın Altında!,EMA200 Destek: 3.48 (%6.9 altta) | EMA100 Direnç: 3.84 (%2.7 üstte),2.51-2.73 (%27.0 altta),-,7.43,40.05,0.0,-0.85,-2.2
2026-07-31 21:53,AVPGY,51.95,🟢 Yükseliş Trendinde,🔴 SAT,-,-,-,⚪ Yelpaze Açık,⚪Fiyat Alt_Orta Bant Aralığında,EMA100 Destek: 50.92 (%2.0 altta) | EMA5 Direnç: 53.63 (%3.2 üstte),44.96-49.00 (%5.7 altta),-,-,43.72,0.0,-0.82,0
2026-07-31 21:53,AVTUR,15.86,🟢 Yükseliş Trendinde,🔴 SAT,-,-,⚠️ Yükseliş Trendinde Düzeltme (SSL Negatif),🟡 Normal Genişlik,⚪Fiyat Alt_Orta Bant Aralığında,EMA5 Destek: 15.83 (%0.2 altta) | EMA55 Direnç: 16.15 (%1.9 üstte),1.93-2.02 (%87.3 altta),-,43.18,44.29,8.44,-0.72,0
2026-07-31 21:53,AYCES,460.0,🔴 Düşüş Trendinde,🔴 SAT,-,-,⚠️ Yükseliş Trendinde Düzeltme (SSL Negatif),⚪ Yelpaze Açık,⚪Fiyat Alt_Orta Bant Aralığında,EMA200 Destek: 426.74 (%7.2 altta) | EMA5 Direnç: 509.53 (%10.8 üstte),392.00-415.50 (%9.7 altta),-,7.79,40.7,0.34,-0.66,0
2026-07-31 21:53,AYDEM,22.74,🩸 SAT (Trend Kırıldı),🔴 SAT,🔴 ZAYIFLAMA (Zaten Dipte),-,⚠️ Yükseliş Trendinde Düzeltme (SSL Negatif),🟡 Normal Genişlik,⚪Fiyat Alt_Orta Bant Aralığında,EMA200 Destek: 20.09 (%11.6 altta) | EMA100 Direnç: 22.96 (%1.0 üstte),16.99-18.00 (%20.8 altta),-,13.17,41.46,21.8,-0.52,0
2026-07-31 21:53,AYEN,31.4,🟢 Yükseliş Trendinde,🔴 SAT,-,-,⚠️ Yükseliş Trendinde Düzeltme (SSL Negatif),⚪ Yelpaze Açık,⚪Fiyat Alt_Orta Bant Aralığında,EMA55 Destek: 30.36 (%3.3 altta) | EMA21 Direnç: 33.54 (%6.8 üstte),-,-,28.32,46.4,7.87,-0.11,0
2026-07-31 21:53,AYES,28.08,🩸 SAT (Trend Kırıldı),🔴 SAT,-,-,⚠️ Yükseliş Trendinde Düzeltme (SSL Negatif),🚨 BB SIKIŞMA,🚨Fiyat Bandın Altında!,EMA55 Destek: 24.36 (%13.3 altta) | EMA21 Direnç: 30.17 (%7.5 üstte),-,-,106.39,47.21,0.0,0.05,-0.13
2026-07-31 21:53,AYGAZ,264.75,🔴 Düşüş Trendinde,🟢 AL (Trend Onaylı),-,-,🟢 EMA Yükselişte (SSL Ok Bekleniyor),⚪ Yelpaze Açık,🟡Fiyat Orta-Üst Bant Aralığında,EMA5 Destek: 256.66 (%3.1 altta),-,-,87.06,58.39,56.34,-0.26,0
2026-07-31 21:53,AZTEK,4.21,🟢 Yükseliş Trendinde,🔴 SAT,-,-,🔴 Ayı Piyasası (EMA 50 En Altta),⚪ Yelpaze Açık,⚪Fiyat Alt_Orta Bant Aralığında,EMA5 Direnç: 4.48 (%6.5 üstte),3.51-4.01 (%4.7 altta),-,-19.17,42.28,0.0,-0.35,0
2026-07-31 21:53,BAGFS,23.34,🔴 Düşüş Trendinde,🔴 SAT,-,-,⚠️ Yükseliş Trendinde Düzeltme (SSL Negatif),⚪ Yelpaze Açık,⚪Fiyat Alt_Orta Bant Aralığında,EMA5 Direnç: 24.69 (%5.8 üstte),17.60-21.64 (%7.3 altta),35.30-42.28 (%51.2 üstte),-13.37,35.05,0.69,-0.9,0
2026-07-31 21:53,BAHKM,121.5,🟢 Yükseliş Trendinde,🟢 AL (Trend Onaylı),-,-,-,-,⚪Fiyat Alt_Orta Bant Aralığında,EMA5 Destek: 119.98 (%1.3 altta),-,-,-,54.44,27.24,0.24,0
2026-07-31 21:53,BAKAB,43.92,🟢 Yükseliş Trendinde,🔴 SAT,-,-,⚠️ Yükseliş Trendinde Düzeltme (SSL Negatif),⚪ Yelpaze Açık,⚪Fiyat Alt_Orta Bant Aralığında,EMA55 Destek: 43.05 (%2.0 altta) | EMA21 Direnç: 47.02 (%7.1 üstte),-,51.85-57.15 (%18.1 üstte),8.52,46.79,16.09,0.48,0
2026-07-31 21:53,BALAT,71.5,🔴 Düşüş Trendinde,🟢 AL (Trend Onaylı),-,-,⚠️ Yükseliş Trendinde Düzeltme (SSL Negatif),⚪ Yelpaze Açık,⚪Fiyat Alt_Orta Bant Aralığında,EMA5 Destek: 71.20 (%0.4 altta) | EMA21 Direnç: 76.68 (%7.2 üstte),-,90.15-116.30 (%26.1 üstte),43.87,44.71,80.04,-0.44,0
2026-07-31 21:53,BALSU,14.9,🟢 Yükseliş Trendinde,⏳ BEKLE,-,-,-,-,⚪Fiyat Alt_Orta Bant Aralığında,EMA21 Direnç: 15.49 (%3.9 üstte),-,-,-,47.79,57.34,0.43,0
2026-07-31 21:53,BANVT,156.5,🔴 Düşüş Trendinde,🔴 SAT,-,-,🔴 Ayı Piyasası (EMA 50 En Altta),🚨 BB SIKIŞMA,⚪Fiyat Alt_Orta Bant Aralığında,EMA5 Direnç: 160.50 (%2.6 üstte),-,347.25-395.00 (%121.9 üstte),-3.98,44.45,38.72,0.22,0
2026-07-31 21:53,BARMA,25.08,🔴 Düşüş Trendinde,🔴 SAT,-,🟢 POTANSİYEL DİP,-,⚪ Yelpaze Açık,🚨Fiyat Bandın Altında!,EMA100 Direnç: 34.48 (%37.5 üstte),-,-,-,28.78,0.0,-0.34,-27.21
2026-07-31 21:53,BASCM,13.6,🟢 Yükseliş Trendinde,🔴 SAT,-,-,⚠️ Yükseliş Trendinde Düzeltme (SSL Negatif),🟠 Daralıyor,⚪Fiyat Alt_Orta Bant Aralığında,EMA100 Destek: 13.25 (%2.6 altta) | EMA5 Direnç: 13.90 (%2.2 üstte),8.86-9.68 (%28.8 altta),-,28.61,44.02,4.09,-0.13,0
2026-07-31 21:53,BASGZ,44.4,🟢 Yükseliş Trendinde,🔴 SAT,-,-,⚠️ Yükseliş Trendinde Düzeltme (SSL Negatif),🚨 BB SIKIŞMA,⚪Fiyat Alt_Orta Bant Aralığında,EMA55 Destek: 42.39 (%4.5 altta) | EMA5 Direnç: 45.88 (%3.3 üstte),-,-,56.17,45.61,0.0,-0.4,0
2026-07-31 21:53,BAYRK,4.27,🔴 Düşüş Trendinde,🔴 SAT,-,-,"📉 Düşüş Hazırlığı (50<100 Kesti, 150 Bekleniyor)",🟠 Daralıyor,⚪Fiyat Alt_Orta Bant Aralığında,EMA200 Direnç: 4.30 (%0.8 üstte),3.67-3.97 (%7.0 altta),-,-0.75,38.65,12.19,-0.77,0
2026-07-31 21:53,BEGYO,3.47,🔴 Düşüş Trendinde,🔴 SAT,-,🟢 POTANSİYEL DİP,-,🚨 BB SIKIŞMA,🚨Fiyat Bandın Altında!,EMA5 Direnç: 3.77 (%8.7 üstte),-,-,-,29.15,0.0,-0.89,-3.89
2026-07-31 21:53,BERA,12.78,🔴 Düşüş Trendinde,🔴 SAT,-,🟢 POTANSİYEL DİP,⚠️ Yükseliş Trendinde Düzeltme (SSL Negatif),⚪ Yelpaze Açık,🚨Fiyat Bandın Altında!,EMA5 Direnç: 14.23 (%11.3 üstte),-,-,-10.24,27.86,0.0,-0.84,-7.29
2026-07-31 21:53,BESLR,12.29,🩸 SAT (Trend Kırıldı),🔴 SAT,-,-,⚠️ Yükseliş Trendinde Düzeltme (SSL Negatif),🚨 BB SIKIŞMA,⚪Fiyat Alt_Orta Bant Aralığında,EMA200 Destek: 12.12 (%1.4 altta) | EMA5 Direnç: 13.11 (%6.7 üstte),-,-,1.44,39.03,4.38,-0.9,0
2026-07-31 21:53,BESTE,28.0,🟢 Yükseliş Trendinde,🔴 SAT,-,-,-,-,⚪Fiyat Alt_Orta Bant Aralığında,EMA21 Direnç: 29.78 (%6.4 üstte),-,-,-,50.41,,0.17,0
2026-07-31 21:53,BETAE,77.7,-,-,-,-,-,-,-,EMA5 Direnç: 79.84 (%2.8 üstte),-,-,-,,,,-
2026-07-31 21:53,BEYAZ,23.9,🔴 Düşüş Trendinde,⏳ BEKLE,-,-,⚠️ Yükseliş Trendinde Düzeltme (SSL Negatif),⚪ Yelpaze Açık,⚪Fiyat Alt_Orta Bant Aralığında,EMA200 Destek: 22.07 (%7.7 altta) | EMA5 Direnç: 25.17 (%5.3 üstte),6.87-7.29 (%69.5 altta),-,8.29,41.41,15.58,-0.86,0
2026-07-31 21:53,BFREN,124.6,🔴 Düşüş Trendinde,⏳ BEKLE,-,🟢 POTANSİYEL DİP,🔴 Ayı Piyasası (EMA 50 En Altta),🟠 Daralıyor,⚪Fiyat Alt_Orta Bant Aralığında,EMA5 Direnç: 129.21 (%3.7 üstte),-,766.50-880.00 (%515.2 üstte),-61.69,32.06,0.0,-0.93,0
2026-07-31 21:53,BIENY,20.54,🔴 Düşüş Trendinde,⏳ BEKLE,-,-,🔴 Ayı Piyasası (EMA 50 En Altta),🟡 Normal Genişlik,⚪Fiyat Alt_Orta Bant Aralığında,EMA5 Direnç: 21.63 (%5.3 üstte),-,46.10-56.05 (%124.4 üstte),-,37.03,29.58,-0.84,0
2026-07-31 21:53,BIGCH,6.81,🔴 Düşüş Trendinde,🔴 SAT,-,-,-,🚨 BB SIKIŞMA,⚪Fiyat Alt_Orta Bant Aralığında,EMA5 Direnç: 6.87 (%0.9 üstte),4.81-6.18 (%9.2 altta),-,-,44.13,56.84,-0.17,0
2026-07-31 21:53,BIGEN,111.0,🟢 Yükseliş Trendinde,🟢 AL (Trend Onaylı),🩸 SAT (Zirveden Dönüş),-,-,-,🟡Fiyat Orta-Üst Bant Aralığında,EMA5 Destek: 105.03 (%5.4 altta),-,-,-,80.02,66.67,0.98,0
2026-07-31 21:53,BIGTK,364.5,🟢 Yükseliş Trendinde,🟢 AL (Trend Onaylı),-,-,🟢 EMA Yükselişte (SSL Ok Bekleniyor),⚪ Yelpaze Açık,🚨Fiyat Bandın Üzerinde!,EMA5 Destek: 308.06 (%15.5 altta),-,-,82.63,62.84,70.48,0.82,5.97
2026-07-31 21:53,BIMAS,390.25,🟢 Yükseliş Trendinde,🟢 AL (Trend Onaylı),-,-,⚠️ Yükseliş Trendinde Düzeltme (SSL Negatif),🚨 BB SIKIŞMA,🟡Fiyat Orta-Üst Bant Aralığında,EMA5 Destek: 381.90 (%2.1 altta),-,-,83.27,60.27,40.55,-0.16,0
2026-07-31 21:53,BINBN,175.2,🔴 Düşüş Trendinde,🔴 SAT,-,-,-,-,🟡Fiyat Orta-Üst Bant Aralığında,EMA21 Destek: 174.69 (%0.3 altta) | EMA5 Direnç: 175.56 (%0.2 üstte),-,-,-,50.31,27.21,0.09,0
2026-07-31 21:53,BINHO,9.41,🟢 Yükseliş Trendinde,⏳ BEKLE,🔴 ZAYIFLAMA (Zaten Dipte),-,-,🚨 BB SIKIŞMA,⚪Fiyat Alt_Orta Bant Aralığında,EMA21 Direnç: 9.71 (%3.2 üstte),-,15.18-17.84 (%61.3 üstte),-,47.64,46.84,0.38,0
2026-07-31 21:53,BIOEN,17.21,🔴 Düşüş Trendinde,🔴 SAT,-,-,"📉 Düşüş Hazırlığı (50<100 Kesti, 150 Bekleniyor)",🚨 BB SIKIŞMA,⚪Fiyat Alt_Orta Bant Aralığında,EMA200 Destek: 16.99 (%1.3 altta) | EMA5 Direnç: 17.43 (%1.3 üstte),-,23.28-27.28 (%35.3 üstte),1.28,45.2,8.31,-0.6,0
2026-07-31 21:53,BIZIM,23.76,🟢 Yükseliş Trendinde,🔴 SAT,-,-,🔴 Ayı Piyasası (EMA 50 En Altta),⚪ Yelpaze Açık,⚪Fiyat Alt_Orta Bant Aralığında,EMA5 Direnç: 24.89 (%4.8 üstte),-,35.66-39.50 (%50.1 üstte),-13.31,37.54,0.12,-0.82,0
2026-07-31 21:53,BJKAS,1.91,🟢 Yükseliş Trendinde,🟢 AL (Trend Onaylı),-,-,🔴 Ayı Piyasası (EMA 50 En Altta),🟠 Daralıyor,🚨Fiyat Bandın Üzerinde!,EMA5 Destek: 1.81 (%5.2 altta) | EMA55 Direnç: 2.69 (%40.9 üstte),-,72.25-89.75 (%3682.7 üstte),-80.53,61.84,98.98,0.73,1.72
2026-07-31 21:53,BLCYT,19.41,🔴 Düşüş Trendinde,🔴 SAT,-,-,⚠️ Yükseliş Trendinde Düzeltme (SSL Negatif),⚪ Yelpaze Açık,⚪Fiyat Alt_Orta Bant Aralığında,EMA5 Direnç: 21.39 (%10.2 üstte),-,-,-11.11,35.79,2.67,-0.93,0
2026-07-31 21:53,BLUME,33.98,🔴 Düşüş Trendinde,⏳ BEKLE,🟢 POTANSİYEL DİP (0 Altı - Hacimsiz),-,⚠️ Yükseliş Trendinde Düzeltme (SSL Negatif),⚪ Yelpaze Açık,⚪Fiyat Alt_Orta Bant Aralığında,EMA5 Destek: 33.71 (%0.8 altta) | EMA100 Direnç: 34.46 (%1.4 üstte),-,-,40.18,42.29,53.48,-0.71,0
2026-07-31 21:53,BMSCH,12.42,🔴 Düşüş Trendinde,🔴 SAT,-,🟢 POTANSİYEL DİP,⚠️ Yükseliş Trendinde Düzeltme (SSL Negatif),🟡 Normal Genişlik,🚨Fiyat Bandın Altında!,EMA200 Destek: 11.53 (%7.2 altta) | EMA5 Direnç: 13.53 (%8.9 üstte),2.20-2.67 (%78.5 altta),-,7.73,33.1,0.74,-0.97,-1.51
2026-07-31 21:53,BMSTL,43.0,🔴 Düşüş Trendinde,🔴 SAT,-,-,⚠️ Yükseliş Trendinde Düzeltme (SSL Negatif),🚨 BB SIKIŞMA,🟡Fiyat Orta-Üst Bant Aralığında,EMA55 Destek: 39.57 (%8.0 altta) | EMA21 Direnç: 43.54 (%1.3 üstte),-,-,114.94,49.7,53.61,0.47,0
2026-07-31 21:53,BNTAS,6.39,🟢 Yükseliş Trendinde,🔴 SAT,-,-,🔴 Ayı Piyasası (EMA 50 En Altta),🟠 Daralıyor,⚪Fiyat Alt_Orta Bant Aralığında,EMA5 Destek: 6.28 (%1.7 altta) | EMA21 Direnç: 6.51 (%1.8 üstte),2.56-3.04 (%52.4 altta),11.98-12.80 (%87.5 üstte),-7.62,47.47,13.65,-0.8,0
2026-07-31 21:53,BOBET,18.08,🔴 Düşüş Trendinde,🔴 SAT,-,-,"📉 Düşüş Hazırlığı (50<100 Kesti, 150 Bekleniyor)",🚨 BB SIKIŞMA,⚪Fiyat Alt_Orta Bant Aralığında,EMA200 Direnç: 18.74 (%3.7 üstte),17.61-22.66 (fiyat bandın içinde!),32.83-36.62 (%81.6 üstte),-3.52,39.69,31.67,-0.44,0
2026-07-31 21:53,BORLS,5.36,🟢 Yükseliş Trendinde,🔴 SAT,-,-,-,⚪ Yelpaze Açık,⚪Fiyat Alt_Orta Bant Aralığında,EMA5 Direnç: 5.85 (%9.2 üstte),-,27.00-31.20 (%403.7 üstte),-,43.0,23.98,-0.35,0
2026-07-31 21:53,BORSK,5.62,🟢 Yükseliş Trendinde,⏳ BEKLE,-,-,-,⚪ Yelpaze Açık,⚪Fiyat Alt_Orta Bant Aralığında,EMA5 Direnç: 5.94 (%5.7 üstte),5.33-5.69 (fiyat bandın içinde!),6.76-7.82 (%20.2 üstte),-,40.12,13.58,-0.88,0
2026-07-31 21:53,BOSSA,6.26,🟢 Yükseliş Trendinde,⏳ BEKLE,🔴 ZAYIFLAMA (Zaten Dipte),-,⚪ Karışık / Testere Piyasası,🚨 BB SIKIŞMA,⚪Fiyat Alt_Orta Bant Aralığında,EMA200 Destek: 5.49 (%12.3 altta) | EMA100 Direnç: 6.50 (%3.8 üstte),5.63-5.90 (%5.8 altta),-,14.03,44.28,68.8,0.12,0
2026-07-31 21:53,BRISA,80.15,🔴 Düşüş Trendinde,🔴 SAT,-,-,⚠️ Yükseliş Trendinde Düzeltme (SSL Negatif),🟡 Normal Genişlik,⚪Fiyat Alt_Orta Bant Aralığında,EMA200 Destek: 72.25 (%9.9 altta) | EMA5 Direnç: 82.35 (%2.7 üstte),71.80-77.15 (%3.7 altta),-,10.94,40.05,0.98,-0.77,0
2026-07-31 21:53,BRKO,10.8,🟢 Yükseliş Trendinde,🔴 SAT,-,-,⚠️ Yükseliş Trendinde Düzeltme (SSL Negatif),🟠 Daralıyor,⚪Fiyat Alt_Orta Bant Aralığında,EMA100 Destek: 10.21 (%5.5 altta) | EMA55 Direnç: 11.42 (%5.7 üstte),7.15-7.65 (%29.2 altta),-,42.15,44.79,10.72,-0.11,0
2026-07-31 21:53,BRKSN,7.49,🟢 Yükseliş Trendinde,🔴 SAT,-,-,⚠️ Yükseliş Trendinde Düzeltme (SSL Negatif),🟡 Normal Genişlik,⚪Fiyat Alt_Orta Bant Aralığında,EMA200 Destek: 6.85 (%8.6 altta) | EMA5 Direnç: 7.71 (%2.9 üstte),6.29-7.07 (%5.6 altta),-,9.4,38.28,4.35,-0.94,0
2026-07-31 21:53,BRKVY,75.0,🩸 SAT (Trend Kırıldı),🔴 SAT,-,-,⚠️ Yükseliş Trendinde Düzeltme (SSL Negatif),🚨 BB SIKIŞMA,🚨Fiyat Bandın Altında!,EMA100 Direnç: 80.62 (%7.5 üstte),-,-,-,37.25,0.0,-0.91,-1.34
2026-07-31 21:53,BRLSM,15.3,🟢 Yükseliş Trendinde,🔴 SAT,-,-,⚠️ Yükseliş Trendinde Düzeltme (SSL Negatif),⚪ Yelpaze Açık,⚪Fiyat Alt_Orta Bant Aralığında,EMA200 Destek: 14.91 (%2.5 altta) | EMA100 Direnç: 16.44 (%7.4 üstte),12.26-13.10 (%14.4 altta),-,2.59,43.65,2.41,-0.26,0
2026-07-31 21:53,BRMEN,16.53,🟢 Yükseliş Trendinde,⏳ BEKLE,-,-,⚪ Karışık / Testere Piyasası,⚪ Yelpaze Açık,🟡Fiyat Orta-Üst Bant Aralığında,EMA21 Destek: 13.89 (%16.0 altta) | EMA5 Direnç: 17.27 (%4.5 üstte),-,-,120.76,57.97,77.78,0.9,0
2026-07-31 21:53,BRSAN,521.5,🔴 Düşüş Trendinde,🔴 SAT,-,-,⚠️ Yükseliş Trendinde Düzeltme (SSL Negatif),🚨 BB SIKIŞMA,⚪Fiyat Alt_Orta Bant Aralığında,EMA100 Destek: 487.82 (%6.5 altta) | EMA55 Direnç: 521.88 (%0.1 üstte),301.25-319.75 (%38.7 altta),673.50-784.00 (%29.1 üstte),33.57,47.1,46.63,0.04,0
2026-07-31 21:53,BRYAT,1709.0,🔴 Düşüş Trendinde,🔴 SAT,-,-,⚠️ Yükseliş Trendinde Düzeltme (SSL Negatif),🟡 Normal Genişlik,🚨Fiyat Bandın Altında!,EMA200 Destek: 1627.75 (%4.8 altta) | EMA5 Direnç: 1805.15 (%5.6 üstte),1562.66-1643.10 (%3.9 altta),-,4.99,35.35,0.79,-0.91,-0.36
2026-07-31 21:53,BSOKE,35.56,🟢 Yükseliş Trendinde,⏳ BEKLE,-,-,⚠️ Yükseliş Trendinde Düzeltme (SSL Negatif),🚨 BB SIKIŞMA,⚪Fiyat Alt_Orta Bant Aralığında,EMA21 Destek: 34.38 (%3.3 altta) | EMA5 Direnç: 35.90 (%1.0 üstte),14.31-16.12 (%54.7 altta),50.10-60.95 (%40.9 üstte),87.7,57.01,10.57,-0.61,0
2026-07-31 21:53,BTCIM,4.9,🟢 Yükseliş Trendinde,🔴 SAT,-,-,⚠️ Yükseliş Trendinde Düzeltme (SSL Negatif),🟠 Daralıyor,🚨Fiyat Bandın Altında!,EMA100 Destek: 4.88 (%0.4 altta) | EMA55 Direnç: 5.28 (%7.8 üstte),-,-,31.51,38.09,0.81,-0.86,-4.77
2026-07-31 21:53,BUCIM,5.04,🔴 Düşüş Trendinde,🔴 SAT,-,🟢 POTANSİYEL DİP,🔴 Ayı Piyasası (EMA 50 En Altta),🟡 Normal Genişlik,🚨Fiyat Bandın Altında!,EMA5 Direnç: 5.33 (%5.7 üstte),-,8.64-9.22 (%71.3 üstte),-16.93,27.15,0.0,-0.93,-2.35
2026-07-31 21:53,BULGS,37.9,🟢 Yükseliş Trendinde,⏳ BEKLE,-,-,-,-,⚪Fiyat Alt_Orta Bant Aralığında,EMA55 Direnç: 38.29 (%1.0 üstte),-,-,-,43.16,15.29,-0.7,0
2026-07-31 21:53,BURCE,36.4,🔴 Düşüş Trendinde,🔴 SAT,-,-,⚠️ Yükseliş Trendinde Düzeltme (SSL Negatif),⚪ Yelpaze Açık,⚪Fiyat Alt_Orta Bant Aralığında,EMA100 Destek: 34.60 (%5.0 altta) | EMA5 Direnç: 39.59 (%8.8 üstte),13.57-14.41 (%60.4 altta),-,47.74,38.89,2.57,-0.95,0
2026-07-31 21:53,BURVA,705.0,🟢 Yükseliş Trendinde,🔴 SAT,-,-,⚠️ Yükseliş Trendinde Düzeltme (SSL Negatif),⚪ Yelpaze Açık,⚪Fiyat Alt_Orta Bant Aralığında,EMA55 Destek: 681.07 (%3.4 altta) | EMA5 Direnç: 820.68 (%16.4 üstte),-,-,123.69,43.25,0.0,-0.95,0
2026-07-31 21:53,BVSAN,106.4,🟢 Yükseliş Trendinde,🔴 SAT,-,-,⚠️ Yükseliş Trendinde Düzeltme (SSL Negatif),🟡 Normal Genişlik,⚪Fiyat Alt_Orta Bant Aralığında,EMA100 Direnç: 107.37 (%0.9 üstte),76.60-82.34 (%22.6 altta),-,-,42.51,2.69,-0.67,0
2026-07-31 21:53,BYDNR,38.22,🟢 Yükseliş Trendinde,⏳ BEKLE,🔴 ZAYIFLAMA (Zaten Dipte),-,⚠️ Yükseliş Trendinde Düzeltme (SSL Negatif),🚨 BB SIKIŞMA,⚪Fiyat Alt_Orta Bant Aralığında,EMA21 Destek: 37.88 (%0.9 altta) | EMA5 Direnç: 38.59 (%1.0 üstte),-,-,-,52.59,16.6,-0.63,0
2026-07-31 21:53,CANTE,1.2,🔴 Düşüş Trendinde,🔴 SAT,-,-,🔴 Ayı Piyasası (EMA 50 En Altta),⚪ Yelpaze Açık,⚪Fiyat Alt_Orta Bant Aralığında,EMA5 Direnç: 1.28 (%6.9 üstte),-,2.43-2.87 (%102.5 üstte),-45.33,28.91,0.0,-0.96,0
2026-07-31 21:53,CASA,67.3,🔴 Düşüş Trendinde,⏳ BEKLE,-,🟢 POTANSİYEL DİP,🔴 Ayı Piyasası (EMA 50 En Altta),⚪ Yelpaze Açık,🚨Fiyat Bandın Altında!,EMA5 Direnç: 73.98 (%9.9 üstte),60.00-60.95 (%9.4 altta),-,-35.15,32.33,29.69,-0.95,-0.47
2026-07-31 21:53,CATES,47.8,🟢 Yükseliş Trendinde,🟢 AL (Trend Onaylı),-,-,-,🟠 Daralıyor,🟡Fiyat Orta-Üst Bant Aralığında,EMA5 Destek: 45.21 (%5.4 altta),29.46-31.40 (%34.3 altta),55.10-67.90 (%15.3 üstte),-,62.24,90.42,0.64,0
2026-07-31 21:53,CCOLA,91.05,🟢 Yükseliş Trendinde,🟢 AL (Trend Onaylı),-,-,🔴 Ayı Piyasası (EMA 50 En Altta),⚪ Yelpaze Açık,🟡Fiyat Orta-Üst Bant Aralığında,EMA5 Destek: 88.19 (%3.1 altta) | EMA100 Direnç: 111.01 (%21.9 üstte),-,773.03-888.15 (%749.0 üstte),-41.65,68.27,88.18,0.75,0
2026-07-31 21:53,CELHA,24.56,🟢 Yükseliş Trendinde,⏳ BEKLE,-,-,🔴 Ayı Piyasası (EMA 50 En Altta),⚪ Yelpaze Açık,🟡Fiyat Orta-Üst Bant Aralığında,EMA5 Destek: 22.69 (%7.6 altta),-,21.72-26.46 (fiyat bandın içinde!),60.12,71.87,86.95,0.93,0
2026-07-31 21:53,CEMAS,4.04,🟢 Yükseliş Trendinde,🔴 SAT,-,🟢 POTANSİYEL DİP,⚠️ Yükseliş Trendinde Düzeltme (SSL Negatif),🚨 BB SIKIŞMA,⚪Fiyat Alt_Orta Bant Aralığında,EMA200 Direnç: 4.14 (%2.5 üstte),2.56-3.01 (%25.5 altta),-,-2.45,34.08,0.0,-0.87,0
2026-07-31 21:53,CEMTS,8.86,🔴 Düşüş Trendinde,🔴 SAT,-,🟢 POTANSİYEL DİP,⚠️ Yükseliş Trendinde Düzeltme (SSL Negatif),🟠 Daralıyor,🚨Fiyat Bandın Altında!,EMA200 Direnç: 9.27 (%4.6 üstte),-,-,-4.4,33.97,0.0,-0.92,-0.59
2026-07-31 21:53,CEMZY,12.1,🟢 Yükseliş Trendinde,🔴 SAT,-,-,-,-,⚪Fiyat Alt_Orta Bant Aralığında,EMA55 Destek: 9.91 (%18.1 altta) | EMA21 Direnç: 12.67 (%4.7 üstte),-,-,-,49.58,16.67,-0.03,0
2026-07-31 21:53,CEOEM,22.04,🟢 Yükseliş Trendinde,🔴 SAT,-,-,"📉 Düşüş Hazırlığı (50<100 Kesti, 150 Bekleniyor)",🚨 BB SIKIŞMA,⚪Fiyat Alt_Orta Bant Aralığında,EMA200 Direnç: 23.04 (%4.6 üstte),-,24.82-29.40 (%12.6 üstte),-4.36,41.71,0.0,-0.23,0
2026-07-31 21:53,CGCAM,38.9,🟢 Yükseliş Trendinde,🔴 SAT,-,-,-,-,⚪Fiyat Alt_Orta Bant Aralığında,EMA55 Destek: 38.32 (%1.5 altta) | EMA21 Direnç: 42.07 (%8.2 üstte),-,-,-,46.29,12.63,0.11,0
2026-07-31 21:53,CIMSA,44.84,🩸 SAT (Trend Kırıldı),⏳ BEKLE,-,-,⚠️ Yükseliş Trendinde Düzeltme (SSL Negatif),⚪ Yelpaze Açık,⚪Fiyat Alt_Orta Bant Aralığında,EMA100 Destek: 44.75 (%0.2 altta) | EMA5 Direnç: 47.65 (%6.3 üstte),-,-,32.24,39.2,15.89,-0.87,0
2026-07-31 21:53,CLEBI,1443.0,🔴 Düşüş Trendinde,🔴 SAT,-,-,⚠️ Yükseliş Trendinde Düzeltme (SSL Negatif),⚪ Yelpaze Açık,⚪Fiyat Alt_Orta Bant Aralığında,EMA200 Destek: 1280.66 (%11.2 altta) | EMA5 Direnç: 1515.75 (%5.0 üstte),-,-,12.68,35.36,0.0,-0.95,0
2026-07-31 21:53,CMBTN,1561.0,🔴 Düşüş Trendinde,⏳ BEKLE,🔴 ZAYIFLAMA (Zaten Dipte),-,"📉 Düşüş Hazırlığı (50<100 Kesti, 150 Bekleniyor)",🟠 Daralıyor,⚪Fiyat Alt_Orta Bant Aralığında,EMA5 Direnç: 1622.91 (%4.0 üstte),-,2500.00-3047.50 (%60.2 üstte),-4.12,42.13,53.14,-0.2,0
2026-07-31 21:53,CMENT,279.75,🔴 Düşüş Trendinde,🔴 SAT,🔴 ZAYIFLAMA (Zaten Dipte),-,"📉 Düşüş Hazırlığı (50<100 Kesti, 150 Bekleniyor)",🟠 Daralıyor,⚪Fiyat Alt_Orta Bant Aralığında,EMA200 Destek: 258.19 (%7.7 altta) | EMA5 Direnç: 291.45 (%4.2 üstte),-,-,8.35,38.78,37.17,-0.66,0
2026-07-31 21:53,CONSE,2.36,🔴 Düşüş Trendinde,⏳ BEKLE,-,-,🔴 Ayı Piyasası (EMA 50 En Altta),⚪ Yelpaze Açık,⚪Fiyat Alt_Orta Bant Aralığında,EMA5 Direnç: 2.55 (%7.9 üstte),-,-,-47.85,35.06,8.32,-0.91,0
2026-07-31 21:53,COSMO,119.8,🔴 Düşüş Trendinde,🔴 SAT,-,-,⚠️ Yükseliş Trendinde Düzeltme (SSL Negatif),⚪ Yelpaze Açık,⚪Fiyat Alt_Orta Bant Aralığında,EMA200 Direnç: 124.62 (%4.0 üstte),100.00-107.90 (%9.9 altta),-,-3.87,30.65,0.22,-0.98,0
2026-07-31 21:53,CRDFA,42.26,🟢 Yükseliş Trendinde,🟢 AL (Trend Onaylı),-,-,🟢 EMA Yükselişte (SSL Ok Bekleniyor),🟡 Normal Genişlik,🟡Fiyat Orta-Üst Bant Aralığında,EMA5 Destek: 40.98 (%3.0 altta),0.63-0.71 (%98.3 altta),-,273.14,68.38,41.38,0.76,0
2026-07-31 21:53,CRFSA,181.4,🟢 Yükseliş Trendinde,🟢 AL (Trend Onaylı),-,-,🚀 ASIL SİNYAL: GÜÇLÜ AL (EMA Sıralı + SSL Onay),⚪ Yelpaze Açık,🟡Fiyat Orta-Üst Bant Aralığında,EMA5 Destek: 161.93 (%10.7 altta),77.20-83.70 (%53.9 altta),-,85.69,64.19,71.44,0.72,0
2026-07-31 21:53,CUSAN,23.52,🟢 Yükseliş Trendinde,⏳ BEKLE,-,-,⚠️ Yükseliş Trendinde Düzeltme (SSL Negatif),🚨 BB SIKIŞMA,⚪Fiyat Alt_Orta Bant Aralığında,EMA200 Destek: 20.89 (%11.2 altta) | EMA100 Direnç: 23.69 (%0.7 üstte),-,-,12.56,47.26,37.61,-0.23,0
2026-07-31 21:53,CVKMD,37.82,🟢 Yükseliş Trendinde,🔴 SAT,-,-,⚠️ Yükseliş Trendinde Düzeltme (SSL Negatif),🟡 Normal Genişlik,⚪Fiyat Alt_Orta Bant Aralığında,EMA55 Destek: 30.61 (%19.1 altta) | EMA21 Direnç: 37.92 (%0.3 üstte),8.73-11.01 (%70.9 altta),-,-,52.22,0.05,-0.35,0
2026-07-31 21:53,CWENE,34.0,🟢 Yükseliş Trendinde,🔴 SAT,-,-,⚠️ Yükseliş Trendinde Düzeltme (SSL Negatif),🟡 Normal Genişlik,⚪Fiyat Alt_Orta Bant Aralığında,EMA55 Destek: 30.64 (%9.9 altta) | EMA21 Direnç: 35.78 (%5.2 üstte),12.34-13.76 (%59.5 altta),-,-,48.83,5.8,-0.01,0
2026-07-31 21:53,DAGI,8.98,🟢 Yükseliş Trendinde,⏳ BEKLE,-,-,⚪ Karışık / Testere Piyasası,⚪ Yelpaze Açık,🟡Fiyat Orta-Üst Bant Aralığında,EMA5 Destek: 8.98 (%0.0 altta),-,-,95.05,65.07,65.84,0.91,0
2026-07-31 21:53,DAPGM,8.69,🔴 Düşüş Trendinde,🔴 SAT,-,-,⚠️ Yükseliş Trendinde Düzeltme (SSL Negatif),⚪ Yelpaze Açık,⚪Fiyat Alt_Orta Bant Aralığında,EMA200 Destek: 7.69 (%11.5 altta) | EMA5 Direnç: 9.29 (%6.9 üstte),-,9.61-12.30 (%10.6 üstte),13.06,38.53,26.15,-0.62,0
2026-07-31 21:53,DARDL,1.68,🔴 Düşüş Trendinde,🔴 SAT,-,🟢 POTANSİYEL DİP,🔴 Ayı Piyasası (EMA 50 En Altta),🟡 Normal Genişlik,🚨Fiyat Bandın Altında!,EMA5 Direnç: 1.87 (%11.2 üstte),-,7.39-8.43 (%339.9 üstte),-52.92,30.52,0.0,-0.92,-2.34
2026-07-31 21:53,DCTTR,11.67,🟢 Yükseliş Trendinde,🔴 SAT,-,-,-,-,⚪Fiyat Alt_Orta Bant Aralığında,EMA21 Destek: 11.67 (%0.0 altta) | EMA5 Direnç: 11.94 (%2.3 üstte),-,12.18-14.22 (%4.4 üstte),-,51.3,1.45,-0.54,0
2026-07-31 21:53,DENGE,2.34,🔴 Düşüş Trendinde,🔴 SAT,-,-,🔴 Ayı Piyasası (EMA 50 En Altta),🚨 BB SIKIŞMA,⚪Fiyat Alt_Orta Bant Aralığında,EMA5 Direnç: 2.39 (%1.9 üstte),-,2.51-2.75 (%7.3 üstte),-12.25,43.23,40.98,-0.24,0
2026-07-31 21:53,DERHL,10.34,🔴 Düşüş Trendinde,🔴 SAT,-,🟢 POTANSİYEL DİP,🔴 Ayı Piyasası (EMA 50 En Altta),🟠 Daralıyor,🚨Fiyat Bandın Altında!,EMA5 Direnç: 11.47 (%10.9 üstte),-,-,-25.01,30.19,0.0,-0.97,-3.67
2026-07-31 21:53,DERIM,34.18,🟢 Yükseliş Trendinde,🔴 SAT,-,-,⚠️ Yükseliş Trendinde Düzeltme (SSL Negatif),🟠 Daralıyor,⚪Fiyat Alt_Orta Bant Aralığında,EMA200 Destek: 27.37 (%19.9 altta) | EMA100 Direnç: 35.55 (%4.0 üstte),-,-,24.9,42.58,1.51,-0.32,0
2026-07-31 21:53,DESA,9.45,🔴 Düşüş Trendinde,🔴 SAT,-,-,⚠️ Yükseliş Trendinde Düzeltme (SSL Negatif),⚪ Yelpaze Açık,⚪Fiyat Alt_Orta Bant Aralığında,EMA200 Destek: 9.28 (%1.8 altta) | EMA5 Direnç: 10.14 (%7.3 üstte),7.68-9.68 (fiyat bandın içinde!),-,1.83,29.84,0.0,-0.98,0
2026-07-31 21:53,DESPC,41.02,🔴 Düşüş Trendinde,🔴 SAT,🔴 ZAYIFLAMA (Zaten Dipte),-,⚪ Karışık / Testere Piyasası,🟠 Daralıyor,⚪Fiyat Alt_Orta Bant Aralığında,EMA200 Destek: 36.69 (%10.6 altta) | EMA5 Direnç: 44.11 (%7.5 üstte),-,47.28-52.05 (%15.3 üstte),11.79,44.08,71.73,-0.04,0
2026-07-31 21:53,DEVA,70.1,🟢 Yükseliş Trendinde,⏳ BEKLE,🩸 SAT (Zirveden Dönüş),-,⚪ Karışık / Testere Piyasası,🟠 Daralıyor,🟡Fiyat Orta-Üst Bant Aralığında,EMA21 Destek: 68.93 (%1.7 altta) | EMA5 Direnç: 71.85 (%2.5 üstte),-,74.40-79.85 (%6.1 üstte),16.2,52.38,74.91,0.64,0
2026-07-31 21:53,DGATE,107.0,🟢 Yükseliş Trendinde,🔴 SAT,-,-,🟢 EMA Yükselişte (SSL Ok Bekleniyor),⚪ Yelpaze Açık,🟡Fiyat Orta-Üst Bant Aralığında,EMA21 Destek: 100.10 (%6.5 altta) | EMA5 Direnç: 108.55 (%1.4 üstte),-,-,103.31,56.24,19.01,0.2,0
2026-07-31 21:53,DGGYO,34.2,🟢 Yükseliş Trendinde,🔴 SAT,-,-,⚪ Karışık / Testere Piyasası,⚪ Yelpaze Açık,🟡Fiyat Orta-Üst Bant Aralığında,EMA55 Destek: 33.62 (%1.7 altta) | EMA21 Direnç: 34.76 (%1.7 üstte),-,-,19.39,49.82,36.4,0.6,0
2026-07-31 21:53,DGNMO,8.69,🟢 Yükseliş Trendinde,🔴 SAT,-,-,"📉 Düşüş Hazırlığı (50<100 Kesti, 150 Bekleniyor)",⚪ Yelpaze Açık,🟡Fiyat Orta-Üst Bant Aralığında,EMA5 Destek: 8.28 (%4.7 altta),3.51-3.92 (%54.9 altta),9.10-9.64 (%4.7 üstte),27.69,58.0,13.39,-0.69,0
2026-07-31 21:53,DIRIT,23.22,🔴 Düşüş Trendinde,⏳ BEKLE,-,-,⚠️ Yükseliş Trendinde Düzeltme (SSL Negatif),🟡 Normal Genişlik,⚪Fiyat Alt_Orta Bant Aralığında,EMA200 Destek: 19.05 (%18.0 altta) | EMA5 Direnç: 23.32 (%0.4 üstte),-,-,21.92,44.99,38.81,-0.77,0
2026-07-31 21:53,DITAS,23.62,🔴 Düşüş Trendinde,🔴 SAT,-,-,⚠️ Yükseliş Trendinde Düzeltme (SSL Negatif),⚪ Yelpaze Açık,⚪Fiyat Alt_Orta Bant Aralığında,EMA200 Destek: 23.36 (%1.1 altta) | EMA5 Direnç: 27.08 (%14.7 üstte),11.41-14.27 (%39.6 altta),-,1.09,36.98,0.0,-0.51,0
2026-07-31 21:53,DMRGD,11.81,🟢 Yükseliş Trendinde,⏳ BEKLE,-,-,-,⚪ Yelpaze Açık,🟡Fiyat Orta-Üst Bant Aralığında,EMA21 Destek: 9.40 (%20.4 altta) | EMA5 Direnç: 12.15 (%2.9 üstte),1.48-1.85 (%84.3 altta),-,-,73.0,66.41,0.9,0
2026-07-31 21:53,DMSAS,8.18,🔴 Düşüş Trendinde,🔴 SAT,-,-,⚠️ Yükseliş Trendinde Düzeltme (SSL Negatif),🚨 BB SIKIŞMA,⚪Fiyat Alt_Orta Bant Aralığında,EMA200 Destek: 7.80 (%4.7 altta) | EMA100 Direnç: 8.45 (%3.3 üstte),5.18-5.62 (%31.3 altta),-,4.93,43.49,13.17,-0.32,0
2026-07-31 21:53,DNISI,18.87,🟢 Yükseliş Trendinde,🔴 SAT,-,-,⚠️ Yükseliş Trendinde Düzeltme (SSL Negatif),🟠 Daralıyor,⚪Fiyat Alt_Orta Bant Aralığında,EMA200 Destek: 15.52 (%17.8 altta) | EMA100 Direnç: 20.09 (%6.5 üstte),18.48-20.34 (fiyat bandın içinde!),22.86-24.86 (%21.1 üstte),21.59,41.35,17.54,0.08,0
2026-07-31 21:53,DOAS,190.4,🔴 Düşüş Trendinde,⏳ BEKLE,-,-,⚠️ Yükseliş Trendinde Düzeltme (SSL Negatif),🚨 BB SIKIŞMA,🟡Fiyat Orta-Üst Bant Aralığında,EMA5 Destek: 187.88 (%1.3 altta),155.84-163.99 (%13.9 altta),-,28.12,52.41,31.27,0.31,0
2026-07-31 21:53,DOCO,11082.5,🟢 Yükseliş Trendinde,⏳ BEKLE,-,-,🟢 EMA Yükselişte (SSL Ok Bekleniyor),⚪ Yelpaze Açık,🟡Fiyat Orta-Üst Bant Aralığında,EMA5 Destek: 11042.20 (%0.4 altta),-,-,72.52,57.2,52.51,0.79,0
2026-07-31 21:53,DOFER,27.44,🔴 Düşüş Trendinde,🔴 SAT,-,🟢 POTANSİYEL DİP,-,🟠 Daralıyor,🚨Fiyat Bandın Altında!,EMA5 Direnç: 29.87 (%8.9 üstte),22.90-28.69 (fiyat bandın içinde!),-,-,31.67,2.02,-0.83,-4.88
2026-07-31 21:53,DOFRB,140.4,🟢 Yükseliş Trendinde,🔴 SAT,-,-,-,-,⚪Fiyat Alt_Orta Bant Aralığında,EMA21 Direnç: 145.16 (%3.4 üstte),-,-,-,51.69,0.0,-0.07,0
2026-07-31 21:53,DOGUB,80.9,🟢 Yükseliş Trendinde,🔴 SAT,-,-,⚠️ Yükseliş Trendinde Düzeltme (SSL Negatif),⚪ Yelpaze Açık,⚪Fiyat Alt_Orta Bant Aralığında,EMA55 Destek: 67.15 (%17.0 altta) | EMA5 Direnç: 85.61 (%5.8 üstte),15.00-15.93 (%80.3 altta),-,128.59,49.01,11.3,-0.79,0
2026-07-31 21:53,DOHOL,20.92,🟢 Yükseliş Trendinde,⏳ BEKLE,-,-,⚠️ Yükseliş Trendinde Düzeltme (SSL Negatif),🚨 BB SIKIŞMA,⚪Fiyat Alt_Orta Bant Aralığında,EMA55 Destek: 19.67 (%6.0 altta) | EMA5 Direnç: 21.14 (%1.1 üstte),-,-,48.87,49.48,14.0,-0.83,0
2026-07-31 21:53,DOKTA,21.52,🩸 SAT (Trend Kırıldı),🔴 SAT,-,-,"📉 Düşüş Hazırlığı (50<100 Kesti, 150 Bekleniyor)",⚪ Yelpaze Açık,⚪Fiyat Alt_Orta Bant Aralığında,EMA5 Direnç: 23.07 (%7.2 üstte),18.29-23.20 (fiyat bandın içinde!),32.46-34.22 (%50.8 üstte),-10.05,39.57,0.0,-0.67,0
2026-07-31 21:53,DSTKF,1703.0,🔴 Düşüş Trendinde,🔴 SAT,-,-,-,-,⚪Fiyat Alt_Orta Bant Aralığında,EMA55 Destek: 1592.87 (%6.5 altta) | EMA21 Direnç: 2337.04 (%37.2 üstte),-,-,-,43.77,0.0,0.16,0
2026-07-31 21:53,DUNYH,155.3,🟢 Yükseliş Trendinde,🔥 GÜÇLÜ AL (Taze Kırılım),-,🔴 ZİRVEDE,🚀 ASIL SİNYAL: GÜÇLÜ AL (EMA Sıralı + SSL Onay),⚪ Yelpaze Açık,🚨Fiyat Bandın Üzerinde!,EMA5 Destek: 124.50 (%19.8 altta),41.20-50.45 (%67.5 altta),-,163.36,98.0,83.33,0.45,18.06
2026-07-31 21:53,DURDO,4.95,🟢 Yükseliş Trendinde,🔴 SAT,-,-,⚠️ Yükseliş Trendinde Düzeltme (SSL Negatif),⚪ Yelpaze Açık,🟡Fiyat Orta-Üst Bant Aralığında,EMA21 Destek: 4.77 (%3.7 altta) | EMA5 Direnç: 5.04 (%1.8 üstte),2.11-2.40 (%51.5 altta),-,48.74,57.38,5.57,0.29,0
2026-07-31 21:53,DURKN,18.19,🟢 Yükseliş Trendinde,🔴 SAT,-,-,-,-,⚪Fiyat Alt_Orta Bant Aralığında,EMA55 Direnç: 18.34 (%0.8 üstte),13.69-15.43 (%15.2 altta),-,-,44.53,0.95,-0.65,0
2026-07-31 21:53,DYOBY,12.72,🔴 Düşüş Trendinde,🔴 SAT,-,-,"📉 Düşüş Hazırlığı (50<100 Kesti, 150 Bekleniyor)",⚪ Yelpaze Açık,⚪Fiyat Alt_Orta Bant Aralığında,EMA200 Destek: 12.41 (%2.4 altta) | EMA5 Direnç: 13.53 (%6.4 üstte),2.53-2.89 (%77.3 altta),28.50-30.88 (%124.1 üstte),2.47,39.78,1.76,-0.93,0
2026-07-31 21:53,DZGYO,7.17,🟢 Yükseliş Trendinde,🔴 SAT,-,-,⚠️ Yükseliş Trendinde Düzeltme (SSL Negatif),🚨 BB SIKIŞMA,🚨Fiyat Bandın Altında!,EMA200 Destek: 5.94 (%17.2 altta) | EMA100 Direnç: 7.39 (%3.0 üstte),6.30-7.05 (%1.7 altta),-,20.8,39.62,5.88,-0.21,-1.4
2026-07-31 21:53,EBEBK,88.0,🟢 Yükseliş Trendinde,🟢 AL (Trend Onaylı),-,-,-,⚪ Yelpaze Açık,🟡Fiyat Orta-Üst Bant Aralığında,EMA5 Destek: 83.78 (%4.8 altta),-,-,-,69.57,43.86,0.5,0
2026-07-31 21:53,ECILC,68.3,🔴 Düşüş Trendinde,🔴 SAT,-,-,⚠️ Yükseliş Trendinde Düzeltme (SSL Negatif),⚪ Yelpaze Açık,⚪Fiyat Alt_Orta Bant Aralığında,EMA200 Destek: 54.50 (%20.2 altta) | EMA100 Direnç: 71.86 (%5.2 üstte),40.18-42.32 (%38.0 altta),-,25.32,36.53,0.0,-0.9,0
2026-07-31 21:53,ECOGR,36.32,🟢 Yükseliş Trendinde,🔴 SAT,🔴 ZAYIFLAMA (Zaten Dipte),-,-,-,⚪Fiyat Alt_Orta Bant Aralığında,EMA21 Destek: 36.25 (%0.2 altta) | EMA5 Direnç: 39.32 (%8.3 üstte),-,-,-,53.19,25.72,0.37,0
2026-07-31 21:53,ECZYT,315.5,🟢 Yükseliş Trendinde,⏳ BEKLE,-,-,⚠️ Yükseliş Trendinde Düzeltme (SSL Negatif),⚪ Yelpaze Açık,⚪Fiyat Alt_Orta Bant Aralığında,EMA55 Destek: 303.08 (%3.9 altta) | EMA5 Direnç: 327.25 (%3.7 üstte),161.43-172.16 (%45.4 altta),-,46.91,46.75,17.6,-0.86,0
2026-07-31 21:53,EDATA,17.75,🟢 Yükseliş Trendinde,🔴 SAT,-,-,⚠️ Yükseliş Trendinde Düzeltme (SSL Negatif),⚪ Yelpaze Açık,⚪Fiyat Alt_Orta Bant Aralığında,EMA21 Destek: 17.09 (%3.7 altta) | EMA5 Direnç: 18.00 (%1.4 üstte),3.81-4.36 (%75.4 altta),-,142.83,53.67,9.16,-0.45,0
2026-07-31 21:53,EDIP,33.52,🔴 Düşüş Trendinde,🔴 SAT,🔴 ZAYIFLAMA (Zaten Dipte),-,⚠️ Yükseliş Trendinde Düzeltme (SSL Negatif),🟠 Daralıyor,⚪Fiyat Alt_Orta Bant Aralığında,EMA100 Destek: 31.03 (%7.4 altta) | EMA55 Direnç: 34.65 (%3.4 üstte),2.80-3.11 (%90.7 altta),-,45.07,43.01,18.63,-0.42,0
2026-07-31 21:53,EFOR,20.74,🟢 Yükseliş Trendinde,🟢 AL (Trend Onaylı),-,-,-,-,🚨Fiyat Bandın Üzerinde!,EMA5 Destek: 17.98 (%13.3 altta),-,22.18-32.00 (%6.9 üstte),-,59.94,100.0,0.88,1.36
2026-07-31 21:53,EGEEN,5270.0,🟢 Yükseliş Trendinde,🔴 SAT,-,-,🔴 Ayı Piyasası (EMA 50 En Altta),⚪ Yelpaze Açık,⚪Fiyat Alt_Orta Bant Aralığında,EMA5 Direnç: 5473.53 (%3.9 üstte),-,9445.71-10325.66 (%79.2 üstte),-22.8,36.0,7.1,-0.8,0
2026-07-31 21:53,EGEGY,28.94,🟢 Yükseliş Trendinde,🟢 AL (Trend Onaylı),-,-,-,-,⚪Fiyat Alt_Orta Bant Aralığında,EMA55 Destek: 26.86 (%7.2 altta) | EMA21 Direnç: 29.65 (%2.4 üstte),-,-,-,48.81,79.2,0.12,0
2026-07-31 21:53,EGEPO,18.45,🟢 Yükseliş Trendinde,🔴 SAT,-,-,⚠️ Yükseliş Trendinde Düzeltme (SSL Negatif),⚪ Yelpaze Açık,🟡Fiyat Orta-Üst Bant Aralığında,EMA21 Destek: 17.23 (%6.6 altta) | EMA5 Direnç: 18.80 (%1.9 üstte),-,-,132.04,63.44,9.68,-0.16,0
2026-07-31 21:53,EGGUB,94.05,🩸 SAT (Trend Kırıldı),🔴 SAT,-,-,⚠️ Yükseliş Trendinde Düzeltme (SSL Negatif),⚪ Yelpaze Açık,⚪Fiyat Alt_Orta Bant Aralığında,EMA100 Destek: 89.80 (%4.5 altta) | EMA5 Direnç: 98.25 (%4.5 üstte),-,-,36.8,41.28,5.05,-0.8,0
2026-07-31 21:53,EGPRO,33.46,🟢 Yükseliş Trendinde,🔴 SAT,-,-,⚠️ Yükseliş Trendinde Düzeltme (SSL Negatif),⚪ Yelpaze Açık,⚪Fiyat Alt_Orta Bant Aralığında,EMA55 Destek: 30.86 (%7.8 altta) | EMA21 Direnç: 35.39 (%5.8 üstte),17.30-18.68 (%44.2 altta),-,59.93,47.44,0.0,-0.9,0
2026-07-31 21:53,EGSER,2.84,🟢 Yükseliş Trendinde,🔴 SAT,-,-,"📉 Düşüş Hazırlığı (50<100 Kesti, 150 Bekleniyor)",⚪ Yelpaze Açık,⚪Fiyat Alt_Orta Bant Aralığında,EMA5 Direnç: 3.00 (%5.7 üstte),2.73-2.95 (fiyat bandın içinde!),3.54-4.20 (%24.6 üstte),-7.45,40.55,2.5,-0.63,0
2026-07-31 21:53,EKDMR,49.0,🟢 Yükseliş Trendinde,🔴 SAT,-,-,-,-,-,EMA5 Direnç: 52.85 (%7.9 üstte),-,-,-,,,,-
2026-07-31 21:53,EKGYO,17.91,🔴 Düşüş Trendinde,🔴 SAT,-,-,⚠️ Yükseliş Trendinde Düzeltme (SSL Negatif),🚨 BB SIKIŞMA,⚪Fiyat Alt_Orta Bant Aralığında,EMA100 Destek: 17.08 (%4.6 altta) | EMA55 Direnç: 19.17 (%7.0 üstte),10.39-12.29 (%31.4 altta),-,39.16,40.5,20.6,-0.16,0
2026-07-31 21:53,EKIM,18.9,-,-,-,-,-,-,-,-,-,-,-,,,,-
2026-07-31 21:53,EKIZ,68.1,🔴 Düşüş Trendinde,⏳ BEKLE,-,-,⚠️ Yükseliş Trendinde Düzeltme (SSL Negatif),⚪ Yelpaze Açık,⚪Fiyat Alt_Orta Bant Aralığında,EMA200 Destek: 60.87 (%10.6 altta) | EMA5 Direnç: 71.26 (%4.6 üstte),52.70-57.65 (%15.3 altta),-,11.88,31.42,3.39,-0.96,0
2026-07-31 21:53,EKOS,5.4,🩸 SAT (Trend Kırıldı),🔴 SAT,-,-,-,⚪ Yelpaze Açık,⚪Fiyat Alt_Orta Bant Aralığında,EMA5 Direnç: 6.07 (%12.5 üstte),5.32-5.70 (fiyat bandın içinde!),8.46-10.27 (%56.7 üstte),-,36.31,0.17,-0.67,0
2026-07-31 21:53,EKSUN,6.22,🟢 Yükseliş Trendinde,🔴 SAT,-,-,🔴 Ayı Piyasası (EMA 50 En Altta),⚪ Yelpaze Açık,⚪Fiyat Alt_Orta Bant Aralığında,EMA55 Direnç: 6.27 (%0.8 üstte),-,-,-,47.03,3.12,-0.18,0
2026-07-31 21:53,ELITE,28.64,🩸 SAT (Trend Kırıldı),🔴 SAT,-,-,"📉 Düşüş Hazırlığı (50<100 Kesti, 150 Bekleniyor)",⚪ Yelpaze Açık,⚪Fiyat Alt_Orta Bant Aralığında,EMA200 Direnç: 29.51 (%3.0 üstte),27.02-28.50 (%0.5 altta),52.56-64.18 (%83.5 üstte),-2.96,39.08,3.09,-0.58,0
2026-07-31 21:53,EMKEL,18.36,🔴 Düşüş Trendinde,🔴 SAT,🔴 ZAYIFLAMA (Zaten Dipte),-,"📉 Düşüş Hazırlığı (50<100 Kesti, 150 Bekleniyor)",🟡 Normal Genişlik,⚪Fiyat Alt_Orta Bant Aralığında,EMA5 Direnç: 19.58 (%6.6 üstte),10.18-11.39 (%38.0 altta),66.00-76.85 (%259.5 üstte),-23.25,37.75,32.65,-0.88,0
2026-07-31 21:53,EMNIS,154.8,🟢 Yükseliş Trendinde,⏳ BEKLE,🟢 POTANSİYEL DİP (0 Altı - Hacimsiz),-,🔴 Ayı Piyasası (EMA 50 En Altta),🟠 Daralıyor,⚪Fiyat Alt_Orta Bant Aralığında,EMA200 Destek: 154.15 (%0.4 altta) | EMA5 Direnç: 157.59 (%1.8 üstte),-,350.00-384.00 (%126.1 üstte),0.42,44.95,43.48,-0.54,0
2026-07-31 21:53,EMPAE,52.0,🔴 Düşüş Trendinde,🔴 SAT,-,-,-,-,⚪Fiyat Alt_Orta Bant Aralığında,EMA21 Direnç: 61.37 (%18.0 üstte),-,-,-,49.82,,0.03,0
2026-07-31 21:53,ENDAE,15.16,🟢 Yükseliş Trendinde,🔴 SAT,-,-,-,-,⚪Fiyat Alt_Orta Bant Aralığında,EMA55 Direnç: 16.30 (%7.5 üstte),-,-,-,45.14,10.89,-0.05,0
2026-07-31 21:53,ENERY,9.21,🔴 Düşüş Trendinde,🔴 SAT,-,-,⚪ Karışık / Testere Piyasası,🚨 BB SIKIŞMA,🟡Fiyat Orta-Üst Bant Aralığında,EMA55 Destek: 8.69 (%5.6 altta) | EMA21 Direnç: 9.28 (%0.8 üstte),-,9.29-10.94 (%0.9 üstte),-,49.58,62.41,0.72,0
2026-07-31 21:53,ENJSA,108.9,🟢 Yükseliş Trendinde,🔥 GÜÇLÜ AL (Taze Kırılım),-,-,⚠️ Yükseliş Trendinde Düzeltme (SSL Negatif),🟡 Normal Genişlik,⚪Fiyat Alt_Orta Bant Aralığında,EMA21 Destek: 106.77 (%2.0 altta),49.53-62.47 (%42.6 altta),-,79.78,54.38,15.49,-0.81,0
2026-07-31 21:53,ENKAI,87.6,🟢 Yükseliş Trendinde,🔴 SAT,-,-,⚠️ Yükseliş Trendinde Düzeltme (SSL Negatif),⚪ Yelpaze Açık,⚪Fiyat Alt_Orta Bant Aralığında,EMA55 Destek: 84.20 (%3.9 altta) | EMA5 Direnç: 89.89 (%2.6 üstte),-,-,63.45,44.62,0.59,-0.9,0
2026-07-31 21:53,ENPRA,58.0,🟢 Yükseliş Trendinde,🔴 SAT,-,-,-,-,-,EMA5 Direnç: 62.76 (%8.2 üstte),-,-,-,17.61,,-0.91,-
2026-07-31 21:53,ENSRI,5.37,🔴 Düşüş Trendinde,🔴 SAT,🔴 ZAYIFLAMA (Zaten Dipte),-,⚠️ Yükseliş Trendinde Düzeltme (SSL Negatif),⚪ Yelpaze Açık,⚪Fiyat Alt_Orta Bant Aralığında,EMA5 Direnç: 6.22 (%15.8 üstte),3.23-3.74 (%30.3 altta),-,-36.65,32.8,6.21,-0.82,0
2026-07-31 21:53,ENTRA,5.25,🟢 Yükseliş Trendinde,🔥 GÜÇLÜ AL (Taze Kırılım),📈 TREND DEVAMI (0 Üstü + Hacim),-,-,🟡 Normal Genişlik,🚨Fiyat Bandın Üzerinde!,EMA5 Destek: 4.83 (%8.0 altta),-,-,-,60.1,47.01,0.2,1.26
2026-07-31 21:53,EPLAS,5.43,🟢 Yükseliş Trendinde,🔴 SAT,-,-,⚠️ Yükseliş Trendinde Düzeltme (SSL Negatif),🚨 BB SIKIŞMA,⚪Fiyat Alt_Orta Bant Aralığında,EMA200 Direnç: 5.47 (%0.7 üstte),2.25-2.74 (%49.6 altta),-,-0.68,42.02,2.65,-0.85,0
2026-07-31 21:53,ERBOS,153.7,🔴 Düşüş Trendinde,🔴 SAT,-,-,⚠️ Yükseliş Trendinde Düzeltme (SSL Negatif),⚪ Yelpaze Açık,🚨Fiyat Bandın Altında!,EMA5 Direnç: 164.56 (%7.1 üstte),-,-,-10.22,35.09,0.0,-0.92,-0.47
2026-07-31 21:53,ERCB,48.14,🔴 Düşüş Trendinde,⏳ BEKLE,-,-,🔴 Ayı Piyasası (EMA 50 En Altta),⚪ Yelpaze Açık,⚪Fiyat Alt_Orta Bant Aralığında,EMA5 Direnç: 50.88 (%5.7 üstte),33.24-36.42 (%24.3 altta),69.55-103.00 (%44.5 üstte),-43.39,39.9,34.09,-0.74,0
2026-07-31 21:53,EREGL,42.54,🟢 Yükseliş Trendinde,🟢 AL (Trend Onaylı),🩸 SAT (Zirveden Dönüş),-,🟢 EMA Yükselişte (SSL Ok Bekleniyor),⚪ Yelpaze Açık,🟡Fiyat Orta-Üst Bant Aralığında,EMA5 Destek: 41.97 (%1.3 altta),18.45-20.50 (%51.8 altta),-,76.71,70.13,40.18,0.8,0
2026-07-31 21:53,ERSU,23.2,🟢 Yükseliş Trendinde,🔴 SAT,-,-,⚠️ Yükseliş Trendinde Düzeltme (SSL Negatif),🟡 Normal Genişlik,⚪Fiyat Alt_Orta Bant Aralığında,EMA55 Destek: 21.69 (%6.5 altta) | EMA5 Direnç: 23.63 (%1.9 üstte),14.15-15.04 (%35.2 altta),-,45.14,49.42,8.83,-0.81,0
2026-07-31 21:53,ESCAR,45.98,🟢 Yükseliş Trendinde,🔴 SAT,-,-,⚠️ Yükseliş Trendinde Düzeltme (SSL Negatif),🟠 Daralıyor,⚪Fiyat Alt_Orta Bant Aralığında,EMA21 Destek: 45.08 (%2.0 altta) | EMA5 Direnç: 47.64 (%3.6 üstte),-,73.92-77.79 (%60.8 üstte),65.57,53.73,6.26,-0.64,0
2026-07-31 21:53,ESCOM,5.33,🟢 Yükseliş Trendinde,🔴 SAT,-,-,⚠️ Yükseliş Trendinde Düzeltme (SSL Negatif),🟠 Daralıyor,🟡Fiyat Orta-Üst Bant Aralığında,EMA21 Destek: 5.24 (%1.7 altta) | EMA5 Direnç: 5.50 (%3.2 üstte),-,-,60.24,53.63,2.95,0.18,0
2026-07-31 21:53,ESEN,3.36,🔴 Düşüş Trendinde,🔴 SAT,-,-,"📉 Düşüş Hazırlığı (50<100 Kesti, 150 Bekleniyor)",🟠 Daralıyor,🚨Fiyat Bandın Altında!,EMA5 Direnç: 3.52 (%4.8 üstte),-,14.06-15.00 (%318.5 üstte),-24.53,35.94,3.36,-0.79,-0.8
2026-07-31 21:53,ETILR,5.82,🟢 Yükseliş Trendinde,🟢 AL (Trend Onaylı),-,-,🔴 Ayı Piyasası (EMA 50 En Altta),🟠 Daralıyor,🟡Fiyat Orta-Üst Bant Aralığında,EMA55 Destek: 5.51 (%5.4 altta) | EMA100 Direnç: 5.86 (%0.7 üstte),-,8.91-10.52 (%53.1 üstte),11.99,54.4,37.54,0.37,0
2026-07-31 21:53,ETYAT,12.9,🟢 Yükseliş Trendinde,🔴 SAT,-,-,🟢 EMA Yükselişte (SSL Ok Bekleniyor),⚪ Yelpaze Açık,🟡Fiyat Orta-Üst Bant Aralığında,EMA21 Destek: 11.09 (%14.0 altta) | EMA5 Direnç: 13.14 (%1.8 üstte),3.01-3.23 (%74.9 altta),-,142.22,67.77,68.23,0.88,0
2026-07-31 21:53,EUHOL,10.0,🔴 Düşüş Trendinde,🔴 SAT,-,-,⚠️ Yükseliş Trendinde Düzeltme (SSL Negatif),🟡 Normal Genişlik,⚪Fiyat Alt_Orta Bant Aralığında,EMA200 Destek: 7.48 (%25.2 altta) | EMA5 Direnç: 10.33 (%3.3 üstte),2.51-2.73 (%72.7 altta),-,33.75,37.56,2.97,-0.92,0
2026-07-31 21:53,EUKYO,13.15,🟢 Yükseliş Trendinde,⏳ BEKLE,-,-,🟢 EMA Yükselişte (SSL Ok Bekleniyor),⚪ Yelpaze Açık,🟡Fiyat Orta-Üst Bant Aralığında,EMA5 Destek: 12.62 (%4.0 altta),-,-,166.06,84.87,99.42,0.97,0
2026-07-31 21:53,EUPWR,85.1,🟢 Yükseliş Trendinde,⏳ BEKLE,🩸 SAT (Zirveden Dönüş),-,🟢 EMA Yükselişte (SSL Ok Bekleniyor),⚪ Yelpaze Açık,🟡Fiyat Orta-Üst Bant Aralığında,EMA21 Destek: 71.62 (%15.8 altta) | EMA5 Direnç: 88.92 (%4.5 üstte),25.50-26.88 (%68.4 altta),-,-,61.13,29.78,0.79,0
2026-07-31 21:53,EUREN,3.93,🔴 Düşüş Trendinde,🔴 SAT,-,-,🔴 Ayı Piyasası (EMA 50 En Altta),🟠 Daralıyor,⚪Fiyat Alt_Orta Bant Aralığında,EMA5 Direnç: 4.14 (%5.4 üstte),-,15.05-16.70 (%283.0 üstte),-59.29,33.21,0.0,-0.97,0
2026-07-31 21:53,EUYO,5.0,🟢 Yükseliş Trendinde,🔴 SAT,-,-,⚠️ Yükseliş Trendinde Düzeltme (SSL Negatif),🟠 Daralıyor,⚪Fiyat Alt_Orta Bant Aralığında,EMA100 Destek: 4.76 (%4.9 altta) | EMA5 Direnç: 5.14 (%2.9 üstte),4.10-4.43 (%11.4 altta),-,29.65,42.68,3.79,-0.54,0
2026-07-31 21:53,EYGYO,2.15,🔴 Düşüş Trendinde,⏳ BEKLE,-,-,-,🟡 Normal Genişlik,🚨Fiyat Bandın Altında!,EMA5 Direnç: 2.36 (%9.7 üstte),-,2.70-3.04 (%25.6 üstte),-,36.54,42.91,-0.82,-0.24
2026-07-31 21:53,FADE,15.1,🟢 Yükseliş Trendinde,🔴 SAT,-,-,⚠️ Yükseliş Trendinde Düzeltme (SSL Negatif),🟠 Daralıyor,⚪Fiyat Alt_Orta Bant Aralığında,EMA100 Destek: 14.86 (%1.6 altta) | EMA55 Direnç: 15.15 (%0.4 üstte),6.10-6.41 (%57.5 altta),16.54-18.08 (%9.5 üstte),11.55,47.05,3.31,-0.24,0
2026-07-31 21:53,FENER,2.97,🔴 Düşüş Trendinde,🔴 SAT,-,-,🔴 Ayı Piyasası (EMA 50 En Altta),🟠 Daralıyor,⚪Fiyat Alt_Orta Bant Aralığında,EMA5 Direnç: 3.10 (%4.2 üstte),-,104.30-114.90 (%3411.8 üstte),-93.0,32.3,68.53,-0.56,0
2026-07-31 21:53,FLAP,9.98,🔴 Düşüş Trendinde,🔴 SAT,-,-,⚠️ Yükseliş Trendinde Düzeltme (SSL Negatif),⚪ Yelpaze Açık,⚪Fiyat Alt_Orta Bant Aralığında,EMA200 Destek: 9.01 (%9.7 altta) | EMA100 Direnç: 10.30 (%3.2 üstte),-,-,10.77,40.39,0.0,-0.86,0
2026-07-31 21:53,FMIZP,283.0,🔴 Düşüş Trendinde,🔴 SAT,-,-,⚠️ Yükseliş Trendinde Düzeltme (SSL Negatif),🚨 BB SIKIŞMA,⚪Fiyat Alt_Orta Bant Aralığında,EMA200 Destek: 253.07 (%10.6 altta) | EMA5 Direnç: 290.17 (%2.5 üstte),-,316.39-332.39 (%11.8 üstte),11.82,44.42,3.93,-0.44,0
2026-07-31 21:53,FONET,5.26,🟢 Yükseliş Trendinde,🔴 SAT,-,-,⚠️ Yükseliş Trendinde Düzeltme (SSL Negatif),🚨 BB SIKIŞMA,🟡Fiyat Orta-Üst Bant Aralığında,EMA21 Destek: 4.99 (%5.2 altta) | EMA5 Direnç: 5.28 (%0.4 üstte),1.92-2.21 (%58.0 altta),-,109.18,57.04,18.92,-0.26,0
2026-07-31 21:53,FORMT,1.79,🔴 Düşüş Trendinde,🔴 SAT,-,-,🔴 Ayı Piyasası (EMA 50 En Altta),⚪ Yelpaze Açık,⚪Fiyat Alt_Orta Bant Aralığında,EMA5 Direnç: 1.96 (%9.5 üstte),0.56-0.69 (%61.3 altta),5.45-7.11 (%204.5 üstte),-36.62,23.99,0.0,-0.92,0
2026-07-31 21:53,FORTE,108.6,🟢 Yükseliş Trendinde,🟢 AL (Trend Onaylı),-,-,-,🚨 BB SIKIŞMA,🟡Fiyat Orta-Üst Bant Aralığında,EMA5 Destek: 103.82 (%4.4 altta),-,-,-,66.38,100.0,0.73,0
2026-07-31 21:53,FRIGO,2.13,🔴 Düşüş Trendinde,⏳ BEKLE,-,-,⚠️ Yükseliş Trendinde Düzeltme (SSL Negatif),⚪ Yelpaze Açık,⚪Fiyat Alt_Orta Bant Aralığında,EMA100 Destek: 2.11 (%1.0 altta) | EMA5 Direnç: 2.20 (%3.1 üstte),1.12-1.24 (%41.8 altta),-,26.43,41.03,34.15,-0.81,0
2026-07-31 21:53,FRMPL,31.0,🟢 Yükseliş Trendinde,🔴 SAT,-,-,-,-,⚪Fiyat Alt_Orta Bant Aralığında,EMA5 Direnç: 33.55 (%8.2 üstte),-,-,-,42.3,1.27,-0.37,0
2026-07-31 21:53,FROTO,80.1,🔴 Düşüş Trendinde,🔴 SAT,🚀 KUSURSUZ DÖNÜŞ (0 Altı + Hacim),-,⚠️ Yükseliş Trendinde Düzeltme (SSL Negatif),⚪ Yelpaze Açık,⚪Fiyat Alt_Orta Bant Aralığında,EMA200 Destek: 72.95 (%8.9 altta) | EMA5 Direnç: 81.86 (%2.2 üstte),20.16-21.94 (%72.6 altta),-,9.81,37.64,8.84,-0.85,0
2026-07-31 21:53,FZLGY,11.1,🔴 Düşüş Trendinde,🔴 SAT,-,-,-,⚪ Yelpaze Açık,🚨Fiyat Bandın Altında!,EMA100 Destek: 10.46 (%5.8 altta) | EMA5 Direnç: 12.98 (%16.9 üstte),-,-,-,40.24,8.07,-0.46,-4.86
2026-07-31 21:53,GARAN,123.4,🔴 Düşüş Trendinde,🔴 SAT,-,-,⚠️ Yükseliş Trendinde Düzeltme (SSL Negatif),🚨 BB SIKIŞMA,⚪Fiyat Alt_Orta Bant Aralığında,EMA100 Destek: 119.62 (%3.1 altta) | EMA5 Direnç: 127.33 (%3.2 üstte),94.91-100.34 (%18.7 altta),-,40.5,43.22,15.74,-0.19,0
2026-07-31 21:53,GARFA,26.42,🟢 Yükseliş Trendinde,🔴 SAT,-,-,⚠️ Yükseliş Trendinde Düzeltme (SSL Negatif),🟡 Normal Genişlik,⚪Fiyat Alt_Orta Bant Aralığında,EMA100 Destek: 25.31 (%4.2 altta) | EMA55 Direnç: 27.45 (%3.9 üstte),15.75-19.85 (%24.9 altta),-,36.68,44.94,10.72,-0.48,0
2026-07-31 21:53,GATEG,284.0,🟢 Yükseliş Trendinde,⏳ BEKLE,-,-,⚠️ Yükseliş Trendinde Düzeltme (SSL Negatif),🚨 BB SIKIŞMA,⚪Fiyat Alt_Orta Bant Aralığında,EMA55 Destek: 273.74 (%3.6 altta) | EMA5 Direnç: 296.40 (%4.4 üstte),23.40-28.76 (%89.9 altta),-,85.73,45.3,39.18,-0.47,0
2026-07-31 21:53,GEDIK,6.24,🟢 Yükseliş Trendinde,🔴 SAT,-,-,🟢 EMA Yükselişte (SSL Ok Bekleniyor),⚪ Yelpaze Açık,⚪Fiyat Alt_Orta Bant Aralığında,EMA55 Destek: 5.92 (%5.1 altta) | EMA21 Direnç: 6.40 (%2.6 üstte),4.95-5.39 (%13.6 altta),-,54.97,49.15,9.93,0.43,0
2026-07-31 21:53,GEDZA,27.24,🟢 Yükseliş Trendinde,🔴 SAT,-,-,⚠️ Yükseliş Trendinde Düzeltme (SSL Negatif),🟡 Normal Genişlik,⚪Fiyat Alt_Orta Bant Aralığında,EMA200 Destek: 22.75 (%16.5 altta) | EMA100 Direnç: 27.35 (%0.4 üstte),-,-,19.76,43.22,0.79,-0.53,0
2026-07-31 21:53,GENIL,9.32,🔴 Düşüş Trendinde,🟢 AL (Trend Onaylı),-,-,🟢 EMA Yükselişte (SSL Ok Bekleniyor),🚨 BB SIKIŞMA,🟡Fiyat Orta-Üst Bant Aralığında,EMA21 Destek: 9.29 (%0.3 altta) | EMA55 Direnç: 9.60 (%3.0 üstte),-,13.06-14.43 (%40.1 üstte),38.9,49.2,91.21,0.35,0
2026-07-31 21:53,GENKM,10.48,🔴 Düşüş Trendinde,🔴 SAT,-,-,-,-,⚪Fiyat Alt_Orta Bant Aralığında,EMA5 Direnç: 12.31 (%17.5 üstte),-,-,-,37.26,,-0.37,0
2026-07-31 21:53,GENTS,5.51,🔴 Düşüş Trendinde,🔴 SAT,🟢 POTANSİYEL DİP (0 Altı - Hacimsiz),-,⚠️ Yükseliş Trendinde Düzeltme (SSL Negatif),⚪ Yelpaze Açık,⚪Fiyat Alt_Orta Bant Aralığında,EMA200 Destek: 5.45 (%1.0 altta) | EMA5 Direnç: 5.99 (%8.6 üstte),2.78-2.90 (%47.3 altta),11.81-13.62 (%114.3 üstte),1.06,32.45,8.97,-0.94,0
2026-07-31 21:53,GEREL,41.98,🟢 Yükseliş Trendinde,⏳ BEKLE,🚀 KUSURSUZ DÖNÜŞ (0 Altı + Hacim),-,⚠️ Yükseliş Trendinde Düzeltme (SSL Negatif),⚪ Yelpaze Açık,🟡Fiyat Orta-Üst Bant Aralığında,EMA5 Destek: 38.70 (%7.8 altta),7.71-9.27 (%77.9 altta),-,165.83,58.71,23.67,-0.18,0
2026-07-31 21:53,GESAN,74.75,🟢 Yükseliş Trendinde,🔴 SAT,-,-,🟢 EMA Yükselişte (SSL Ok Bekleniyor),⚪ Yelpaze Açık,🟡Fiyat Orta-Üst Bant Aralığında,EMA21 Destek: 67.89 (%9.2 altta) | EMA5 Direnç: 77.58 (%3.8 üstte),41.48-44.50 (%40.5 altta),95.55-116.50 (%27.8 üstte),50.8,58.65,45.67,0.71,0
2026-07-31 21:53,GIPTA,57.45,🟢 Yükseliş Trendinde,🔴 SAT,-,-,-,🚨 BB SIKIŞMA,⚪Fiyat Alt_Orta Bant Aralığında,EMA5 Direnç: 62.97 (%9.6 üstte),-,-,-,38.56,6.08,-0.97,0
2026-07-31 21:53,GLBMD,12.0,🟢 Yükseliş Trendinde,🔴 SAT,-,-,⚠️ Yükseliş Trendinde Düzeltme (SSL Negatif),🟠 Daralıyor,⚪Fiyat Alt_Orta Bant Aralığında,EMA200 Destek: 9.78 (%18.5 altta) | EMA100 Direnç: 12.01 (%0.1 üstte),9.65-10.99 (%8.4 altta),14.37-18.07 (%19.8 üstte),22.73,43.1,25.87,0.52,0
2026-07-31 21:53,GLCVY,51.0,🔴 Düşüş Trendinde,🔴 SAT,-,🟢 POTANSİYEL DİP,⚠️ Yükseliş Trendinde Düzeltme (SSL Negatif),🟠 Daralıyor,🚨Fiyat Bandın Altında!,EMA200 Destek: 43.54 (%14.6 altta) | EMA5 Direnç: 54.38 (%6.6 üstte),-,-,17.14,32.19,7.52,-0.9,-2.8
2026-07-31 21:53,GLRMK,149.5,🔴 Düşüş Trendinde,🔴 SAT,-,-,-,-,⚪Fiyat Alt_Orta Bant Aralığında,EMA5 Direnç: 160.46 (%7.3 üstte),-,-,-,39.77,2.89,-0.86,0
2026-07-31 21:53,GLRYH,3.0,🔴 Düşüş Trendinde,🔴 SAT,🟢 POTANSİYEL DİP (0 Altı - Hacimsiz),-,⚠️ Yükseliş Trendinde Düzeltme (SSL Negatif),⚪ Yelpaze Açık,⚪Fiyat Alt_Orta Bant Aralığında,EMA5 Direnç: 3.11 (%3.7 üstte),-,-,-8.83,34.22,2.01,-0.87,0
2026-07-31 21:53,GLYHO,16.28,🟢 Yükseliş Trendinde,🔴 SAT,-,-,⚠️ Yükseliş Trendinde Düzeltme (SSL Negatif),🟡 Normal Genişlik,🟡Fiyat Orta-Üst Bant Aralığında,EMA21 Destek: 15.96 (%2.0 altta) | EMA5 Direnç: 16.88 (%3.7 üstte),-,-,108.09,54.55,12.84,0.66,0
2026-07-31 21:53,GMTAS,45.12,🟢 Yükseliş Trendinde,🔴 SAT,-,-,⚠️ Yükseliş Trendinde Düzeltme (SSL Negatif),⚪ Yelpaze Açık,🟡Fiyat Orta-Üst Bant Aralığında,EMA21 Destek: 40.85 (%9.5 altta) | EMA5 Direnç: 45.16 (%0.1 üstte),-,-,207.16,59.49,6.21,0.32,0
2026-07-31 21:53,GOKNR,23.2,🟢 Yükseliş Trendinde,🔴 SAT,-,-,⚠️ Yükseliş Trendinde Düzeltme (SSL Negatif),🟡 Normal Genişlik,⚪Fiyat Alt_Orta Bant Aralığında,EMA55 Destek: 23.04 (%0.7 altta) | EMA21 Direnç: 23.49 (%1.2 üstte),19.75-20.60 (%11.2 altta),26.97-29.45 (%16.3 üstte),-,49.48,21.51,0.34,0
2026-07-31 21:53,GOLDA,13.5,-,-,-,-,-,-,-,-,-,-,-,,,,-
2026-07-31 21:53,GOLTS,287.25,🩸 SAT (Trend Kırıldı),🔴 SAT,-,🟢 POTANSİYEL DİP,⚠️ Yükseliş Trendinde Düzeltme (SSL Negatif),⚪ Yelpaze Açık,🚨Fiyat Bandın Altında!,EMA200 Destek: 268.19 (%6.6 altta) | EMA5 Direnç: 306.95 (%6.9 üstte),-,473.34-531.44 (%64.8 üstte),7.11,31.46,0.77,-0.93,-0.63
2026-07-31 21:53,GOODY,2.52,🔴 Düşüş Trendinde,🔴 SAT,-,-,🔴 Ayı Piyasası (EMA 50 En Altta),⚪ Yelpaze Açık,⚪Fiyat Alt_Orta Bant Aralığında,EMA5 Direnç: 2.69 (%6.6 üstte),2.47-2.61 (fiyat bandın içinde!),4.26-4.70 (%69.2 üstte),-12.01,40.77,0.0,-0.39,0
2026-07-31 21:53,GOZDE,23.68,🟢 Yükseliş Trendinde,⏳ BEKLE,-,-,🟢 EMA Yükselişte (SSL Ok Bekleniyor),⚪ Yelpaze Açık,🟡Fiyat Orta-Üst Bant Aralığında,EMA5 Destek: 23.20 (%2.0 altta),-,26.86-28.34 (%13.4 üstte),21.11,56.76,68.55,0.78,0
2026-07-31 21:53,GRNYO,13.72,🟢 Yükseliş Trendinde,🔴 SAT,-,-,⚠️ Yükseliş Trendinde Düzeltme (SSL Negatif),⚪ Yelpaze Açık,⚪Fiyat Alt_Orta Bant Aralığında,EMA100 Destek: 13.51 (%1.6 altta) | EMA55 Direnç: 15.43 (%12.5 üstte),7.85-8.37 (%39.0 altta),-,32.96,37.43,0.0,-0.86,0
2026-07-31 21:53,GRSEL,356.0,🔴 Düşüş Trendinde,🟢 AL (Trend Onaylı),-,-,🟢 EMA Yükselişte (SSL Ok Bekleniyor),🚨 BB SIKIŞMA,🚨Fiyat Bandın Üzerinde!,EMA5 Destek: 333.49 (%6.3 altta),-,-,106.75,60.81,96.14,0.49,3.32
2026-07-31 21:53,GRTHO,245.8,🔴 Düşüş Trendinde,🟢 AL (Trend Onaylı),-,-,-,🚨 BB SIKIŞMA,🟡Fiyat Orta-Üst Bant Aralığında,EMA5 Destek: 244.29 (%0.6 altta) | EMA21 Direnç: 247.39 (%0.6 üstte),-,-,-,47.65,91.12,0.25,0
2026-07-31 21:53,GSDDE,12.26,🔴 Düşüş Trendinde,🔴 SAT,🔴 ZAYIFLAMA (Zaten Dipte),-,⚠️ Yükseliş Trendinde Düzeltme (SSL Negatif),⚪ Yelpaze Açık,⚪Fiyat Alt_Orta Bant Aralığında,EMA55 Destek: 11.09 (%9.6 altta) | EMA21 Direnç: 12.37 (%0.9 üstte),-,-,40.14,50.82,13.25,-0.08,0
2026-07-31 21:53,GSDHO,4.78,🟢 Yükseliş Trendinde,🔴 SAT,-,-,⚠️ Yükseliş Trendinde Düzeltme (SSL Negatif),⚪ Yelpaze Açık,⚪Fiyat Alt_Orta Bant Aralığında,EMA100 Destek: 4.56 (%4.7 altta) | EMA55 Direnç: 4.90 (%2.6 üstte),3.35-3.54 (%25.9 altta),-,23.65,45.38,6.1,-0.14,0
2026-07-31 21:53,GSRAY,0.98,🔴 Düşüş Trendinde,🔴 SAT,-,-,🔴 Ayı Piyasası (EMA 50 En Altta),🚨 BB SIKIŞMA,⚪Fiyat Alt_Orta Bant Aralığında,EMA5 Direnç: 1.01 (%2.6 üstte),-,6.85-9.63 (%599.0 üstte),-67.96,34.57,3.65,-0.87,0
2026-07-31 21:53,GUBRF,398.5,🔴 Düşüş Trendinde,🔴 SAT,-,-,⚠️ Yükseliş Trendinde Düzeltme (SSL Negatif),⚪ Yelpaze Açık,⚪Fiyat Alt_Orta Bant Aralığında,EMA100 Destek: 361.05 (%9.4 altta) | EMA55 Direnç: 417.87 (%4.9 üstte),216.90-233.40 (%41.4 altta),-,39.75,38.86,1.84,-0.93,0
2026-07-31 21:53,GUNDG,1727.0,🟢 Yükseliş Trendinde,⏳ BEKLE,🩸 SAT (Zirveden Dönüş),-,-,-,🟡Fiyat Orta-Üst Bant Aralığında,EMA21 Destek: 1329.77 (%23.0 altta) | EMA5 Direnç: 1927.49 (%11.6 üstte),-,-,-,61.37,66.67,0.91,0
2026-07-31 21:53,GWIND,24.26,🟢 Yükseliş Trendinde,⏳ BEKLE,-,-,⚠️ Yükseliş Trendinde Düzeltme (SSL Negatif),🟠 Daralıyor,⚪Fiyat Alt_Orta Bant Aralığında,EMA200 Destek: 21.43 (%11.7 altta) | EMA5 Direnç: 24.86 (%2.5 üstte),-,-,13.23,43.96,11.22,-0.9,0
2026-07-31 21:53,GZNMI,61.1,🔴 Düşüş Trendinde,⏳ BEKLE,-,-,"📉 Düşüş Hazırlığı (50<100 Kesti, 150 Bekleniyor)",🚨 BB SIKIŞMA,⚪Fiyat Alt_Orta Bant Aralığında,EMA5 Direnç: 62.66 (%2.6 üstte),-,62.50-87.15 (%2.3 üstte),-5.17,41.69,52.07,-0.59,0
2026-07-31 21:53,HALKB,37.44,🔴 Düşüş Trendinde,🔴 SAT,-,-,⚠️ Yükseliş Trendinde Düzeltme (SSL Negatif),🟠 Daralıyor,⚪Fiyat Alt_Orta Bant Aralığında,EMA55 Destek: 36.22 (%3.3 altta) | EMA5 Direnç: 38.86 (%3.8 üstte),-,-,63.4,45.21,4.47,-0.11,0
2026-07-31 21:53,HATEK,13.25,🩸 SAT (Trend Kırıldı),🔴 SAT,-,-,⚠️ Yükseliş Trendinde Düzeltme (SSL Negatif),🟠 Daralıyor,🚨Fiyat Bandın Altında!,EMA200 Direnç: 13.64 (%2.9 üstte),-,-,-2.85,37.36,6.02,-0.71,-4.97
2026-07-31 21:53,HATSN,56.1,🟢 Yükseliş Trendinde,🔴 SAT,🩸 SAT (Zirveden Dönüş),-,-,⚪ Yelpaze Açık,🟡Fiyat Orta-Üst Bant Aralığında,EMA21 Destek: 52.37 (%6.6 altta) | EMA5 Direnç: 57.87 (%3.1 üstte),-,53.05-63.10 (fiyat bandın içinde!),-,55.72,26.65,0.64,0
2026-07-31 21:53,HDFGS,2.61,🔴 Düşüş Trendinde,⏳ BEKLE,-,-,⚠️ Yükseliş Trendinde Düzeltme (SSL Negatif),⚪ Yelpaze Açık,⚪Fiyat Alt_Orta Bant Aralığında,EMA100 Destek: 2.59 (%0.7 altta) | EMA5 Direnç: 2.66 (%1.8 üstte),1.13-1.21 (%53.6 altta),-,17.41,44.62,19.18,-0.69,0
2026-07-31 21:53,HEDEF,304.25,🟢 Yükseliş Trendinde,🟢 AL (Trend Onaylı),-,🔴 ZİRVEDE,🟢 EMA Yükselişte (SSL Ok Bekleniyor),⚪ Yelpaze Açık,🚨Fiyat Bandın Üzerinde!,EMA5 Destek: 227.23 (%25.3 altta),-,-,796.66,94.93,100.0,0.9,23.99
2026-07-31 21:53,HEKTS,2.91,🔴 Düşüş Trendinde,🔴 SAT,-,-,🔴 Ayı Piyasası (EMA 50 En Altta),⚪ Yelpaze Açık,⚪Fiyat Alt_Orta Bant Aralığında,EMA5 Direnç: 3.10 (%6.6 üstte),-,30.60-32.94 (%951.5 üstte),-69.5,41.0,0.0,-0.77,0
2026-07-31 21:53,HKTM,10.78,🟢 Yükseliş Trendinde,🔴 SAT,-,-,🔴 Ayı Piyasası (EMA 50 En Altta),⚪ Yelpaze Açık,⚪Fiyat Alt_Orta Bant Aralığında,EMA5 Direnç: 11.03 (%2.3 üstte),-,17.85-20.34 (%65.6 üstte),-34.11,40.13,4.94,-0.92,0
2026-07-31 21:53,HLGYO,4.62,🩸 SAT (Trend Kırıldı),🔴 SAT,-,-,⚠️ Yükseliş Trendinde Düzeltme (SSL Negatif),⚪ Yelpaze Açık,⚪Fiyat Alt_Orta Bant Aralığında,EMA55 Destek: 4.39 (%5.0 altta) | EMA5 Direnç: 5.10 (%10.3 üstte),0.69-0.78 (%83.1 altta),-,58.71,43.64,6.84,-0.37,0
2026-07-31 21:53,HOROZ,55.05,🩸 SAT (Trend Kırıldı),🔴 SAT,-,-,-,-,⚪Fiyat Alt_Orta Bant Aralığında,EMA100 Direnç: 60.02 (%9.0 üstte),-,-,-,39.92,1.03,-0.89,0
2026-07-31 21:53,HRKET,95.65,🟢 Yükseliş Trendinde,🔴 SAT,-,-,-,-,🟡Fiyat Orta-Üst Bant Aralığında,EMA21 Destek: 90.55 (%5.3 altta) | EMA5 Direnç: 98.22 (%2.7 üstte),59.10-64.60 (%32.5 altta),-,-,55.7,25.72,0.51,0
2026-07-31 21:53,HTTBT,36.44,🔴 Düşüş Trendinde,🔴 SAT,-,-,⚠️ Yükseliş Trendinde Düzeltme (SSL Negatif),🚨 BB SIKIŞMA,⚪Fiyat Alt_Orta Bant Aralığında,EMA200 Destek: 30.15 (%17.3 altta) | EMA5 Direnç: 37.70 (%3.5 üstte),-,44.10-46.50 (%21.0 üstte),20.85,36.78,0.0,-0.86,0
2026-07-31 21:53,HUBVC,2.78,🔴 Düşüş Trendinde,🔴 SAT,-,-,⚠️ Yükseliş Trendinde Düzeltme (SSL Negatif),⚪ Yelpaze Açık,⚪Fiyat Alt_Orta Bant Aralığında,EMA200 Destek: 2.40 (%13.6 altta) | EMA100 Direnç: 2.87 (%3.4 üstte),1.53-1.70 (%38.8 altta),-,15.71,42.09,14.95,-0.88,0
2026-07-31 21:53,HUNER,3.4,🟢 Yükseliş Trendinde,🔴 SAT,-,-,🔴 Ayı Piyasası (EMA 50 En Altta),⚪ Yelpaze Açık,⚪Fiyat Alt_Orta Bant Aralığında,EMA55 Direnç: 3.56 (%4.7 üstte),2.93-3.10 (%8.8 altta),4.38-5.04 (%28.8 üstte),-12.96,46.68,34.05,0.13,0
2026-07-31 21:53,HURGZ,7.04,🟢 Yükseliş Trendinde,⏳ BEKLE,🟢 POTANSİYEL DİP (0 Altı - Hacimsiz),-,⚠️ Yükseliş Trendinde Düzeltme (SSL Negatif),⚪ Yelpaze Açık,🟡Fiyat Orta-Üst Bant Aralığında,EMA5 Destek: 6.78 (%3.6 altta),4.05-5.14 (%27.0 altta),-,38.28,53.17,18.77,-0.82,0
2026-07-31 21:53,ICBCT,21.02,🟢 Yükseliş Trendinde,⏳ BEKLE,-,-,🟢 EMA Yükselişte (SSL Ok Bekleniyor),⚪ Yelpaze Açık,🟡Fiyat Orta-Üst Bant Aralığında,EMA21 Destek: 19.61 (%6.7 altta) | EMA5 Direnç: 21.83 (%3.9 üstte),11.92-14.92 (%29.0 altta),-,59.85,56.06,15.02,0.45,0
2026-07-31 21:53,ICUGS,5.45,🟢 Yükseliş Trendinde,🟢 AL (Trend Onaylı),-,-,⚠️ Yükseliş Trendinde Düzeltme (SSL Negatif),⚪ Yelpaze Açık,🟡Fiyat Orta-Üst Bant Aralığında,EMA21 Destek: 5.05 (%7.3 altta) | EMA5 Direnç: 5.62 (%3.0 üstte),-,-,94.8,57.57,10.65,-0.44,0
2026-07-31 21:53,IDGYO,3.78,🟢 Yükseliş Trendinde,🔴 SAT,-,-,⚠️ Yükseliş Trendinde Düzeltme (SSL Negatif),⚪ Yelpaze Açık,⚪Fiyat Alt_Orta Bant Aralığında,EMA200 Destek: 3.77 (%0.3 altta) | EMA100 Direnç: 3.88 (%2.8 üstte),2.09-2.57 (%32.0 altta),6.40-7.35 (%69.3 üstte),0.34,45.44,35.7,0.49,0
2026-07-31 21:53,IEYHO,167.5,🟢 Yükseliş Trendinde,🟢 AL (Trend Onaylı),-,-,🟢 EMA Yükselişte (SSL Ok Bekleniyor),⚪ Yelpaze Açık,🟡Fiyat Orta-Üst Bant Aralığında,EMA5 Destek: 158.23 (%5.5 altta),0.71-0.75 (%99.6 altta),-,354.23,97.09,44.49,0.99,0
2026-07-31 21:53,IHAAS,48.88,🔴 Düşüş Trendinde,🔴 SAT,-,-,⚠️ Yükseliş Trendinde Düzeltme (SSL Negatif),⚪ Yelpaze Açık,⚪Fiyat Alt_Orta Bant Aralığında,EMA100 Destek: 47.60 (%2.6 altta) | EMA5 Direnç: 57.89 (%18.4 üstte),12.87-13.78 (%71.8 altta),-,31.39,40.68,3.48,-0.7,0
2026-07-31 21:53,IHEVA,1.93,🔴 Düşüş Trendinde,🔴 SAT,-,🟢 POTANSİYEL DİP,"📉 Düşüş Hazırlığı (50<100 Kesti, 150 Bekleniyor)",🚨 BB SIKIŞMA,🚨Fiyat Bandın Altında!,EMA5 Direnç: 2.01 (%4.4 üstte),-,2.17-2.34 (%12.4 üstte),-6.68,31.91,0.0,-0.95,-1.27
2026-07-31 21:53,IHGZT,1.19,🔴 Düşüş Trendinde,🔴 SAT,-,🟢 POTANSİYEL DİP,⚠️ Yükseliş Trendinde Düzeltme (SSL Negatif),🟠 Daralıyor,🚨Fiyat Bandın Altında!,EMA5 Direnç: 1.27 (%6.7 üstte),0.62-0.66 (%44.5 altta),1.82-2.14 (%52.9 üstte),-10.23,29.03,0.0,-0.96,-1.75
2026-07-31 21:53,IHLAS,1.04,🔴 Düşüş Trendinde,🔴 SAT,-,-,"📉 Düşüş Hazırlığı (50<100 Kesti, 150 Bekleniyor)",⚪ Yelpaze Açık,⚪Fiyat Alt_Orta Bant Aralığında,EMA5 Direnç: 1.13 (%8.3 üstte),-,2.25-2.56 (%116.3 üstte),-39.02,25.88,0.63,-0.92,0
2026-07-31 21:53,IHLGM,1.58,🔴 Düşüş Trendinde,🔴 SAT,-,-,⚠️ Yükseliş Trendinde Düzeltme (SSL Negatif),⚪ Yelpaze Açık,⚪Fiyat Alt_Orta Bant Aralığında,EMA5 Direnç: 1.70 (%7.3 üstte),0.64-0.70 (%55.7 altta),-,-7.71,32.45,0.0,-0.95,0
2026-07-31 21:53,IHYAY,1.25,🔴 Düşüş Trendinde,🔴 SAT,-,🟢 POTANSİYEL DİP,🔴 Ayı Piyasası (EMA 50 En Altta),🟡 Normal Genişlik,🚨Fiyat Bandın Altında!,EMA5 Direnç: 1.36 (%8.9 üstte),0.63-0.70 (%44.0 altta),4.67-5.23 (%273.6 üstte),-37.41,24.75,0.0,-0.96,-1.19
2026-07-31 21:53,IMASM,2.52,🔴 Düşüş Trendinde,⏳ BEKLE,-,🟢 POTANSİYEL DİP,🔴 Ayı Piyasası (EMA 50 En Altta),⚪ Yelpaze Açık,⚪Fiyat Alt_Orta Bant Aralığında,EMA5 Direnç: 2.79 (%10.6 üstte),2.23-2.78 (fiyat bandın içinde!),-,-40.41,27.83,6.66,-0.97,0
2026-07-31 21:53,INDES,10.1,🟢 Yükseliş Trendinde,🔴 SAT,-,-,⚠️ Yükseliş Trendinde Düzeltme (SSL Negatif),⚪ Yelpaze Açık,⚪Fiyat Alt_Orta Bant Aralığında,EMA55 Destek: 9.11 (%9.8 altta) | EMA21 Direnç: 10.29 (%1.9 üstte),5.94-6.20 (%38.6 altta),-,48.08,50.82,18.48,-0.13,0
2026-07-31 21:53,INFO,5.63,🟢 Yükseliş Trendinde,⏳ BEKLE,-,-,⚪ Karışık / Testere Piyasası,⚪ Yelpaze Açık,🟡Fiyat Orta-Üst Bant Aralığında,EMA21 Destek: 5.06 (%10.2 altta) | EMA5 Direnç: 6.14 (%9.0 üstte),-,-,85.99,56.7,45.74,0.78,0
2026-07-31 21:53,INGRM,373.0,🩸 SAT (Trend Kırıldı),🔴 SAT,-,-,"📉 Düşüş Hazırlığı (50<100 Kesti, 150 Bekleniyor)",⚪ Yelpaze Açık,⚪Fiyat Alt_Orta Bant Aralığında,EMA200 Direnç: 378.24 (%1.4 üstte),332.25-367.25 (%1.5 altta),529.50-592.50 (%42.0 üstte),-1.38,42.94,0.0,-0.68,0
2026-07-31 21:53,INTEK,351.5,🟢 Yükseliş Trendinde,🟢 AL (Trend Onaylı),-,-,🔴 Ayı Piyasası (EMA 50 En Altta),⚪ Yelpaze Açık,🚨Fiyat Bandın Üzerinde!,EMA100 Destek: 331.30 (%5.7 altta),-,431.25-463.00 (%22.7 üstte),26.39,63.2,95.08,0.67,5.33
2026-07-31 21:53,INTEM,238.9,🔴 Düşüş Trendinde,🔴 SAT,-,-,⚠️ Yükseliş Trendinde Düzeltme (SSL Negatif),🟠 Daralıyor,🚨Fiyat Bandın Altında!,EMA200 Destek: 208.47 (%12.7 altta) | EMA5 Direnç: 254.46 (%6.5 üstte),-,-,14.6,38.81,17.86,-0.87,-1.31
2026-07-31 21:53,INVEO,7.12,🔴 Düşüş Trendinde,🔴 SAT,-,-,"📉 Düşüş Hazırlığı (50<100 Kesti, 150 Bekleniyor)",🟠 Daralıyor,⚪Fiyat Alt_Orta Bant Aralığında,EMA5 Direnç: 7.72 (%8.5 üstte),5.79-6.25 (%12.2 altta),9.19-10.25 (%29.1 üstte),-7.88,40.73,14.37,-0.2,0
2026-07-31 21:53,INVES,716.0,🟢 Yükseliş Trendinde,⏳ BEKLE,-,-,-,🟡 Normal Genişlik,🟡Fiyat Orta-Üst Bant Aralığında,EMA5 Destek: 673.83 (%5.9 altta),183.50-210.00 (%70.7 altta),-,-,66.35,37.21,0.71,0
2026-07-31 21:53,ISATR,4950000.0,🔴 Düşüş Trendinde,🔴 SAT,-,🟢 POTANSİYEL DİP,🟢 EMA Yükselişte (SSL Ok Bekleniyor),🟡 Normal Genişlik,🟡Fiyat Orta-Üst Bant Aralığında,EMA5 Destek: 4949999.97 (%0.0 altta) | EMA21 Direnç: 4957453.40 (%0.2 üstte),300995.94-307995.84 (%93.8 altta),-,51.3,5.39,44.44,,0
2026-07-31 21:53,ISBIR,66.8,🔴 Düşüş Trendinde,⏳ BEKLE,-,-,🔴 Ayı Piyasası (EMA 50 En Altta),🟠 Daralıyor,⚪Fiyat Alt_Orta Bant Aralığında,EMA5 Direnç: 69.44 (%3.9 üstte),-,115.80-129.99 (%73.3 üstte),-21.72,36.4,21.62,-0.92,0
2026-07-31 21:53,ISBTR,468897.5,🟢 Yükseliş Trendinde,⏳ BEKLE,🔴 ZAYIFLAMA (Zaten Dipte),-,⚪ Karışık / Testere Piyasası,⚪ Yelpaze Açık,🟡Fiyat Orta-Üst Bant Aralığında,EMA55 Destek: 463735.96 (%1.1 altta) | EMA5 Direnç: 486680.19 (%3.8 üstte),4271.97-43898.61 (%90.6 altta),-,31.64,51.87,67.27,0.78,0
2026-07-31 21:53,ISCTR,12.47,🔴 Düşüş Trendinde,🔴 SAT,-,-,⚠️ Yükseliş Trendinde Düzeltme (SSL Negatif),🚨 BB SIKIŞMA,⚪Fiyat Alt_Orta Bant Aralığında,EMA200 Destek: 9.93 (%20.4 altta) | EMA100 Direnç: 12.81 (%2.7 üstte),10.65-11.73 (%5.9 altta),-,25.58,40.83,6.93,-0.33,0
2026-07-31 21:53,ISDMR,53.75,🟢 Yükseliş Trendinde,🔴 SAT,-,-,⚠️ Yükseliş Trendinde Düzeltme (SSL Negatif),⚪ Yelpaze Açık,🟡Fiyat Orta-Üst Bant Aralığında,EMA21 Destek: 51.61 (%4.0 altta) | EMA5 Direnç: 55.64 (%3.5 üstte),32.77-33.83 (%37.1 altta),-,54.65,57.18,2.75,0.41,0
2026-07-31 21:53,ISFIN,19.93,🟢 Yükseliş Trendinde,🔴 SAT,-,-,⚠️ Yükseliş Trendinde Düzeltme (SSL Negatif),🚨 BB SIKIŞMA,🟡Fiyat Orta-Üst Bant Aralığında,EMA21 Destek: 19.77 (%0.8 altta),-,-,50.29,52.14,17.78,-0.28,0
2026-07-31 21:53,ISGSY,16.21,🩸 SAT (Trend Kırıldı),🔴 SAT,-,-,⚠️ Yükseliş Trendinde Düzeltme (SSL Negatif),🟠 Daralıyor,⚪Fiyat Alt_Orta Bant Aralığında,EMA55 Destek: 15.83 (%2.3 altta) | EMA5 Direnç: 17.95 (%10.7 üstte),3.38-3.88 (%76.1 altta),-,82.96,43.03,0.86,-0.4,0
2026-07-31 21:53,ISGYO,26.44,🟢 Yükseliş Trendinde,⏳ BEKLE,-,-,🟢 EMA Yükselişte (SSL Ok Bekleniyor),⚪ Yelpaze Açık,🟡Fiyat Orta-Üst Bant Aralığında,EMA5 Destek: 25.82 (%2.3 altta),17.74-19.47 (%26.4 altta),-,57.69,61.87,55.74,0.85,0
2026-07-31 21:53,ISKPL,7.96,🔴 Düşüş Trendinde,⏳ BEKLE,-,-,⚠️ Yükseliş Trendinde Düzeltme (SSL Negatif),⚪ Yelpaze Açık,⚪Fiyat Alt_Orta Bant Aralığında,EMA200 Destek: 5.57 (%30.1 altta) | EMA100 Direnç: 8.35 (%4.9 üstte),-,-,43.02,41.96,16.28,-0.84,0
2026-07-31 21:53,ISKUR,4125000.0,🟢 Yükseliş Trendinde,🟢 AL (Trend Onaylı),-,-,-,⚪ Yelpaze Açık,🟡Fiyat Orta-Üst Bant Aralığında,EMA5 Destek: 3442088.66 (%16.6 altta),-,-,-,61.22,88.64,0.43,0
2026-07-31 21:53,ISMEN,34.54,🔴 Düşüş Trendinde,🔴 SAT,-,-,⚠️ Yükseliş Trendinde Düzeltme (SSL Negatif),⚪ Yelpaze Açık,⚪Fiyat Alt_Orta Bant Aralığında,EMA200 Destek: 27.58 (%20.2 altta) | EMA5 Direnç: 35.74 (%3.5 üstte),-,-,25.26,38.39,19.29,-0.89,0
2026-07-31 21:53,ISSEN,6.87,🩸 SAT (Trend Kırıldı),🔴 SAT,-,-,🔴 Ayı Piyasası (EMA 50 En Altta),⚪ Yelpaze Açık,⚪Fiyat Alt_Orta Bant Aralığında,EMA5 Direnç: 7.17 (%4.3 üstte),-,22.03-29.24 (%220.7 üstte),-34.25,37.23,1.03,-0.88,0
2026-07-31 21:53,ISVEA,47.74,-,-,-,-,-,-,-,-,-,-,-,,,,-
2026-07-31 21:53,ISYAT,7.69,🔴 Düşüş Trendinde,🔴 SAT,-,-,⚠️ Yükseliş Trendinde Düzeltme (SSL Negatif),🚨 BB SIKIŞMA,⚪Fiyat Alt_Orta Bant Aralığında,EMA200 Destek: 7.27 (%5.4 altta) | EMA5 Direnç: 7.84 (%2.0 üstte),7.34-8.16 (fiyat bandın içinde!),9.40-11.20 (%22.2 üstte),5.73,39.24,0.18,-0.81,0
2026-07-31 21:53,IZENR,8.6,🔴 Düşüş Trendinde,⏳ BEKLE,🔴 ZAYIFLAMA (Zaten Dipte),-,⚠️ Yükseliş Trendinde Düzeltme (SSL Negatif),⚪ Yelpaze Açık,⚪Fiyat Alt_Orta Bant Aralığında,EMA100 Direnç: 8.62 (%0.2 üstte),4.20-4.54 (%47.2 altta),-,-,43.77,27.47,-0.7,0
2026-07-31 21:53,IZFAS,65.0,🟢 Yükseliş Trendinde,🔥 GÜÇLÜ AL (Taze Kırılım),-,-,⚠️ Yükseliş Trendinde Düzeltme (SSL Negatif),🚨 BB SIKIŞMA,🟡Fiyat Orta-Üst Bant Aralığında,EMA5 Destek: 63.73 (%1.9 altta),0.50-0.52 (%99.2 altta),-,145.64,57.05,22.75,-0.2,0
2026-07-31 21:53,IZINV,56.0,🟢 Yükseliş Trendinde,🔴 SAT,-,-,⚠️ Yükseliş Trendinde Düzeltme (SSL Negatif),🟡 Normal Genişlik,⚪Fiyat Alt_Orta Bant Aralığında,EMA200 Destek: 47.37 (%15.4 altta) | EMA100 Direnç: 58.38 (%4.2 üstte),55.10-63.70 (fiyat bandın içinde!),-,18.22,40.33,0.0,-0.79,0
2026-07-31 21:53,IZMDC,11.34,🟢 Yükseliş Trendinde,⏳ BEKLE,🩸 SAT (Zirveden Dönüş),-,🟢 EMA Yükselişte (SSL Ok Bekleniyor),⚪ Yelpaze Açık,🟡Fiyat Orta-Üst Bant Aralığında,EMA5 Destek: 10.77 (%5.1 altta),4.50-5.48 (%51.7 altta),-,90.29,68.27,89.08,0.85,0
2026-07-31 21:53,JANTS,14.94,🔴 Düşüş Trendinde,🔴 SAT,-,🟢 POTANSİYEL DİP,🔴 Ayı Piyasası (EMA 50 En Altta),🚨 BB SIKIŞMA,🚨Fiyat Bandın Altında!,EMA5 Direnç: 15.67 (%4.9 üstte),-,26.24-29.46 (%75.7 üstte),-17.81,34.94,2.57,-0.89,-0.73
2026-07-31 21:53,KAPLM,438.0,🟢 Yükseliş Trendinde,🔴 SAT,-,-,⚠️ Yükseliş Trendinde Düzeltme (SSL Negatif),🟡 Normal Genişlik,⚪Fiyat Alt_Orta Bant Aralığında,EMA55 Destek: 434.62 (%0.8 altta) | EMA5 Direnç: 468.12 (%6.9 üstte),-,-,71.42,43.45,1.89,-0.88,0
2026-07-31 21:53,KAREL,9.77,🩸 SAT (Trend Kırıldı),🔴 SAT,-,-,⚠️ Yükseliş Trendinde Düzeltme (SSL Negatif),⚪ Yelpaze Açık,⚪Fiyat Alt_Orta Bant Aralığında,EMA200 Destek: 9.30 (%4.8 altta) | EMA100 Direnç: 10.09 (%3.2 üstte),7.52-8.04 (%17.7 altta),15.00-17.48 (%53.5 üstte),5.04,45.47,2.81,-0.81,0
2026-07-31 21:53,KARSN,10.05,🩸 SAT (Trend Kırıldı),🔴 SAT,-,-,⚠️ Yükseliş Trendinde Düzeltme (SSL Negatif),⚪ Yelpaze Açık,⚪Fiyat Alt_Orta Bant Aralığında,EMA200 Direnç: 10.08 (%0.3 üstte),-,-,-0.29,41.35,0.42,-0.55,0
2026-07-31 21:53,KARTN,211.0,🟢 Yükseliş Trendinde,🟢 AL (Trend Onaylı),🩸 SAT (Zirveden Dönüş),-,🟢 EMA Yükselişte (SSL Ok Bekleniyor),⚪ Yelpaze Açık,🟡Fiyat Orta-Üst Bant Aralığında,EMA5 Destek: 194.89 (%7.6 altta),-,-,135.4,77.82,94.72,0.92,0
2026-07-31 21:53,KATMR,2.21,🔴 Düşüş Trendinde,🔴 SAT,-,🟢 POTANSİYEL DİP,⚠️ Yükseliş Trendinde Düzeltme (SSL Negatif),🟠 Daralıyor,🚨Fiyat Bandın Altında!,EMA200 Direnç: 2.25 (%1.9 üstte),1.47-1.62 (%26.7 altta),-,-1.89,33.9,3.28,-0.9,-3.63
2026-07-31 21:53,KAYSE,3.9,🔴 Düşüş Trendinde,🔴 SAT,-,-,🔴 Ayı Piyasası (EMA 50 En Altta),🟡 Normal Genişlik,⚪Fiyat Alt_Orta Bant Aralığında,EMA5 Direnç: 4.10 (%5.1 üstte),-,-,-,36.46,0.63,-0.96,0
2026-07-31 21:53,KBORU,24.54,🟢 Yükseliş Trendinde,🔴 SAT,🩸 SAT (Zirveden Dönüş),-,-,⚪ Yelpaze Açık,🟡Fiyat Orta-Üst Bant Aralığında,EMA55 Destek: 24.40 (%0.6 altta) | EMA5 Direnç: 25.61 (%4.4 üstte),13.07-14.75 (%39.9 altta),76.07-89.10 (%210.0 üstte),-,55.32,21.07,-0.04,0
2026-07-31 21:53,KCAER,14.94,🟢 Yükseliş Trendinde,🔥 GÜÇLÜ AL (Taze Kırılım),-,-,🟢 EMA Yükselişte (SSL Ok Bekleniyor),⚪ Yelpaze Açık,🟡Fiyat Orta-Üst Bant Aralığında,EMA5 Destek: 14.55 (%2.6 altta),-,14.36-15.98 (fiyat bandın içinde!),25.03,60.7,54.27,0.71,0
2026-07-31 21:53,KCHOL,196.9,🟢 Yükseliş Trendinde,🟢 AL (Trend Onaylı),-,-,⚠️ Yükseliş Trendinde Düzeltme (SSL Negatif),🚨 BB SIKIŞMA,🟡Fiyat Orta-Üst Bant Aralığında,EMA5 Destek: 195.88 (%0.5 altta),145.08-157.70 (%19.9 altta),-,43.28,53.5,35.02,-0.27,0
2026-07-31 21:53,KENT,316.0,🔴 Düşüş Trendinde,🔴 SAT,-,🟢 POTANSİYEL DİP,🔴 Ayı Piyasası (EMA 50 En Altta),🟠 Daralıyor,🚨Fiyat Bandın Altında!,EMA5 Direnç: 343.88 (%8.8 üstte),-,816.00-1145.00 (%158.2 üstte),-41.65,23.08,2.8,-0.94,-3.44
2026-07-31 21:53,KERVN,8.3,🟢 Yükseliş Trendinde,🟢 AL (Trend Onaylı),📈 TREND DEVAMI (0 Üstü + Hacim),🔴 ZİRVEDE,🚀 ASIL SİNYAL: GÜÇLÜ AL (EMA Sıralı + SSL Onay),⚪ Yelpaze Açık,🚨Fiyat Bandın Üzerinde!,EMA5 Destek: 7.17 (%13.6 altta),1.83-1.90 (%77.1 altta),-,256.12,78.38,72.2,0.91,2.68
2026-07-31 21:53,KFEIN,8.35,🟢 Yükseliş Trendinde,🔴 SAT,-,-,⚠️ Yükseliş Trendinde Düzeltme (SSL Negatif),⚪ Yelpaze Açık,⚪Fiyat Alt_Orta Bant Aralığında,EMA200 Destek: 7.45 (%10.8 altta) | EMA5 Direnç: 8.87 (%6.3 üstte),1.68-1.92 (%77.0 altta),-,12.07,41.04,1.79,-0.29,0
2026-07-31 21:53,KGYO,10.6,🔴 Düşüş Trendinde,⏳ BEKLE,🟢 POTANSİYEL DİP (0 Altı - Hacimsiz),-,⚠️ Yükseliş Trendinde Düzeltme (SSL Negatif),⚪ Yelpaze Açık,⚪Fiyat Alt_Orta Bant Aralığında,EMA5 Destek: 10.17 (%4.0 altta),-,-,207.27,54.75,26.94,-0.6,0
2026-07-31 21:53,KIMMR,14.33,🟢 Yükseliş Trendinde,🔴 SAT,-,-,⚠️ Yükseliş Trendinde Düzeltme (SSL Negatif),🟠 Daralıyor,🚨Fiyat Bandın Altında!,EMA100 Destek: 13.47 (%6.0 altta) | EMA55 Direnç: 14.99 (%4.6 üstte),-,-,33.45,40.47,4.02,-0.91,-0.54
2026-07-31 21:53,KLGYO,4.47,🔴 Düşüş Trendinde,🔴 SAT,-,🟢 POTANSİYEL DİP,⚠️ Yükseliş Trendinde Düzeltme (SSL Negatif),🚨 BB SIKIŞMA,🚨Fiyat Bandın Altında!,EMA200 Destek: 4.37 (%2.2 altta) | EMA5 Direnç: 4.76 (%6.5 üstte),-,-,2.2,34.4,18.3,-0.56,-1.64
2026-07-31 21:53,KLKIM,25.16,🔴 Düşüş Trendinde,🔴 SAT,-,-,⚠️ Yükseliş Trendinde Düzeltme (SSL Negatif),⚪ Yelpaze Açık,⚪Fiyat Alt_Orta Bant Aralığında,EMA200 Destek: 24.16 (%4.0 altta) | EMA5 Direnç: 27.14 (%7.9 üstte),-,-,4.16,30.29,1.48,-0.95,0
2026-07-31 21:53,KLMSN,27.5,🔴 Düşüş Trendinde,🔴 SAT,-,-,⚠️ Yükseliş Trendinde Düzeltme (SSL Negatif),🟠 Daralıyor,🚨Fiyat Bandın Altında!,EMA200 Destek: 25.51 (%7.2 altta) | EMA100 Direnç: 29.61 (%7.7 üstte),-,-,7.79,39.21,0.0,-0.88,-0.54
2026-07-31 21:53,KLNMA,9.02,🟢 Yükseliş Trendinde,🔴 SAT,🔴 ZAYIFLAMA (Zaten Dipte),-,🔴 Ayı Piyasası (EMA 50 En Altta),🚨 BB SIKIŞMA,⚪Fiyat Alt_Orta Bant Aralığında,EMA5 Direnç: 9.37 (%3.9 üstte),-,28.10-38.52 (%211.5 üstte),-33.56,44.22,48.5,0.07,0
2026-07-31 21:53,KLRHO,73.3,🔴 Düşüş Trendinde,🔴 SAT,-,-,-,🟡 Normal Genişlik,⚪Fiyat Alt_Orta Bant Aralığında,EMA5 Direnç: 82.18 (%12.1 üstte),-,-,-,37.85,3.75,-0.8,0
2026-07-31 21:53,KLSER,24.7,🔴 Düşüş Trendinde,🔴 SAT,-,-,🔴 Ayı Piyasası (EMA 50 En Altta),🟠 Daralıyor,⚪Fiyat Alt_Orta Bant Aralığında,EMA5 Direnç: 25.73 (%4.2 üstte),-,-,-,38.73,4.11,-0.71,0
2026-07-31 21:53,KLSYN,12.27,🟢 Yükseliş Trendinde,🔴 SAT,-,-,⚠️ Yükseliş Trendinde Düzeltme (SSL Negatif),⚪ Yelpaze Açık,🟡Fiyat Orta-Üst Bant Aralığında,EMA21 Destek: 12.09 (%1.5 altta) | EMA5 Direnç: 13.39 (%9.1 üstte),-,-,91.08,52.89,19.35,0.47,0
2026-07-31 21:53,KLYPV,59.05,🔴 Düşüş Trendinde,🔴 SAT,-,-,-,-,⚪Fiyat Alt_Orta Bant Aralığında,EMA5 Direnç: 60.59 (%2.6 üstte),-,-,-,46.58,28.78,-0.12,0
2026-07-31 21:53,KMPUR,20.14,🟢 Yükseliş Trendinde,⏳ BEKLE,🟢 POTANSİYEL DİP (0 Altı - Hacimsiz),-,🔴 Ayı Piyasası (EMA 50 En Altta),⚪ Yelpaze Açık,🟡Fiyat Orta-Üst Bant Aralığında,EMA5 Destek: 20.05 (%0.5 altta) | EMA200 Direnç: 21.33 (%5.9 üstte),13.04-14.12 (%29.9 altta),31.59-34.44 (%56.9 üstte),-5.56,54.16,41.44,-0.51,0
2026-07-31 21:53,KNFRT,10.71,🟢 Yükseliş Trendinde,🔴 SAT,-,-,⚠️ Yükseliş Trendinde Düzeltme (SSL Negatif),⚪ Yelpaze Açık,⚪Fiyat Alt_Orta Bant Aralığında,EMA200 Destek: 10.29 (%3.9 altta) | EMA5 Direnç: 11.78 (%10.0 üstte),9.51-11.17 (fiyat bandın içinde!),-,4.09,41.07,0.0,-0.24,0
2026-07-31 21:53,KOCMT,5.42,🟢 Yükseliş Trendinde,🟢 AL (Trend Onaylı),-,🔴 ZİRVEDE,-,-,🚨Fiyat Bandın Üzerinde!,EMA5 Destek: 4.54 (%16.2 altta),-,-,-,77.43,76.47,0.87,11.21
2026-07-31 21:53,KONKA,11.6,🩸 SAT (Trend Kırıldı),🔴 SAT,-,🟢 POTANSİYEL DİP,⚠️ Yükseliş Trendinde Düzeltme (SSL Negatif),⚪ Yelpaze Açık,🚨Fiyat Bandın Altında!,EMA5 Direnç: 13.04 (%12.4 üstte),9.79-11.30 (%2.6 altta),-,-14.5,34.86,0.19,-0.84,-4.46
2026-07-31 21:53,KONTR,4.61,🔴 Düşüş Trendinde,⏳ BEKLE,-,-,🔴 Ayı Piyasası (EMA 50 En Altta),⚪ Yelpaze Açık,⚪Fiyat Alt_Orta Bant Aralığında,EMA5 Direnç: 4.96 (%7.5 üstte),-,52.99-67.62 (%1049.4 üstte),-83.27,34.2,46.94,-0.87,0
2026-07-31 21:53,KONYA,3650.0,🟢 Yükseliş Trendinde,🔴 SAT,🔴 ZAYIFLAMA (Zaten Dipte),-,🔴 Ayı Piyasası (EMA 50 En Altta),🟠 Daralıyor,⚪Fiyat Alt_Orta Bant Aralığında,EMA5 Direnç: 3800.58 (%4.1 üstte),-,-,-19.17,39.81,43.17,-0.53,0
2026-07-31 21:53,KOPOL,5.35,🟢 Yükseliş Trendinde,🔴 SAT,-,-,🔴 Ayı Piyasası (EMA 50 En Altta),🟠 Daralıyor,⚪Fiyat Alt_Orta Bant Aralığında,EMA5 Direnç: 6.02 (%12.6 üstte),4.64-6.29 (fiyat bandın içinde!),7.03-9.10 (%31.3 üstte),-,41.01,16.47,0.07,0
2026-07-31 21:53,KORDS,66.95,🟢 Yükseliş Trendinde,🔴 SAT,-,-,⚠️ Yükseliş Trendinde Düzeltme (SSL Negatif),⚪ Yelpaze Açık,⚪Fiyat Alt_Orta Bant Aralığında,EMA100 Destek: 65.71 (%1.8 altta) | EMA21 Direnç: 70.41 (%5.2 üstte),50.50-55.85 (%16.6 altta),94.75-102.40 (%41.5 üstte),3.84,48.51,7.75,-0.17,0
2026-07-31 21:53,KOTON,12.43,🔴 Düşüş Trendinde,🔴 SAT,-,🟢 POTANSİYEL DİP,-,-,🚨Fiyat Bandın Altında!,EMA5 Direnç: 13.51 (%8.7 üstte),-,20.20-21.76 (%62.5 üstte),-,30.12,0.0,-0.87,-5.26
2026-07-31 21:53,KRDMA,42.48,🟢 Yükseliş Trendinde,⏳ BEKLE,-,-,🟢 EMA Yükselişte (SSL Ok Bekleniyor),🟡 Normal Genişlik,🟡Fiyat Orta-Üst Bant Aralığında,EMA5 Destek: 41.50 (%2.3 altta),17.05-18.33 (%56.9 altta),-,65.87,67.66,68.39,0.77,0
2026-07-31 21:53,KRDMB,134.5,🟢 Yükseliş Trendinde,⏳ BEKLE,-,-,🟢 EMA Yükselişte (SSL Ok Bekleniyor),⚪ Yelpaze Açık,🟡Fiyat Orta-Üst Bant Aralığında,EMA21 Destek: 104.38 (%22.4 altta) | EMA5 Direnç: 134.84 (%0.3 üstte),-,-,280.04,81.03,27.39,0.95,0
2026-07-31 21:53,KRDMD,41.2,🟢 Yükseliş Trendinde,🟢 AL (Trend Onaylı),-,-,🟢 EMA Yükselişte (SSL Ok Bekleniyor),⚪ Yelpaze Açık,🟡Fiyat Orta-Üst Bant Aralığında,EMA5 Destek: 41.01 (%0.5 altta),23.50-26.00 (%36.9 altta),-,63.25,62.31,39.82,0.25,0
2026-07-31 21:53,KRGYO,2.5,🔴 Düşüş Trendinde,🔴 SAT,-,-,🔴 Ayı Piyasası (EMA 50 En Altta),🚨 BB SIKIŞMA,⚪Fiyat Alt_Orta Bant Aralığında,EMA5 Direnç: 2.54 (%1.6 üstte),-,3.06-3.27 (%22.3 üstte),-38.16,34.19,0.0,-0.86,0
2026-07-31 21:53,KRONT,23.24,🟢 Yükseliş Trendinde,⏳ BEKLE,-,-,🟢 EMA Yükselişte (SSL Ok Bekleniyor),🟡 Normal Genişlik,🟡Fiyat Orta-Üst Bant Aralığında,EMA5 Destek: 23.11 (%0.6 altta),7.54-9.28 (%60.1 altta),-,95.95,59.68,41.16,0.72,0
2026-07-31 21:53,KRPLS,8.74,🟢 Yükseliş Trendinde,🔴 SAT,🔴 ZAYIFLAMA (Zaten Dipte),-,⚠️ Yükseliş Trendinde Düzeltme (SSL Negatif),🚨 BB SIKIŞMA,⚪Fiyat Alt_Orta Bant Aralığında,EMA55 Destek: 8.56 (%2.1 altta) | EMA21 Direnç: 8.98 (%2.7 üstte),6.12-7.57 (%13.4 altta),-,9.66,48.27,18.76,-0.35,0
2026-07-31 21:53,KRSTL,10.27,🔴 Düşüş Trendinde,🔴 SAT,-,-,🟢 EMA Yükselişte (SSL Ok Bekleniyor),🟡 Normal Genişlik,🟡Fiyat Orta-Üst Bant Aralığında,EMA55 Destek: 9.95 (%3.1 altta) | EMA21 Direnç: 10.50 (%2.2 üstte),5.42-5.80 (%43.5 altta),11.27-12.50 (%9.7 üstte),20.9,48.39,27.08,-0.04,0
2026-07-31 21:53,KRTEK,19.12,🔴 Düşüş Trendinde,🔴 SAT,-,🟢 POTANSİYEL DİP,🔴 Ayı Piyasası (EMA 50 En Altta),🟠 Daralıyor,🚨Fiyat Bandın Altında!,EMA5 Direnç: 21.33 (%11.6 üstte),-,36.68-41.68 (%91.8 üstte),-22.76,28.71,0.0,-0.91,-7.01
2026-07-31 21:53,KRVGD,2.37,🩸 SAT (Trend Kırıldı),🔴 SAT,-,🟢 POTANSİYEL DİP,⚠️ Yükseliş Trendinde Düzeltme (SSL Negatif),⚪ Yelpaze Açık,🚨Fiyat Bandın Altında!,EMA200 Destek: 2.33 (%1.9 altta) | EMA100 Direnç: 2.58 (%9.1 üstte),2.17-2.35 (%0.8 altta),-,1.93,32.76,0.0,-0.91,-3.28
2026-07-31 21:53,KSTUR,2500.0,🩸 SAT (Trend Kırıldı),🔴 SAT,-,-,"📉 Düşüş Hazırlığı (50<100 Kesti, 150 Bekleniyor)",🟠 Daralıyor,🚨Fiyat Bandın Altında!,EMA200 Destek: 2480.74 (%0.8 altta) | EMA5 Direnç: 2685.82 (%7.4 üstte),-,-,0.78,36.57,0.0,-0.89,-0.3
2026-07-31 21:53,KTLEV,155.6,🟢 Yükseliş Trendinde,🔴 SAT,-,-,-,🟡 Normal Genişlik,🟡Fiyat Orta-Üst Bant Aralığında,EMA21 Destek: 132.18 (%15.1 altta) | EMA5 Direnç: 166.30 (%6.9 üstte),-,-,-,64.53,10.23,0.77,0
2026-07-31 21:53,KTSKR,87.25,🔴 Düşüş Trendinde,🔴 SAT,-,-,⚠️ Yükseliş Trendinde Düzeltme (SSL Negatif),⚪ Yelpaze Açık,⚪Fiyat Alt_Orta Bant Aralığında,EMA55 Destek: 85.28 (%2.3 altta) | EMA5 Direnç: 95.98 (%10.0 üstte),50.95-56.68 (%35.0 altta),-,36.05,45.88,9.7,-0.76,0
2026-07-31 21:53,KUTPO,80.55,🔴 Düşüş Trendinde,🔴 SAT,-,-,⚠️ Yükseliş Trendinde Düzeltme (SSL Negatif),🚨 BB SIKIŞMA,⚪Fiyat Alt_Orta Bant Aralığında,EMA200 Destek: 79.86 (%0.9 altta) | EMA5 Direnç: 84.26 (%4.6 üstte),68.45-71.80 (%10.9 altta),95.65-102.70 (%18.7 üstte),0.86,35.06,2.87,-0.9,0
2026-07-31 21:53,KUVVA,164.9,🟢 Yükseliş Trendinde,🟢 AL (Trend Onaylı),📈 TREND DEVAMI (0 Üstü + Hacim),-,🟢 EMA Yükselişte (SSL Ok Bekleniyor),🟡 Normal Genişlik,🟡Fiyat Orta-Üst Bant Aralığında,EMA5 Destek: 150.41 (%8.8 altta),-,-,101.73,62.75,51.29,-0.0,0
2026-07-31 21:53,KUYAS,70.9,🟢 Yükseliş Trendinde,🔴 SAT,-,-,⚠️ Yükseliş Trendinde Düzeltme (SSL Negatif),🚨 BB SIKIŞMA,⚪Fiyat Alt_Orta Bant Aralığında,EMA55 Destek: 63.89 (%9.9 altta) | EMA5 Direnç: 70.99 (%0.1 üstte),-,-,99.89,49.38,8.15,-0.79,0
2026-07-31 21:53,KZBGY,2.06,🔴 Düşüş Trendinde,🔴 SAT,-,🟢 POTANSİYEL DİP,⚠️ Yükseliş Trendinde Düzeltme (SSL Negatif),⚪ Yelpaze Açık,🚨Fiyat Bandın Altında!,EMA5 Direnç: 2.30 (%11.7 üstte),1.25-1.42 (%31.1 altta),-,-25.18,31.56,0.0,-0.91,-0.88
2026-07-31 21:53,KZGYO,19.6,🔴 Düşüş Trendinde,🔴 SAT,-,-,🔴 Ayı Piyasası (EMA 50 En Altta),🟡 Normal Genişlik,🚨Fiyat Bandın Altında!,EMA5 Direnç: 21.24 (%8.4 üstte),17.80-21.88 (fiyat bandın içinde!),-,-,35.9,2.0,-0.82,-2.06
2026-07-31 21:53,LIDER,97.35,🔴 Düşüş Trendinde,⏳ BEKLE,-,-,⚠️ Yükseliş Trendinde Düzeltme (SSL Negatif),⚪ Yelpaze Açık,⚪Fiyat Alt_Orta Bant Aralığında,EMA55 Destek: 85.19 (%12.5 altta) | EMA5 Direnç: 100.72 (%3.5 üstte),-,-,138.64,48.98,27.25,-0.66,0
2026-07-31 21:53,LIDFA,2.77,🟢 Yükseliş Trendinde,🔴 SAT,🔴 ZAYIFLAMA (Zaten Dipte),-,⚠️ Yükseliş Trendinde Düzeltme (SSL Negatif),⚪ Yelpaze Açık,⚪Fiyat Alt_Orta Bant Aralığında,EMA55 Destek: 2.66 (%4.1 altta) | EMA5 Direnç: 2.90 (%4.7 üstte),1.28-1.65 (%40.3 altta),-,56.94,45.87,13.23,-0.66,0
2026-07-31 21:53,LILAK,28.54,🟢 Yükseliş Trendinde,🔴 SAT,-,-,-,-,🚨Fiyat Bandın Altında!,EMA100 Destek: 27.82 (%2.5 altta) | EMA55 Direnç: 30.52 (%6.9 üstte),19.00-21.07 (%26.2 altta),-,-,40.1,0.0,-0.59,-0.07
2026-07-31 21:53,LINK,5.76,🟢 Yükseliş Trendinde,🔴 SAT,-,-,🔴 Ayı Piyasası (EMA 50 En Altta),⚪ Yelpaze Açık,⚪Fiyat Alt_Orta Bant Aralığında,EMA5 Direnç: 6.38 (%10.7 üstte),-,15.77-18.76 (%173.8 üstte),-12.44,41.33,25.43,0.1,0
2026-07-31 21:53,LKMNH,14.38,🟢 Yükseliş Trendinde,🔴 SAT,-,-,⚠️ Yükseliş Trendinde Düzeltme (SSL Negatif),🚨 BB SIKIŞMA,⚪Fiyat Alt_Orta Bant Aralığında,EMA200 Destek: 11.74 (%18.3 altta) | EMA5 Direnç: 14.75 (%2.6 üstte),-,-,22.44,40.29,17.24,-0.69,0
2026-07-31 21:53,LMKDC,22.62,🔴 Düşüş Trendinde,🔴 SAT,-,-,-,⚪ Yelpaze Açık,⚪Fiyat Alt_Orta Bant Aralığında,EMA5 Direnç: 24.36 (%7.7 üstte),-,-,-,31.04,0.0,-0.97,0
2026-07-31 21:53,LOGO,136.0,🔴 Düşüş Trendinde,🔴 SAT,-,-,⚠️ Yükseliş Trendinde Düzeltme (SSL Negatif),🟠 Daralıyor,⚪Fiyat Alt_Orta Bant Aralığında,EMA100 Destek: 130.56 (%4.0 altta) | EMA5 Direnç: 136.45 (%0.3 üstte),-,136.39-157.01 (%0.3 üstte),31.47,45.64,7.84,-0.73,0
2026-07-31 21:53,LRSHO,2.8,🔴 Düşüş Trendinde,🔴 SAT,-,-,⚠️ Yükseliş Trendinde Düzeltme (SSL Negatif),🟡 Normal Genişlik,⚪Fiyat Alt_Orta Bant Aralığında,EMA5 Direnç: 2.98 (%6.3 üstte),-,5.66-6.82 (%102.1 üstte),-9.65,32.81,1.12,-0.91,0
2026-07-31 21:53,LUKSK,90.9,🩸 SAT (Trend Kırıldı),🔴 SAT,-,-,⚠️ Yükseliş Trendinde Düzeltme (SSL Negatif),🚨 BB SIKIŞMA,⚪Fiyat Alt_Orta Bant Aralığında,EMA200 Destek: 77.02 (%15.3 altta) | EMA100 Direnç: 96.74 (%6.4 üstte),-,-,18.02,40.05,1.64,-0.59,0
2026-07-31 21:53,LXGYO,10.5,🟢 Yükseliş Trendinde,🔴 SAT,-,-,-,-,🚨Fiyat Bandın Altında!,EMA5 Direnç: 12.91 (%22.9 üstte),-,-,-,36.21,,-0.85,-2.38
2026-07-31 21:53,LYDHO,186.5,🟢 Yükseliş Trendinde,⏳ BEKLE,🟢 POTANSİYEL DİP (0 Altı - Hacimsiz),-,⚠️ Yükseliş Trendinde Düzeltme (SSL Negatif),🚨 BB SIKIŞMA,⚪Fiyat Alt_Orta Bant Aralığında,EMA21 Destek: 185.92 (%0.3 altta),3.16-3.60 (%98.1 altta),-,85.4,51.57,14.16,-0.59,0
2026-07-31 21:53,LYDYE,13070.0,🔴 Düşüş Trendinde,🔴 SAT,🔴 ZAYIFLAMA (Zaten Dipte),-,⚠️ Yükseliş Trendinde Düzeltme (SSL Negatif),🟠 Daralıyor,⚪Fiyat Alt_Orta Bant Aralığında,EMA100 Destek: 13022.48 (%0.4 altta) | EMA5 Direnç: 13452.33 (%2.9 üstte),181.30-212.80 (%98.4 altta),-,44.11,39.11,13.78,-0.91,0
2026-07-31 21:53,MAALT,1003.0,🟢 Yükseliş Trendinde,🔴 SAT,-,-,⚠️ Yükseliş Trendinde Düzeltme (SSL Negatif),🟡 Normal Genişlik,⚪Fiyat Alt_Orta Bant Aralığında,EMA100 Destek: 993.82 (%0.9 altta) | EMA55 Direnç: 1060.94 (%5.8 üstte),616.00-651.00 (%35.1 altta),1214.00-1460.00 (%21.0 üstte),23.88,43.45,0.0,-0.39,0
2026-07-31 21:53,MACKO,31.16,🟢 Yükseliş Trendinde,🔴 SAT,-,-,⚠️ Yükseliş Trendinde Düzeltme (SSL Negatif),⚪ Yelpaze Açık,⚪Fiyat Alt_Orta Bant Aralığında,EMA100 Destek: 31.02 (%0.5 altta) | EMA5 Direnç: 33.06 (%6.1 üstte),14.21-15.37 (%50.7 altta),40.61-45.18 (%30.3 üstte),-,39.97,0.0,-0.9,0
2026-07-31 21:53,MAGEN,36.9,🔴 Düşüş Trendinde,⏳ BEKLE,-,-,⚠️ Yükseliş Trendinde Düzeltme (SSL Negatif),⚪ Yelpaze Açık,⚪Fiyat Alt_Orta Bant Aralığında,EMA100 Destek: 30.15 (%18.3 altta) | EMA5 Direnç: 37.90 (%2.7 üstte),-,-,87.44,42.96,16.93,-0.84,0
2026-07-31 21:53,MAKIM,16.0,🟢 Yükseliş Trendinde,🔴 SAT,-,-,🔴 Ayı Piyasası (EMA 50 En Altta),🟠 Daralıyor,⚪Fiyat Alt_Orta Bant Aralığında,EMA5 Direnç: 17.15 (%7.2 üstte),15.18-16.47 (fiyat bandın içinde!),24.52-26.38 (%53.3 üstte),-14.87,43.49,13.58,-0.1,0
2026-07-31 21:53,MAKTK,9.79,🔴 Düşüş Trendinde,🔴 SAT,-,🟢 POTANSİYEL DİP,⚠️ Yükseliş Trendinde Düzeltme (SSL Negatif),🚨 BB SIKIŞMA,🚨Fiyat Bandın Altında!,EMA200 Destek: 9.51 (%2.8 altta) | EMA5 Direnç: 11.11 (%13.5 üstte),5.97-6.31 (%35.5 altta),-,2.92,33.15,0.0,-0.9,-7.73
2026-07-31 21:53,MANAS,28.72,🟢 Yükseliş Trendinde,⏳ BEKLE,🩸 SAT (Zirveden Dönüş),-,⚠️ Yükseliş Trendinde Düzeltme (SSL Negatif),🚨 BB SIKIŞMA,🟡Fiyat Orta-Üst Bant Aralığında,EMA21 Destek: 26.27 (%8.5 altta) | EMA5 Direnç: 30.07 (%4.7 üstte),6.35-7.25 (%74.8 altta),-,127.79,56.99,45.94,0.48,0
2026-07-31 21:53,MARBL,11.89,🔴 Düşüş Trendinde,🔴 SAT,-,-,-,🚨 BB SIKIŞMA,🚨Fiyat Bandın Altında!,EMA5 Direnç: 12.58 (%5.8 üstte),10.17-12.70 (fiyat bandın içinde!),-,-,40.8,5.02,-0.6,-0.64
2026-07-31 21:53,MARKA,80.2,🟢 Yükseliş Trendinde,⏳ BEKLE,-,-,🟢 EMA Yükselişte (SSL Ok Bekleniyor),⚪ Yelpaze Açık,🟡Fiyat Orta-Üst Bant Aralığında,EMA5 Destek: 79.66 (%0.7 altta),-,-,97.35,63.42,19.41,0.79,0
2026-07-31 21:53,MARMR,2.21,🟢 Yükseliş Trendinde,🔴 SAT,-,-,-,-,⚪Fiyat Alt_Orta Bant Aralığında,EMA5 Direnç: 2.26 (%2.3 üstte),-,-,-,45.14,5.55,-0.96,0
2026-07-31 21:53,MARTI,1.47,🟢 Yükseliş Trendinde,🔴 SAT,-,-,🔴 Ayı Piyasası (EMA 50 En Altta),⚪ Yelpaze Açık,⚪Fiyat Alt_Orta Bant Aralığında,EMA5 Direnç: 1.63 (%10.8 üstte),-,2.76-3.05 (%87.8 üstte),-49.81,37.01,11.8,-0.82,0
2026-07-31 21:53,MAVI,39.12,🔴 Düşüş Trendinde,🔴 SAT,-,-,⚠️ Yükseliş Trendinde Düzeltme (SSL Negatif),🚨 BB SIKIŞMA,⚪Fiyat Alt_Orta Bant Aralığında,EMA100 Destek: 38.12 (%2.5 altta) | EMA5 Direnç: 39.61 (%1.3 üstte),29.32-36.07 (%7.8 altta),-,30.66,45.15,16.94,-0.77,0
2026-07-31 21:53,MCARD,132.3,🟢 Yükseliş Trendinde,🔴 SAT,-,-,-,-,⚪Fiyat Alt_Orta Bant Aralığında,EMA5 Direnç: 142.97 (%8.1 üstte),-,-,-,53.13,,-0.76,0
2026-07-31 21:53,MEDTR,25.44,🔴 Düşüş Trendinde,🔴 SAT,-,🟢 POTANSİYEL DİP,🔴 Ayı Piyasası (EMA 50 En Altta),🟠 Daralıyor,🚨Fiyat Bandın Altında!,EMA5 Direnç: 26.82 (%5.4 üstte),-,49.97-54.31 (%96.4 üstte),-13.24,34.79,0.0,-0.87,-1.37
2026-07-31 21:53,MEGAP,1.75,🔴 Düşüş Trendinde,🔴 SAT,-,🟢 POTANSİYEL DİP,🔴 Ayı Piyasası (EMA 50 En Altta),🟠 Daralıyor,🚨Fiyat Bandın Altında!,EMA5 Direnç: 1.97 (%12.4 üstte),-,4.50-5.00 (%157.1 üstte),-47.45,26.59,0.0,-0.97,-4.15
2026-07-31 21:53,MEGMT,68.15,🔴 Düşüş Trendinde,⏳ BEKLE,-,-,-,🟠 Daralıyor,⚪Fiyat Alt_Orta Bant Aralığında,EMA55 Destek: 62.02 (%9.0 altta) | EMA5 Direnç: 72.61 (%6.5 üstte),25.20-27.48 (%59.7 altta),-,-,47.29,14.78,-0.66,0
2026-07-31 21:53,MEKAG,2.92,🔴 Düşüş Trendinde,🔴 SAT,-,-,-,⚪ Yelpaze Açık,⚪Fiyat Alt_Orta Bant Aralığında,EMA5 Direnç: 3.30 (%13.2 üstte),-,-,-,31.26,7.64,-0.92,0
2026-07-31 21:53,MEPET,18.01,🩸 SAT (Trend Kırıldı),🔴 SAT,-,-,⚠️ Yükseliş Trendinde Düzeltme (SSL Negatif),⚪ Yelpaze Açık,🚨Fiyat Bandın Altında!,EMA100 Destek: 16.59 (%7.9 altta) | EMA55 Direnç: 19.59 (%8.8 üstte),7.44-8.82 (%51.0 altta),-,46.26,40.38,3.0,-0.35,-1.33
2026-07-31 21:53,MERCN,21.14,🟢 Yükseliş Trendinde,🔴 SAT,-,-,🟢 EMA Yükselişte (SSL Ok Bekleniyor),⚪ Yelpaze Açık,⚪Fiyat Alt_Orta Bant Aralığında,EMA100 Destek: 20.14 (%4.7 altta) | EMA55 Direnç: 21.66 (%2.4 üstte),-,-,30.43,47.61,30.01,0.16,0
2026-07-31 21:53,MERIT,16.38,🔴 Düşüş Trendinde,🔴 SAT,-,-,🟢 EMA Yükselişte (SSL Ok Bekleniyor),🚨 BB SIKIŞMA,⚪Fiyat Alt_Orta Bant Aralığında,EMA100 Destek: 15.67 (%4.3 altta) | EMA5 Direnç: 16.84 (%2.8 üstte),-,-,39.73,46.94,29.12,0.3,0
2026-07-31 21:53,MERKO,1.37,🔴 Düşüş Trendinde,⏳ BEKLE,-,-,🔴 Ayı Piyasası (EMA 50 En Altta),⚪ Yelpaze Açık,⚪Fiyat Alt_Orta Bant Aralığında,EMA5 Direnç: 1.56 (%13.6 üstte),-,-,-86.09,20.53,0.0,-0.96,0
2026-07-31 21:53,METRO,7.46,🟢 Yükseliş Trendinde,🔴 SAT,-,-,⚠️ Yükseliş Trendinde Düzeltme (SSL Negatif),⚪ Yelpaze Açık,⚪Fiyat Alt_Orta Bant Aralığında,EMA55 Destek: 6.06 (%18.8 altta) | EMA21 Direnç: 7.55 (%1.2 üstte),-,-,101.0,52.01,27.56,0.65,0
2026-07-31 21:53,MEYSU,10.69,🩸 SAT (Trend Kırıldı),🔴 SAT,-,-,-,-,⚪Fiyat Alt_Orta Bant Aralığında,EMA5 Direnç: 12.81 (%19.8 üstte),-,-,-,40.07,6.28,-0.95,0
2026-07-31 21:53,MGROS,625.5,🟢 Yükseliş Trendinde,🔴 SAT,-,-,⚠️ Yükseliş Trendinde Düzeltme (SSL Negatif),🚨 BB SIKIŞMA,⚪Fiyat Alt_Orta Bant Aralığında,EMA55 Destek: 589.47 (%5.8 altta) | EMA5 Direnç: 633.90 (%1.3 üstte),150.78-162.32 (%74.1 altta),-,55.32,49.34,5.55,-0.6,0
2026-07-31 21:53,MHRGY,3.36,🔴 Düşüş Trendinde,🔴 SAT,-,-,-,⚪ Yelpaze Açık,⚪Fiyat Alt_Orta Bant Aralığında,EMA100 Direnç: 3.49 (%4.0 üstte),2.54-3.08 (%8.4 altta),-,-,41.03,6.03,-0.53,0
2026-07-31 21:53,MIATK,30.82,🔴 Düşüş Trendinde,🔴 SAT,-,-,⚠️ Yükseliş Trendinde Düzeltme (SSL Negatif),⚪ Yelpaze Açık,⚪Fiyat Alt_Orta Bant Aralığında,EMA200 Direnç: 31.68 (%2.8 üstte),-,56.45-65.75 (%83.2 üstte),-2.73,37.22,8.71,-0.8,0
2026-07-31 21:53,MMCAS,61.1,🔴 Düşüş Trendinde,⏳ BEKLE,-,-,⚠️ Yükseliş Trendinde Düzeltme (SSL Negatif),🟡 Normal Genişlik,⚪Fiyat Alt_Orta Bant Aralığında,EMA200 Destek: 42.70 (%30.1 altta) | EMA100 Direnç: 62.27 (%1.9 üstte),2.37-2.62 (%95.7 altta),-,43.09,42.42,74.14,-0.5,0
2026-07-31 21:53,MNDRS,10.43,🔴 Düşüş Trendinde,🔴 SAT,-,-,⚠️ Yükseliş Trendinde Düzeltme (SSL Negatif),🟡 Normal Genişlik,⚪Fiyat Alt_Orta Bant Aralığında,EMA200 Destek: 10.32 (%1.1 altta) | EMA5 Direnç: 10.91 (%4.6 üstte),-,-,1.07,32.69,2.46,-0.86,0
2026-07-31 21:53,MNDTR,5.18,🔴 Düşüş Trendinde,🔴 SAT,-,-,🔴 Ayı Piyasası (EMA 50 En Altta),🚨 BB SIKIŞMA,🚨Fiyat Bandın Altında!,EMA5 Direnç: 5.47 (%5.6 üstte),4.91-6.31 (fiyat bandın içinde!),6.54-7.93 (%26.3 üstte),-46.72,35.65,1.4,-0.79,-0.81
2026-07-31 21:53,MOBTL,14.14,🟢 Yükseliş Trendinde,🔴 SAT,-,-,⚠️ Yükseliş Trendinde Düzeltme (SSL Negatif),🟡 Normal Genişlik,🟡Fiyat Orta-Üst Bant Aralığında,EMA21 Destek: 13.41 (%5.2 altta) | EMA5 Direnç: 14.29 (%1.1 üstte),3.42-4.19 (%70.4 altta),-,108.92,57.72,14.16,0.07,0
2026-07-31 21:53,MOGAN,16.98,🟢 Yükseliş Trendinde,🟢 AL (Trend Onaylı),-,-,-,-,🟡Fiyat Orta-Üst Bant Aralığında,EMA5 Destek: 16.47 (%3.0 altta),7.66-7.95 (%53.2 altta),-,-,64.09,65.6,0.57,0
2026-07-31 21:53,MOPAS,28.68,🔴 Düşüş Trendinde,🔴 SAT,-,🟢 POTANSİYEL DİP,-,-,🚨Fiyat Bandın Altında!,EMA5 Direnç: 31.38 (%9.4 üstte),-,-,-,33.73,1.46,-0.93,-1.15
2026-07-31 21:53,MPARK,405.0,🟢 Yükseliş Trendinde,🔴 SAT,-,-,⚠️ Yükseliş Trendinde Düzeltme (SSL Negatif),🟠 Daralıyor,⚪Fiyat Alt_Orta Bant Aralığında,EMA100 Destek: 366.93 (%9.4 altta) | EMA55 Direnç: 405.64 (%0.2 üstte),6.00-71.00 (%82.5 altta),-,51.66,43.89,1.29,-0.87,0
2026-07-31 21:53,MRGYO,1.31,🔴 Düşüş Trendinde,🔴 SAT,-,-,"📉 Düşüş Hazırlığı (50<100 Kesti, 150 Bekleniyor)",🟠 Daralıyor,⚪Fiyat Alt_Orta Bant Aralığında,EMA5 Direnç: 1.42 (%8.8 üstte),1.23-1.61 (fiyat bandın içinde!),-,-24.24,34.49,8.97,-0.82,0
2026-07-31 21:53,MRSHL,1534.0,🩸 SAT (Trend Kırıldı),🔴 SAT,-,-,⚠️ Yükseliş Trendinde Düzeltme (SSL Negatif),⚪ Yelpaze Açık,⚪Fiyat Alt_Orta Bant Aralığında,EMA200 Destek: 1268.81 (%17.3 altta) | EMA100 Direnç: 1574.76 (%2.7 üstte),183.50-200.40 (%86.9 altta),-,20.9,46.44,14.16,0.46,0
2026-07-31 21:53,MSGYO,6.43,🟢 Yükseliş Trendinde,🔥 GÜÇLÜ AL (Taze Kırılım),-,-,⚠️ Yükseliş Trendinde Düzeltme (SSL Negatif),⚪ Yelpaze Açık,⚪Fiyat Alt_Orta Bant Aralığında,EMA21 Destek: 6.37 (%1.0 altta),-,-,63.78,51.25,20.22,-0.4,0
2026-07-31 21:53,MTRKS,26.28,🟢 Yükseliş Trendinde,🔴 SAT,-,-,🟢 EMA Yükselişte (SSL Ok Bekleniyor),⚪ Yelpaze Açık,🟡Fiyat Orta-Üst Bant Aralığında,EMA55 Destek: 24.44 (%7.0 altta) | EMA21 Direnç: 26.42 (%0.5 üstte),4.85-5.80 (%77.9 altta),28.80-35.13 (%9.6 üstte),39.18,51.16,24.46,0.67,0
2026-07-31 21:53,MTRYO,8.98,🟢 Yükseliş Trendinde,🔴 SAT,-,-,⚠️ Yükseliş Trendinde Düzeltme (SSL Negatif),🟠 Daralıyor,⚪Fiyat Alt_Orta Bant Aralığında,EMA100 Destek: 8.58 (%4.5 altta) | EMA55 Direnç: 9.30 (%3.6 üstte),6.03-6.66 (%25.8 altta),-,30.95,42.91,6.24,0.05,0
2026-07-31 21:53,MZHLD,5.32,🔴 Düşüş Trendinde,🔴 SAT,-,🟢 POTANSİYEL DİP,🔴 Ayı Piyasası (EMA 50 En Altta),🟡 Normal Genişlik,🚨Fiyat Bandın Altında!,EMA5 Direnç: 5.56 (%4.4 üstte),-,8.31-9.35 (%56.2 üstte),-21.42,32.61,0.0,-0.98,-1.07
2026-07-31 21:53,NATEN,5.91,🔴 Düşüş Trendinde,🔴 SAT,-,🟢 POTANSİYEL DİP,🔴 Ayı Piyasası (EMA 50 En Altta),🟠 Daralıyor,🚨Fiyat Bandın Altında!,EMA5 Direnç: 6.28 (%6.2 üstte),-,9.72-11.79 (%64.4 üstte),-15.52,31.41,6.27,-0.93,-0.09
2026-07-31 21:53,NETAS,64.45,🔴 Düşüş Trendinde,⏳ BEKLE,-,-,⚠️ Yükseliş Trendinde Düzeltme (SSL Negatif),🚨 BB SIKIŞMA,🟡Fiyat Orta-Üst Bant Aralığında,EMA21 Destek: 63.94 (%0.8 altta),-,89.80-97.15 (%39.3 üstte),22.88,50.93,28.23,-0.57,0
2026-07-31 21:53,NETCD,127.0,🟢 Yükseliş Trendinde,🔴 SAT,-,-,-,-,⚪Fiyat Alt_Orta Bant Aralığında,EMA21 Direnç: 138.01 (%8.7 üstte),-,-,-,55.5,,-0.4,0
2026-07-31 21:53,NIBAS,3.8,🔴 Düşüş Trendinde,🔴 SAT,🟢 POTANSİYEL DİP (0 Altı - Hacimsiz),-,⚠️ Yükseliş Trendinde Düzeltme (SSL Negatif),⚪ Yelpaze Açık,⚪Fiyat Alt_Orta Bant Aralığında,EMA200 Destek: 3.55 (%6.5 altta) | EMA5 Direnç: 4.10 (%7.9 üstte),-,-,6.95,37.05,1.08,-0.92,0
2026-07-31 21:53,NTGAZ,11.21,🟢 Yükseliş Trendinde,🔴 SAT,-,-,⚠️ Yükseliş Trendinde Düzeltme (SSL Negatif),🚨 BB SIKIŞMA,⚪Fiyat Alt_Orta Bant Aralığında,EMA55 Destek: 10.43 (%6.9 altta) | EMA5 Direnç: 11.43 (%2.0 üstte),3.65-3.91 (%65.1 altta),-,65.13,47.97,2.42,-0.72,0
2026-07-31 21:53,NTHOL,45.56,🟢 Yükseliş Trendinde,⏳ BEKLE,-,-,🟢 EMA Yükselişte (SSL Ok Bekleniyor),🟡 Normal Genişlik,🟡Fiyat Orta-Üst Bant Aralığında,EMA5 Destek: 44.50 (%2.3 altta),8.49-10.95 (%76.0 altta),46.62-53.05 (%2.3 üstte),42.58,54.98,71.33,0.77,0
2026-07-31 21:53,NUGYO,9.36,🔴 Düşüş Trendinde,🔴 SAT,-,-,⚠️ Yükseliş Trendinde Düzeltme (SSL Negatif),🚨 BB SIKIŞMA,⚪Fiyat Alt_Orta Bant Aralığında,EMA100 Destek: 9.09 (%2.9 altta) | EMA5 Direnç: 9.49 (%1.3 üstte),5.94-7.46 (%20.3 altta),-,10.92,47.15,22.36,-0.32,0
2026-07-31 21:53,NUHCM,216.7,🟢 Yükseliş Trendinde,⏳ BEKLE,🔴 ZAYIFLAMA (Zaten Dipte),-,⚠️ Yükseliş Trendinde Düzeltme (SSL Negatif),🟡 Normal Genişlik,⚪Fiyat Alt_Orta Bant Aralığında,EMA200 Destek: 187.80 (%13.3 altta) | EMA5 Direnç: 220.26 (%1.6 üstte),196.51-210.92 (%2.7 altta),-,15.39,44.04,17.4,-0.62,0
2026-07-31 21:53,OBAMS,4.93,🔴 Düşüş Trendinde,🔴 SAT,-,-,-,⚪ Yelpaze Açık,⚪Fiyat Alt_Orta Bant Aralığında,EMA5 Direnç: 5.40 (%9.5 üstte),-,-,-,27.91,8.06,-0.97,0
2026-07-31 21:53,OBASE,40.4,🟢 Yükseliş Trendinde,⏳ BEKLE,🩸 SAT (Zirveden Dönüş),-,🟢 EMA Yükselişte (SSL Ok Bekleniyor),🟡 Normal Genişlik,🟡Fiyat Orta-Üst Bant Aralığında,EMA21 Destek: 39.32 (%2.7 altta) | EMA5 Direnç: 41.62 (%3.0 üstte),-,-,24.37,53.6,74.69,0.57,0
2026-07-31 21:53,ODAS,7.84,🟢 Yükseliş Trendinde,🔴 SAT,-,-,⚠️ Yükseliş Trendinde Düzeltme (SSL Negatif),⚪ Yelpaze Açık,🟡Fiyat Orta-Üst Bant Aralığında,EMA21 Destek: 7.49 (%4.4 altta) | EMA5 Direnç: 8.18 (%4.3 üstte),-,9.64-11.06 (%23.0 üstte),23.1,55.28,21.27,0.57,0
2026-07-31 21:53,ODINE,2500.0,🟢 Yükseliş Trendinde,🟢 AL (Trend Onaylı),-,🔴 ZİRVEDE,-,-,🚨Fiyat Bandın Üzerinde!,EMA5 Destek: 2217.87 (%11.3 altta),-,-,-,93.05,85.62,0.97,0.19
2026-07-31 21:53,OFSYM,50.0,🔴 Düşüş Trendinde,🔴 SAT,-,-,-,🟡 Normal Genişlik,⚪Fiyat Alt_Orta Bant Aralığında,EMA100 Direnç: 51.69 (%3.4 üstte),34.97-37.14 (%25.7 altta),-,-,37.54,0.0,-0.75,0
2026-07-31 21:53,ONCSM,252.75,🟢 Yükseliş Trendinde,⏳ BEKLE,-,-,⚠️ Yükseliş Trendinde Düzeltme (SSL Negatif),🟠 Daralıyor,⚪Fiyat Alt_Orta Bant Aralığında,EMA55 Destek: 235.91 (%6.7 altta) | EMA5 Direnç: 259.32 (%2.6 üstte),77.95-81.70 (%67.7 altta),-,-,47.38,13.13,-0.63,0
2026-07-31 21:53,ONRYT,58.4,🔴 Düşüş Trendinde,🔴 SAT,-,-,-,-,⚪Fiyat Alt_Orta Bant Aralığında,EMA5 Direnç: 61.65 (%5.6 üstte),-,-,-,42.39,8.3,-0.53,0
2026-07-31 21:53,ORCAY,3.77,🟢 Yükseliş Trendinde,🔴 SAT,-,-,🔴 Ayı Piyasası (EMA 50 En Altta),⚪ Yelpaze Açık,⚪Fiyat Alt_Orta Bant Aralığında,EMA5 Direnç: 4.02 (%6.5 üstte),-,9.25-11.39 (%145.4 üstte),-54.31,41.49,25.54,-0.49,0
2026-07-31 21:53,ORGE,101.4,🟢 Yükseliş Trendinde,🔴 SAT,-,-,⚠️ Yükseliş Trendinde Düzeltme (SSL Negatif),⚪ Yelpaze Açık,🟡Fiyat Orta-Üst Bant Aralığında,EMA21 Destek: 98.36 (%3.0 altta) | EMA5 Direnç: 106.52 (%5.0 üstte),66.75-68.30 (%32.6 altta),-,68.34,55.84,2.41,0.5,0
2026-07-31 21:53,ORMA,167.0,🔴 Düşüş Trendinde,🔴 SAT,-,-,⚠️ Yükseliş Trendinde Düzeltme (SSL Negatif),⚪ Yelpaze Açık,⚪Fiyat Alt_Orta Bant Aralığında,EMA200 Destek: 142.91 (%14.4 altta) | EMA5 Direnç: 173.97 (%4.2 üstte),142.40-154.00 (%7.8 altta),202.10-273.75 (%21.0 üstte),16.86,43.54,1.89,-0.44,0
2026-07-31 21:53,ORZAX,104.0,-,-,-,-,-,-,-,-,-,-,-,,,,-
2026-07-31 21:53,OSMEN,7.8,🔴 Düşüş Trendinde,⏳ BEKLE,🔴 ZAYIFLAMA (Zaten Dipte),-,🔴 Ayı Piyasası (EMA 50 En Altta),🟠 Daralıyor,🟡Fiyat Orta-Üst Bant Aralığında,EMA21 Direnç: 7.99 (%2.5 üstte),-,295.18-369.33 (%3684.3 üstte),-83.28,47.18,70.44,0.62,0
2026-07-31 21:53,OSTIM,1.57,🔴 Düşüş Trendinde,🔴 SAT,-,🟢 POTANSİYEL DİP,⚠️ Yükseliş Trendinde Düzeltme (SSL Negatif),🟡 Normal Genişlik,🚨Fiyat Bandın Altında!,EMA200 Direnç: 1.66 (%5.5 üstte),0.28-0.33 (%79.1 altta),2.89-3.36 (%84.0 üstte),-5.24,28.84,0.0,-0.89,-6.15
2026-07-31 21:53,OTKAR,305.0,🔴 Düşüş Trendinde,🔴 SAT,-,🟢 POTANSİYEL DİP,"📉 Düşüş Hazırlığı (50<100 Kesti, 150 Bekleniyor)",🟠 Daralıyor,🚨Fiyat Bandın Altında!,EMA5 Direnç: 329.73 (%8.1 üstte),-,485.00-540.00 (%59.0 üstte),-12.48,34.5,0.0,-0.8,-3.17
2026-07-31 21:53,OTTO,178.1,🔴 Düşüş Trendinde,⏳ BEKLE,-,-,"📉 Düşüş Hazırlığı (50<100 Kesti, 150 Bekleniyor)",⚪ Yelpaze Açık,⚪Fiyat Alt_Orta Bant Aralığında,EMA5 Direnç: 185.78 (%4.3 üstte),-,457.75-507.50 (%157.0 üstte),-34.79,30.06,28.67,-0.89,0
2026-07-31 21:53,OYAKC,20.3,🔴 Düşüş Trendinde,⏳ BEKLE,-,-,⚠️ Yükseliş Trendinde Düzeltme (SSL Negatif),🟡 Normal Genişlik,⚪Fiyat Alt_Orta Bant Aralığında,EMA200 Destek: 16.35 (%19.5 altta) | EMA5 Direnç: 20.67 (%1.8 üstte),-,-,24.19,40.12,25.6,-0.73,0
2026-07-31 21:53,OYAYO,42.5,🟢 Yükseliş Trendinde,🔴 SAT,-,-,⚠️ Yükseliş Trendinde Düzeltme (SSL Negatif),🟠 Daralıyor,🚨Fiyat Bandın Altında!,EMA100 Destek: 41.77 (%1.7 altta) | EMA5 Direnç: 46.03 (%8.3 üstte),-,-,32.61,38.93,15.95,-0.8,-2.16
2026-07-31 21:53,OYLUM,7.55,🔴 Düşüş Trendinde,🔴 SAT,-,-,⚠️ Yükseliş Trendinde Düzeltme (SSL Negatif),🚨 BB SIKIŞMA,⚪Fiyat Alt_Orta Bant Aralığında,EMA200 Destek: 7.38 (%2.3 altta) | EMA5 Direnç: 7.97 (%5.5 üstte),-,-,2.33,38.72,15.14,-0.76,0
2026-07-31 21:53,OYYAT,33.52,🔴 Düşüş Trendinde,🔴 SAT,-,🟢 POTANSİYEL DİP,⚠️ Yükseliş Trendinde Düzeltme (SSL Negatif),⚪ Yelpaze Açık,🚨Fiyat Bandın Altında!,EMA200 Direnç: 36.94 (%10.2 üstte),24.21-30.54 (%8.9 altta),-,-9.25,30.09,0.0,-0.98,-0.46
2026-07-31 21:53,OZATD,3880.0,🟢 Yükseliş Trendinde,🟢 AL (Trend Onaylı),-,🔴 ZİRVEDE,-,-,🚨Fiyat Bandın Üzerinde!,EMA5 Destek: 2897.39 (%25.3 altta),-,-,-,96.96,91.19,0.94,16.0
2026-07-31 21:53,OZGYO,2.09,🟢 Yükseliş Trendinde,🔴 SAT,-,-,⚠️ Yükseliş Trendinde Düzeltme (SSL Negatif),🟡 Normal Genişlik,⚪Fiyat Alt_Orta Bant Aralığında,EMA55 Destek: 2.02 (%3.4 altta) | EMA5 Direnç: 2.13 (%2.0 üstte),1.02-1.29 (%38.2 altta),-,37.97,48.61,3.24,-0.5,0
2026-07-31 21:53,OZKGY,12.69,🟢 Yükseliş Trendinde,🔴 SAT,-,-,⚠️ Yükseliş Trendinde Düzeltme (SSL Negatif),🟠 Daralıyor,⚪Fiyat Alt_Orta Bant Aralığında,EMA100 Destek: 12.36 (%2.6 altta) | EMA55 Direnç: 13.23 (%4.2 üstte),-,14.41-15.77 (%13.5 üstte),27.93,44.8,27.31,0.34,0
2026-07-31 21:53,OZRDN,27.9,🟢 Yükseliş Trendinde,⏳ BEKLE,-,-,⚠️ Yükseliş Trendinde Düzeltme (SSL Negatif),🟡 Normal Genişlik,⚪Fiyat Alt_Orta Bant Aralığında,EMA55 Destek: 23.38 (%16.2 altta) | EMA21 Direnç: 29.58 (%6.0 üstte),7.45-8.05 (%71.1 altta),-,103.98,49.13,21.59,-0.61,0
2026-07-31 21:53,OZSUB,35.0,🟢 Yükseliş Trendinde,🟢 AL (Trend Onaylı),-,-,🟢 EMA Yükselişte (SSL Ok Bekleniyor),⚪ Yelpaze Açık,🟡Fiyat Orta-Üst Bant Aralığında,EMA5 Destek: 32.46 (%7.3 altta),-,-,-,72.95,50.58,0.82,0
2026-07-31 21:53,OZYSR,12.31,🟢 Yükseliş Trendinde,⏳ BEKLE,🩸 SAT (Zirveden Dönüş),-,-,-,🟡Fiyat Orta-Üst Bant Aralığında,EMA21 Destek: 12.18 (%1.0 altta) | EMA5 Direnç: 12.86 (%4.4 üstte),-,-,-,52.56,46.22,0.54,0
2026-07-31 21:53,PAGYO,166.4,🟢 Yükseliş Trendinde,🟢 AL (Trend Onaylı),-,-,🟢 EMA Yükselişte (SSL Ok Bekleniyor),⚪ Yelpaze Açık,🟡Fiyat Orta-Üst Bant Aralığında,EMA5 Destek: 162.13 (%2.6 altta),-,-,166.84,69.91,21.16,0.9,0
2026-07-31 21:53,PAHOL,1.32,🟢 Yükseliş Trendinde,🔴 SAT,-,-,-,-,🚨Fiyat Bandın Altında!,EMA5 Direnç: 1.41 (%7.0 üstte),-,-,-,35.02,1.37,-0.86,-1.51
2026-07-31 21:53,PAMEL,78.1,🔴 Düşüş Trendinde,🔴 SAT,-,-,🔴 Ayı Piyasası (EMA 50 En Altta),🟠 Daralıyor,⚪Fiyat Alt_Orta Bant Aralığında,EMA5 Direnç: 81.62 (%4.5 üstte),74.85-84.60 (fiyat bandın içinde!),175.50-199.90 (%124.7 üstte),-30.91,42.12,8.97,-0.56,0
2026-07-31 21:53,PAPIL,11.57,🔴 Düşüş Trendinde,🔴 SAT,-,🟢 POTANSİYEL DİP,"📉 Düşüş Hazırlığı (50<100 Kesti, 150 Bekleniyor)",🟡 Normal Genişlik,🚨Fiyat Bandın Altında!,EMA5 Direnç: 13.27 (%14.7 üstte),-,-,-14.25,30.42,0.0,-0.87,-6.88
2026-07-31 21:53,PARSN,75.15,🔴 Düşüş Trendinde,🔴 SAT,-,-,"📉 Düşüş Hazırlığı (50<100 Kesti, 150 Bekleniyor)",🚨 BB SIKIŞMA,🚨Fiyat Bandın Altında!,EMA5 Direnç: 79.92 (%6.4 üstte),-,85.75-93.85 (%14.1 üstte),-6.29,35.98,0.0,-0.5,-1.24
2026-07-31 21:53,PASEU,155.0,🔥 AL (Taze Kırılım),🔥 GÜÇLÜ AL (Taze Kırılım),-,-,-,⚪ Yelpaze Açık,🚨Fiyat Bandın Üzerinde!,EMA5 Destek: 122.44 (%21.0 altta),-,-,-,61.89,60.79,0.13,6.47
2026-07-31 21:53,PATEK,19.0,🟢 Yükseliş Trendinde,🔴 SAT,-,-,-,🚨 BB SIKIŞMA,⚪Fiyat Alt_Orta Bant Aralığında,EMA5 Direnç: 20.79 (%9.4 üstte),14.67-16.39 (%13.7 altta),-,-,43.26,0.0,-0.54,0
2026-07-31 21:53,PCILT,33.0,🟢 Yükseliş Trendinde,🔴 SAT,-,-,⚠️ Yükseliş Trendinde Düzeltme (SSL Negatif),🟠 Daralıyor,🟡Fiyat Orta-Üst Bant Aralığında,EMA21 Destek: 31.22 (%5.4 altta) | EMA5 Direnç: 33.13 (%0.4 üstte),-,-,91.46,58.93,24.24,0.21,0
2026-07-31 21:53,PEKGY,14.73,🔴 Düşüş Trendinde,🟢 AL (Trend Onaylı),-,-,⚠️ Yükseliş Trendinde Düzeltme (SSL Negatif),🚨 BB SIKIŞMA,🟡Fiyat Orta-Üst Bant Aralığında,EMA5 Destek: 14.61 (%0.8 altta),-,-,133.79,57.15,45.26,-0.06,0
2026-07-31 21:53,PENGD,9.7,🔴 Düşüş Trendinde,🔴 SAT,-,-,⚠️ Yükseliş Trendinde Düzeltme (SSL Negatif),⚪ Yelpaze Açık,⚪Fiyat Alt_Orta Bant Aralığında,EMA100 Destek: 9.27 (%4.5 altta) | EMA55 Direnç: 10.19 (%5.0 üstte),6.33-8.16 (%15.9 altta),-,21.39,41.59,0.0,-0.96,0
2026-07-31 21:53,PENTA,12.82,🩸 SAT (Trend Kırıldı),🔴 SAT,-,-,🔴 Ayı Piyasası (EMA 50 En Altta),⚪ Yelpaze Açık,⚪Fiyat Alt_Orta Bant Aralığında,EMA5 Direnç: 13.40 (%4.6 üstte),12.29-14.09 (fiyat bandın içinde!),53.78-78.72 (%319.5 üstte),-39.18,39.22,4.45,-0.81,0
2026-07-31 21:53,PETKM,19.12,🔴 Düşüş Trendinde,⏳ BEKLE,-,-,⚠️ Yükseliş Trendinde Düzeltme (SSL Negatif),⚪ Yelpaze Açık,⚪Fiyat Alt_Orta Bant Aralığında,EMA100 Destek: 19.03 (%0.5 altta) | EMA55 Direnç: 19.60 (%2.5 üstte),15.18-18.61 (%2.7 altta),-,10.81,45.94,22.12,-0.74,0
2026-07-31 21:53,PETUN,10.78,🔴 Düşüş Trendinde,🔴 SAT,-,-,⚠️ Yükseliş Trendinde Düzeltme (SSL Negatif),⚪ Yelpaze Açık,⚪Fiyat Alt_Orta Bant Aralığında,EMA200 Destek: 9.57 (%11.2 altta) | EMA100 Direnç: 11.26 (%4.5 üstte),7.70-9.35 (%13.3 altta),-,12.67,39.71,6.07,-0.81,0
2026-07-31 21:53,PGSUS,153.0,🔴 Düşüş Trendinde,🔴 SAT,-,🟢 POTANSİYEL DİP,"📉 Düşüş Hazırlığı (50<100 Kesti, 150 Bekleniyor)",🟡 Normal Genişlik,🚨Fiyat Bandın Altında!,EMA200 Direnç: 161.19 (%5.4 üstte),-,251.00-264.50 (%64.1 üstte),-5.08,32.52,6.39,-0.66,-1.81
2026-07-31 21:53,PINSU,10.45,🟢 Yükseliş Trendinde,⏳ BEKLE,🔴 ZAYIFLAMA (Zaten Dipte),-,⚠️ Yükseliş Trendinde Düzeltme (SSL Negatif),🚨 BB SIKIŞMA,⚪Fiyat Alt_Orta Bant Aralığında,EMA100 Destek: 9.65 (%7.6 altta) | EMA55 Direnç: 10.80 (%3.4 üstte),5.20-5.57 (%46.7 altta),-,44.12,43.47,34.61,-0.77,0
2026-07-31 21:53,PKART,120.0,🟢 Yükseliş Trendinde,🔴 SAT,-,-,⚠️ Yükseliş Trendinde Düzeltme (SSL Negatif),⚪ Yelpaze Açık,⚪Fiyat Alt_Orta Bant Aralığında,EMA21 Destek: 118.90 (%0.9 altta) | EMA5 Direnç: 126.78 (%5.7 üstte),14.85-17.95 (%85.0 altta),-,84.37,53.7,4.91,-0.83,0
2026-07-31 21:53,PKENT,127.2,🔴 Düşüş Trendinde,🔴 SAT,-,🟢 POTANSİYEL DİP,🔴 Ayı Piyasası (EMA 50 En Altta),🟡 Normal Genişlik,🚨Fiyat Bandın Altında!,EMA5 Direnç: 135.61 (%6.6 üstte),88.80-109.10 (%14.2 altta),-,-34.72,32.78,0.0,-0.9,-1.38
2026-07-31 21:53,PLTUR,20.66,🟢 Yükseliş Trendinde,🔴 SAT,-,-,⚠️ Yükseliş Trendinde Düzeltme (SSL Negatif),🟠 Daralıyor,⚪Fiyat Alt_Orta Bant Aralığında,EMA5 Direnç: 21.97 (%6.3 üstte),-,-,-,39.89,0.28,-0.79,0
2026-07-31 21:53,PNLSN,46.9,🟢 Yükseliş Trendinde,🟢 AL (Trend Onaylı),-,-,⚠️ Yükseliş Trendinde Düzeltme (SSL Negatif),🚨 BB SIKIŞMA,🟡Fiyat Orta-Üst Bant Aralığında,EMA5 Destek: 46.40 (%1.1 altta),36.08-40.25 (%14.2 altta),47.76-56.08 (%1.8 üstte),10.68,54.23,65.21,0.09,0
2026-07-31 21:53,PNSUT,10.68,🔴 Düşüş Trendinde,🔴 SAT,-,-,⚠️ Yükseliş Trendinde Düzeltme (SSL Negatif),⚪ Yelpaze Açık,⚪Fiyat Alt_Orta Bant Aralığında,EMA200 Destek: 9.73 (%8.9 altta) | EMA100 Direnç: 11.31 (%5.9 üstte),7.73-9.05 (%15.3 altta),-,9.73,39.83,4.09,-0.84,0
2026-07-31 21:53,POLHO,21.1,🟢 Yükseliş Trendinde,⏳ BEKLE,-,-,⚠️ Yükseliş Trendinde Düzeltme (SSL Negatif),🚨 BB SIKIŞMA,⚪Fiyat Alt_Orta Bant Aralığında,EMA21 Destek: 20.39 (%3.3 altta) | EMA5 Direnç: 21.24 (%0.7 üstte),2.05-2.48 (%88.2 altta),-,146.67,57.27,52.79,0.55,0
2026-07-31 21:53,POLTK,4550.0,🔴 Düşüş Trendinde,🔴 SAT,-,-,🔴 Ayı Piyasası (EMA 50 En Altta),🟠 Daralıyor,⚪Fiyat Alt_Orta Bant Aralığında,EMA5 Direnç: 4885.84 (%7.4 üstte),-,5170.00-5725.00 (%13.6 üstte),-25.25,38.28,7.52,-0.53,0
2026-07-31 21:53,PRDGS,7.16,🟢 Yükseliş Trendinde,⏳ BEKLE,-,-,⚠️ Yükseliş Trendinde Düzeltme (SSL Negatif),⚪ Yelpaze Açık,⚪Fiyat Alt_Orta Bant Aralığında,EMA55 Destek: 6.94 (%3.1 altta) | EMA5 Direnç: 7.27 (%1.5 üstte),4.35-5.32 (%25.7 altta),-,8.58,49.21,17.12,-0.68,0
2026-07-31 21:53,PRKAB,33.14,🔴 Düşüş Trendinde,🔴 SAT,-,-,⚠️ Yükseliş Trendinde Düzeltme (SSL Negatif),🟡 Normal Genişlik,🚨Fiyat Bandın Altında!,EMA200 Direnç: 34.48 (%4.0 üstte),25.00-30.48 (%8.0 altta),-,-3.89,39.85,4.34,-0.81,-0.48
2026-07-31 21:53,PRKME,17.12,🟢 Yükseliş Trendinde,🔴 SAT,-,-,⚠️ Yükseliş Trendinde Düzeltme (SSL Negatif),🟡 Normal Genişlik,⚪Fiyat Alt_Orta Bant Aralığında,EMA200 Destek: 16.93 (%1.1 altta) | EMA5 Direnç: 18.27 (%6.7 üstte),15.80-16.70 (%2.5 altta),21.24-25.47 (%24.1 üstte),1.15,44.66,11.82,-0.15,0
2026-07-31 21:53,PRZMA,65.5,🟢 Yükseliş Trendinde,⏳ BEKLE,-,-,⚪ Karışık / Testere Piyasası,⚪ Yelpaze Açık,🟡Fiyat Orta-Üst Bant Aralığında,EMA21 Destek: 47.59 (%27.3 altta) | EMA5 Direnç: 66.84 (%2.0 üstte),11.07-13.97 (%78.7 altta),-,307.91,70.53,26.02,0.88,0
2026-07-31 21:53,PSDTC,154.0,🔴 Düşüş Trendinde,🔥 GÜÇLÜ AL (Taze Kırılım),🚀 KUSURSUZ DÖNÜŞ (0 Altı + Hacim),-,🚀 ASIL SİNYAL: GÜÇLÜ AL (EMA Sıralı + SSL Onay),🟠 Daralıyor,🚨Fiyat Bandın Üzerinde!,EMA5 Destek: 135.95 (%11.7 altta),-,-,71.61,60.72,50.05,0.16,3.79
2026-07-31 21:53,PSGYO,3.49,🟢 Yükseliş Trendinde,⏳ BEKLE,-,-,🟢 EMA Yükselişte (SSL Ok Bekleniyor),⚪ Yelpaze Açık,🟡Fiyat Orta-Üst Bant Aralığında,EMA5 Destek: 3.48 (%0.3 altta),-,-,68.9,56.45,26.55,0.55,0
2026-07-31 21:53,QNBFK,49.2,🟢 Yükseliş Trendinde,🟢 AL (Trend Onaylı),-,-,🔴 Ayı Piyasası (EMA 50 En Altta),🟡 Normal Genişlik,🟡Fiyat Orta-Üst Bant Aralığında,EMA200 Destek: 48.99 (%0.4 altta) | EMA55 Direnç: 50.23 (%2.1 üstte),31.20-33.76 (%31.4 altta),-,0.42,54.12,83.45,0.69,0
2026-07-31 21:53,QNBTR,207.0,🔴 Düşüş Trendinde,🔴 SAT,-,-,⚠️ Yükseliş Trendinde Düzeltme (SSL Negatif),⚪ Yelpaze Açık,⚪Fiyat Alt_Orta Bant Aralığında,EMA200 Destek: 174.42 (%15.7 altta) | EMA5 Direnç: 208.76 (%0.8 üstte),-,-,18.68,35.97,16.18,-0.87,0
2026-07-31 21:53,QUAGR,3.41,🔴 Düşüş Trendinde,🔴 SAT,-,-,🔴 Ayı Piyasası (EMA 50 En Altta),🟠 Daralıyor,⚪Fiyat Alt_Orta Bant Aralığında,EMA5 Direnç: 3.63 (%6.5 üstte),-,3.82-4.71 (%12.0 üstte),-21.77,44.72,26.98,-0.22,0
2026-07-31 21:53,RALYH,241.5,🔴 Düşüş Trendinde,🟢 AL (Trend Onaylı),-,-,⚠️ Yükseliş Trendinde Düzeltme (SSL Negatif),⚪ Yelpaze Açık,⚪Fiyat Alt_Orta Bant Aralığında,EMA5 Destek: 235.24 (%2.6 altta),-,-,134.73,52.63,33.04,-0.58,0
2026-07-31 21:53,RAYSG,163.6,🔴 Düşüş Trendinde,🔴 SAT,-,🟢 POTANSİYEL DİP,🔴 Ayı Piyasası (EMA 50 En Altta),🟠 Daralıyor,🚨Fiyat Bandın Altında!,EMA5 Direnç: 172.91 (%5.7 üstte),-,241.60-301.25 (%47.7 üstte),-15.01,31.73,3.03,-0.81,-0.74
2026-07-31 21:53,REEDR,6.56,🟢 Yükseliş Trendinde,🔴 SAT,🟢 POTANSİYEL DİP (0 Altı - Hacimsiz),-,-,🟠 Daralıyor,⚪Fiyat Alt_Orta Bant Aralığında,EMA5 Direnç: 6.73 (%2.6 üstte),-,9.93-11.42 (%51.4 üstte),-,42.83,27.91,-0.75,0
2026-07-31 21:53,RGYAS,200.4,🟢 Yükseliş Trendinde,🟢 AL (Trend Onaylı),🩸 SAT (Zirveden Dönüş),-,-,-,🟡Fiyat Orta-Üst Bant Aralığında,EMA5 Destek: 199.75 (%0.3 altta),-,-,-,62.57,32.59,0.55,0
2026-07-31 21:53,RNPOL,2.26,🟢 Yükseliş Trendinde,🔴 SAT,-,-,⚠️ Yükseliş Trendinde Düzeltme (SSL Negatif),⚪ Yelpaze Açık,⚪Fiyat Alt_Orta Bant Aralığında,EMA55 Destek: 2.25 (%0.5 altta) | EMA5 Direnç: 2.40 (%6.1 üstte),-,-,39.48,45.32,3.08,-0.72,0
2026-07-31 21:53,RODRG,24.12,🟢 Yükseliş Trendinde,🔴 SAT,-,-,⚠️ Yükseliş Trendinde Düzeltme (SSL Negatif),⚪ Yelpaze Açık,⚪Fiyat Alt_Orta Bant Aralığında,EMA55 Destek: 23.22 (%3.7 altta) | EMA21 Direnç: 24.87 (%3.1 üstte),-,-,35.58,48.71,18.01,-0.73,0
2026-07-31 21:53,RTALB,3.05,🩸 SAT (Trend Kırıldı),🔴 SAT,-,-,⚠️ Yükseliş Trendinde Düzeltme (SSL Negatif),🟠 Daralıyor,🚨Fiyat Bandın Altında!,EMA200 Destek: 2.93 (%3.9 altta) | EMA5 Direnç: 3.33 (%9.3 üstte),-,-,4.06,37.27,13.65,-0.62,-1.79
2026-07-31 21:53,RUBNS,22.92,🔴 Düşüş Trendinde,⏳ BEKLE,-,-,⚠️ Yükseliş Trendinde Düzeltme (SSL Negatif),⚪ Yelpaze Açık,⚪Fiyat Alt_Orta Bant Aralığında,EMA5 Direnç: 23.13 (%0.9 üstte),18.77-20.38 (%11.1 altta),-,-13.39,39.86,10.57,-0.93,0
2026-07-31 21:53,RUZYE,7.81,🔴 Düşüş Trendinde,🔴 SAT,🔴 ZAYIFLAMA (Zaten Dipte),🟢 POTANSİYEL DİP,⚠️ Yükseliş Trendinde Düzeltme (SSL Negatif),⚪ Yelpaze Açık,🚨Fiyat Bandın Altında!,EMA200 Direnç: 8.13 (%4.1 üstte),6.35-8.34 (fiyat bandın içinde!),-,-3.98,28.64,6.08,-0.96,-4.72
2026-07-31 21:53,RYGYO,38.3,🟢 Yükseliş Trendinde,🔥 GÜÇLÜ AL (Taze Kırılım),-,-,🚀 ASIL SİNYAL: GÜÇLÜ AL (EMA Sıralı + SSL Onay),🚨 BB SIKIŞMA,🚨Fiyat Bandın Üzerinde!,EMA5 Destek: 33.66 (%12.1 altta),-,-,148.85,70.0,58.15,0.46,7.77
2026-07-31 21:53,RYSAS,22.2,🟢 Yükseliş Trendinde,🔴 SAT,-,-,⚠️ Yükseliş Trendinde Düzeltme (SSL Negatif),🟠 Daralıyor,🟡Fiyat Orta-Üst Bant Aralığında,EMA5 Destek: 21.40 (%3.6 altta),-,-,82.8,54.68,9.99,0.12,0
2026-07-31 21:53,SAFKR,19.51,🔴 Düşüş Trendinde,🔴 SAT,-,-,⚠️ Yükseliş Trendinde Düzeltme (SSL Negatif),⚪ Yelpaze Açık,⚪Fiyat Alt_Orta Bant Aralığında,EMA200 Destek: 13.67 (%29.9 altta) | EMA100 Direnç: 19.58 (%0.4 üstte),1.07-1.27 (%93.5 altta),-,42.74,36.67,4.09,-0.83,0
2026-07-31 21:53,SAHOL,84.5,🩸 SAT (Trend Kırıldı),🔴 SAT,-,-,⚠️ Yükseliş Trendinde Düzeltme (SSL Negatif),🚨 BB SIKIŞMA,⚪Fiyat Alt_Orta Bant Aralığında,EMA200 Destek: 68.26 (%19.2 altta) | EMA100 Direnç: 85.98 (%1.7 üstte),72.73-79.47 (%5.9 altta),-,23.78,42.26,0.0,-0.53,0
2026-07-31 21:53,SAMAT,5.28,🟢 Yükseliş Trendinde,🔴 SAT,-,-,🔴 Ayı Piyasası (EMA 50 En Altta),⚪ Yelpaze Açık,⚪Fiyat Alt_Orta Bant Aralığında,EMA5 Direnç: 5.81 (%10.0 üstte),-,-,-19.01,39.52,4.87,-0.12,0
2026-07-31 21:53,SANEL,66.0,🟢 Yükseliş Trendinde,⏳ BEKLE,-,-,🟢 EMA Yükselişte (SSL Ok Bekleniyor),⚪ Yelpaze Açık,🟡Fiyat Orta-Üst Bant Aralığında,EMA21 Destek: 55.67 (%15.6 altta) | EMA5 Direnç: 69.75 (%5.7 üstte),21.78-25.10 (%62.0 altta),-,136.54,60.15,51.78,0.87,0
2026-07-31 21:53,SANFM,9.17,🟢 Yükseliş Trendinde,🔴 SAT,-,-,⚪ Karışık / Testere Piyasası,🟡 Normal Genişlik,🟡Fiyat Orta-Üst Bant Aralığında,EMA21 Destek: 8.75 (%4.6 altta) | EMA5 Direnç: 9.35 (%1.9 üstte),-,-,48.8,54.29,38.5,0.63,0
2026-07-31 21:53,SANKO,18.73,🟢 Yükseliş Trendinde,🔴 SAT,-,-,⚠️ Yükseliş Trendinde Düzeltme (SSL Negatif),🟡 Normal Genişlik,⚪Fiyat Alt_Orta Bant Aralığında,EMA200 Direnç: 19.00 (%1.4 üstte),18.65-20.00 (fiyat bandın içinde!),-,-1.42,35.35,0.0,-0.88,0
2026-07-31 21:53,SARKY,23.76,🔴 Düşüş Trendinde,🔴 SAT,-,-,⚠️ Yükseliş Trendinde Düzeltme (SSL Negatif),🟡 Normal Genişlik,🚨Fiyat Bandın Altında!,EMA100 Destek: 20.40 (%14.1 altta) | EMA55 Direnç: 23.78 (%0.1 üstte),10.17-10.86 (%54.3 altta),-,46.2,42.89,3.82,-0.68,-0.86
2026-07-31 21:53,SASA,2.47,🟢 Yükseliş Trendinde,⏳ BEKLE,-,-,🔴 Ayı Piyasası (EMA 50 En Altta),⚪ Yelpaze Açık,⚪Fiyat Alt_Orta Bant Aralığında,EMA5 Direnç: 2.53 (%2.2 üstte),-,2.96-3.58 (%19.8 üstte),-31.3,45.25,16.0,-0.71,0
2026-07-31 21:53,SAYAS,48.04,🟢 Yükseliş Trendinde,🔴 SAT,-,-,"📉 Düşüş Hazırlığı (50<100 Kesti, 150 Bekleniyor)",⚪ Yelpaze Açık,⚪Fiyat Alt_Orta Bant Aralığında,EMA55 Destek: 47.85 (%0.4 altta) | EMA5 Direnç: 48.10 (%0.1 üstte),-,96.00-122.40 (%99.8 üstte),7.2,49.58,10.89,-0.6,0
2026-07-31 21:53,SDTTR,225.8,🟢 Yükseliş Trendinde,🔴 SAT,-,-,"⚡ Yükseliş Hazırlığı (50>100 Kesti, 150 Bekleniyor)",⚪ Yelpaze Açık,⚪Fiyat Alt_Orta Bant Aralığında,EMA55 Destek: 223.46 (%1.0 altta) | EMA21 Direnç: 237.75 (%5.3 üstte),166.24-184.03 (%18.5 altta),259.37-292.04 (%14.9 üstte),-,47.59,0.45,-0.24,0
2026-07-31 21:53,SEGMN,45.5,🟢 Yükseliş Trendinde,🔴 SAT,-,-,-,-,⚪Fiyat Alt_Orta Bant Aralığında,EMA55 Destek: 41.69 (%8.4 altta) | EMA5 Direnç: 49.38 (%8.5 üstte),17.58-19.10 (%58.0 altta),-,-,45.87,1.52,-0.82,0
2026-07-31 21:53,SEGYO,4.01,🩸 SAT (Trend Kırıldı),🔴 SAT,-,-,⚠️ Yükseliş Trendinde Düzeltme (SSL Negatif),🚨 BB SIKIŞMA,🚨Fiyat Bandın Altında!,EMA200 Direnç: 4.04 (%0.8 üstte),1.71-1.96 (%51.1 altta),-,-0.82,35.68,0.0,-0.81,-3.42
2026-07-31 21:53,SEKFK,4.92,🔴 Düşüş Trendinde,🔴 SAT,-,🟢 POTANSİYEL DİP,⚠️ Yükseliş Trendinde Düzeltme (SSL Negatif),⚪ Yelpaze Açık,🚨Fiyat Bandın Altında!,EMA5 Direnç: 6.63 (%34.8 üstte),-,-,-33.14,21.64,0.0,-0.83,-14.32
2026-07-31 21:53,SEKUR,12.19,🟢 Yükseliş Trendinde,⏳ BEKLE,🟡 RİSKLİ AL (0 Üstü - Hacimsiz),-,🟢 EMA Yükselişte (SSL Ok Bekleniyor),⚪ Yelpaze Açık,🟡Fiyat Orta-Üst Bant Aralığında,EMA5 Destek: 11.09 (%9.0 altta),0.89-1.20 (%90.2 altta),-,229.6,69.21,24.85,0.87,0
2026-07-31 21:53,SELEC,213.0,🟢 Yükseliş Trendinde,⏳ BEKLE,🩸 SAT (Zirveden Dönüş),-,⚪ Karışık / Testere Piyasası,⚪ Yelpaze Açık,🟡Fiyat Orta-Üst Bant Aralığında,EMA21 Destek: 154.02 (%27.7 altta) | EMA5 Direnç: 216.40 (%1.6 üstte),-,-,205.15,66.66,56.44,0.89,0
2026-07-31 21:53,SELVA,1.72,🔴 Düşüş Trendinde,⏳ BEKLE,-,-,⚠️ Yükseliş Trendinde Düzeltme (SSL Negatif),⚪ Yelpaze Açık,⚪Fiyat Alt_Orta Bant Aralığında,EMA5 Direnç: 1.89 (%9.9 üstte),-,-,-21.24,37.94,7.09,-0.94,0
2026-07-31 21:53,SERNT,8.13,🟢 Yükseliş Trendinde,🔴 SAT,-,-,-,-,⚪Fiyat Alt_Orta Bant Aralığında,EMA5 Direnç: 8.87 (%9.1 üstte),-,9.46-11.41 (%16.4 üstte),-,40.24,2.16,-0.2,0
2026-07-31 21:53,SEYKM,4.77,🔴 Düşüş Trendinde,⏳ BEKLE,🔴 ZAYIFLAMA (Zaten Dipte),-,🔴 Ayı Piyasası (EMA 50 En Altta),🟠 Daralıyor,⚪Fiyat Alt_Orta Bant Aralığında,EMA5 Direnç: 4.98 (%4.5 üstte),2.78-3.07 (%35.6 altta),8.83-11.11 (%85.1 üstte),-12.48,46.63,40.65,-0.36,0
2026-07-31 21:53,SILVR,2.26,🟢 Yükseliş Trendinde,🔴 SAT,-,-,⚠️ Yükseliş Trendinde Düzeltme (SSL Negatif),🚨 BB SIKIŞMA,🚨Fiyat Bandın Altında!,EMA200 Direnç: 2.31 (%2.2 üstte),1.84-2.10 (%7.1 altta),2.64-2.92 (%16.8 üstte),-2.13,37.48,0.0,-0.64,-1.89
2026-07-31 21:53,SISE,41.74,🟢 Yükseliş Trendinde,🔴 SAT,-,-,⚠️ Yükseliş Trendinde Düzeltme (SSL Negatif),🟠 Daralıyor,⚪Fiyat Alt_Orta Bant Aralığında,EMA100 Destek: 40.84 (%2.2 altta) | EMA55 Direnç: 42.26 (%1.2 üstte),31.53-34.12 (%18.3 altta),50.92-53.88 (%22.0 üstte),12.47,44.12,3.34,-0.8,0
2026-07-31 21:53,SKBNK,6.97,🔴 Düşüş Trendinde,🔴 SAT,-,-,⚠️ Yükseliş Trendinde Düzeltme (SSL Negatif),⚪ Yelpaze Açık,🚨Fiyat Bandın Altında!,EMA200 Destek: 6.37 (%8.7 altta) | EMA100 Direnç: 8.74 (%25.4 üstte),-,-,9.49,36.27,33.33,0.07,-7.45
2026-07-31 21:53,SKTAS,3.16,🔴 Düşüş Trendinde,🔴 SAT,-,-,🔴 Ayı Piyasası (EMA 50 En Altta),🟡 Normal Genişlik,⚪Fiyat Alt_Orta Bant Aralığında,EMA5 Direnç: 3.36 (%6.4 üstte),-,-,-18.68,44.09,17.77,-0.36,0
2026-07-31 21:53,SKYLP,276.0,🟢 Yükseliş Trendinde,⏳ BEKLE,-,-,⚠️ Yükseliş Trendinde Düzeltme (SSL Negatif),🟠 Daralıyor,⚪Fiyat Alt_Orta Bant Aralığında,EMA5 Destek: 270.95 (%1.8 altta) | EMA21 Direnç: 281.36 (%1.9 üstte),73.50-80.00 (%71.0 altta),-,91.48,49.86,27.48,-0.85,0
2026-07-31 21:53,SKYMD,14.18,🔴 Düşüş Trendinde,⏳ BEKLE,🩸 SAT (Zirveden Dönüş),-,-,🟠 Daralıyor,🟡Fiyat Orta-Üst Bant Aralığında,EMA21 Destek: 13.72 (%3.2 altta) | EMA5 Direnç: 14.44 (%1.8 üstte),-,-,-,55.19,65.37,0.69,0
2026-07-31 21:53,SMART,23.62,🩸 SAT (Trend Kırıldı),🔴 SAT,-,-,⚠️ Yükseliş Trendinde Düzeltme (SSL Negatif),⚪ Yelpaze Açık,🚨Fiyat Bandın Altında!,EMA200 Destek: 23.10 (%2.2 altta) | EMA5 Direnç: 26.17 (%10.8 üstte),21.60-22.50 (%4.7 altta),35.12-40.90 (%48.7 üstte),2.27,37.89,5.05,-0.9,-1.03
2026-07-31 21:53,SMRTG,10.7,🟢 Yükseliş Trendinde,🔴 SAT,-,-,🔴 Ayı Piyasası (EMA 50 En Altta),⚪ Yelpaze Açık,🟡Fiyat Orta-Üst Bant Aralığında,EMA100 Destek: 10.69 (%0.1 altta) | EMA5 Direnç: 11.38 (%6.3 üstte),6.27-7.16 (%33.1 altta),21.10-25.57 (%97.2 üstte),-12.54,53.03,48.77,0.36,0
2026-07-31 21:53,SMRVA,11.21,🔴 Düşüş Trendinde,🔴 SAT,-,-,-,-,⚪Fiyat Alt_Orta Bant Aralığında,EMA5 Direnç: 12.66 (%12.9 üstte),-,-,-,36.13,0.0,-0.95,0
2026-07-31 21:53,SNGYO,3.16,🔴 Düşüş Trendinde,🔴 SAT,-,🟢 POTANSİYEL DİP,⚠️ Yükseliş Trendinde Düzeltme (SSL Negatif),🟠 Daralıyor,🚨Fiyat Bandın Altında!,EMA200 Destek: 2.89 (%8.6 altta) | EMA5 Direnç: 3.45 (%9.3 üstte),0.97-1.06 (%66.4 altta),-,9.43,33.89,17.14,-0.43,-3.62
2026-07-31 21:53,SNICA,3.53,🟢 Yükseliş Trendinde,🔴 SAT,-,-,🔴 Ayı Piyasası (EMA 50 En Altta),🟡 Normal Genişlik,⚪Fiyat Alt_Orta Bant Aralığında,EMA5 Direnç: 3.90 (%10.6 üstte),-,7.72-10.28 (%118.6 üstte),-,40.1,0.57,-0.31,0
2026-07-31 21:53,SNPAM,19.01,🔴 Düşüş Trendinde,🔴 SAT,-,-,⚠️ Yükseliş Trendinde Düzeltme (SSL Negatif),🚨 BB SIKIŞMA,⚪Fiyat Alt_Orta Bant Aralığında,EMA200 Destek: 16.28 (%14.3 altta) | EMA5 Direnç: 19.99 (%5.1 üstte),13.62-14.45 (%24.0 altta),-,16.75,37.25,0.0,-0.83,0
2026-07-31 21:53,SODSN,8.2,🔴 Düşüş Trendinde,🔴 SAT,-,-,"📉 Düşüş Hazırlığı (50<100 Kesti, 150 Bekleniyor)",🟡 Normal Genişlik,⚪Fiyat Alt_Orta Bant Aralığında,EMA5 Direnç: 8.51 (%3.7 üstte),-,-,-16.6,32.9,6.89,-0.96,0
2026-07-31 21:53,SOHOE,10.41,-,-,-,-,-,-,-,-,-,-,-,,,,-
2026-07-31 21:53,SOKE,15.25,🔴 Düşüş Trendinde,⏳ BEKLE,🔴 ZAYIFLAMA (Zaten Dipte),-,⚠️ Yükseliş Trendinde Düzeltme (SSL Negatif),⚪ Yelpaze Açık,⚪Fiyat Alt_Orta Bant Aralığında,EMA55 Destek: 14.83 (%2.8 altta) | EMA21 Direnç: 16.46 (%7.9 üstte),10.32-10.93 (%28.3 altta),20.44-22.72 (%34.0 üstte),-,46.65,17.24,-0.63,0
2026-07-31 21:53,SOKM,51.0,🔴 Düşüş Trendinde,🟢 AL (Trend Onaylı),-,-,⚠️ Yükseliş Trendinde Düzeltme (SSL Negatif),🚨 BB SIKIŞMA,🟡Fiyat Orta-Üst Bant Aralığında,EMA21 Destek: 50.56 (%0.9 altta),34.82-37.50 (%26.5 altta),-,25.42,50.83,90.04,-0.03,0
2026-07-31 21:53,SONME,119.1,🩸 SAT (Trend Kırıldı),🔴 SAT,🔴 ZAYIFLAMA (Zaten Dipte),-,⚠️ Yükseliş Trendinde Düzeltme (SSL Negatif),🚨 BB SIKIŞMA,⚪Fiyat Alt_Orta Bant Aralığında,EMA200 Destek: 93.96 (%21.1 altta) | EMA100 Direnç: 121.22 (%1.8 üstte),-,-,26.76,38.93,37.0,-0.82,0
2026-07-31 21:53,SRVGY,2.41,🔴 Düşüş Trendinde,🔴 SAT,-,🟢 POTANSİYEL DİP,🔴 Ayı Piyasası (EMA 50 En Altta),⚪ Yelpaze Açık,🚨Fiyat Bandın Altında!,EMA5 Direnç: 2.61 (%8.4 üstte),-,4.34-4.57 (%80.1 üstte),-23.07,32.18,0.0,-0.92,-2.29
2026-07-31 21:53,SUMAS,300.0,🟢 Yükseliş Trendinde,🔴 SAT,-,-,⚠️ Yükseliş Trendinde Düzeltme (SSL Negatif),⚪ Yelpaze Açık,⚪Fiyat Alt_Orta Bant Aralığında,EMA200 Destek: 251.09 (%16.3 altta) | EMA100 Direnç: 307.25 (%2.4 üstte),253.25-262.00 (%12.7 altta),-,19.48,45.87,11.11,-0.42,0
2026-07-31 21:53,SUNTK,49.2,🟢 Yükseliş Trendinde,🟢 AL (Trend Onaylı),-,-,🟢 EMA Yükselişte (SSL Ok Bekleniyor),⚪ Yelpaze Açık,🚨Fiyat Bandın Üzerinde!,EMA5 Destek: 41.04 (%16.6 altta),-,-,97.93,66.41,100.0,0.4,9.9
2026-07-31 21:53,SURGY,68.5,🟢 Yükseliş Trendinde,🔴 SAT,-,-,-,🟠 Daralıyor,🟡Fiyat Orta-Üst Bant Aralığında,EMA21 Destek: 67.18 (%1.9 altta) | EMA5 Direnç: 69.58 (%1.6 üstte),34.94-47.18 (%31.1 altta),-,-,53.18,4.92,-0.31,0
2026-07-31 21:53,SUWEN,6.12,🔴 Düşüş Trendinde,⏳ BEKLE,-,-,"📉 Düşüş Hazırlığı (50<100 Kesti, 150 Bekleniyor)",⚪ Yelpaze Açık,⚪Fiyat Alt_Orta Bant Aralığında,EMA5 Direnç: 6.67 (%9.0 üstte),-,-,-25.65,35.19,36.89,-0.9,0
2026-07-31 21:53,SVGYO,13.33,🔴 Düşüş Trendinde,🔴 SAT,-,-,-,-,⚪Fiyat Alt_Orta Bant Aralığında,EMA5 Direnç: 14.97 (%12.3 üstte),-,-,-,56.34,,-0.55,0
2026-07-31 21:53,TABGD,243.1,🔴 Düşüş Trendinde,🔴 SAT,-,-,-,🟡 Normal Genişlik,⚪Fiyat Alt_Orta Bant Aralığında,EMA5 Destek: 239.28 (%1.6 altta) | EMA21 Direnç: 246.95 (%1.6 üstte),-,-,-,49.01,20.82,-0.78,0
2026-07-31 21:53,TARKM,463.0,🟢 Yükseliş Trendinde,🔴 SAT,-,-,-,⚪ Yelpaze Açık,⚪Fiyat Alt_Orta Bant Aralığında,EMA100 Destek: 436.13 (%5.8 altta) | EMA21 Direnç: 472.06 (%2.0 üstte),322.00-341.00 (%26.3 altta),-,-,50.26,9.87,-0.02,0
2026-07-31 21:53,TATEN,11.43,🟢 Yükseliş Trendinde,🔴 SAT,-,-,⚠️ Yükseliş Trendinde Düzeltme (SSL Negatif),🟡 Normal Genişlik,⚪Fiyat Alt_Orta Bant Aralığında,EMA100 Direnç: 12.43 (%8.7 üstte),-,-,-,42.92,11.59,-0.7,0
2026-07-31 21:53,TATGD,17.86,🟢 Yükseliş Trendinde,🔴 SAT,-,-,🔴 Ayı Piyasası (EMA 50 En Altta),⚪ Yelpaze Açık,⚪Fiyat Alt_Orta Bant Aralığında,EMA100 Destek: 17.46 (%2.2 altta) | EMA21 Direnç: 18.35 (%2.7 üstte),10.51-11.50 (%35.6 altta),35.32-39.08 (%97.8 üstte),-7.5,49.77,11.64,-0.51,0
2026-07-31 21:53,TAVHL,271.75,🔴 Düşüş Trendinde,🔴 SAT,-,-,⚠️ Yükseliş Trendinde Düzeltme (SSL Negatif),⚪ Yelpaze Açık,⚪Fiyat Alt_Orta Bant Aralığında,EMA5 Destek: 268.40 (%1.2 altta) | EMA55 Direnç: 276.44 (%1.7 üstte),-,-,38.07,47.28,41.08,0.07,0
2026-07-31 21:53,TBORG,130.1,🔴 Düşüş Trendinde,⏳ BEKLE,🚀 KUSURSUZ DÖNÜŞ (0 Altı + Hacim),-,⚠️ Yükseliş Trendinde Düzeltme (SSL Negatif),🚨 BB SIKIŞMA,⚪Fiyat Alt_Orta Bant Aralığında,EMA200 Destek: 104.40 (%19.8 altta) | EMA5 Direnç: 130.28 (%0.1 üstte),-,-,24.62,36.67,26.34,-0.87,0
2026-07-31 21:53,TCELL,99.95,🔴 Düşüş Trendinde,🔴 SAT,-,-,⚠️ Yükseliş Trendinde Düzeltme (SSL Negatif),🟠 Daralıyor,⚪Fiyat Alt_Orta Bant Aralığında,EMA100 Destek: 95.94 (%4.0 altta) | EMA55 Direnç: 103.82 (%3.9 üstte),-,-,35.65,42.7,13.57,-0.52,0
2026-07-31 21:53,TCKRC,140.0,🟢 Yükseliş Trendinde,⏳ BEKLE,-,-,-,-,🟡Fiyat Orta-Üst Bant Aralığında,EMA5 Destek: 137.54 (%1.8 altta),-,-,-,59.53,18.96,0.32,0
2026-07-31 21:53,TDGYO,16.58,🔴 Düşüş Trendinde,🟢 AL (Trend Onaylı),-,-,🟢 EMA Yükselişte (SSL Ok Bekleniyor),🚨 BB SIKIŞMA,🟡Fiyat Orta-Üst Bant Aralığında,EMA5 Destek: 15.99 (%3.5 altta) | EMA21 Direnç: 17.52 (%5.7 üstte),-,-,19.95,44.31,100.0,-0.2,0
2026-07-31 21:53,TEHOL,48.0,🟢 Yükseliş Trendinde,🟢 AL (Trend Onaylı),🟡 RİSKLİ AL (0 Üstü - Hacimsiz),🔴 ZİRVEDE,🟢 EMA Yükselişte (SSL Ok Bekleniyor),🟡 Normal Genişlik,🚨Fiyat Bandın Üzerinde!,EMA5 Destek: 42.58 (%11.3 altta),0.18-0.19 (%99.6 altta),-,245.14,79.93,100.0,0.98,0.16
2026-07-31 21:53,TEKTU,7.92,🔴 Düşüş Trendinde,🔴 SAT,-,-,⚠️ Yükseliş Trendinde Düzeltme (SSL Negatif),⚪ Yelpaze Açık,⚪Fiyat Alt_Orta Bant Aralığında,EMA200 Destek: 7.52 (%5.0 altta) | EMA5 Direnç: 8.72 (%10.1 üstte),-,-,5.28,40.04,1.0,-0.91,0
2026-07-31 21:53,TERA,180.0,🔴 Düşüş Trendinde,⏳ BEKLE,-,-,⚠️ Yükseliş Trendinde Düzeltme (SSL Negatif),⚪ Yelpaze Açık,⚪Fiyat Alt_Orta Bant Aralığında,EMA5 Destek: 170.58 (%5.2 altta) | EMA55 Direnç: 194.01 (%7.8 üstte),-,-,-,43.57,27.06,-0.87,0
2026-07-31 21:53,TEZOL,10.31,🔴 Düşüş Trendinde,🔴 SAT,-,🟢 POTANSİYEL DİP,⚠️ Yükseliş Trendinde Düzeltme (SSL Negatif),⚪ Yelpaze Açık,🚨Fiyat Bandın Altında!,EMA200 Direnç: 13.09 (%27.0 üstte),-,19.78-21.36 (%91.8 üstte),-21.25,26.72,0.14,-0.85,-19.82
2026-07-31 21:53,TGSAS,187.3,🔴 Düşüş Trendinde,⏳ BEKLE,-,-,🟢 EMA Yükselişte (SSL Ok Bekleniyor),🚨 BB SIKIŞMA,🚨Fiyat Bandın Üzerinde!,EMA5 Destek: 181.10 (%3.3 altta),-,-,96.81,60.26,98.62,0.63,0.12
2026-07-31 21:53,THYAO,314.0,🔴 Düşüş Trendinde,🔴 SAT,-,-,⚠️ Yükseliş Trendinde Düzeltme (SSL Negatif),🟡 Normal Genişlik,🟡Fiyat Orta-Üst Bant Aralığında,EMA21 Destek: 313.99 (%0.0 altta) | EMA5 Direnç: 320.58 (%2.1 üstte),-,-,35.28,50.88,40.91,0.59,0
2026-07-31 21:53,TKFEN,154.5,🟢 Yükseliş Trendinde,🟢 AL (Trend Onaylı),-,-,🟢 EMA Yükselişte (SSL Ok Bekleniyor),⚪ Yelpaze Açık,🟡Fiyat Orta-Üst Bant Aralığında,EMA5 Destek: 147.34 (%4.6 altta),-,-,116.51,68.47,28.27,0.32,0
2026-07-31 21:53,TKNSA,16.21,🔴 Düşüş Trendinde,🔴 SAT,-,🟢 POTANSİYEL DİP,🔴 Ayı Piyasası (EMA 50 En Altta),🟡 Normal Genişlik,🚨Fiyat Bandın Altında!,EMA5 Direnç: 17.80 (%9.8 üstte),-,36.56-40.38 (%125.5 üstte),-27.62,30.36,0.0,-0.95,-2.64
2026-07-31 21:53,TLMAN,78.3,🔴 Düşüş Trendinde,🔴 SAT,-,🟢 POTANSİYEL DİP,⚠️ Yükseliş Trendinde Düzeltme (SSL Negatif),⚪ Yelpaze Açık,🚨Fiyat Bandın Altında!,EMA200 Direnç: 80.08 (%2.3 üstte),72.65-78.80 (fiyat bandın içinde!),95.95-116.00 (%22.5 üstte),-2.23,33.51,2.02,-0.76,-2.36
2026-07-31 21:53,TMPOL,438.25,🔴 Düşüş Trendinde,⏳ BEKLE,-,-,⚠️ Yükseliş Trendinde Düzeltme (SSL Negatif),⚪ Yelpaze Açık,⚪Fiyat Alt_Orta Bant Aralığında,EMA5 Destek: 433.84 (%1.0 altta),66.90-85.40 (%80.5 altta),-,140.32,51.86,46.18,0.44,0
2026-07-31 21:53,TMSN,81.6,🔴 Düşüş Trendinde,🔴 SAT,-,-,"📉 Düşüş Hazırlığı (50<100 Kesti, 150 Bekleniyor)",⚪ Yelpaze Açık,⚪Fiyat Alt_Orta Bant Aralığında,EMA5 Direnç: 84.65 (%3.7 üstte),-,122.50-138.40 (%50.1 üstte),-8.42,31.7,0.0,-0.97,0
2026-07-31 21:53,TNZTP,28.32,🟢 Yükseliş Trendinde,🔥 GÜÇLÜ AL (Taze Kırılım),🚀 KUSURSUZ DÖNÜŞ (0 Altı + Hacim),-,🚀 ASIL SİNYAL: GÜÇLÜ AL (EMA Sıralı + SSL Onay),🟠 Daralıyor,🚨Fiyat Bandın Üzerinde!,EMA5 Destek: 25.69 (%9.3 altta),17.48-20.72 (%26.8 altta),-,-,61.04,50.19,-0.04,1.57
2026-07-31 21:53,TOASO,272.5,🟢 Yükseliş Trendinde,🔴 SAT,-,-,⚠️ Yükseliş Trendinde Düzeltme (SSL Negatif),🚨 BB SIKIŞMA,⚪Fiyat Alt_Orta Bant Aralığında,EMA55 Destek: 267.58 (%1.8 altta) | EMA5 Direnç: 289.91 (%6.4 üstte),-,-,36.99,44.63,5.47,-0.31,0
2026-07-31 21:53,TRALT,44.16,🔴 Düşüş Trendinde,🔴 SAT,🩸 SAT (Zirveden Dönüş),-,⚠️ Yükseliş Trendinde Düzeltme (SSL Negatif),🟡 Normal Genişlik,⚪Fiyat Alt_Orta Bant Aralığında,EMA55 Destek: 41.30 (%6.5 altta) | EMA21 Direnç: 46.91 (%6.2 üstte),-,-,58.96,47.99,35.54,0.59,0
2026-07-31 21:53,TRCAS,42.5,🔴 Düşüş Trendinde,⏳ BEKLE,-,-,⚠️ Yükseliş Trendinde Düzeltme (SSL Negatif),🚨 BB SIKIŞMA,⚪Fiyat Alt_Orta Bant Aralığında,EMA55 Destek: 39.68 (%6.6 altta) | EMA21 Direnç: 43.19 (%1.6 üstte),-,-,58.4,49.47,45.65,-0.51,0
2026-07-31 21:53,TRENJ,90.95,🔴 Düşüş Trendinde,🟢 AL (Trend Onaylı),-,-,⚠️ Yükseliş Trendinde Düzeltme (SSL Negatif),🚨 BB SIKIŞMA,⚪Fiyat Alt_Orta Bant Aralığında,EMA55 Destek: 85.55 (%5.9 altta) | EMA21 Direnç: 92.44 (%1.6 üstte),20.98-25.80 (%71.6 altta),-,59.17,49.4,68.57,0.39,0
2026-07-31 21:53,TRGYO,93.75,🟢 Yükseliş Trendinde,🔴 SAT,-,-,⚠️ Yükseliş Trendinde Düzeltme (SSL Negatif),🟡 Normal Genişlik,🟡Fiyat Orta-Üst Bant Aralığında,EMA21 Destek: 92.49 (%1.3 altta) | EMA5 Direnç: 96.64 (%3.1 üstte),-,-,88.83,55.51,9.12,0.25,0
2026-07-31 21:53,TRHOL,1854.0,🟢 Yükseliş Trendinde,🟢 AL (Trend Onaylı),-,-,🟢 EMA Yükselişte (SSL Ok Bekleniyor),🟡 Normal Genişlik,🟡Fiyat Orta-Üst Bant Aralığında,EMA5 Destek: 1724.60 (%7.0 altta),-,-,358.72,74.42,45.37,0.74,0
2026-07-31 21:53,TRILC,1.25,🔴 Düşüş Trendinde,⏳ BEKLE,-,-,🔴 Ayı Piyasası (EMA 50 En Altta),⚪ Yelpaze Açık,⚪Fiyat Alt_Orta Bant Aralığında,EMA5 Direnç: 1.35 (%8.1 üstte),-,3.38-4.62 (%170.1 üstte),-49.41,34.32,14.02,-0.87,0
2026-07-31 21:53,TRMET,124.5,🔴 Düşüş Trendinde,🟢 AL (Trend Onaylı),-,-,⚠️ Yükseliş Trendinde Düzeltme (SSL Negatif),⚪ Yelpaze Açık,🟡Fiyat Orta-Üst Bant Aralığında,EMA5 Destek: 124.48 (%0.0 altta),-,-,63.84,51.81,68.73,0.41,0
2026-07-31 21:53,TSGYO,5.61,🩸 SAT (Trend Kırıldı),🔴 SAT,-,🟢 POTANSİYEL DİP,🔴 Ayı Piyasası (EMA 50 En Altta),🚨 BB SIKIŞMA,🚨Fiyat Bandın Altında!,EMA5 Direnç: 6.14 (%9.4 üstte),-,6.76-7.14 (%20.5 üstte),-19.11,32.52,1.16,-0.68,-5.59
2026-07-31 21:53,TSKB,10.94,🩸 SAT (Trend Kırıldı),🔴 SAT,-,-,⚠️ Yükseliş Trendinde Düzeltme (SSL Negatif),🚨 BB SIKIŞMA,⚪Fiyat Alt_Orta Bant Aralığında,EMA200 Destek: 8.85 (%19.1 altta) | EMA100 Direnç: 11.30 (%3.3 üstte),-,-,23.55,42.64,28.97,-0.25,0
2026-07-31 21:53,TSPOR,0.93,🔴 Düşüş Trendinde,⏳ BEKLE,-,-,🔴 Ayı Piyasası (EMA 50 En Altta),🚨 BB SIKIŞMA,⚪Fiyat Alt_Orta Bant Aralığında,EMA5 Direnç: 0.93 (%0.5 üstte),0.72-0.75 (%19.4 altta),2.07-2.46 (%122.3 üstte),-33.29,43.08,62.39,-0.68,0
2026-07-31 21:53,TTKOM,51.0,🔴 Düşüş Trendinde,🔴 SAT,-,🟢 POTANSİYEL DİP,⚠️ Yükseliş Trendinde Düzeltme (SSL Negatif),⚪ Yelpaze Açık,🚨Fiyat Bandın Altında!,EMA200 Destek: 40.95 (%19.7 altta) | EMA100 Direnç: 53.80 (%5.5 üstte),-,-,24.54,34.19,0.7,-0.74,-4.57
2026-07-31 21:53,TTRAK,412.25,🔴 Düşüş Trendinde,🔴 SAT,-,🟢 POTANSİYEL DİP,🔴 Ayı Piyasası (EMA 50 En Altta),🚨 BB SIKIŞMA,⚪Fiyat Alt_Orta Bant Aralığında,EMA5 Direnç: 424.61 (%3.0 üstte),-,611.00-650.00 (%48.2 üstte),-11.25,33.65,13.65,-0.77,0
2026-07-31 21:53,TUCLK,3.85,🔴 Düşüş Trendinde,🔴 SAT,-,-,🔴 Ayı Piyasası (EMA 50 En Altta),🚨 BB SIKIŞMA,⚪Fiyat Alt_Orta Bant Aralığında,EMA5 Direnç: 3.94 (%2.4 üstte),-,10.99-13.30 (%185.5 üstte),-43.45,34.05,4.5,-0.86,0
2026-07-31 21:53,TUKAS,1.99,🔴 Düşüş Trendinde,🔴 SAT,-,🟢 POTANSİYEL DİP,🔴 Ayı Piyasası (EMA 50 En Altta),🟠 Daralıyor,🚨Fiyat Bandın Altında!,EMA5 Direnç: 2.12 (%6.4 üstte),-,6.72-7.28 (%237.7 üstte),-50.57,29.68,0.0,-0.97,-1.09
2026-07-31 21:53,TUPRS,295.25,🟢 Yükseliş Trendinde,🟢 AL (Trend Onaylı),-,-,🟢 EMA Yükselişte (SSL Ok Bekleniyor),⚪ Yelpaze Açık,🟡Fiyat Orta-Üst Bant Aralığında,EMA5 Destek: 282.00 (%4.5 altta),113.53-117.22 (%60.3 altta),-,114.48,67.39,84.23,0.44,0
2026-07-31 21:53,TUREX,6.7,🟢 Yükseliş Trendinde,⏳ BEKLE,🔴 ZAYIFLAMA (Zaten Dipte),-,🔴 Ayı Piyasası (EMA 50 En Altta),🟠 Daralıyor,⚪Fiyat Alt_Orta Bant Aralığında,EMA200 Direnç: 7.06 (%5.3 üstte),-,-,-5.07,40.42,24.77,-0.86,0
2026-07-31 21:53,TURGG,25.96,🔴 Düşüş Trendinde,🔴 SAT,-,-,⚠️ Yükseliş Trendinde Düzeltme (SSL Negatif),⚪ Yelpaze Açık,⚪Fiyat Alt_Orta Bant Aralığında,EMA200 Destek: 24.35 (%6.2 altta) | EMA5 Direnç: 27.17 (%4.7 üstte),23.46-28.75 (fiyat bandın içinde!),-,6.59,40.16,0.14,-0.87,0
2026-07-31 21:53,TURSG,6.29,🟢 Yükseliş Trendinde,⏳ BEKLE,-,-,⚠️ Yükseliş Trendinde Düzeltme (SSL Negatif),🚨 BB SIKIŞMA,⚪Fiyat Alt_Orta Bant Aralığında,EMA55 Destek: 5.91 (%6.0 altta) | EMA5 Direnç: 6.41 (%1.9 üstte),0.21-0.25 (%95.9 altta),-,72.57,48.67,34.58,-0.63,0
2026-07-31 21:53,UCAYM,25.86,🟢 Yükseliş Trendinde,🔴 SAT,-,-,-,-,⚪Fiyat Alt_Orta Bant Aralığında,EMA5 Direnç: 29.01 (%12.2 üstte),-,-,-,46.02,,-0.37,0
2026-07-31 21:53,UFUK,1776.0,🟢 Yükseliş Trendinde,🟢 AL (Trend Onaylı),-,-,🟢 EMA Yükselişte (SSL Ok Bekleniyor),🟠 Daralıyor,🟡Fiyat Orta-Üst Bant Aralığında,EMA5 Destek: 1689.95 (%4.8 altta),-,-,128.35,59.54,87.87,0.74,0
2026-07-31 21:53,ULAS,21.18,🔴 Düşüş Trendinde,⏳ BEKLE,🔴 ZAYIFLAMA (Zaten Dipte),-,⚠️ Yükseliş Trendinde Düzeltme (SSL Negatif),⚪ Yelpaze Açık,⚪Fiyat Alt_Orta Bant Aralığında,EMA200 Direnç: 21.27 (%0.4 üstte),-,-,-0.43,28.92,2.57,-0.97,0
2026-07-31 21:53,ULKER,86.3,🔴 Düşüş Trendinde,🔴 SAT,-,🟢 POTANSİYEL DİP,⚠️ Yükseliş Trendinde Düzeltme (SSL Negatif),⚪ Yelpaze Açık,🚨Fiyat Bandın Altında!,EMA200 Destek: 81.38 (%5.7 altta) | EMA5 Direnç: 94.11 (%9.1 üstte),12.08-13.37 (%84.5 altta),-,6.04,30.4,1.75,-0.97,-3.21
2026-07-31 21:53,ULUFA,1.69,🔴 Düşüş Trendinde,🔴 SAT,-,-,⚠️ Yükseliş Trendinde Düzeltme (SSL Negatif),⚪ Yelpaze Açık,⚪Fiyat Alt_Orta Bant Aralığında,EMA100 Destek: 1.62 (%4.2 altta) | EMA5 Direnç: 1.75 (%3.5 üstte),-,-,44.12,40.68,3.6,-0.94,0
2026-07-31 21:53,ULUSE,261.0,🟢 Yükseliş Trendinde,🔴 SAT,-,-,⚠️ Yükseliş Trendinde Düzeltme (SSL Negatif),⚪ Yelpaze Açık,⚪Fiyat Alt_Orta Bant Aralığında,EMA55 Destek: 225.66 (%13.5 altta) | EMA21 Direnç: 267.59 (%2.5 üstte),122.00-131.50 (%49.6 altta),-,47.04,50.83,8.96,0.2,0
2026-07-31 21:53,ULUUN,8.06,🟢 Yükseliş Trendinde,🔴 SAT,🔴 ZAYIFLAMA (Zaten Dipte),-,⚠️ Yükseliş Trendinde Düzeltme (SSL Negatif),⚪ Yelpaze Açık,⚪Fiyat Alt_Orta Bant Aralığında,EMA55 Destek: 7.93 (%1.6 altta) | EMA21 Direnç: 8.58 (%6.5 üstte),5.35-6.85 (%15.0 altta),-,19.72,47.02,24.2,-0.07,0
2026-07-31 21:53,UMPAS,9.3,🔴 Düşüş Trendinde,⏳ BEKLE,-,-,🟢 EMA Yükselişte (SSL Ok Bekleniyor),🚨 BB SIKIŞMA,🚨Fiyat Bandın Altında!,EMA100 Destek: 9.11 (%2.1 altta) | EMA5 Direnç: 9.30 (%0.0 üstte),-,11.40-14.35 (%22.6 üstte),26.32,41.55,100.0,0.0,0.0
2026-07-31 21:53,UNLU,11.12,🔴 Düşüş Trendinde,🔴 SAT,-,🟢 POTANSİYEL DİP,"📉 Düşüş Hazırlığı (50<100 Kesti, 150 Bekleniyor)",🟡 Normal Genişlik,🚨Fiyat Bandın Altında!,EMA5 Direnç: 11.91 (%7.1 üstte),-,13.23-14.50 (%19.0 üstte),-13.21,33.97,0.0,-0.83,-2.63
2026-07-31 21:53,USAK,1.31,🔴 Düşüş Trendinde,🔴 SAT,-,🟢 POTANSİYEL DİP,🔴 Ayı Piyasası (EMA 50 En Altta),🚨 BB SIKIŞMA,⚪Fiyat Alt_Orta Bant Aralığında,EMA5 Direnç: 1.40 (%6.8 üstte),0.27-0.31 (%76.5 altta),4.97-6.62 (%279.4 üstte),-37.47,29.25,7.81,-0.95,0
2026-07-31 21:53,VAKBN,29.22,🔴 Düşüş Trendinde,🔴 SAT,-,-,⚠️ Yükseliş Trendinde Düzeltme (SSL Negatif),🚨 BB SIKIŞMA,⚪Fiyat Alt_Orta Bant Aralığında,EMA100 Destek: 27.52 (%5.8 altta) | EMA55 Direnç: 30.43 (%4.1 üstte),-,-,39.75,41.92,6.75,-0.19,0
2026-07-31 21:53,VAKFA,10.81,🟢 Yükseliş Trendinde,🔴 SAT,-,🟢 POTANSİYEL DİP,-,-,🚨Fiyat Bandın Altında!,EMA5 Direnç: 11.46 (%6.0 üstte),-,-,-,30.86,1.21,-0.9,-0.03
2026-07-31 21:53,VAKFN,1.21,🔴 Düşüş Trendinde,🔴 SAT,-,🟢 POTANSİYEL DİP,⚠️ Yükseliş Trendinde Düzeltme (SSL Negatif),⚪ Yelpaze Açık,🚨Fiyat Bandın Altında!,EMA200 Destek: 1.10 (%8.7 altta) | EMA5 Direnç: 1.28 (%6.1 üstte),0.81-0.92 (%23.8 altta),1.48-1.62 (%22.6 üstte),9.57,29.45,0.0,-0.94,-0.58
2026-07-31 21:53,VAKKO,66.4,🟢 Yükseliş Trendinde,🔴 SAT,-,-,⚠️ Yükseliş Trendinde Düzeltme (SSL Negatif),🟡 Normal Genişlik,⚪Fiyat Alt_Orta Bant Aralığında,EMA200 Destek: 57.14 (%13.9 altta) | EMA100 Direnç: 67.22 (%1.2 üstte),52.59-57.37 (%13.6 altta),-,16.21,42.86,3.51,-0.88,0
2026-07-31 21:53,VANGD,89.6,🟢 Yükseliş Trendinde,🔴 SAT,-,-,⚠️ Yükseliş Trendinde Düzeltme (SSL Negatif),🟠 Daralıyor,🟡Fiyat Orta-Üst Bant Aralığında,EMA21 Destek: 85.41 (%4.7 altta) | EMA5 Direnç: 91.81 (%2.5 üstte),-,-,145.69,55.39,2.49,0.22,0
2026-07-31 21:53,VBTYZ,30.6,🟢 Yükseliş Trendinde,🟢 AL (Trend Onaylı),-,-,🟢 EMA Yükselişte (SSL Ok Bekleniyor),⚪ Yelpaze Açık,🟡Fiyat Orta-Üst Bant Aralığında,EMA21 Destek: 26.85 (%12.2 altta) | EMA5 Direnç: 30.90 (%1.0 üstte),-,-,59.93,59.41,40.0,0.83,0
2026-07-31 21:53,VERTU,36.0,🔴 Düşüş Trendinde,🔴 SAT,-,-,⚠️ Yükseliş Trendinde Düzeltme (SSL Negatif),🚨 BB SIKIŞMA,🚨Fiyat Bandın Altında!,EMA200 Direnç: 36.62 (%1.7 üstte),20.39-22.44 (%37.7 altta),-,-1.68,40.48,2.65,-0.55,-0.19
2026-07-31 21:53,VERUS,515.5,🔴 Düşüş Trendinde,🔴 SAT,-,-,⚠️ Yükseliş Trendinde Düzeltme (SSL Negatif),⚪ Yelpaze Açık,⚪Fiyat Alt_Orta Bant Aralığında,EMA5 Destek: 499.35 (%3.1 altta),11.99-137.23 (%73.4 altta),-,92.79,54.27,32.13,-0.33,0
2026-07-31 21:53,VESBE,5.75,🔴 Düşüş Trendinde,🔴 SAT,-,🟢 POTANSİYEL DİP,🩸 ASIL SİNYAL: GÜÇLÜ SAT (EMA Çöktü + SSL Onay),🟡 Normal Genişlik,🚨Fiyat Bandın Altında!,EMA5 Direnç: 6.13 (%6.6 üstte),-,17.31-18.83 (%201.0 üstte),-46.23,31.76,47.02,-0.87,-0.71
2026-07-31 21:53,VESTL,22.8,🔴 Düşüş Trendinde,🔴 SAT,-,🟢 POTANSİYEL DİP,🩸 ASIL SİNYAL: GÜÇLÜ SAT (EMA Çöktü + SSL Onay),🟠 Daralıyor,⚪Fiyat Alt_Orta Bant Aralığında,EMA5 Direnç: 24.32 (%6.7 üstte),-,62.00-73.15 (%171.9 üstte),-45.4,33.53,40.93,-0.81,0
2026-07-31 21:53,VKFYO,23.9,🔴 Düşüş Trendinde,🔴 SAT,🔴 ZAYIFLAMA (Zaten Dipte),-,⚠️ Yükseliş Trendinde Düzeltme (SSL Negatif),⚪ Yelpaze Açık,⚪Fiyat Alt_Orta Bant Aralığında,EMA200 Destek: 21.38 (%10.5 altta) | EMA5 Direnç: 26.08 (%9.1 üstte),15.62-17.18 (%28.1 altta),-,11.79,38.63,8.45,-0.93,0
2026-07-31 21:53,VKGYO,2.49,🟢 Yükseliş Trendinde,🔴 SAT,-,-,⚠️ Yükseliş Trendinde Düzeltme (SSL Negatif),🚨 BB SIKIŞMA,🚨Fiyat Bandın Altında!,EMA100 Destek: 2.32 (%6.9 altta) | EMA55 Direnç: 2.52 (%1.3 üstte),-,-,31.73,43.05,11.33,-0.42,-0.32
2026-07-31 21:53,VKING,23.12,🔴 Düşüş Trendinde,🔴 SAT,-,-,🔴 Ayı Piyasası (EMA 50 En Altta),🚨 BB SIKIŞMA,⚪Fiyat Alt_Orta Bant Aralığında,EMA5 Direnç: 23.86 (%3.2 üstte),-,-,-14.5,39.21,29.04,-0.81,0
2026-07-31 21:53,VRGYO,1.79,🔴 Düşüş Trendinde,🔴 SAT,-,🟢 POTANSİYEL DİP,-,🟠 Daralıyor,🚨Fiyat Bandın Altında!,EMA5 Direnç: 1.93 (%7.7 üstte),-,-,-,31.39,0.0,-0.94,-0.83
2026-07-31 21:53,VSNMD,77.0,🔴 Düşüş Trendinde,🔴 SAT,-,-,-,-,⚪Fiyat Alt_Orta Bant Aralığında,EMA5 Direnç: 81.97 (%6.5 üstte),-,89.50-106.70 (%16.2 üstte),-,41.25,22.9,-0.24,0
2026-07-31 21:53,YAPRK,10.38,🟢 Yükseliş Trendinde,🔴 SAT,-,-,"📉 Düşüş Hazırlığı (50<100 Kesti, 150 Bekleniyor)",⚪ Yelpaze Açık,⚪Fiyat Alt_Orta Bant Aralığında,EMA5 Direnç: 11.13 (%7.2 üstte),-,-,-10.42,37.14,0.0,-0.97,0
2026-07-31 21:53,YATAS,32.74,🔴 Düşüş Trendinde,🔴 SAT,-,🟢 POTANSİYEL DİP,⚠️ Yükseliş Trendinde Düzeltme (SSL Negatif),⚪ Yelpaze Açık,🚨Fiyat Bandın Altında!,EMA200 Destek: 30.85 (%5.8 altta) | EMA100 Direnç: 35.36 (%8.0 üstte),23.56-29.48 (%10.0 altta),-,6.12,34.95,0.0,-0.89,-3.8
2026-07-31 21:53,YAYLA,20.86,🔴 Düşüş Trendinde,🔴 SAT,-,-,⚠️ Yükseliş Trendinde Düzeltme (SSL Negatif),🟡 Normal Genişlik,⚪Fiyat Alt_Orta Bant Aralığında,EMA200 Destek: 18.08 (%13.3 altta) | EMA5 Direnç: 22.78 (%9.2 üstte),11.51-14.00 (%32.9 altta),-,15.35,37.26,14.11,-0.91,0
2026-07-31 21:53,YBTAS,14.24,🔴 Düşüş Trendinde,🔴 SAT,-,🟢 POTANSİYEL DİP,🔴 Ayı Piyasası (EMA 50 En Altta),🟠 Daralıyor,⚪Fiyat Alt_Orta Bant Aralığında,EMA5 Direnç: 15.19 (%6.6 üstte),-,35.33-43.15 (%148.1 üstte),-45.1,29.71,0.15,-0.91,0
2026-07-31 21:53,YEOTK,39.0,🩸 SAT (Trend Kırıldı),🔴 SAT,-,-,⚠️ Yükseliş Trendinde Düzeltme (SSL Negatif),⚪ Yelpaze Açık,⚪Fiyat Alt_Orta Bant Aralığında,EMA200 Direnç: 44.84 (%15.0 üstte),34.80-37.46 (%3.9 altta),-,-13.02,34.92,6.44,-0.16,0
2026-07-31 21:53,YESIL,1.24,🔴 Düşüş Trendinde,🔴 SAT,-,-,🔴 Ayı Piyasası (EMA 50 En Altta),🚨 BB SIKIŞMA,⚪Fiyat Alt_Orta Bant Aralığında,EMA5 Direnç: 1.30 (%5.1 üstte),-,4.52-5.46 (%264.5 üstte),-50.17,33.83,6.54,-0.96,0
2026-07-31 21:53,YGGYO,211.5,🟢 Yükseliş Trendinde,🔴 SAT,-,-,⚠️ Yükseliş Trendinde Düzeltme (SSL Negatif),🚨 BB SIKIŞMA,⚪Fiyat Alt_Orta Bant Aralığında,EMA55 Destek: 168.38 (%20.4 altta) | EMA21 Direnç: 211.58 (%0.0 üstte),-,-,136.13,53.27,0.72,-0.54,0
2026-07-31 21:53,YIGIT,20.62,🔴 Düşüş Trendinde,🔴 SAT,-,-,-,-,🚨Fiyat Bandın Altında!,EMA5 Direnç: 21.87 (%6.1 üstte),-,33.40-38.88 (%62.0 üstte),-,38.11,0.0,-0.81,-0.64
2026-07-31 21:53,YKBNK,32.76,🟢 Yükseliş Trendinde,🔴 SAT,-,-,⚠️ Yükseliş Trendinde Düzeltme (SSL Negatif),🟡 Normal Genişlik,⚪Fiyat Alt_Orta Bant Aralığında,EMA100 Destek: 32.13 (%1.9 altta) | EMA5 Direnç: 34.38 (%4.9 üstte),27.14-30.88 (%5.7 altta),-,33.8,43.67,4.68,-0.24,0
2026-07-31 21:53,YKSLN,2.89,🔴 Düşüş Trendinde,🔴 SAT,-,🟢 POTANSİYEL DİP,🔴 Ayı Piyasası (EMA 50 En Altta),🟠 Daralıyor,🚨Fiyat Bandın Altında!,EMA5 Direnç: 3.10 (%7.3 üstte),-,6.71-9.39 (%132.2 üstte),-43.98,34.04,33.84,-0.75,-2.58
2026-07-31 21:53,YONGA,51.0,🔴 Düşüş Trendinde,🔴 SAT,-,-,"📉 Düşüş Hazırlığı (50<100 Kesti, 150 Bekleniyor)",🚨 BB SIKIŞMA,⚪Fiyat Alt_Orta Bant Aralığında,EMA5 Direnç: 51.24 (%0.5 üstte),-,59.95-71.00 (%17.5 üstte),-1.43,42.0,10.66,-0.81,0
2026-07-31 21:53,YUNSA,8.8,🟢 Yükseliş Trendinde,🔴 SAT,-,-,⚠️ Yükseliş Trendinde Düzeltme (SSL Negatif),⚪ Yelpaze Açık,⚪Fiyat Alt_Orta Bant Aralığında,EMA55 Destek: 8.31 (%5.6 altta) | EMA5 Direnç: 9.09 (%3.2 üstte),4.51-5.12 (%41.8 altta),10.66-12.89 (%21.1 üstte),35.26,48.41,0.0,-0.13,0
2026-07-31 21:53,YYAPI,0.87,🔴 Düşüş Trendinde,⏳ BEKLE,-,-,🔴 Ayı Piyasası (EMA 50 En Altta),🟡 Normal Genişlik,⚪Fiyat Alt_Orta Bant Aralığında,EMA5 Direnç: 0.90 (%3.0 üstte),-,-,-34.48,32.9,23.59,-0.91,0
2026-07-31 21:53,YYLGD,9.76,🔴 Düşüş Trendinde,🔴 SAT,-,-,🔴 Ayı Piyasası (EMA 50 En Altta),🟠 Daralıyor,🚨Fiyat Bandın Altında!,EMA5 Direnç: 10.46 (%7.2 üstte),8.40-10.32 (fiyat bandın içinde!),-,-18.35,35.56,0.0,-0.92,-3.18
2026-07-31 21:53,ZEDUR,7.8,🩸 SAT (Trend Kırıldı),🔴 SAT,-,-,⚠️ Yükseliş Trendinde Düzeltme (SSL Negatif),⚪ Yelpaze Açık,⚪Fiyat Alt_Orta Bant Aralığında,EMA200 Destek: 7.77 (%0.4 altta) | EMA5 Direnç: 8.51 (%9.1 üstte),7.75-8.38 (fiyat bandın içinde!),14.18-18.70 (%81.9 üstte),0.42,38.75,0.0,-0.73,0
2026-07-31 21:53,ZERGY,9.1,🔴 Düşüş Trendinde,🔴 SAT,-,-,-,-,⚪Fiyat Alt_Orta Bant Aralığında,EMA5 Direnç: 10.38 (%14.1 üstte),-,-,-,36.77,1.25,-0.93,0
2026-07-31 21:53,ZGYO,34.8,🟢 Yükseliş Trendinde,🔴 SAT,-,-,-,-,🟡Fiyat Orta-Üst Bant Aralığında,EMA21 Destek: 33.08 (%5.0 altta) | EMA5 Direnç: 36.90 (%6.0 üstte),-,-,-,60.37,14.4,0.48,0
2026-07-31 21:53,ZOREN,2.33,🔴 Düşüş Trendinde,🔴 SAT,-,🟢 POTANSİYEL DİP,🔴 Ayı Piyasası (EMA 50 En Altta),⚪ Yelpaze Açık,🚨Fiyat Bandın Altında!,EMA5 Direnç: 2.57 (%10.3 üstte),-,4.28-4.53 (%83.7 üstte),-28.48,28.97,0.0,-0.94,-4.76
2026-07-31 21:53,ZRGYO,18.7,🔴 Düşüş Trendinde,🟢 AL (Trend Onaylı),-,-,🟢 EMA Yükselişte (SSL Ok Bekleniyor),⚪ Yelpaze Açık,⚪Fiyat Alt_Orta Bant Aralığında,EMA100 Destek: 18.42 (%1.5 altta) | EMA21 Direnç: 19.24 (%2.9 üstte),-,23.74-25.73 (%26.9 üstte),39.17,44.77,66.47,-0.49,0
