Tarih,Varlık,Fiyat,Supertrend_Sinyal,Tilson_Sinyal,Hacim_SMI,Kombine_Dip,SSL&EMA_Sinyal,BB_Sikisma,BB_Fiyat_Durum,Destek_Direnc,Alim_Bandi,Satim_Bandi,EMA_200_Durumu,RSI,StochRSI,TSI,BB_Bant_Durum
2026-07-20 15:58,AHSGY,20.76,🟢 Yükseliş Trendinde,⏳ BEKLE,-,-,🚀 ASIL SİNYAL: GÜÇLÜ AL (EMA Sıralı + SSL Onay),⚪ Yelpaze Açık,🟡Fiyat Orta-Üst Bant Aralığında,EMA5 Destek: 20.38 (%1.9 altta),17.24-19.48 (%6.2 altta),24.19-26.14 (%16.5 üstte),19.04,54.25,44.74,-0.25,
2026-07-20 15:58,ASELS,359.5,🔴 Düşüş Trendinde,🔴 SAT,-,-,⚠️ Yükseliş Trendinde Düzeltme (SSL Negatif),⚪ Yelpaze Açık,⚪Fiyat Alt_Orta Bant Aralığında,EMA5 Destek: 356.96 (%0.7 altta) | EMA100 Direnç: 360.33 (%0.2 üstte),171.28-177.57 (%50.6 altta),-,17.48,45.32,33.92,-0.48,
2026-07-20 15:58,BIMAS,398.75,🟢 Yükseliş Trendinde,🟢 AL (Trend Onaylı),-,-,🟢 EMA Yükselişte (SSL Ok Bekleniyor),🟡 Normal Genişlik,🚨Fiyat Bandın Üzerinde!,EMA5 Destek: 388.75 (%2.5 altta),236.44-244.88 (%38.6 altta),-,20.65,61.79,89.37,0.86,
2026-07-20 15:58,ENJSA,106.1,🔴 Düşüş Trendinde,🔥 GÜÇLÜ AL (Taze Kırılım),-,-,🚀 ASIL SİNYAL: GÜÇLÜ AL (EMA Sıralı + SSL Onay),🚨 BB SIKIŞMA,🟡Fiyat Orta-Üst Bant Aralığında,EMA21 Destek: 104.21 (%1.8 altta) | EMA100 Direnç: 106.41 (%0.3 üstte),-,-,10.35,52.84,81.87,-0.05,
2026-07-20 15:58,ENKAI,90.45,🔴 Düşüş Trendinde,🟢 AL (Trend Onaylı),-,-,🟢 EMA Yükselişte (SSL Ok Bekleniyor),🚨 BB SIKIŞMA,⚪Fiyat Alt_Orta Bant Aralığında,EMA200 Destek: 86.41 (%4.5 altta) | EMA5 Direnç: 90.61 (%0.2 üstte),-,110.50-113.50 (%22.2 üstte),4.68,45.06,76.73,-0.43,
2026-07-20 15:58,GLRMK,161.8,🔴 Düşüş Trendinde,🔥 GÜÇLÜ AL (Taze Kırılım),-,-,🔴 Ayı Piyasası (EMA 50 En Altta),🟠 Daralıyor,⚪Fiyat Alt_Orta Bant Aralığında,EMA5 Destek: 161.69 (%0.1 altta) | EMA21 Direnç: 166.67 (%3.0 üstte),150.00-161.40 (%0.2 altta),195.30-205.40 (%20.7 üstte),-8.78,41.08,88.85,-0.76,
2026-07-20 15:58,IZENR,9.08,🔴 Düşüş Trendinde,🔥 GÜÇLÜ AL (Taze Kırılım),-,-,🔴 Ayı Piyasası (EMA 50 En Altta),⚪ Yelpaze Açık,⚪Fiyat Alt_Orta Bant Aralığında,EMA5 Destek: 8.89 (%2.1 altta) | EMA21 Direnç: 9.40 (%3.5 üstte),-,-,-6.99,42.68,56.9,-0.71,
2026-07-20 15:58,MGROS,655.5,🔴 Düşüş Trendinde,🔥 GÜÇLÜ AL (Taze Kırılım),-,-,🟢 EMA Yükselişte (SSL Ok Bekleniyor),⚪ Yelpaze Açık,🟡Fiyat Orta-Üst Bant Aralığında,EMA55 Destek: 653.76 (%0.3 altta),415.39-429.68 (%34.4 altta),693.50-706.00 (%5.8 üstte),10.46,51.68,73.95,-0.44,
2026-07-20 15:58,MIATK,33.1,🔴 Düşüş Trendinde,🔥 GÜÇLÜ AL (Taze Kırılım),-,-,🔴 Ayı Piyasası (EMA 50 En Altta),⚪ Yelpaze Açık,⚪Fiyat Alt_Orta Bant Aralığında,EMA5 Direnç: 33.53 (%1.3 üstte),-,-,-18.33,34.2,80.8,-0.61,
2026-07-20 15:58,MPARK,428.25,🔴 Düşüş Trendinde,🔥 GÜÇLÜ AL (Taze Kırılım),-,-,🟢 EMA Yükselişte (SSL Ok Bekleniyor),🟠 Daralıyor,🟡Fiyat Orta-Üst Bant Aralığında,EMA21 Destek: 426.92 (%0.3 altta) | EMA100 Direnç: 435.16 (%1.6 üstte),-,-,4.39,49.31,81.88,-0.3,
2026-07-20 15:58,OBAMS,5.33,🔴 Düşüş Trendinde,⏳ BEKLE,-,-,🔴 Ayı Piyasası (EMA 50 En Altta),⚪ Yelpaze Açık,⚪Fiyat Alt_Orta Bant Aralığında,EMA5 Destek: 5.31 (%0.4 altta) | EMA21 Direnç: 5.85 (%9.7 üstte),-,8.39-8.75 (%57.4 üstte),-28.89,28.47,96.34,-0.84,
2026-07-20 15:58,OYAKC,20.38,🔴 Düşüş Trendinde,🔥 GÜÇLÜ AL (Taze Kırılım),-,-,🔴 Ayı Piyasası (EMA 50 En Altta),🚨 BB SIKIŞMA,⚪Fiyat Alt_Orta Bant Aralığında,EMA5 Destek: 20.23 (%0.7 altta) | EMA21 Direnç: 20.54 (%0.8 üstte),-,-,-9.07,45.55,79.89,-0.62,
2026-07-20 15:58,TCELL,110.8,🟢 Yükseliş Trendinde,🟢 AL (Trend Onaylı),-,-,🟢 EMA Yükselişte (SSL Ok Bekleniyor),🚨 BB SIKIŞMA,🟡Fiyat Orta-Üst Bant Aralığında,EMA5 Destek: 109.78 (%0.9 altta),-,119.50-123.40 (%7.9 üstte),5.52,53.44,75.78,0.45,
2026-07-20 15:58,ULKER,97.9,🔴 Düşüş Trendinde,🔥 GÜÇLÜ AL (Taze Kırılım),-,-,🔴 Ayı Piyasası (EMA 50 En Altta),⚪ Yelpaze Açık,⚪Fiyat Alt_Orta Bant Aralığında,EMA5 Destek: 97.79 (%0.1 altta) | EMA21 Direnç: 100.56 (%2.7 üstte),-,-,-10.02,37.12,86.41,-0.57,
2026-07-20 19:05,AHSGY,20.5,🟢 Yükseliş Trendinde,⏳ BEKLE,-,-,🚀 ASIL SİNYAL: GÜÇLÜ AL (EMA Sıralı + SSL Onay),⚪ Yelpaze Açık,🟡Fiyat Orta-Üst Bant Aralığında,EMA5 Destek: 20.29 (%1.0 altta),17.24-19.48 (%5.0 altta),24.19-26.14 (%18.0 üstte),17.57,52.66,41.72,-0.29,
2026-07-20 19:05,ASELS,354.5,🔴 Düşüş Trendinde,🔴 SAT,-,-,⚠️ Yükseliş Trendinde Düzeltme (SSL Negatif),⚪ Yelpaze Açık,⚪Fiyat Alt_Orta Bant Aralığında,EMA200 Destek: 305.97 (%13.7 altta) | EMA5 Direnç: 355.29 (%0.2 üstte),171.28-177.57 (%49.9 altta),-,15.86,43.28,30.62,-0.51,
2026-07-20 19:05,BIMAS,400.0,🟢 Yükseliş Trendinde,🟢 AL (Trend Onaylı),-,-,🟢 EMA Yükselişte (SSL Ok Bekleniyor),🟡 Normal Genişlik,🚨Fiyat Bandın Üzerinde!,EMA5 Destek: 389.17 (%2.7 altta),236.44-244.88 (%38.8 altta),-,21.02,62.29,89.98,0.86,
2026-07-20 19:05,ENJSA,106.8,🔴 Düşüş Trendinde,🔥 GÜÇLÜ AL (Taze Kırılım),-,-,🚀 ASIL SİNYAL: GÜÇLÜ AL (EMA Sıralı + SSL Onay),🚨 BB SIKIŞMA,🟡Fiyat Orta-Üst Bant Aralığında,EMA100 Destek: 106.42 (%0.4 altta) | EMA55 Direnç: 107.23 (%0.4 üstte),-,-,11.07,54.26,81.87,0.0,
2026-07-20 19:05,ENKAI,89.7,🔴 Düşüş Trendinde,⏳ BEKLE,-,-,🟢 EMA Yükselişte (SSL Ok Bekleniyor),🚨 BB SIKIŞMA,⚪Fiyat Alt_Orta Bant Aralığında,EMA200 Destek: 86.40 (%3.7 altta) | EMA5 Direnç: 90.36 (%0.7 üstte),-,110.50-113.50 (%23.2 üstte),3.82,43.28,71.56,-0.48,
2026-07-20 19:05,GLRMK,159.8,🔴 Düşüş Trendinde,⏳ BEKLE,-,-,🔴 Ayı Piyasası (EMA 50 En Altta),🟠 Daralıyor,⚪Fiyat Alt_Orta Bant Aralığında,EMA5 Direnç: 161.03 (%0.8 üstte),150.00-161.40 (fiyat bandın içinde!),195.30-205.40 (%22.2 üstte),-9.9,38.69,83.04,-0.8,
2026-07-20 19:05,IZENR,9.35,🔴 Düşüş Trendinde,🔥 GÜÇLÜ AL (Taze Kırılım),-,-,"📉 Düşüş Hazırlığı (50<100 Kesti, 150 Bekleniyor)",⚪ Yelpaze Açık,⚪Fiyat Alt_Orta Bant Aralığında,EMA5 Destek: 8.98 (%3.9 altta) | EMA21 Direnç: 9.42 (%0.8 üstte),-,-,-4.25,46.77,61.58,-0.68,
2026-07-20 19:05,MGROS,649.5,🔴 Düşüş Trendinde,🔥 GÜÇLÜ AL (Taze Kırılım),-,-,⚠️ Yükseliş Trendinde Düzeltme (SSL Negatif),⚪ Yelpaze Açık,⚪Fiyat Alt_Orta Bant Aralığında,EMA21 Destek: 646.89 (%0.4 altta) | EMA55 Direnç: 653.55 (%0.6 üstte),415.39-429.68 (%33.8 altta),693.50-706.00 (%6.8 üstte),9.46,49.64,73.95,-0.5,
2026-07-20 19:05,MIATK,32.64,🔴 Düşüş Trendinde,⏳ BEKLE,-,-,🔴 Ayı Piyasası (EMA 50 En Altta),⚪ Yelpaze Açık,⚪Fiyat Alt_Orta Bant Aralığında,EMA5 Direnç: 33.38 (%2.3 üstte),-,-,-19.46,33.28,78.96,-0.63,
2026-07-20 19:05,MPARK,428.5,🔴 Düşüş Trendinde,🔥 GÜÇLÜ AL (Taze Kırılım),-,-,🟢 EMA Yükselişte (SSL Ok Bekleniyor),🟠 Daralıyor,🟡Fiyat Orta-Üst Bant Aralığında,EMA21 Destek: 426.94 (%0.4 altta) | EMA100 Direnç: 435.16 (%1.6 üstte),-,-,4.45,49.42,81.88,-0.29,
2026-07-20 19:05,OBAMS,5.32,🔴 Düşüş Trendinde,⏳ BEKLE,-,-,🔴 Ayı Piyasası (EMA 50 En Altta),⚪ Yelpaze Açık,⚪Fiyat Alt_Orta Bant Aralığında,EMA5 Destek: 5.31 (%0.2 altta) | EMA21 Direnç: 5.84 (%9.9 üstte),-,8.39-8.75 (%57.7 üstte),-29.02,28.08,96.34,-0.85,
2026-07-20 19:05,OYAKC,20.26,🔴 Düşüş Trendinde,🔥 GÜÇLÜ AL (Taze Kırılım),-,-,🔴 Ayı Piyasası (EMA 50 En Altta),🚨 BB SIKIŞMA,⚪Fiyat Alt_Orta Bant Aralığında,EMA5 Destek: 20.19 (%0.3 altta) | EMA21 Direnç: 20.53 (%1.3 üstte),-,-,-9.6,43.77,74.01,-0.66,
2026-07-20 19:05,TCELL,109.6,🟢 Yükseliş Trendinde,🟢 AL (Trend Onaylı),-,-,⚠️ Yükseliş Trendinde Düzeltme (SSL Negatif),🚨 BB SIKIŞMA,🟡Fiyat Orta-Üst Bant Aralığında,EMA55 Destek: 109.53 (%0.1 altta),-,119.50-123.40 (%9.0 üstte),4.39,51.13,71.28,0.39,
2026-07-20 19:05,ULKER,97.55,🔴 Düşüş Trendinde,⏳ BEKLE,-,-,🔴 Ayı Piyasası (EMA 50 En Altta),⚪ Yelpaze Açık,⚪Fiyat Alt_Orta Bant Aralığında,EMA5 Direnç: 97.67 (%0.1 üstte),-,-,-10.34,36.34,84.33,-0.59,
2026-07-20 22:10,AHSGY,20.5,🟢 Yükseliş Trendinde,⏳ BEKLE,-,-,🚀 ASIL SİNYAL: GÜÇLÜ AL (EMA Sıralı + SSL Onay),⚪ Yelpaze Açık,🟡Fiyat Orta-Üst Bant Aralığında,EMA5 Destek: 20.29 (%1.0 altta),17.24-19.48 (%5.0 altta),24.19-26.14 (%18.0 üstte),17.57,52.66,41.72,-0.29,
2026-07-20 22:10,ASELS,354.5,🔴 Düşüş Trendinde,🔴 SAT,-,-,⚠️ Yükseliş Trendinde Düzeltme (SSL Negatif),⚪ Yelpaze Açık,⚪Fiyat Alt_Orta Bant Aralığında,EMA200 Destek: 305.97 (%13.7 altta) | EMA5 Direnç: 355.29 (%0.2 üstte),171.28-177.57 (%49.9 altta),-,15.86,43.28,30.62,-0.51,
2026-07-20 22:10,BIMAS,400.0,🟢 Yükseliş Trendinde,🟢 AL (Trend Onaylı),-,-,🟢 EMA Yükselişte (SSL Ok Bekleniyor),🟡 Normal Genişlik,🚨Fiyat Bandın Üzerinde!,EMA5 Destek: 389.17 (%2.7 altta),236.44-244.88 (%38.8 altta),-,21.02,62.29,89.98,0.86,
2026-07-20 22:10,ENJSA,106.8,🔴 Düşüş Trendinde,🔥 GÜÇLÜ AL (Taze Kırılım),-,-,🚀 ASIL SİNYAL: GÜÇLÜ AL (EMA Sıralı + SSL Onay),🚨 BB SIKIŞMA,🟡Fiyat Orta-Üst Bant Aralığında,EMA100 Destek: 106.42 (%0.4 altta) | EMA55 Direnç: 107.23 (%0.4 üstte),-,-,11.07,54.26,81.87,0.0,
2026-07-20 22:10,ENKAI,89.7,🔴 Düşüş Trendinde,⏳ BEKLE,-,-,🟢 EMA Yükselişte (SSL Ok Bekleniyor),🚨 BB SIKIŞMA,⚪Fiyat Alt_Orta Bant Aralığında,EMA200 Destek: 86.40 (%3.7 altta) | EMA5 Direnç: 90.36 (%0.7 üstte),-,110.50-113.50 (%23.2 üstte),3.82,43.28,71.56,-0.48,
2026-07-20 22:10,GLRMK,159.8,🔴 Düşüş Trendinde,⏳ BEKLE,-,-,🔴 Ayı Piyasası (EMA 50 En Altta),🟠 Daralıyor,⚪Fiyat Alt_Orta Bant Aralığında,EMA5 Direnç: 161.03 (%0.8 üstte),150.00-161.40 (fiyat bandın içinde!),195.30-205.40 (%22.2 üstte),-9.9,38.69,83.04,-0.8,
2026-07-20 22:10,IZENR,9.35,🔴 Düşüş Trendinde,🔥 GÜÇLÜ AL (Taze Kırılım),-,-,"📉 Düşüş Hazırlığı (50<100 Kesti, 150 Bekleniyor)",⚪ Yelpaze Açık,⚪Fiyat Alt_Orta Bant Aralığında,EMA5 Destek: 8.98 (%3.9 altta) | EMA21 Direnç: 9.42 (%0.8 üstte),-,-,-4.25,46.77,61.58,-0.68,
2026-07-20 22:10,MGROS,649.5,🔴 Düşüş Trendinde,🔥 GÜÇLÜ AL (Taze Kırılım),-,-,⚠️ Yükseliş Trendinde Düzeltme (SSL Negatif),⚪ Yelpaze Açık,⚪Fiyat Alt_Orta Bant Aralığında,EMA21 Destek: 646.89 (%0.4 altta) | EMA55 Direnç: 653.55 (%0.6 üstte),415.39-429.68 (%33.8 altta),693.50-706.00 (%6.8 üstte),9.46,49.64,73.95,-0.5,
2026-07-20 22:10,MIATK,32.64,🔴 Düşüş Trendinde,⏳ BEKLE,-,-,🔴 Ayı Piyasası (EMA 50 En Altta),⚪ Yelpaze Açık,⚪Fiyat Alt_Orta Bant Aralığında,EMA5 Direnç: 33.38 (%2.3 üstte),-,-,-19.46,33.28,78.96,-0.63,
2026-07-20 22:10,MPARK,428.5,🔴 Düşüş Trendinde,🔥 GÜÇLÜ AL (Taze Kırılım),-,-,🟢 EMA Yükselişte (SSL Ok Bekleniyor),🟠 Daralıyor,🟡Fiyat Orta-Üst Bant Aralığında,EMA21 Destek: 426.94 (%0.4 altta) | EMA100 Direnç: 435.16 (%1.6 üstte),-,-,4.45,49.42,81.88,-0.29,
2026-07-20 22:10,OBAMS,5.32,🔴 Düşüş Trendinde,⏳ BEKLE,-,-,🔴 Ayı Piyasası (EMA 50 En Altta),⚪ Yelpaze Açık,⚪Fiyat Alt_Orta Bant Aralığında,EMA5 Destek: 5.31 (%0.2 altta) | EMA21 Direnç: 5.84 (%9.9 üstte),-,8.39-8.75 (%57.7 üstte),-29.02,28.08,96.34,-0.85,
2026-07-20 22:10,OYAKC,20.26,🔴 Düşüş Trendinde,🔥 GÜÇLÜ AL (Taze Kırılım),-,-,🔴 Ayı Piyasası (EMA 50 En Altta),🚨 BB SIKIŞMA,⚪Fiyat Alt_Orta Bant Aralığında,EMA5 Destek: 20.19 (%0.3 altta) | EMA21 Direnç: 20.53 (%1.3 üstte),-,-,-9.6,43.77,74.01,-0.66,
2026-07-20 22:10,TCELL,109.6,🟢 Yükseliş Trendinde,🟢 AL (Trend Onaylı),-,-,⚠️ Yükseliş Trendinde Düzeltme (SSL Negatif),🚨 BB SIKIŞMA,🟡Fiyat Orta-Üst Bant Aralığında,EMA55 Destek: 109.53 (%0.1 altta),-,119.50-123.40 (%9.0 üstte),4.39,51.13,71.28,0.39,
2026-07-20 22:10,ULKER,97.55,🔴 Düşüş Trendinde,⏳ BEKLE,-,-,🔴 Ayı Piyasası (EMA 50 En Altta),⚪ Yelpaze Açık,⚪Fiyat Alt_Orta Bant Aralığında,EMA5 Direnç: 97.67 (%0.1 üstte),-,-,-10.34,36.34,84.33,-0.59,
2026-07-21 15:05,AHSGY,21.06,🟢 Yükseliş Trendinde,🔥 GÜÇLÜ AL (Taze Kırılım),🟢 POTANSİYEL DİP (0 Altı - Hacimsiz),-,🟢 EMA Yükselişte (SSL Ok Bekleniyor),⚪ Yelpaze Açık,🟡Fiyat Orta-Üst Bant Aralığında,EMA5 Destek: 20.55 (%2.4 altta),17.24-19.48 (%7.5 altta),24.19-26.14 (%14.8 üstte),20.53,56.19,47.03,-0.32,
2026-07-21 15:05,ASELS,361.25,🔴 Düşüş Trendinde,⏳ BEKLE,-,-,⚠️ Yükseliş Trendinde Düzeltme (SSL Negatif),⚪ Yelpaze Açık,⚪Fiyat Alt_Orta Bant Aralığında,EMA100 Destek: 360.26 (%0.3 altta) | EMA21 Direnç: 367.90 (%1.8 üstte),171.28-177.57 (%50.8 altta),-,17.86,46.2,32.14,-0.76,
2026-07-21 15:05,BIMAS,392.25,🟢 Yükseliş Trendinde,🟢 AL (Trend Onaylı),🩸 SAT (Zirveden Dönüş),-,🟢 EMA Yükselişte (SSL Ok Bekleniyor),🟡 Normal Genişlik,🟡Fiyat Orta-Üst Bant Aralığında,EMA5 Destek: 390.20 (%0.5 altta),236.44-244.88 (%37.6 altta),-,18.46,57.3,82.83,0.89,
2026-07-21 15:05,ENJSA,107.4,🔴 Düşüş Trendinde,🟢 AL (Trend Onaylı),-,-,🟢 EMA Yükselişte (SSL Ok Bekleniyor),🚨 BB SIKIŞMA,🚨Fiyat Bandın Üzerinde!,EMA55 Destek: 107.24 (%0.2 altta),-,-,11.57,55.49,96.66,0.21,
2026-07-21 15:05,ENKAI,91.35,🔴 Düşüş Trendinde,🔥 GÜÇLÜ AL (Taze Kırılım),-,-,🟢 EMA Yükselişte (SSL Ok Bekleniyor),🚨 BB SIKIŞMA,🟡Fiyat Orta-Üst Bant Aralığında,EMA5 Destek: 90.69 (%0.7 altta) | EMA21 Direnç: 91.46 (%0.1 üstte),-,110.50-113.50 (%21.0 üstte),5.67,48.13,67.95,-0.47,
2026-07-21 15:05,GLRMK,161.5,🔴 Düşüş Trendinde,🔥 GÜÇLÜ AL (Taze Kırılım),-,-,🔴 Ayı Piyasası (EMA 50 En Altta),🟠 Daralıyor,⚪Fiyat Alt_Orta Bant Aralığında,EMA5 Destek: 161.18 (%0.2 altta) | EMA21 Direnç: 166.03 (%2.8 üstte),150.00-161.40 (%0.1 altta),195.30-205.40 (%20.9 üstte),-8.86,41.35,83.72,-0.72,
2026-07-21 15:05,IZENR,9.41,🔴 Düşüş Trendinde,🟢 AL (Trend Onaylı),-,-,🔴 Ayı Piyasası (EMA 50 En Altta),⚪ Yelpaze Açık,⚪Fiyat Alt_Orta Bant Aralığında,EMA5 Destek: 9.12 (%3.0 altta) | EMA21 Direnç: 9.42 (%0.1 üstte),-,-,-3.6,47.67,71.17,-0.56,
2026-07-21 15:05,MGROS,632.5,🔴 Düşüş Trendinde,🟢 AL (Trend Onaylı),-,-,⚠️ Yükseliş Trendinde Düzeltme (SSL Negatif),⚪ Yelpaze Açık,⚪Fiyat Alt_Orta Bant Aralığında,EMA200 Destek: 593.78 (%6.1 altta) | EMA5 Direnç: 634.42 (%0.3 üstte),415.39-429.68 (%32.1 altta),693.50-706.00 (%9.6 üstte),6.52,43.99,83.44,-0.31,
2026-07-21 15:05,MIATK,32.4,🔴 Düşüş Trendinde,⏳ BEKLE,-,-,🩸 ASIL SİNYAL: GÜÇLÜ SAT (EMA Çöktü + SSL Onay),⚪ Yelpaze Açık,⚪Fiyat Alt_Orta Bant Aralığında,EMA5 Direnç: 33.05 (%2.0 üstte),-,-,-19.89,32.79,71.45,-0.6,
2026-07-21 15:05,MPARK,416.25,🔴 Düşüş Trendinde,🟢 AL (Trend Onaylı),-,-,🟢 EMA Yükselişte (SSL Ok Bekleniyor),🚨 BB SIKIŞMA,⚪Fiyat Alt_Orta Bant Aralığında,EMA200 Destek: 410.30 (%1.4 altta) | EMA5 Direnç: 420.23 (%1.0 üstte),-,-,1.45,44.17,67.52,-0.22,
2026-07-21 15:05,OBAMS,5.26,🔴 Düşüş Trendinde,🔥 GÜÇLÜ AL (Taze Kırılım),-,-,🔴 Ayı Piyasası (EMA 50 En Altta),⚪ Yelpaze Açık,⚪Fiyat Alt_Orta Bant Aralığında,EMA5 Direnç: 5.29 (%0.6 üstte),-,8.39-8.75 (%59.5 üstte),-29.61,27.11,94.69,-0.8,
2026-07-21 15:05,OYAKC,20.74,🔴 Düşüş Trendinde,🟢 AL (Trend Onaylı),-,-,🔴 Ayı Piyasası (EMA 50 En Altta),🚨 BB SIKIŞMA,🟡Fiyat Orta-Üst Bant Aralığında,EMA21 Destek: 20.55 (%0.9 altta) | EMA55 Direnç: 21.38 (%3.1 üstte),-,20.72-21.16 (fiyat bandın içinde!),-7.39,50.72,81.21,-0.46,
2026-07-21 15:05,TCELL,111.0,🟢 Yükseliş Trendinde,🟢 AL (Trend Onaylı),-,-,🟢 EMA Yükselişte (SSL Ok Bekleniyor),🚨 BB SIKIŞMA,🟡Fiyat Orta-Üst Bant Aralığında,EMA5 Destek: 109.92 (%1.0 altta),-,119.50-123.40 (%7.7 üstte),5.67,54.0,64.78,0.48,
2026-07-21 15:05,ULKER,96.65,🔴 Düşüş Trendinde,⏳ BEKLE,-,-,🔴 Ayı Piyasası (EMA 50 En Altta),🟡 Normal Genişlik,⚪Fiyat Alt_Orta Bant Aralığında,EMA5 Direnç: 97.33 (%0.7 üstte),-,-,-11.07,34.34,69.99,-0.61,
2026-07-21 18:58,AHSGY,20.9,🟢 Yükseliş Trendinde,🔥 GÜÇLÜ AL (Taze Kırılım),🟢 POTANSİYEL DİP (0 Altı - Hacimsiz),-,🟢 EMA Yükselişte (SSL Ok Bekleniyor),🟡 Normal Genişlik,🟡Fiyat Orta-Üst Bant Aralığında,EMA5 Destek: 20.49 (%1.9 altta),17.24-19.48 (%6.8 altta),24.19-26.14 (%15.7 üstte),19.62,55.24,45.22,-0.34,
2026-07-21 18:58,ASELS,360.0,🔴 Düşüş Trendinde,⏳ BEKLE,-,-,⚠️ Yükseliş Trendinde Düzeltme (SSL Negatif),⚪ Yelpaze Açık,⚪Fiyat Alt_Orta Bant Aralığında,EMA5 Destek: 356.86 (%0.9 altta) | EMA100 Direnç: 360.23 (%0.1 üstte),171.28-177.57 (%50.7 altta),-,17.45,45.68,31.07,-0.76,
2026-07-21 18:58,BIMAS,393.0,🟢 Yükseliş Trendinde,🟢 AL (Trend Onaylı),🩸 SAT (Zirveden Dönüş),-,🟢 EMA Yükselişte (SSL Ok Bekleniyor),🟡 Normal Genişlik,🟡Fiyat Orta-Üst Bant Aralığında,EMA5 Destek: 390.45 (%0.7 altta),236.44-244.88 (%37.7 altta),-,18.68,57.75,83.37,0.89,
2026-07-21 18:58,ENJSA,106.9,🔴 Düşüş Trendinde,🟢 AL (Trend Onaylı),-,-,🟢 EMA Yükselişte (SSL Ok Bekleniyor),🚨 BB SIKIŞMA,🟡Fiyat Orta-Üst Bant Aralığında,EMA100 Destek: 106.43 (%0.4 altta) | EMA55 Direnç: 107.22 (%0.3 üstte),-,-,11.05,54.47,96.66,0.18,
2026-07-21 18:58,ENKAI,91.2,🔴 Düşüş Trendinde,🔥 GÜÇLÜ AL (Taze Kırılım),-,-,🟢 EMA Yükselişte (SSL Ok Bekleniyor),🚨 BB SIKIŞMA,🟡Fiyat Orta-Üst Bant Aralığında,EMA5 Destek: 90.64 (%0.6 altta) | EMA21 Direnç: 91.44 (%0.3 üstte),-,110.50-113.50 (%21.2 üstte),5.5,47.72,66.77,-0.49,
2026-07-21 18:58,GLRMK,159.5,🔴 Düşüş Trendinde,⏳ BEKLE,-,-,🔴 Ayı Piyasası (EMA 50 En Altta),🟠 Daralıyor,⚪Fiyat Alt_Orta Bant Aralığında,EMA5 Direnç: 160.52 (%0.6 üstte),150.00-161.40 (fiyat bandın içinde!),195.30-205.40 (%22.4 üstte),-9.98,38.39,76.27,-0.76,
2026-07-21 18:58,IZENR,9.4,🔴 Düşüş Trendinde,🟢 AL (Trend Onaylı),-,-,🔴 Ayı Piyasası (EMA 50 En Altta),⚪ Yelpaze Açık,⚪Fiyat Alt_Orta Bant Aralığında,EMA5 Destek: 9.12 (%3.0 altta) | EMA21 Direnç: 9.42 (%0.2 üstte),-,-,-3.7,47.52,71.01,-0.56,
2026-07-21 18:58,MGROS,636.0,🔴 Düşüş Trendinde,🟢 AL (Trend Onaylı),-,-,⚠️ Yükseliş Trendinde Düzeltme (SSL Negatif),⚪ Yelpaze Açık,⚪Fiyat Alt_Orta Bant Aralığında,EMA5 Destek: 635.58 (%0.1 altta) | EMA100 Direnç: 641.12 (%0.8 üstte),415.39-429.68 (%32.4 altta),693.50-706.00 (%9.0 üstte),7.1,45.05,85.34,-0.28,
2026-07-21 18:58,MIATK,32.3,🔴 Düşüş Trendinde,⏳ BEKLE,-,-,🩸 ASIL SİNYAL: GÜÇLÜ SAT (EMA Çöktü + SSL Onay),⚪ Yelpaze Açık,⚪Fiyat Alt_Orta Bant Aralığında,EMA5 Direnç: 33.02 (%2.2 üstte),-,-,-20.14,32.58,71.04,-0.61,
2026-07-21 18:58,MPARK,410.0,🔴 Düşüş Trendinde,⏳ BEKLE,🔴 ZAYIFLAMA (Zaten Dipte),-,⚠️ Yükseliş Trendinde Düzeltme (SSL Negatif),🚨 BB SIKIŞMA,⚪Fiyat Alt_Orta Bant Aralığında,EMA200 Direnç: 410.24 (%0.1 üstte),-,-,-0.06,41.9,61.31,-0.32,
2026-07-21 18:58,OBAMS,5.19,🔴 Düşüş Trendinde,⏳ BEKLE,-,-,🔴 Ayı Piyasası (EMA 50 En Altta),⚪ Yelpaze Açık,⚪Fiyat Alt_Orta Bant Aralığında,EMA5 Direnç: 5.27 (%1.5 üstte),-,8.39-8.75 (%61.7 üstte),-30.54,26.05,91.98,-0.81,
2026-07-21 18:58,OYAKC,21.02,🔴 Düşüş Trendinde,🟢 AL (Trend Onaylı),-,-,🔴 Ayı Piyasası (EMA 50 En Altta),🚨 BB SIKIŞMA,🟡Fiyat Orta-Üst Bant Aralığında,EMA21 Destek: 20.58 (%2.1 altta) | EMA55 Direnç: 21.39 (%1.7 üstte),-,20.72-21.16 (fiyat bandın içinde!),-6.15,54.04,81.21,-0.35,
2026-07-21 18:58,TCELL,111.5,🟢 Yükseliş Trendinde,🟢 AL (Trend Onaylı),-,-,🟢 EMA Yükselişte (SSL Ok Bekleniyor),🚨 BB SIKIŞMA,🟡Fiyat Orta-Üst Bant Aralığında,EMA5 Destek: 110.09 (%1.3 altta),-,119.50-123.40 (%7.2 üstte),6.14,54.94,66.62,0.49,
2026-07-21 18:58,ULKER,96.0,🔴 Düşüş Trendinde,⏳ BEKLE,-,-,🔴 Ayı Piyasası (EMA 50 En Altta),🟡 Normal Genişlik,⚪Fiyat Alt_Orta Bant Aralığında,EMA5 Direnç: 97.11 (%1.2 üstte),-,-,-11.66,33.03,66.5,-0.64,
2026-07-21 21:45,AHSGY,20.9,🟢 Yükseliş Trendinde,🔥 GÜÇLÜ AL (Taze Kırılım),🟢 POTANSİYEL DİP (0 Altı - Hacimsiz),-,🟢 EMA Yükselişte (SSL Ok Bekleniyor),🟡 Normal Genişlik,🟡Fiyat Orta-Üst Bant Aralığında,EMA5 Destek: 20.49 (%1.9 altta),17.24-19.48 (%6.8 altta),24.19-26.14 (%15.7 üstte),19.62,55.24,45.22,-0.34,
2026-07-21 21:45,ASELS,360.0,🔴 Düşüş Trendinde,⏳ BEKLE,-,-,⚠️ Yükseliş Trendinde Düzeltme (SSL Negatif),⚪ Yelpaze Açık,⚪Fiyat Alt_Orta Bant Aralığında,EMA5 Destek: 356.86 (%0.9 altta) | EMA100 Direnç: 360.23 (%0.1 üstte),171.28-177.57 (%50.7 altta),-,17.45,45.68,31.07,-0.76,
2026-07-21 21:45,BIMAS,393.0,🟢 Yükseliş Trendinde,🟢 AL (Trend Onaylı),🩸 SAT (Zirveden Dönüş),-,🟢 EMA Yükselişte (SSL Ok Bekleniyor),🟡 Normal Genişlik,🟡Fiyat Orta-Üst Bant Aralığında,EMA5 Destek: 390.45 (%0.7 altta),236.44-244.88 (%37.7 altta),-,18.68,57.75,83.37,0.89,
2026-07-21 21:45,ENJSA,106.9,🔴 Düşüş Trendinde,🟢 AL (Trend Onaylı),-,-,🟢 EMA Yükselişte (SSL Ok Bekleniyor),🚨 BB SIKIŞMA,🟡Fiyat Orta-Üst Bant Aralığında,EMA100 Destek: 106.43 (%0.4 altta) | EMA55 Direnç: 107.22 (%0.3 üstte),-,-,11.05,54.47,96.66,0.18,
2026-07-21 21:45,ENKAI,91.2,🔴 Düşüş Trendinde,🔥 GÜÇLÜ AL (Taze Kırılım),-,-,🟢 EMA Yükselişte (SSL Ok Bekleniyor),🚨 BB SIKIŞMA,🟡Fiyat Orta-Üst Bant Aralığında,EMA5 Destek: 90.64 (%0.6 altta) | EMA21 Direnç: 91.44 (%0.3 üstte),-,110.50-113.50 (%21.2 üstte),5.5,47.72,66.77,-0.49,
2026-07-21 21:45,GLRMK,159.5,🔴 Düşüş Trendinde,⏳ BEKLE,-,-,🔴 Ayı Piyasası (EMA 50 En Altta),🟠 Daralıyor,⚪Fiyat Alt_Orta Bant Aralığında,EMA5 Direnç: 160.52 (%0.6 üstte),150.00-161.40 (fiyat bandın içinde!),195.30-205.40 (%22.4 üstte),-9.98,38.39,76.27,-0.76,
2026-07-21 21:45,IZENR,9.4,🔴 Düşüş Trendinde,🟢 AL (Trend Onaylı),-,-,🔴 Ayı Piyasası (EMA 50 En Altta),⚪ Yelpaze Açık,⚪Fiyat Alt_Orta Bant Aralığında,EMA5 Destek: 9.12 (%3.0 altta) | EMA21 Direnç: 9.42 (%0.2 üstte),-,-,-3.7,47.52,71.01,-0.56,
2026-07-21 21:45,MGROS,636.0,🔴 Düşüş Trendinde,🟢 AL (Trend Onaylı),-,-,⚠️ Yükseliş Trendinde Düzeltme (SSL Negatif),⚪ Yelpaze Açık,⚪Fiyat Alt_Orta Bant Aralığında,EMA5 Destek: 635.58 (%0.1 altta) | EMA100 Direnç: 641.12 (%0.8 üstte),415.39-429.68 (%32.4 altta),693.50-706.00 (%9.0 üstte),7.1,45.05,85.34,-0.28,
2026-07-21 21:45,MIATK,32.3,🔴 Düşüş Trendinde,⏳ BEKLE,-,-,🩸 ASIL SİNYAL: GÜÇLÜ SAT (EMA Çöktü + SSL Onay),⚪ Yelpaze Açık,⚪Fiyat Alt_Orta Bant Aralığında,EMA5 Direnç: 33.02 (%2.2 üstte),-,-,-20.14,32.58,71.04,-0.61,
2026-07-21 21:45,MPARK,410.0,🔴 Düşüş Trendinde,⏳ BEKLE,🔴 ZAYIFLAMA (Zaten Dipte),-,⚠️ Yükseliş Trendinde Düzeltme (SSL Negatif),🚨 BB SIKIŞMA,⚪Fiyat Alt_Orta Bant Aralığında,EMA200 Direnç: 410.24 (%0.1 üstte),-,-,-0.06,41.9,61.31,-0.32,
2026-07-21 21:45,OBAMS,5.19,🔴 Düşüş Trendinde,⏳ BEKLE,-,-,🔴 Ayı Piyasası (EMA 50 En Altta),⚪ Yelpaze Açık,⚪Fiyat Alt_Orta Bant Aralığında,EMA5 Direnç: 5.27 (%1.5 üstte),-,8.39-8.75 (%61.7 üstte),-30.54,26.05,91.98,-0.81,
2026-07-21 21:45,OYAKC,21.02,🔴 Düşüş Trendinde,🟢 AL (Trend Onaylı),-,-,🔴 Ayı Piyasası (EMA 50 En Altta),🚨 BB SIKIŞMA,🟡Fiyat Orta-Üst Bant Aralığında,EMA21 Destek: 20.58 (%2.1 altta) | EMA55 Direnç: 21.39 (%1.7 üstte),-,20.72-21.16 (fiyat bandın içinde!),-6.15,54.04,81.21,-0.35,
2026-07-21 21:45,TCELL,111.5,🟢 Yükseliş Trendinde,🟢 AL (Trend Onaylı),-,-,🟢 EMA Yükselişte (SSL Ok Bekleniyor),🚨 BB SIKIŞMA,🟡Fiyat Orta-Üst Bant Aralığında,EMA5 Destek: 110.09 (%1.3 altta),-,119.50-123.40 (%7.2 üstte),6.14,54.94,66.62,0.49,
2026-07-21 21:45,ULKER,96.0,🔴 Düşüş Trendinde,⏳ BEKLE,-,-,🔴 Ayı Piyasası (EMA 50 En Altta),🟡 Normal Genişlik,⚪Fiyat Alt_Orta Bant Aralığında,EMA5 Direnç: 97.11 (%1.2 üstte),-,-,-11.66,33.03,66.5,-0.64,
2026-07-22 15:08,AHSGY,21.04,🟢 Yükseliş Trendinde,🟢 AL (Trend Onaylı),-,-,🟢 EMA Yükselişte (SSL Ok Bekleniyor),⚪ Yelpaze Açık,🟡Fiyat Orta-Üst Bant Aralığında,EMA5 Destek: 20.68 (%1.7 altta),17.24-19.48 (%7.4 altta),24.19-26.14 (%15.0 üstte),20.1,56.14,54.28,-0.5,
2026-07-22 15:08,ASELS,366.75,🔴 Düşüş Trendinde,🔥 GÜÇLÜ AL (Taze Kırılım),🟢 POTANSİYEL DİP (0 Altı - Hacimsiz),-,🟢 EMA Yükselişte (SSL Ok Bekleniyor),⚪ Yelpaze Açık,⚪Fiyat Alt_Orta Bant Aralığında,EMA100 Destek: 360.36 (%1.7 altta) | EMA21 Direnç: 367.70 (%0.3 üstte),171.28-177.57 (%51.6 altta),-,19.54,48.55,37.95,-0.76,
2026-07-22 15:08,BIMAS,394.0,🟢 Yükseliş Trendinde,⏳ BEKLE,-,-,🟢 EMA Yükselişte (SSL Ok Bekleniyor),🟡 Normal Genişlik,🟡Fiyat Orta-Üst Bant Aralığında,EMA5 Destek: 391.63 (%0.6 altta),236.44-244.88 (%37.8 altta),-,18.78,58.22,86.26,0.91,
2026-07-22 15:08,ENJSA,108.1,🔴 Düşüş Trendinde,🟢 AL (Trend Onaylı),-,-,🟢 EMA Yükselişte (SSL Ok Bekleniyor),🚨 BB SIKIŞMA,🚨Fiyat Bandın Üzerinde!,EMA55 Destek: 107.25 (%0.8 altta),-,-,12.2,57.02,100.0,0.36,
2026-07-22 15:08,ENKAI,90.8,🔴 Düşüş Trendinde,🟢 AL (Trend Onaylı),-,-,🟢 EMA Yükselişte (SSL Ok Bekleniyor),🚨 BB SIKIŞMA,🟡Fiyat Orta-Üst Bant Aralığında,EMA5 Destek: 90.69 (%0.1 altta) | EMA21 Direnç: 91.38 (%0.6 üstte),-,110.50-113.50 (%21.7 üstte),5.01,46.67,69.64,-0.3,
2026-07-22 15:08,GLRMK,163.2,🔴 Düşüş Trendinde,🔥 GÜÇLÜ AL (Taze Kırılım),-,-,🔴 Ayı Piyasası (EMA 50 En Altta),🟠 Daralıyor,⚪Fiyat Alt_Orta Bant Aralığında,EMA5 Destek: 161.41 (%1.1 altta) | EMA21 Direnç: 165.61 (%1.5 üstte),150.00-161.40 (%1.1 altta),195.30-205.40 (%19.7 üstte),-7.86,44.27,82.54,-0.62,
2026-07-22 15:08,IZENR,9.8,🔴 Düşüş Trendinde,🟢 AL (Trend Onaylı),-,-,🔴 Ayı Piyasası (EMA 50 En Altta),⚪ Yelpaze Açık,🟡Fiyat Orta-Üst Bant Aralığında,EMA200 Destek: 9.77 (%0.4 altta) | EMA55 Direnç: 9.90 (%1.0 üstte),-,9.39-11.03 (fiyat bandın içinde!),0.36,53.18,83.57,-0.35,
2026-07-22 15:08,MGROS,640.5,🔴 Düşüş Trendinde,🟢 AL (Trend Onaylı),-,-,⚠️ Yükseliş Trendinde Düzeltme (SSL Negatif),⚪ Yelpaze Açık,⚪Fiyat Alt_Orta Bant Aralığında,EMA5 Destek: 637.22 (%0.5 altta) | EMA100 Direnç: 641.08 (%0.1 üstte),415.39-429.68 (%32.9 altta),693.50-706.00 (%8.3 üstte),7.81,46.81,86.62,0.06,
2026-07-22 15:08,MIATK,33.36,🔴 Düşüş Trendinde,⏳ BEKLE,-,-,🔴 Ayı Piyasası (EMA 50 En Altta),⚪ Yelpaze Açık,⚪Fiyat Alt_Orta Bant Aralığında,EMA5 Destek: 33.13 (%0.7 altta) | EMA21 Direnç: 36.12 (%8.3 üstte),-,-,-17.41,37.01,76.35,-0.5,
2026-07-22 15:08,MPARK,408.5,🔴 Düşüş Trendinde,🔴 SAT,-,-,⚠️ Yükseliş Trendinde Düzeltme (SSL Negatif),🚨 BB SIKIŞMA,⚪Fiyat Alt_Orta Bant Aralığında,EMA200 Direnç: 410.14 (%0.4 üstte),-,-,-0.4,41.36,57.37,-0.37,
2026-07-22 15:08,OBAMS,5.2,🔴 Düşüş Trendinde,⏳ BEKLE,-,-,🔴 Ayı Piyasası (EMA 50 En Altta),⚪ Yelpaze Açık,⚪Fiyat Alt_Orta Bant Aralığında,EMA5 Direnç: 5.25 (%0.9 üstte),-,8.26-8.82 (%58.8 üstte),-30.14,26.49,90.7,-0.78,
2026-07-22 15:08,OYAKC,20.86,🔴 Düşüş Trendinde,🟢 AL (Trend Onaylı),-,-,🔴 Ayı Piyasası (EMA 50 En Altta),🚨 BB SIKIŞMA,🟡Fiyat Orta-Üst Bant Aralığında,EMA21 Destek: 20.60 (%1.2 altta) | EMA55 Direnç: 21.37 (%2.4 üstte),-,20.72-21.16 (fiyat bandın içinde!),-6.79,51.89,88.17,-0.07,
2026-07-22 15:08,TCELL,110.2,🟢 Yükseliş Trendinde,🟢 AL (Trend Onaylı),-,-,🟢 EMA Yükselişte (SSL Ok Bekleniyor),🚨 BB SIKIŞMA,🟡Fiyat Orta-Üst Bant Aralığında,EMA5 Destek: 110.12 (%0.1 altta),-,119.50-123.40 (%8.4 üstte),4.85,51.95,72.77,0.59,
2026-07-22 15:08,ULKER,95.95,🔴 Düşüş Trendinde,⏳ BEKLE,🔴 ZAYIFLAMA (Zaten Dipte),-,🔴 Ayı Piyasası (EMA 50 En Altta),🚨 BB SIKIŞMA,⚪Fiyat Alt_Orta Bant Aralığında,EMA5 Direnç: 96.73 (%0.8 üstte),-,-,-11.59,32.92,55.03,-0.65,
2026-07-22 18:55,AHSGY,20.98,🟢 Yükseliş Trendinde,🟢 AL (Trend Onaylı),-,-,🟢 EMA Yükselişte (SSL Ok Bekleniyor),⚪ Yelpaze Açık,🟡Fiyat Orta-Üst Bant Aralığında,EMA5 Destek: 20.66 (%1.5 altta),17.24-19.48 (%7.1 altta),24.19-26.14 (%15.3 üstte),19.76,55.76,53.56,-0.51,
2026-07-22 18:55,ASELS,370.0,🔴 Düşüş Trendinde,🔥 GÜÇLÜ AL (Taze Kırılım),🚀 KUSURSUZ DÖNÜŞ (0 Altı + Hacim),-,🟢 EMA Yükselişte (SSL Ok Bekleniyor),⚪ Yelpaze Açık,🟡Fiyat Orta-Üst Bant Aralığında,EMA21 Destek: 367.99 (%0.5 altta) | EMA55 Direnç: 373.56 (%1.0 üstte),171.28-177.57 (%52.0 altta),-,20.59,49.83,40.59,-0.74,
2026-07-22 18:55,BIMAS,399.75,🟢 Yükseliş Trendinde,⏳ BEKLE,-,-,🟢 EMA Yükselişte (SSL Ok Bekleniyor),⚪ Yelpaze Açık,🟡Fiyat Orta-Üst Bant Aralığında,EMA5 Destek: 393.55 (%1.6 altta),236.44-244.88 (%38.7 altta),-,20.5,60.72,89.3,0.92,
2026-07-22 18:55,ENJSA,109.5,🔴 Düşüş Trendinde,🟢 AL (Trend Onaylı),-,-,🟢 EMA Yükselişte (SSL Ok Bekleniyor),🚨 BB SIKIŞMA,🚨Fiyat Bandın Üzerinde!,EMA55 Destek: 107.30 (%2.0 altta),-,-,13.64,59.67,100.0,0.4,
2026-07-22 18:55,ENKAI,91.05,🔴 Düşüş Trendinde,🟢 AL (Trend Onaylı),-,-,🟢 EMA Yükselişte (SSL Ok Bekleniyor),🚨 BB SIKIŞMA,🟡Fiyat Orta-Üst Bant Aralığında,EMA5 Destek: 90.78 (%0.3 altta) | EMA21 Direnç: 91.41 (%0.4 üstte),-,110.50-113.50 (%21.4 üstte),5.3,47.32,71.53,-0.27,
2026-07-22 18:55,GLRMK,164.3,🔴 Düşüş Trendinde,🔥 GÜÇLÜ AL (Taze Kırılım),-,-,🔴 Ayı Piyasası (EMA 50 En Altta),🟠 Daralıyor,⚪Fiyat Alt_Orta Bant Aralığında,EMA5 Destek: 161.78 (%1.5 altta) | EMA21 Direnç: 165.71 (%0.9 üstte),150.00-161.40 (%1.8 altta),195.30-205.40 (%18.9 üstte),-7.24,45.8,82.54,-0.58,
2026-07-22 18:55,IZENR,9.73,🔴 Düşüş Trendinde,🟢 AL (Trend Onaylı),-,-,🔴 Ayı Piyasası (EMA 50 En Altta),⚪ Yelpaze Açık,🟡Fiyat Orta-Üst Bant Aralığında,EMA21 Destek: 9.45 (%2.9 altta) | EMA200 Direnç: 9.76 (%0.4 üstte),-,9.39-11.03 (fiyat bandın içinde!),-0.35,52.28,82.54,-0.36,
2026-07-22 18:55,MGROS,639.0,🔴 Düşüş Trendinde,🟢 AL (Trend Onaylı),-,-,⚠️ Yükseliş Trendinde Düzeltme (SSL Negatif),⚪ Yelpaze Açık,⚪Fiyat Alt_Orta Bant Aralığında,EMA5 Destek: 636.72 (%0.4 altta) | EMA100 Direnç: 641.05 (%0.3 üstte),415.39-429.68 (%32.8 altta),693.50-706.00 (%8.5 üstte),7.56,46.24,85.58,0.04,
2026-07-22 18:55,MIATK,33.36,🔴 Düşüş Trendinde,⏳ BEKLE,-,-,🔴 Ayı Piyasası (EMA 50 En Altta),⚪ Yelpaze Açık,⚪Fiyat Alt_Orta Bant Aralığında,EMA5 Destek: 33.13 (%0.7 altta) | EMA21 Direnç: 36.12 (%8.3 üstte),-,-,-17.41,37.01,76.35,-0.5,
2026-07-22 18:55,MPARK,407.75,🔴 Düşüş Trendinde,🔴 SAT,-,-,"📉 Düşüş Hazırlığı (50<100 Kesti, 150 Bekleniyor)",🚨 BB SIKIŞMA,⚪Fiyat Alt_Orta Bant Aralığında,EMA200 Direnç: 410.13 (%0.6 üstte),-,-,-0.58,41.09,56.63,-0.37,
2026-07-22 18:55,OBAMS,5.43,🔴 Düşüş Trendinde,🔥 GÜÇLÜ AL (Taze Kırılım),-,-,🔴 Ayı Piyasası (EMA 50 En Altta),⚪ Yelpaze Açık,⚪Fiyat Alt_Orta Bant Aralığında,EMA5 Destek: 5.32 (%2.0 altta) | EMA21 Direnç: 5.75 (%5.9 üstte),-,8.26-8.82 (%52.1 üstte),-27.08,35.32,94.79,-0.69,
2026-07-22 18:55,OYAKC,21.3,🔥 AL (Taze Kırılım),🟢 AL (Trend Onaylı),-,-,🔴 Ayı Piyasası (EMA 50 En Altta),🚨 BB SIKIŞMA,🟡Fiyat Orta-Üst Bant Aralığında,EMA5 Destek: 20.74 (%2.6 altta) | EMA55 Direnç: 21.38 (%0.4 üstte),-,-,-4.85,57.15,92.15,0.05,
2026-07-22 18:55,TCELL,111.0,🟢 Yükseliş Trendinde,🟢 AL (Trend Onaylı),-,-,🟢 EMA Yükselişte (SSL Ok Bekleniyor),🚨 BB SIKIŞMA,🟡Fiyat Orta-Üst Bant Aralığında,EMA5 Destek: 110.39 (%0.5 altta),-,119.50-123.40 (%7.7 üstte),5.6,53.75,76.27,0.62,
2026-07-22 18:55,ULKER,95.45,🔴 Düşüş Trendinde,🔴 SAT,🔴 ZAYIFLAMA (Zaten Dipte),🟢 POTANSİYEL DİP,🔴 Ayı Piyasası (EMA 50 En Altta),🚨 BB SIKIŞMA,⚪Fiyat Alt_Orta Bant Aralığında,EMA5 Direnç: 96.56 (%1.2 üstte),-,-,-12.04,31.92,52.35,-0.66,
2026-07-22 21:38,AHSGY,20.98,🟢 Yükseliş Trendinde,🟢 AL (Trend Onaylı),-,-,🟢 EMA Yükselişte (SSL Ok Bekleniyor),⚪ Yelpaze Açık,🟡Fiyat Orta-Üst Bant Aralığında,EMA5 Destek: 20.66 (%1.5 altta),17.24-19.48 (%7.1 altta),24.19-26.14 (%15.3 üstte),19.76,55.76,53.56,-0.51,
2026-07-22 21:38,ASELS,370.0,🔴 Düşüş Trendinde,🔥 GÜÇLÜ AL (Taze Kırılım),🚀 KUSURSUZ DÖNÜŞ (0 Altı + Hacim),-,🟢 EMA Yükselişte (SSL Ok Bekleniyor),⚪ Yelpaze Açık,🟡Fiyat Orta-Üst Bant Aralığında,EMA21 Destek: 367.99 (%0.5 altta) | EMA55 Direnç: 373.56 (%1.0 üstte),171.28-177.57 (%52.0 altta),-,20.59,49.83,40.59,-0.74,
2026-07-22 21:38,BIMAS,399.75,🟢 Yükseliş Trendinde,⏳ BEKLE,-,-,🟢 EMA Yükselişte (SSL Ok Bekleniyor),⚪ Yelpaze Açık,🟡Fiyat Orta-Üst Bant Aralığında,EMA5 Destek: 393.55 (%1.6 altta),236.44-244.88 (%38.7 altta),-,20.5,60.72,89.3,0.92,
2026-07-22 21:38,ENJSA,109.5,🔴 Düşüş Trendinde,🟢 AL (Trend Onaylı),-,-,🟢 EMA Yükselişte (SSL Ok Bekleniyor),🚨 BB SIKIŞMA,🚨Fiyat Bandın Üzerinde!,EMA55 Destek: 107.30 (%2.0 altta),-,-,13.64,59.67,100.0,0.4,
2026-07-22 21:38,ENKAI,91.05,🔴 Düşüş Trendinde,🟢 AL (Trend Onaylı),-,-,🟢 EMA Yükselişte (SSL Ok Bekleniyor),🚨 BB SIKIŞMA,🟡Fiyat Orta-Üst Bant Aralığında,EMA5 Destek: 90.78 (%0.3 altta) | EMA21 Direnç: 91.41 (%0.4 üstte),-,110.50-113.50 (%21.4 üstte),5.3,47.32,71.53,-0.27,
2026-07-22 21:38,GLRMK,164.3,🔴 Düşüş Trendinde,🔥 GÜÇLÜ AL (Taze Kırılım),-,-,🔴 Ayı Piyasası (EMA 50 En Altta),🟠 Daralıyor,⚪Fiyat Alt_Orta Bant Aralığında,EMA5 Destek: 161.78 (%1.5 altta) | EMA21 Direnç: 165.71 (%0.9 üstte),150.00-161.40 (%1.8 altta),195.30-205.40 (%18.9 üstte),-7.24,45.8,82.54,-0.58,
2026-07-22 21:38,IZENR,9.73,🔴 Düşüş Trendinde,🟢 AL (Trend Onaylı),-,-,🔴 Ayı Piyasası (EMA 50 En Altta),⚪ Yelpaze Açık,🟡Fiyat Orta-Üst Bant Aralığında,EMA21 Destek: 9.45 (%2.9 altta) | EMA200 Direnç: 9.76 (%0.4 üstte),-,9.39-11.03 (fiyat bandın içinde!),-0.35,52.28,82.54,-0.36,
2026-07-22 21:38,MGROS,639.0,🔴 Düşüş Trendinde,🟢 AL (Trend Onaylı),-,-,⚠️ Yükseliş Trendinde Düzeltme (SSL Negatif),⚪ Yelpaze Açık,⚪Fiyat Alt_Orta Bant Aralığında,EMA5 Destek: 636.72 (%0.4 altta) | EMA100 Direnç: 641.05 (%0.3 üstte),415.39-429.68 (%32.8 altta),693.50-706.00 (%8.5 üstte),7.56,46.24,85.58,0.04,
2026-07-22 21:38,MIATK,33.36,🔴 Düşüş Trendinde,⏳ BEKLE,-,-,🔴 Ayı Piyasası (EMA 50 En Altta),⚪ Yelpaze Açık,⚪Fiyat Alt_Orta Bant Aralığında,EMA5 Destek: 33.13 (%0.7 altta) | EMA21 Direnç: 36.12 (%8.3 üstte),-,-,-17.41,37.01,76.35,-0.5,
2026-07-22 21:38,MPARK,407.75,🔴 Düşüş Trendinde,🔴 SAT,-,-,"📉 Düşüş Hazırlığı (50<100 Kesti, 150 Bekleniyor)",🚨 BB SIKIŞMA,⚪Fiyat Alt_Orta Bant Aralığında,EMA200 Direnç: 410.13 (%0.6 üstte),-,-,-0.58,41.09,56.63,-0.37,
2026-07-22 21:38,OBAMS,5.43,🔴 Düşüş Trendinde,🔥 GÜÇLÜ AL (Taze Kırılım),-,-,🔴 Ayı Piyasası (EMA 50 En Altta),⚪ Yelpaze Açık,⚪Fiyat Alt_Orta Bant Aralığında,EMA5 Destek: 5.32 (%2.0 altta) | EMA21 Direnç: 5.75 (%5.9 üstte),-,8.26-8.82 (%52.1 üstte),-27.08,35.32,94.79,-0.69,
2026-07-22 21:38,OYAKC,21.3,🔥 AL (Taze Kırılım),🟢 AL (Trend Onaylı),-,-,🔴 Ayı Piyasası (EMA 50 En Altta),🚨 BB SIKIŞMA,🟡Fiyat Orta-Üst Bant Aralığında,EMA5 Destek: 20.74 (%2.6 altta) | EMA55 Direnç: 21.38 (%0.4 üstte),-,-,-4.85,57.15,92.15,0.05,
2026-07-22 21:38,TCELL,111.0,🟢 Yükseliş Trendinde,🟢 AL (Trend Onaylı),-,-,🟢 EMA Yükselişte (SSL Ok Bekleniyor),🚨 BB SIKIŞMA,🟡Fiyat Orta-Üst Bant Aralığında,EMA5 Destek: 110.39 (%0.5 altta),-,119.50-123.40 (%7.7 üstte),5.6,53.75,76.27,0.62,
2026-07-22 21:38,ULKER,95.45,🔴 Düşüş Trendinde,🔴 SAT,🔴 ZAYIFLAMA (Zaten Dipte),🟢 POTANSİYEL DİP,🔴 Ayı Piyasası (EMA 50 En Altta),🚨 BB SIKIŞMA,⚪Fiyat Alt_Orta Bant Aralığında,EMA5 Direnç: 96.56 (%1.2 üstte),-,-,-12.04,31.92,52.35,-0.66,
2026-07-23 15:07,AHSGY,21.08,🟢 Yükseliş Trendinde,🟢 AL (Trend Onaylı),-,-,🟢 EMA Yükselişte (SSL Ok Bekleniyor),🟡 Normal Genişlik,🟡Fiyat Orta-Üst Bant Aralığında,EMA5 Destek: 20.80 (%1.3 altta),17.24-19.48 (%7.6 altta),24.19-26.14 (%14.7 üstte),20.04,56.44,60.72,-0.35,
2026-07-23 15:07,ASELS,377.75,🔴 Düşüş Trendinde,🟢 AL (Trend Onaylı),-,-,🟢 EMA Yükselişte (SSL Ok Bekleniyor),⚪ Yelpaze Açık,🟡Fiyat Orta-Üst Bant Aralığında,EMA55 Destek: 373.71 (%1.1 altta),171.28-177.57 (%53.0 altta),-,22.94,52.84,54.25,-0.57,
2026-07-23 15:07,BIMAS,396.5,🟢 Yükseliş Trendinde,🟢 AL (Trend Onaylı),-,-,🟢 EMA Yükselişte (SSL Ok Bekleniyor),⚪ Yelpaze Açık,🟡Fiyat Orta-Üst Bant Aralığında,EMA5 Destek: 394.53 (%0.5 altta),252.43-261.79 (%34.0 altta),-,19.31,58.58,84.8,0.9,
2026-07-23 15:07,ENJSA,110.9,🔥 AL (Taze Kırılım),🟢 AL (Trend Onaylı),-,-,🟢 EMA Yükselişte (SSL Ok Bekleniyor),🟠 Daralıyor,🚨Fiyat Bandın Üzerinde!,EMA5 Destek: 107.84 (%2.8 altta),-,-,14.94,62.17,100.0,0.55,
2026-07-23 15:07,ENKAI,90.2,🔴 Düşüş Trendinde,⏳ BEKLE,-,-,🟢 EMA Yükselişte (SSL Ok Bekleniyor),🚨 BB SIKIŞMA,⚪Fiyat Alt_Orta Bant Aralığında,EMA200 Destek: 86.48 (%4.1 altta) | EMA5 Direnç: 90.58 (%0.4 üstte),-,110.50-113.50 (%22.5 üstte),4.31,45.03,76.6,-0.2,
2026-07-23 15:07,GLRMK,168.3,🔴 Düşüş Trendinde,🟢 AL (Trend Onaylı),-,-,🔴 Ayı Piyasası (EMA 50 En Altta),🟠 Daralıyor,🟡Fiyat Orta-Üst Bant Aralığında,EMA21 Destek: 165.95 (%1.4 altta) | EMA55 Direnç: 173.18 (%2.9 üstte),150.00-161.40 (%4.1 altta),195.30-205.40 (%16.0 üstte),-4.98,51.09,91.27,-0.15,
2026-07-23 15:07,IZENR,10.04,🔴 Düşüş Trendinde,🟢 AL (Trend Onaylı),-,-,🔴 Ayı Piyasası (EMA 50 En Altta),⚪ Yelpaze Açık,🟡Fiyat Orta-Üst Bant Aralığında,EMA100 Destek: 9.96 (%0.8 altta),-,9.39-11.03 (fiyat bandın içinde!),2.77,56.28,90.75,-0.09,
2026-07-23 15:07,MGROS,638.5,🔴 Düşüş Trendinde,🟢 AL (Trend Onaylı),-,-,⚠️ Yükseliş Trendinde Düzeltme (SSL Negatif),⚪ Yelpaze Açık,⚪Fiyat Alt_Orta Bant Aralığında,EMA5 Destek: 637.31 (%0.2 altta) | EMA100 Direnç: 640.97 (%0.4 üstte),415.39-429.68 (%32.7 altta),693.50-706.00 (%8.6 üstte),7.43,46.06,79.12,0.06,
2026-07-23 15:07,MIATK,33.2,🔴 Düşüş Trendinde,⏳ BEKLE,-,-,🔴 Ayı Piyasası (EMA 50 En Altta),⚪ Yelpaze Açık,⚪Fiyat Alt_Orta Bant Aralığında,EMA5 Destek: 33.15 (%0.1 altta) | EMA21 Direnç: 35.86 (%8.0 üstte),-,-,-17.69,36.62,83.05,-0.4,
2026-07-23 15:07,MPARK,410.75,🔴 Düşüş Trendinde,🔴 SAT,-,-,"📉 Düşüş Hazırlığı (50<100 Kesti, 150 Bekleniyor)",🚨 BB SIKIŞMA,⚪Fiyat Alt_Orta Bant Aralığında,EMA200 Destek: 410.04 (%0.2 altta) | EMA5 Direnç: 413.37 (%0.6 üstte),-,-,0.17,42.69,38.22,-0.46,
2026-07-23 15:07,OBAMS,5.43,🔴 Düşüş Trendinde,🟢 AL (Trend Onaylı),-,-,🔴 Ayı Piyasası (EMA 50 En Altta),⚪ Yelpaze Açık,⚪Fiyat Alt_Orta Bant Aralığında,EMA5 Destek: 5.36 (%1.3 altta) | EMA21 Direnç: 5.72 (%5.4 üstte),-,8.26-8.82 (%52.1 üstte),-26.81,35.32,94.79,-0.54,
2026-07-23 15:07,OYAKC,21.32,🟢 Yükseliş Trendinde,🟢 AL (Trend Onaylı),-,-,🔴 Ayı Piyasası (EMA 50 En Altta),🚨 BB SIKIŞMA,🟡Fiyat Orta-Üst Bant Aralığında,EMA5 Destek: 20.94 (%1.8 altta) | EMA55 Direnç: 21.38 (%0.3 üstte),-,-,-4.7,57.37,100.0,0.34,
2026-07-23 15:07,TCELL,106.4,🟢 Yükseliş Trendinde,🔴 SAT,🩸 SAT (Zirveden Dönüş),-,⚠️ Yükseliş Trendinde Düzeltme (SSL Negatif),🚨 BB SIKIŞMA,⚪Fiyat Alt_Orta Bant Aralığında,EMA200 Destek: 105.11 (%1.2 altta) | EMA5 Direnç: 109.06 (%2.5 üstte),-,119.50-123.40 (%12.3 üstte),1.23,44.26,62.9,0.45,
2026-07-23 15:07,ULKER,95.3,🔴 Düşüş Trendinde,🔴 SAT,-,🟢 POTANSİYEL DİP,🔴 Ayı Piyasası (EMA 50 En Altta),🚨 BB SIKIŞMA,⚪Fiyat Alt_Orta Bant Aralığında,EMA5 Direnç: 96.14 (%0.9 üstte),-,-,-12.06,31.6,39.75,-0.73,
2026-07-23 19:07,AHSGY,20.94,🟢 Yükseliş Trendinde,🟢 AL (Trend Onaylı),-,-,🟢 EMA Yükselişte (SSL Ok Bekleniyor),🟡 Normal Genişlik,🟡Fiyat Orta-Üst Bant Aralığında,EMA5 Destek: 20.75 (%0.9 altta),17.24-19.48 (%7.0 altta),24.19-26.14 (%15.5 üstte),19.25,55.41,58.77,-0.37,
2026-07-23 19:07,ASELS,376.25,🔴 Düşüş Trendinde,🟢 AL (Trend Onaylı),-,-,🟢 EMA Yükselişte (SSL Ok Bekleniyor),⚪ Yelpaze Açık,🟡Fiyat Orta-Üst Bant Aralığında,EMA55 Destek: 373.65 (%0.7 altta),171.28-177.57 (%52.8 altta),-,22.46,52.29,53.1,-0.58,
2026-07-23 19:07,BIMAS,390.5,🟢 Yükseliş Trendinde,⏳ BEKLE,-,-,⚪ Karışık / Testere Piyasası,⚪ Yelpaze Açık,🟡Fiyat Orta-Üst Bant Aralığında,EMA21 Destek: 382.68 (%2.0 altta) | EMA5 Direnç: 392.53 (%0.5 üstte),252.43-261.79 (%33.0 altta),-,17.53,55.0,80.46,0.88,
2026-07-23 19:07,ENJSA,108.4,🔴 Düşüş Trendinde,🟢 AL (Trend Onaylı),-,-,🟢 EMA Yükselişte (SSL Ok Bekleniyor),🚨 BB SIKIŞMA,🟡Fiyat Orta-Üst Bant Aralığında,EMA55 Destek: 107.34 (%1.0 altta),-,-,12.38,56.72,96.06,0.51,
2026-07-23 19:07,ENKAI,89.95,🔴 Düşüş Trendinde,⏳ BEKLE,-,-,⚪ Karışık / Testere Piyasası,🚨 BB SIKIŞMA,⚪Fiyat Alt_Orta Bant Aralığında,EMA200 Destek: 86.47 (%3.9 altta) | EMA5 Direnç: 90.50 (%0.6 üstte),-,110.50-113.50 (%22.8 üstte),4.02,44.39,74.76,-0.22,
2026-07-23 19:07,GLRMK,163.0,🔴 Düşüş Trendinde,🟢 AL (Trend Onaylı),-,-,🔴 Ayı Piyasası (EMA 50 En Altta),🟠 Daralıyor,⚪Fiyat Alt_Orta Bant Aralığında,EMA5 Destek: 162.19 (%0.5 altta) | EMA21 Direnç: 165.47 (%1.5 üstte),150.00-161.40 (%1.0 altta),195.30-205.40 (%19.8 üstte),-7.95,44.25,88.27,-0.37,
2026-07-23 19:07,IZENR,10.03,🔴 Düşüş Trendinde,🟢 AL (Trend Onaylı),-,-,🔴 Ayı Piyasası (EMA 50 En Altta),⚪ Yelpaze Açık,🟡Fiyat Orta-Üst Bant Aralığında,EMA100 Destek: 9.96 (%0.7 altta),-,9.39-11.03 (fiyat bandın içinde!),2.66,56.17,90.75,-0.09,
2026-07-23 19:07,MGROS,630.5,🔴 Düşüş Trendinde,🟢 AL (Trend Onaylı),-,-,⚠️ Yükseliş Trendinde Düzeltme (SSL Negatif),⚪ Yelpaze Açık,⚪Fiyat Alt_Orta Bant Aralığında,EMA200 Destek: 594.27 (%5.7 altta) | EMA5 Direnç: 634.65 (%0.7 üstte),415.39-429.68 (%31.9 altta),693.50-706.00 (%10.0 üstte),6.1,43.37,74.27,-0.03,
2026-07-23 19:07,MIATK,33.16,🔴 Düşüş Trendinde,⏳ BEKLE,-,-,🔴 Ayı Piyasası (EMA 50 En Altta),⚪ Yelpaze Açık,⚪Fiyat Alt_Orta Bant Aralığında,EMA5 Destek: 33.14 (%0.1 altta) | EMA21 Direnç: 35.85 (%8.1 üstte),-,-,-17.79,36.52,82.86,-0.4,
2026-07-23 19:07,MPARK,410.0,🔴 Düşüş Trendinde,🔴 SAT,-,-,"📉 Düşüş Hazırlığı (50<100 Kesti, 150 Bekleniyor)",🚨 BB SIKIŞMA,⚪Fiyat Alt_Orta Bant Aralığında,EMA200 Direnç: 410.03 (%0.0 üstte),-,-,-0.01,42.3,37.14,-0.47,
2026-07-23 19:07,OBAMS,5.35,🔴 Düşüş Trendinde,🟢 AL (Trend Onaylı),-,-,🔴 Ayı Piyasası (EMA 50 En Altta),⚪ Yelpaze Açık,⚪Fiyat Alt_Orta Bant Aralığında,EMA5 Destek: 5.33 (%0.3 altta) | EMA21 Direnç: 5.72 (%6.8 üstte),-,8.26-8.82 (%54.4 üstte),-27.88,33.8,92.27,-0.58,
2026-07-23 19:07,OYAKC,20.82,🟢 Yükseliş Trendinde,🟢 AL (Trend Onaylı),-,-,🔴 Ayı Piyasası (EMA 50 En Altta),🚨 BB SIKIŞMA,🟡Fiyat Orta-Üst Bant Aralığında,EMA5 Destek: 20.77 (%0.2 altta) | EMA55 Direnç: 21.36 (%2.6 üstte),-,-,-6.92,50.81,89.99,0.25,
2026-07-23 19:07,TCELL,105.0,🟢 Yükseliş Trendinde,🔴 SAT,🩸 SAT (Zirveden Dönüş),-,⚠️ Yükseliş Trendinde Düzeltme (SSL Negatif),🚨 BB SIKIŞMA,⚪Fiyat Alt_Orta Bant Aralığında,EMA200 Direnç: 105.10 (%0.1 üstte),-,119.50-123.40 (%13.8 üstte),-0.09,42.01,58.5,0.36,
2026-07-23 19:07,ULKER,94.35,🔴 Düşüş Trendinde,🔴 SAT,-,🟢 POTANSİYEL DİP,🔴 Ayı Piyasası (EMA 50 En Altta),🚨 BB SIKIŞMA,⚪Fiyat Alt_Orta Bant Aralığında,EMA5 Direnç: 95.82 (%1.6 üstte),-,-,-12.93,29.76,34.84,-0.75,
2026-07-23 21:43,AHSGY,20.94,🟢 Yükseliş Trendinde,🟢 AL (Trend Onaylı),-,-,🟢 EMA Yükselişte (SSL Ok Bekleniyor),🟡 Normal Genişlik,🟡Fiyat Orta-Üst Bant Aralığında,EMA5 Destek: 20.75 (%0.9 altta),17.24-19.48 (%7.0 altta),24.19-26.14 (%15.5 üstte),19.25,55.41,58.77,-0.37,
2026-07-23 21:43,ASELS,376.25,🔴 Düşüş Trendinde,🟢 AL (Trend Onaylı),-,-,🟢 EMA Yükselişte (SSL Ok Bekleniyor),⚪ Yelpaze Açık,🟡Fiyat Orta-Üst Bant Aralığında,EMA55 Destek: 373.65 (%0.7 altta),171.28-177.57 (%52.8 altta),-,22.46,52.29,53.1,-0.58,
2026-07-23 21:43,BIMAS,390.5,🟢 Yükseliş Trendinde,⏳ BEKLE,-,-,⚪ Karışık / Testere Piyasası,⚪ Yelpaze Açık,🟡Fiyat Orta-Üst Bant Aralığında,EMA21 Destek: 382.68 (%2.0 altta) | EMA5 Direnç: 392.53 (%0.5 üstte),236.44-244.88 (%37.3 altta),-,17.53,55.0,80.46,0.88,
2026-07-23 21:43,ENJSA,108.4,🔴 Düşüş Trendinde,🟢 AL (Trend Onaylı),-,-,🟢 EMA Yükselişte (SSL Ok Bekleniyor),🚨 BB SIKIŞMA,🟡Fiyat Orta-Üst Bant Aralığında,EMA55 Destek: 107.34 (%1.0 altta),-,-,12.38,56.72,96.06,0.51,
2026-07-23 21:43,ENKAI,89.95,🔴 Düşüş Trendinde,⏳ BEKLE,-,-,⚪ Karışık / Testere Piyasası,🚨 BB SIKIŞMA,⚪Fiyat Alt_Orta Bant Aralığında,EMA200 Destek: 86.47 (%3.9 altta) | EMA5 Direnç: 90.50 (%0.6 üstte),-,110.50-113.50 (%22.8 üstte),4.02,44.39,74.76,-0.22,
2026-07-23 21:43,GLRMK,163.0,🔴 Düşüş Trendinde,🟢 AL (Trend Onaylı),-,-,🔴 Ayı Piyasası (EMA 50 En Altta),🟠 Daralıyor,⚪Fiyat Alt_Orta Bant Aralığında,EMA5 Destek: 162.19 (%0.5 altta) | EMA21 Direnç: 165.47 (%1.5 üstte),150.00-161.40 (%1.0 altta),195.30-205.40 (%19.8 üstte),-7.95,44.25,88.27,-0.37,
2026-07-23 21:43,IZENR,10.03,🔴 Düşüş Trendinde,🟢 AL (Trend Onaylı),-,-,🔴 Ayı Piyasası (EMA 50 En Altta),⚪ Yelpaze Açık,🟡Fiyat Orta-Üst Bant Aralığında,EMA100 Destek: 9.96 (%0.7 altta),-,9.39-11.03 (fiyat bandın içinde!),2.66,56.17,90.75,-0.09,
2026-07-23 21:43,MGROS,630.5,🔴 Düşüş Trendinde,🟢 AL (Trend Onaylı),-,-,⚠️ Yükseliş Trendinde Düzeltme (SSL Negatif),⚪ Yelpaze Açık,⚪Fiyat Alt_Orta Bant Aralığında,EMA200 Destek: 594.27 (%5.7 altta) | EMA5 Direnç: 634.65 (%0.7 üstte),415.39-429.68 (%31.9 altta),693.50-706.00 (%10.0 üstte),6.1,43.37,74.27,-0.03,
2026-07-23 21:43,MIATK,33.16,🔴 Düşüş Trendinde,⏳ BEKLE,-,-,🔴 Ayı Piyasası (EMA 50 En Altta),⚪ Yelpaze Açık,⚪Fiyat Alt_Orta Bant Aralığında,EMA5 Destek: 33.14 (%0.1 altta) | EMA21 Direnç: 35.85 (%8.1 üstte),-,-,-17.79,36.52,82.86,-0.4,
2026-07-23 21:43,MPARK,410.0,🔴 Düşüş Trendinde,🔴 SAT,-,-,"📉 Düşüş Hazırlığı (50<100 Kesti, 150 Bekleniyor)",🚨 BB SIKIŞMA,⚪Fiyat Alt_Orta Bant Aralığında,EMA200 Direnç: 410.03 (%0.0 üstte),-,-,-0.01,42.3,37.14,-0.47,
2026-07-23 21:43,OBAMS,5.35,🔴 Düşüş Trendinde,🟢 AL (Trend Onaylı),-,-,🔴 Ayı Piyasası (EMA 50 En Altta),⚪ Yelpaze Açık,⚪Fiyat Alt_Orta Bant Aralığında,EMA5 Destek: 5.33 (%0.3 altta) | EMA21 Direnç: 5.72 (%6.8 üstte),-,8.26-8.82 (%54.4 üstte),-27.88,33.8,92.27,-0.58,
2026-07-23 21:43,OYAKC,20.82,🟢 Yükseliş Trendinde,🟢 AL (Trend Onaylı),-,-,🔴 Ayı Piyasası (EMA 50 En Altta),🚨 BB SIKIŞMA,🟡Fiyat Orta-Üst Bant Aralığında,EMA5 Destek: 20.77 (%0.2 altta) | EMA55 Direnç: 21.36 (%2.6 üstte),-,-,-6.92,50.81,89.99,0.25,
2026-07-23 21:43,TCELL,105.0,🟢 Yükseliş Trendinde,🔴 SAT,🩸 SAT (Zirveden Dönüş),-,⚠️ Yükseliş Trendinde Düzeltme (SSL Negatif),🚨 BB SIKIŞMA,⚪Fiyat Alt_Orta Bant Aralığında,EMA200 Direnç: 105.10 (%0.1 üstte),-,119.50-123.40 (%13.8 üstte),-0.09,42.01,58.5,0.36,
2026-07-23 21:43,ULKER,94.35,🔴 Düşüş Trendinde,🔴 SAT,-,🟢 POTANSİYEL DİP,🔴 Ayı Piyasası (EMA 50 En Altta),🚨 BB SIKIŞMA,⚪Fiyat Alt_Orta Bant Aralığında,EMA5 Direnç: 95.82 (%1.6 üstte),-,-,-12.93,29.76,34.84,-0.75,
2026-07-24 14:59,AHSGY,20.44,🟢 Yükseliş Trendinde,🟢 AL (Trend Onaylı),-,-,⚪ Karışık / Testere Piyasası,🚨 BB SIKIŞMA,⚪Fiyat Alt_Orta Bant Aralığında,EMA21 Destek: 20.37 (%0.4 altta) | EMA5 Direnç: 20.65 (%1.0 üstte),17.24-19.48 (%4.7 altta),24.19-26.14 (%18.3 üstte),16.15,51.14,51.01,-0.27,
2026-07-24 14:59,ASELS,381.25,🔴 Düşüş Trendinde,🟢 AL (Trend Onaylı),-,-,🟢 EMA Yükselişte (SSL Ok Bekleniyor),⚪ Yelpaze Açık,🟡Fiyat Orta-Üst Bant Aralığında,EMA55 Destek: 373.92 (%1.9 altta),171.28-177.57 (%53.4 altta),-,23.92,54.22,70.77,-0.28,
2026-07-24 14:59,BIMAS,385.75,🟢 Yükseliş Trendinde,🔴 SAT,-,-,🟢 EMA Yükselişte (SSL Ok Bekleniyor),⚪ Yelpaze Açık,🟡Fiyat Orta-Üst Bant Aralığında,EMA21 Destek: 382.95 (%0.7 altta) | EMA5 Direnç: 390.27 (%1.2 üstte),236.44-244.88 (%36.5 altta),-,15.93,52.28,68.19,0.78,
2026-07-24 14:59,ENJSA,106.6,🔴 Düşüş Trendinde,🟢 AL (Trend Onaylı),-,-,🟢 EMA Yükselişte (SSL Ok Bekleniyor),🟠 Daralıyor,🟡Fiyat Orta-Üst Bant Aralığında,EMA100 Destek: 106.53 (%0.1 altta) | EMA5 Direnç: 106.87 (%0.3 üstte),-,-,10.41,52.17,86.03,0.58,
2026-07-24 14:59,ENKAI,88.95,🔴 Düşüş Trendinde,🔴 SAT,🔴 ZAYIFLAMA (Zaten Dipte),-,🟢 EMA Yükselişte (SSL Ok Bekleniyor),🚨 BB SIKIŞMA,⚪Fiyat Alt_Orta Bant Aralığında,EMA200 Destek: 86.46 (%2.8 altta) | EMA5 Direnç: 89.98 (%1.2 üstte),-,110.50-113.50 (%24.2 üstte),2.88,41.86,57.7,-0.05,
2026-07-24 14:59,GLRMK,163.5,🔴 Düşüş Trendinde,🟢 AL (Trend Onaylı),-,-,🔴 Ayı Piyasası (EMA 50 En Altta),🚨 BB SIKIŞMA,⚪Fiyat Alt_Orta Bant Aralığında,EMA5 Destek: 162.62 (%0.5 altta) | EMA21 Direnç: 165.29 (%1.1 üstte),150.00-161.40 (%1.3 altta),195.30-205.40 (%19.4 üstte),-7.63,45.02,95.48,-0.09,
2026-07-24 14:59,IZENR,10.04,🔴 Düşüş Trendinde,🟢 AL (Trend Onaylı),-,-,🔴 Ayı Piyasası (EMA 50 En Altta),⚪ Yelpaze Açık,🟡Fiyat Orta-Üst Bant Aralığında,EMA100 Destek: 9.96 (%0.8 altta),-,9.39-11.03 (fiyat bandın içinde!),2.71,56.29,98.09,0.26,
2026-07-24 14:59,MGROS,625.0,🔴 Düşüş Trendinde,⏳ BEKLE,🩸 SAT (Zirveden Dönüş),-,⚠️ Yükseliş Trendinde Düzeltme (SSL Negatif),🟡 Normal Genişlik,⚪Fiyat Alt_Orta Bant Aralığında,EMA200 Destek: 594.29 (%4.9 altta) | EMA5 Direnç: 631.43 (%1.0 üstte),415.39-429.68 (%31.3 altta),693.50-706.00 (%11.0 üstte),5.17,41.57,68.01,-0.12,
2026-07-24 14:59,MIATK,33.8,🔴 Düşüş Trendinde,⏳ BEKLE,-,-,🔴 Ayı Piyasası (EMA 50 En Altta),⚪ Yelpaze Açık,⚪Fiyat Alt_Orta Bant Aralığında,EMA5 Destek: 33.36 (%1.3 altta) | EMA21 Direnç: 35.67 (%5.5 üstte),-,-,-16.06,39.28,94.17,-0.19,
2026-07-24 14:59,MPARK,410.75,🔴 Düşüş Trendinde,🔴 SAT,-,-,"📉 Düşüş Hazırlığı (50<100 Kesti, 150 Bekleniyor)",🚨 BB SIKIŞMA,⚪Fiyat Alt_Orta Bant Aralığında,EMA200 Destek: 409.92 (%0.2 altta) | EMA5 Direnç: 412.33 (%0.4 üstte),-,-,0.2,42.72,39.38,-0.44,
2026-07-24 14:59,OBAMS,5.29,🔴 Düşüş Trendinde,🟢 AL (Trend Onaylı),-,-,🔴 Ayı Piyasası (EMA 50 En Altta),⚪ Yelpaze Açık,⚪Fiyat Alt_Orta Bant Aralığında,EMA5 Direnç: 5.32 (%0.5 üstte),-,8.26-8.82 (%56.1 üstte),-28.44,32.66,93.1,-0.42,
2026-07-24 14:59,OYAKC,20.74,🟢 Yükseliş Trendinde,🟢 AL (Trend Onaylı),-,-,🔴 Ayı Piyasası (EMA 50 En Altta),🚨 BB SIKIŞMA,🟡Fiyat Orta-Üst Bant Aralığında,EMA21 Destek: 20.67 (%0.4 altta) | EMA5 Direnç: 20.76 (%0.1 üstte),-,-,-7.19,49.82,78.41,0.51,
2026-07-24 14:59,TCELL,102.7,🩸 SAT (Trend Kırıldı),🔴 SAT,-,-,⚠️ Yükseliş Trendinde Düzeltme (SSL Negatif),🚨 BB SIKIŞMA,🚨Fiyat Bandın Altında!,EMA200 Direnç: 105.05 (%2.3 üstte),-,119.50-123.40 (%16.4 üstte),-2.24,38.53,29.83,-0.01,
2026-07-24 14:59,ULKER,92.45,🔴 Düşüş Trendinde,🔴 SAT,-,🟢 POTANSİYEL DİP,🔴 Ayı Piyasası (EMA 50 En Altta),🟠 Daralıyor,🚨Fiyat Bandın Altında!,EMA5 Direnç: 94.70 (%2.4 üstte),-,-,-14.54,26.43,19.35,-0.75,
2026-07-24 18:49,AHSGY,20.0,🟢 Yükseliş Trendinde,⏳ BEKLE,-,-,⚪ Karışık / Testere Piyasası,🚨 BB SIKIŞMA,⚪Fiyat Alt_Orta Bant Aralığında,EMA100 Destek: 19.71 (%1.5 altta) | EMA55 Direnç: 20.13 (%0.6 üstte),17.24-19.48 (%2.6 altta),24.19-26.14 (%20.9 üstte),13.68,47.9,44.85,-0.33,
2026-07-24 18:49,ASELS,380.25,🔴 Düşüş Trendinde,🟢 AL (Trend Onaylı),-,-,🟢 EMA Yükselişte (SSL Ok Bekleniyor),⚪ Yelpaze Açık,🟡Fiyat Orta-Üst Bant Aralığında,EMA55 Destek: 373.89 (%1.7 altta),171.28-177.57 (%53.3 altta),-,23.6,53.84,70.0,-0.29,
2026-07-24 18:49,BIMAS,380.25,🟢 Yükseliş Trendinde,🔴 SAT,-,-,🟢 EMA Yükselişte (SSL Ok Bekleniyor),⚪ Yelpaze Açık,🟡Fiyat Orta-Üst Bant Aralığında,EMA55 Destek: 376.69 (%0.9 altta) | EMA21 Direnç: 382.45 (%0.6 üstte),236.44-244.88 (%35.6 altta),-,14.29,49.45,63.29,0.72,
2026-07-24 18:49,ENJSA,105.4,🔴 Düşüş Trendinde,🟢 AL (Trend Onaylı),🩸 SAT (Zirveden Dönüş),-,⚪ Karışık / Testere Piyasası,🟠 Daralıyor,🟡Fiyat Orta-Üst Bant Aralığında,EMA21 Destek: 105.29 (%0.1 altta) | EMA5 Direnç: 106.47 (%1.0 üstte),-,-,9.19,49.53,82.49,0.54,
2026-07-24 18:49,ENKAI,88.8,🔴 Düşüş Trendinde,🔴 SAT,🔴 ZAYIFLAMA (Zaten Dipte),-,🟢 EMA Yükselişte (SSL Ok Bekleniyor),🚨 BB SIKIŞMA,⚪Fiyat Alt_Orta Bant Aralığında,EMA200 Destek: 86.45 (%2.6 altta) | EMA5 Direnç: 89.93 (%1.3 üstte),-,110.50-113.50 (%24.4 üstte),2.71,41.5,56.66,-0.07,
2026-07-24 18:49,GLRMK,163.3,🔴 Düşüş Trendinde,🟢 AL (Trend Onaylı),-,-,🔴 Ayı Piyasası (EMA 50 En Altta),🚨 BB SIKIŞMA,⚪Fiyat Alt_Orta Bant Aralığında,EMA5 Destek: 162.56 (%0.5 altta) | EMA21 Direnç: 165.27 (%1.2 üstte),150.00-161.40 (%1.2 altta),195.30-205.40 (%19.6 üstte),-7.74,44.72,94.89,-0.1,
2026-07-24 18:49,IZENR,10.0,🔴 Düşüş Trendinde,🟢 AL (Trend Onaylı),-,-,🔴 Ayı Piyasası (EMA 50 En Altta),⚪ Yelpaze Açık,🟡Fiyat Orta-Üst Bant Aralığında,EMA100 Destek: 9.96 (%0.4 altta),-,9.39-11.03 (fiyat bandın içinde!),2.31,55.68,97.57,0.25,
2026-07-24 18:49,MGROS,623.0,🔴 Düşüş Trendinde,🔴 SAT,🩸 SAT (Zirveden Dönüş),-,⚠️ Yükseliş Trendinde Düzeltme (SSL Negatif),🟡 Normal Genişlik,⚪Fiyat Alt_Orta Bant Aralığında,EMA200 Destek: 594.27 (%4.6 altta) | EMA5 Direnç: 630.77 (%1.2 üstte),415.39-429.68 (%31.0 altta),693.50-706.00 (%11.3 üstte),4.83,40.96,66.89,-0.15,
2026-07-24 18:49,MIATK,33.64,🔴 Düşüş Trendinde,⏳ BEKLE,-,-,🔴 Ayı Piyasası (EMA 50 En Altta),⚪ Yelpaze Açık,⚪Fiyat Alt_Orta Bant Aralığında,EMA5 Destek: 33.31 (%1.0 altta) | EMA21 Direnç: 35.65 (%6.0 üstte),-,-,-16.45,38.61,94.17,-0.2,
2026-07-24 18:49,MPARK,402.25,🔴 Düşüş Trendinde,🔴 SAT,-,-,"📉 Düşüş Hazırlığı (50<100 Kesti, 150 Bekleniyor)",🚨 BB SIKIŞMA,🚨Fiyat Bandın Altında!,EMA5 Direnç: 409.50 (%1.8 üstte),-,-,-1.85,39.3,30.01,-0.52,
2026-07-24 18:49,OBAMS,5.21,🔴 Düşüş Trendinde,⏳ BEKLE,-,-,🔴 Ayı Piyasası (EMA 50 En Altta),⚪ Yelpaze Açık,⚪Fiyat Alt_Orta Bant Aralığında,EMA5 Direnç: 5.29 (%1.6 üstte),-,8.26-8.82 (%58.5 üstte),-29.51,31.26,90.79,-0.46,
2026-07-24 18:49,OYAKC,21.3,🟢 Yükseliş Trendinde,🟢 AL (Trend Onaylı),-,-,🔴 Ayı Piyasası (EMA 50 En Altta),🚨 BB SIKIŞMA,🟡Fiyat Orta-Üst Bant Aralığında,EMA5 Destek: 20.95 (%1.7 altta) | EMA55 Direnç: 21.36 (%0.3 üstte),-,-,-4.71,56.06,88.27,0.59,
2026-07-24 18:49,TCELL,103.7,🩸 SAT (Trend Kırıldı),🔴 SAT,-,-,⚠️ Yükseliş Trendinde Düzeltme (SSL Negatif),🚨 BB SIKIŞMA,🚨Fiyat Bandın Altında!,EMA200 Direnç: 105.06 (%1.3 üstte),-,119.50-123.40 (%15.2 üstte),-1.3,39.97,29.83,0.04,
2026-07-24 18:49,ULKER,92.05,🔴 Düşüş Trendinde,🔴 SAT,-,🟢 POTANSİYEL DİP,🔴 Ayı Piyasası (EMA 50 En Altta),🟠 Daralıyor,🚨Fiyat Bandın Altında!,EMA5 Direnç: 94.57 (%2.7 üstte),-,-,-14.91,25.83,19.35,-0.75,
2026-07-24 21:49,AHSGY,20.0,🟢 Yükseliş Trendinde,⏳ BEKLE,-,-,⚪ Karışık / Testere Piyasası,🚨 BB SIKIŞMA,⚪Fiyat Alt_Orta Bant Aralığında,EMA100 Destek: 19.71 (%1.5 altta) | EMA55 Direnç: 20.13 (%0.6 üstte),17.24-19.48 (%2.6 altta),24.19-26.14 (%20.9 üstte),13.68,47.9,44.85,-0.33,
2026-07-24 21:49,ASELS,380.25,🔴 Düşüş Trendinde,🟢 AL (Trend Onaylı),-,-,🟢 EMA Yükselişte (SSL Ok Bekleniyor),⚪ Yelpaze Açık,🟡Fiyat Orta-Üst Bant Aralığında,EMA55 Destek: 373.89 (%1.7 altta),171.28-177.57 (%53.3 altta),-,23.6,53.84,70.0,-0.29,
2026-07-24 21:49,BIMAS,380.25,🟢 Yükseliş Trendinde,🔴 SAT,-,-,🟢 EMA Yükselişte (SSL Ok Bekleniyor),⚪ Yelpaze Açık,🟡Fiyat Orta-Üst Bant Aralığında,EMA55 Destek: 376.69 (%0.9 altta) | EMA21 Direnç: 382.45 (%0.6 üstte),236.44-244.88 (%35.6 altta),-,14.29,49.45,63.29,0.72,
2026-07-24 21:49,ENJSA,105.4,🔴 Düşüş Trendinde,🟢 AL (Trend Onaylı),🩸 SAT (Zirveden Dönüş),-,⚪ Karışık / Testere Piyasası,🟠 Daralıyor,🟡Fiyat Orta-Üst Bant Aralığında,EMA21 Destek: 105.29 (%0.1 altta) | EMA5 Direnç: 106.47 (%1.0 üstte),-,-,9.19,49.53,82.49,0.54,
2026-07-24 21:49,ENKAI,88.8,🔴 Düşüş Trendinde,🔴 SAT,🔴 ZAYIFLAMA (Zaten Dipte),-,🟢 EMA Yükselişte (SSL Ok Bekleniyor),🚨 BB SIKIŞMA,⚪Fiyat Alt_Orta Bant Aralığında,EMA200 Destek: 86.45 (%2.6 altta) | EMA5 Direnç: 89.93 (%1.3 üstte),-,110.50-113.50 (%24.4 üstte),2.71,41.5,56.66,-0.07,
2026-07-24 21:49,GLRMK,163.3,🔴 Düşüş Trendinde,🟢 AL (Trend Onaylı),-,-,🔴 Ayı Piyasası (EMA 50 En Altta),🚨 BB SIKIŞMA,⚪Fiyat Alt_Orta Bant Aralığında,EMA5 Destek: 162.56 (%0.5 altta) | EMA21 Direnç: 165.27 (%1.2 üstte),150.00-161.40 (%1.2 altta),195.30-205.40 (%19.6 üstte),-7.74,44.72,94.89,-0.1,
2026-07-24 21:49,IZENR,10.0,🔴 Düşüş Trendinde,🟢 AL (Trend Onaylı),-,-,🔴 Ayı Piyasası (EMA 50 En Altta),⚪ Yelpaze Açık,🟡Fiyat Orta-Üst Bant Aralığında,EMA100 Destek: 9.96 (%0.4 altta),-,9.39-11.03 (fiyat bandın içinde!),2.31,55.68,97.57,0.25,
2026-07-24 21:49,MGROS,623.0,🔴 Düşüş Trendinde,🔴 SAT,🩸 SAT (Zirveden Dönüş),-,⚠️ Yükseliş Trendinde Düzeltme (SSL Negatif),🟡 Normal Genişlik,⚪Fiyat Alt_Orta Bant Aralığında,EMA200 Destek: 594.27 (%4.6 altta) | EMA5 Direnç: 630.77 (%1.2 üstte),415.39-429.68 (%31.0 altta),693.50-706.00 (%11.3 üstte),4.83,40.96,66.89,-0.15,
2026-07-24 21:49,MIATK,33.64,🔴 Düşüş Trendinde,⏳ BEKLE,-,-,🔴 Ayı Piyasası (EMA 50 En Altta),⚪ Yelpaze Açık,⚪Fiyat Alt_Orta Bant Aralığında,EMA5 Destek: 33.31 (%1.0 altta) | EMA21 Direnç: 35.65 (%6.0 üstte),-,-,-16.45,38.61,94.17,-0.2,
2026-07-24 21:49,MPARK,402.25,🔴 Düşüş Trendinde,🔴 SAT,-,-,"📉 Düşüş Hazırlığı (50<100 Kesti, 150 Bekleniyor)",🚨 BB SIKIŞMA,🚨Fiyat Bandın Altında!,EMA5 Direnç: 409.50 (%1.8 üstte),-,-,-1.85,39.3,30.01,-0.52,
2026-07-24 21:49,OBAMS,5.21,🔴 Düşüş Trendinde,⏳ BEKLE,-,-,🔴 Ayı Piyasası (EMA 50 En Altta),⚪ Yelpaze Açık,⚪Fiyat Alt_Orta Bant Aralığında,EMA5 Direnç: 5.29 (%1.6 üstte),-,8.26-8.82 (%58.5 üstte),-29.51,31.26,90.79,-0.46,
2026-07-24 21:49,OYAKC,21.3,🟢 Yükseliş Trendinde,🟢 AL (Trend Onaylı),-,-,🔴 Ayı Piyasası (EMA 50 En Altta),🚨 BB SIKIŞMA,🟡Fiyat Orta-Üst Bant Aralığında,EMA5 Destek: 20.95 (%1.7 altta) | EMA55 Direnç: 21.36 (%0.3 üstte),-,-,-4.71,56.06,88.27,0.59,
2026-07-24 21:49,TCELL,103.7,🩸 SAT (Trend Kırıldı),🔴 SAT,-,-,⚠️ Yükseliş Trendinde Düzeltme (SSL Negatif),🚨 BB SIKIŞMA,🚨Fiyat Bandın Altında!,EMA200 Direnç: 105.06 (%1.3 üstte),-,119.50-123.40 (%15.2 üstte),-1.3,39.97,29.83,0.04,
2026-07-24 21:49,ULKER,92.05,🔴 Düşüş Trendinde,🔴 SAT,-,🟢 POTANSİYEL DİP,🔴 Ayı Piyasası (EMA 50 En Altta),🟠 Daralıyor,🚨Fiyat Bandın Altında!,EMA5 Direnç: 94.57 (%2.7 üstte),-,-,-14.91,25.83,19.35,-0.75,
2026-07-27 16:25,AHSGY,19.91,🟢 Yükseliş Trendinde,🔴 SAT,🔴 ZAYIFLAMA (Zaten Dipte),-,⚠️ Yükseliş Trendinde Düzeltme (SSL Negatif),🚨 BB SIKIŞMA,⚪Fiyat Alt_Orta Bant Aralığında,EMA100 Destek: 19.71 (%1.0 altta) | EMA55 Direnç: 20.12 (%1.0 üstte),17.24-19.48 (%2.2 altta),24.19-26.14 (%21.5 üstte),12.89,47.24,29.0,-0.21,
2026-07-27 16:25,ASELS,364.75,🔴 Düşüş Trendinde,🟢 AL (Trend Onaylı),-,-,🟢 EMA Yükselişte (SSL Ok Bekleniyor),⚪ Yelpaze Açık,⚪Fiyat Alt_Orta Bant Aralığında,EMA100 Destek: 361.19 (%1.0 altta) | EMA5 Direnç: 368.86 (%1.1 üstte),171.28-177.57 (%51.3 altta),-,18.56,47.39,68.08,0.01,
2026-07-27 16:25,BIMAS,384.75,🟢 Yükseliş Trendinde,🔴 SAT,-,-,🟢 EMA Yükselişte (SSL Ok Bekleniyor),⚪ Yelpaze Açık,🟡Fiyat Orta-Üst Bant Aralığında,EMA21 Destek: 382.66 (%0.5 altta) | EMA5 Direnç: 387.21 (%0.6 üstte),252.43-261.79 (%32.0 altta),-,15.54,51.75,46.5,0.62,
2026-07-27 16:25,ENJSA,105.9,🔴 Düşüş Trendinde,⏳ BEKLE,-,-,🟢 EMA Yükselişte (SSL Ok Bekleniyor),🟠 Daralıyor,🟡Fiyat Orta-Üst Bant Aralığında,EMA21 Destek: 105.34 (%0.5 altta) | EMA5 Direnç: 106.28 (%0.4 üstte),-,-,9.64,50.65,70.43,0.54,
2026-07-27 16:25,ENKAI,89.05,🔴 Düşüş Trendinde,🔴 SAT,-,-,🟢 EMA Yükselişte (SSL Ok Bekleniyor),🚨 BB SIKIŞMA,⚪Fiyat Alt_Orta Bant Aralığında,EMA200 Destek: 86.39 (%3.0 altta) | EMA5 Direnç: 89.64 (%0.7 üstte),-,110.50-113.50 (%24.1 üstte),3.08,42.38,42.28,-0.1,
2026-07-27 16:25,GLRMK,160.9,🔴 Düşüş Trendinde,⏳ BEKLE,🔴 ZAYIFLAMA (Zaten Dipte),-,🔴 Ayı Piyasası (EMA 50 En Altta),🚨 BB SIKIŞMA,⚪Fiyat Alt_Orta Bant Aralığında,EMA5 Direnç: 162.00 (%0.7 üstte),150.00-161.40 (fiyat bandın içinde!),195.30-205.40 (%21.4 üstte),-9.05,41.71,86.97,0.05,
2026-07-27 16:25,IZENR,10.02,🔴 Düşüş Trendinde,🟢 AL (Trend Onaylı),-,-,🔴 Ayı Piyasası (EMA 50 En Altta),⚪ Yelpaze Açık,🟡Fiyat Orta-Üst Bant Aralığında,EMA100 Destek: 9.96 (%0.6 altta),-,9.39-11.03 (fiyat bandın içinde!),2.43,55.95,99.25,0.68,
2026-07-27 16:25,MGROS,621.0,🔴 Düşüş Trendinde,🔴 SAT,-,-,⚠️ Yükseliş Trendinde Düzeltme (SSL Negatif),🟠 Daralıyor,⚪Fiyat Alt_Orta Bant Aralığında,EMA200 Destek: 593.84 (%4.4 altta) | EMA5 Direnç: 627.51 (%1.0 üstte),415.39-429.68 (%30.8 altta),693.50-706.00 (%11.7 üstte),4.57,40.31,56.21,-0.18,
2026-07-27 16:25,MIATK,34.98,🔴 Düşüş Trendinde,🔥 GÜÇLÜ AL (Taze Kırılım),-,-,🔴 Ayı Piyasası (EMA 50 En Altta),⚪ Yelpaze Açık,🟡Fiyat Orta-Üst Bant Aralığında,EMA5 Destek: 33.87 (%3.2 altta) | EMA21 Direnç: 35.59 (%1.7 üstte),-,-,-12.92,44.14,96.59,0.18,
2026-07-27 16:25,MPARK,400.0,🔴 Düşüş Trendinde,🔴 SAT,-,-,"📉 Düşüş Hazırlığı (50<100 Kesti, 150 Bekleniyor)",🟠 Daralıyor,⚪Fiyat Alt_Orta Bant Aralığında,EMA5 Direnç: 406.33 (%1.6 üstte),-,-,-2.26,38.44,22.78,-0.59,
2026-07-27 16:25,OBAMS,5.17,🔴 Düşüş Trendinde,🔴 SAT,-,-,🔴 Ayı Piyasası (EMA 50 En Altta),⚪ Yelpaze Açık,⚪Fiyat Alt_Orta Bant Aralığında,EMA5 Direnç: 5.25 (%1.6 üstte),-,8.26-8.82 (%59.8 üstte),-29.73,30.56,82.92,-0.3,
2026-07-27 16:25,OYAKC,20.48,🟢 Yükseliş Trendinde,🟢 AL (Trend Onaylı),🩸 SAT (Zirveden Dönüş),-,🔴 Ayı Piyasası (EMA 50 En Altta),🚨 BB SIKIŞMA,⚪Fiyat Alt_Orta Bant Aralığında,EMA21 Direnç: 20.69 (%1.0 üstte),-,-,-8.28,46.86,72.02,0.62,
2026-07-27 16:25,TCELL,102.6,🔴 Düşüş Trendinde,🔴 SAT,-,-,"📉 Düşüş Hazırlığı (50<100 Kesti, 150 Bekleniyor)",🚨 BB SIKIŞMA,🚨Fiyat Bandın Altında!,EMA200 Direnç: 105.00 (%2.3 üstte),-,119.50-123.40 (%16.5 üstte),-2.29,38.28,3.47,-0.17,
2026-07-27 16:25,ULKER,91.25,🔴 Düşüş Trendinde,🔴 SAT,-,🟢 POTANSİYEL DİP,🔴 Ayı Piyasası (EMA 50 En Altta),🟠 Daralıyor,🚨Fiyat Bandın Altında!,EMA5 Direnç: 93.46 (%2.4 üstte),-,-,-15.49,24.61,6.8,-0.77,
2026-07-27 19:37,AHSGY,19.84,🟢 Yükseliş Trendinde,🔴 SAT,🔴 ZAYIFLAMA (Zaten Dipte),-,⚠️ Yükseliş Trendinde Düzeltme (SSL Negatif),🚨 BB SIKIŞMA,⚪Fiyat Alt_Orta Bant Aralığında,EMA100 Destek: 19.71 (%0.6 altta) | EMA55 Direnç: 20.12 (%1.4 üstte),17.24-19.48 (%1.8 altta),24.19-26.14 (%21.9 üstte),12.5,46.74,27.97,-0.22,
2026-07-27 19:37,ASELS,360.5,🔴 Düşüş Trendinde,🟢 AL (Trend Onaylı),-,-,⚪ Karışık / Testere Piyasası,⚪ Yelpaze Açık,⚪Fiyat Alt_Orta Bant Aralığında,EMA200 Destek: 307.60 (%14.7 altta) | EMA100 Direnç: 361.11 (%0.2 üstte),171.28-177.57 (%50.7 altta),-,17.2,45.88,64.25,-0.03,
2026-07-27 19:37,BIMAS,383.25,🟢 Yükseliş Trendinde,🔴 SAT,-,-,🟢 EMA Yükselişte (SSL Ok Bekleniyor),⚪ Yelpaze Açık,🟡Fiyat Orta-Üst Bant Aralığında,EMA21 Destek: 382.53 (%0.2 altta) | EMA5 Direnç: 386.71 (%0.9 üstte),252.43-261.79 (%31.7 altta),-,15.09,51.01,45.21,0.6,
2026-07-27 19:37,ENJSA,105.5,🔴 Düşüş Trendinde,⏳ BEKLE,-,-,🟢 EMA Yükselişte (SSL Ok Bekleniyor),🟠 Daralıyor,🟡Fiyat Orta-Üst Bant Aralığında,EMA21 Destek: 105.31 (%0.2 altta) | EMA5 Direnç: 106.15 (%0.6 üstte),-,-,9.23,49.75,69.24,0.53,
2026-07-27 19:37,ENKAI,88.65,🔴 Düşüş Trendinde,🔴 SAT,-,-,🟢 EMA Yükselişte (SSL Ok Bekleniyor),🚨 BB SIKIŞMA,⚪Fiyat Alt_Orta Bant Aralığında,EMA200 Destek: 86.39 (%2.6 altta) | EMA5 Direnç: 89.51 (%1.0 üstte),-,110.50-113.50 (%24.6 üstte),2.62,41.13,38.62,-0.14,
2026-07-27 19:37,GLRMK,159.3,🔴 Düşüş Trendinde,🔴 SAT,🔴 ZAYIFLAMA (Zaten Dipte),-,🩸 ASIL SİNYAL: GÜÇLÜ SAT (EMA Çöktü + SSL Onay),🚨 BB SIKIŞMA,⚪Fiyat Alt_Orta Bant Aralığında,EMA5 Direnç: 161.47 (%1.4 üstte),150.00-161.40 (fiyat bandın içinde!),195.30-205.40 (%22.6 üstte),-9.95,39.92,83.51,-0.03,
2026-07-27 19:37,IZENR,9.81,🔴 Düşüş Trendinde,🟢 AL (Trend Onaylı),-,-,🔴 Ayı Piyasası (EMA 50 En Altta),⚪ Yelpaze Açık,🟡Fiyat Orta-Üst Bant Aralığında,EMA200 Destek: 9.78 (%0.3 altta) | EMA55 Direnç: 9.90 (%0.9 üstte),-,9.39-11.03 (fiyat bandın içinde!),0.3,52.56,95.65,0.66,
2026-07-27 19:37,MGROS,625.0,🔴 Düşüş Trendinde,🔴 SAT,-,-,⚠️ Yükseliş Trendinde Düzeltme (SSL Negatif),🟠 Daralıyor,⚪Fiyat Alt_Orta Bant Aralığında,EMA200 Destek: 593.88 (%5.0 altta) | EMA5 Direnç: 628.84 (%0.6 üstte),415.39-429.68 (%31.3 altta),693.50-706.00 (%11.0 üstte),5.24,41.89,59.05,-0.14,
2026-07-27 19:37,MIATK,34.56,🔴 Düşüş Trendinde,🔥 GÜÇLÜ AL (Taze Kırılım),-,-,🔴 Ayı Piyasası (EMA 50 En Altta),⚪ Yelpaze Açık,🟡Fiyat Orta-Üst Bant Aralığında,EMA5 Destek: 33.73 (%2.4 altta) | EMA21 Direnç: 35.55 (%2.9 üstte),-,-,-13.96,42.51,96.59,0.15,
2026-07-27 19:37,MPARK,397.5,🔴 Düşüş Trendinde,🔴 SAT,-,-,"📉 Düşüş Hazırlığı (50<100 Kesti, 150 Bekleniyor)",🟠 Daralıyor,🚨Fiyat Bandın Altında!,EMA5 Direnç: 405.50 (%2.0 üstte),-,-,-2.86,37.54,20.3,-0.6,
2026-07-27 19:37,OBAMS,5.13,🔴 Düşüş Trendinde,🔴 SAT,-,-,🔴 Ayı Piyasası (EMA 50 En Altta),⚪ Yelpaze Açık,⚪Fiyat Alt_Orta Bant Aralığında,EMA5 Direnç: 5.24 (%2.1 üstte),-,8.26-8.82 (%61.0 üstte),-30.27,29.88,81.8,-0.33,
2026-07-27 19:37,OYAKC,20.34,🟢 Yükseliş Trendinde,⏳ BEKLE,🩸 SAT (Zirveden Dönüş),-,🔴 Ayı Piyasası (EMA 50 En Altta),🚨 BB SIKIŞMA,⚪Fiyat Alt_Orta Bant Aralığında,EMA21 Direnç: 20.68 (%1.7 üstte),-,-,-8.9,45.58,70.01,0.59,
2026-07-27 19:37,TCELL,102.3,🔴 Düşüş Trendinde,🔴 SAT,-,-,"📉 Düşüş Hazırlığı (50<100 Kesti, 150 Bekleniyor)",🚨 BB SIKIŞMA,🚨Fiyat Bandın Altında!,EMA200 Direnç: 105.00 (%2.6 üstte),-,119.50-123.40 (%16.8 üstte),-2.57,37.84,3.47,-0.18,
2026-07-27 19:37,ULKER,90.65,🔴 Düşüş Trendinde,🔴 SAT,-,🟢 POTANSİYEL DİP,🔴 Ayı Piyasası (EMA 50 En Altta),🟡 Normal Genişlik,🚨Fiyat Bandın Altında!,EMA5 Direnç: 93.26 (%2.9 üstte),-,-,-16.04,23.77,6.8,-0.77,
2026-07-27 21:51,AHSGY,19.84,🟢 Yükseliş Trendinde,🔴 SAT,🔴 ZAYIFLAMA (Zaten Dipte),-,⚠️ Yükseliş Trendinde Düzeltme (SSL Negatif),🚨 BB SIKIŞMA,⚪Fiyat Alt_Orta Bant Aralığında,EMA100 Destek: 19.71 (%0.6 altta) | EMA55 Direnç: 20.12 (%1.4 üstte),17.24-19.48 (%1.8 altta),24.19-26.14 (%21.9 üstte),12.5,46.74,27.97,-0.22,
2026-07-27 21:51,ASELS,360.5,🔴 Düşüş Trendinde,🟢 AL (Trend Onaylı),-,-,⚪ Karışık / Testere Piyasası,⚪ Yelpaze Açık,⚪Fiyat Alt_Orta Bant Aralığında,EMA200 Destek: 307.60 (%14.7 altta) | EMA100 Direnç: 361.11 (%0.2 üstte),171.28-177.57 (%50.7 altta),-,17.2,45.88,64.25,-0.03,
2026-07-27 21:51,BIMAS,383.25,🟢 Yükseliş Trendinde,🔴 SAT,-,-,🟢 EMA Yükselişte (SSL Ok Bekleniyor),⚪ Yelpaze Açık,🟡Fiyat Orta-Üst Bant Aralığında,EMA21 Destek: 382.53 (%0.2 altta) | EMA5 Direnç: 386.71 (%0.9 üstte),252.43-261.79 (%31.7 altta),-,15.09,51.01,45.21,0.6,
2026-07-27 21:51,ENJSA,105.5,🔴 Düşüş Trendinde,⏳ BEKLE,-,-,🟢 EMA Yükselişte (SSL Ok Bekleniyor),🟠 Daralıyor,🟡Fiyat Orta-Üst Bant Aralığında,EMA21 Destek: 105.31 (%0.2 altta) | EMA5 Direnç: 106.15 (%0.6 üstte),-,-,9.23,49.75,69.24,0.53,
2026-07-27 21:51,ENKAI,88.65,🔴 Düşüş Trendinde,🔴 SAT,-,-,🟢 EMA Yükselişte (SSL Ok Bekleniyor),🚨 BB SIKIŞMA,⚪Fiyat Alt_Orta Bant Aralığında,EMA200 Destek: 86.39 (%2.6 altta) | EMA5 Direnç: 89.51 (%1.0 üstte),-,110.50-113.50 (%24.6 üstte),2.62,41.13,38.62,-0.14,
2026-07-27 21:51,GLRMK,159.3,🔴 Düşüş Trendinde,🔴 SAT,🔴 ZAYIFLAMA (Zaten Dipte),-,🩸 ASIL SİNYAL: GÜÇLÜ SAT (EMA Çöktü + SSL Onay),🚨 BB SIKIŞMA,⚪Fiyat Alt_Orta Bant Aralığında,EMA5 Direnç: 161.47 (%1.4 üstte),150.00-161.40 (fiyat bandın içinde!),195.30-205.40 (%22.6 üstte),-9.95,39.92,83.51,-0.03,
2026-07-27 21:51,IZENR,9.81,🔴 Düşüş Trendinde,🟢 AL (Trend Onaylı),-,-,🔴 Ayı Piyasası (EMA 50 En Altta),⚪ Yelpaze Açık,🟡Fiyat Orta-Üst Bant Aralığında,EMA200 Destek: 9.78 (%0.3 altta) | EMA55 Direnç: 9.90 (%0.9 üstte),-,9.39-11.03 (fiyat bandın içinde!),0.3,52.56,95.65,0.66,
2026-07-27 21:51,MGROS,625.0,🔴 Düşüş Trendinde,🔴 SAT,-,-,⚠️ Yükseliş Trendinde Düzeltme (SSL Negatif),🟠 Daralıyor,⚪Fiyat Alt_Orta Bant Aralığında,EMA200 Destek: 593.88 (%5.0 altta) | EMA5 Direnç: 628.84 (%0.6 üstte),415.39-429.68 (%31.3 altta),693.50-706.00 (%11.0 üstte),5.24,41.89,59.05,-0.14,
2026-07-27 21:51,MIATK,34.56,🔴 Düşüş Trendinde,🔥 GÜÇLÜ AL (Taze Kırılım),-,-,🔴 Ayı Piyasası (EMA 50 En Altta),⚪ Yelpaze Açık,🟡Fiyat Orta-Üst Bant Aralığında,EMA5 Destek: 33.73 (%2.4 altta) | EMA21 Direnç: 35.55 (%2.9 üstte),-,-,-13.96,42.51,96.59,0.15,
2026-07-27 21:51,MPARK,397.5,🔴 Düşüş Trendinde,🔴 SAT,-,-,"📉 Düşüş Hazırlığı (50<100 Kesti, 150 Bekleniyor)",🟠 Daralıyor,🚨Fiyat Bandın Altında!,EMA5 Direnç: 405.50 (%2.0 üstte),-,-,-2.86,37.54,20.3,-0.6,
2026-07-27 21:51,OBAMS,5.13,🔴 Düşüş Trendinde,🔴 SAT,-,-,🔴 Ayı Piyasası (EMA 50 En Altta),⚪ Yelpaze Açık,⚪Fiyat Alt_Orta Bant Aralığında,EMA5 Direnç: 5.24 (%2.1 üstte),-,8.26-8.82 (%61.0 üstte),-30.27,29.88,81.8,-0.33,
2026-07-27 21:51,OYAKC,20.34,🟢 Yükseliş Trendinde,⏳ BEKLE,🩸 SAT (Zirveden Dönüş),-,🔴 Ayı Piyasası (EMA 50 En Altta),🚨 BB SIKIŞMA,⚪Fiyat Alt_Orta Bant Aralığında,EMA21 Direnç: 20.68 (%1.7 üstte),-,-,-8.9,45.58,70.01,0.59,
2026-07-27 21:51,TCELL,102.3,🔴 Düşüş Trendinde,🔴 SAT,-,-,"📉 Düşüş Hazırlığı (50<100 Kesti, 150 Bekleniyor)",🚨 BB SIKIŞMA,🚨Fiyat Bandın Altında!,EMA200 Direnç: 105.00 (%2.6 üstte),-,119.50-123.40 (%16.8 üstte),-2.57,37.84,3.47,-0.18,
2026-07-27 21:51,ULKER,90.65,🔴 Düşüş Trendinde,🔴 SAT,-,🟢 POTANSİYEL DİP,🔴 Ayı Piyasası (EMA 50 En Altta),🟡 Normal Genişlik,🚨Fiyat Bandın Altında!,EMA5 Direnç: 93.26 (%2.9 üstte),-,-,-16.04,23.77,6.8,-0.77,
2026-07-28 15:17,AHSGY,19.87,🟢 Yükseliş Trendinde,🔴 SAT,-,-,⚠️ Yükseliş Trendinde Düzeltme (SSL Negatif),🚨 BB SIKIŞMA,⚪Fiyat Alt_Orta Bant Aralığında,EMA100 Destek: 19.71 (%0.8 altta) | EMA55 Direnç: 20.11 (%1.2 üstte),17.24-19.48 (%2.0 altta),24.19-26.14 (%21.7 üstte),12.53,47.0,13.65,-0.03,
2026-07-28 15:17,ASELS,361.25,🔴 Düşüş Trendinde,⏳ BEKLE,-,-,🟢 EMA Yükselişte (SSL Ok Bekleniyor),⚪ Yelpaze Açık,⚪Fiyat Alt_Orta Bant Aralığında,EMA100 Destek: 361.11 (%0.0 altta) | EMA5 Direnç: 365.38 (%1.1 üstte),171.28-177.57 (%50.8 altta),-,17.24,46.21,54.25,0.18,
2026-07-28 15:17,BIMAS,391.0,🟢 Yükseliş Trendinde,🔴 SAT,-,-,🟢 EMA Yükselişte (SSL Ok Bekleniyor),⚪ Yelpaze Açık,🟡Fiyat Orta-Üst Bant Aralığında,EMA5 Destek: 388.14 (%0.7 altta),252.43-261.79 (%33.0 altta),-,17.22,54.88,40.77,0.57,
2026-07-28 15:17,ENJSA,108.1,🔴 Düşüş Trendinde,⏳ BEKLE,-,-,🟢 EMA Yükselişte (SSL Ok Bekleniyor),🟠 Daralıyor,🟡Fiyat Orta-Üst Bant Aralığında,EMA55 Destek: 107.24 (%0.8 altta),-,-,11.79,55.41,67.49,0.64,
2026-07-28 15:17,ENKAI,89.05,🔴 Düşüş Trendinde,🔴 SAT,-,-,"📉 Düşüş Hazırlığı (50<100 Kesti, 150 Bekleniyor)",🚨 BB SIKIŞMA,⚪Fiyat Alt_Orta Bant Aralığında,EMA200 Destek: 86.41 (%3.0 altta) | EMA5 Direnç: 89.35 (%0.3 üstte),-,110.50-113.50 (%24.1 üstte),3.05,42.62,33.46,-0.13,
2026-07-28 15:17,GLRMK,156.5,🔴 Düşüş Trendinde,🔴 SAT,-,-,🔴 Ayı Piyasası (EMA 50 En Altta),🚨 BB SIKIŞMA,⚪Fiyat Alt_Orta Bant Aralığında,EMA5 Direnç: 159.81 (%2.1 üstte),150.00-161.40 (fiyat bandın içinde!),195.30-205.40 (%24.8 üstte),-11.43,36.94,69.37,-0.01,
2026-07-28 15:17,IZENR,9.59,🔴 Düşüş Trendinde,🟢 AL (Trend Onaylı),-,-,🔴 Ayı Piyasası (EMA 50 En Altta),⚪ Yelpaze Açık,🟡Fiyat Orta-Üst Bant Aralığında,EMA21 Destek: 9.57 (%0.2 altta) | EMA5 Direnç: 9.69 (%1.0 üstte),-,9.39-11.03 (fiyat bandın içinde!),-1.93,49.13,88.16,0.85,
2026-07-28 15:17,MGROS,634.5,🔴 Düşüş Trendinde,🔴 SAT,-,-,🟢 EMA Yükselişte (SSL Ok Bekleniyor),🟠 Daralıyor,⚪Fiyat Alt_Orta Bant Aralığında,EMA5 Destek: 630.73 (%0.6 altta) | EMA100 Direnç: 639.91 (%0.9 üstte),415.39-429.68 (%32.3 altta),693.50-706.00 (%9.3 üstte),6.77,46.21,64.17,0.12,
2026-07-28 15:17,MIATK,33.62,🔴 Düşüş Trendinde,🟢 AL (Trend Onaylı),-,-,🔴 Ayı Piyasası (EMA 50 En Altta),⚪ Yelpaze Açık,⚪Fiyat Alt_Orta Bant Aralığında,EMA5 Direnç: 33.69 (%0.2 üstte),-,-,-16.17,39.73,95.57,0.44,
2026-07-28 15:17,MPARK,401.0,🔴 Düşüş Trendinde,🔴 SAT,-,-,"📉 Düşüş Hazırlığı (50<100 Kesti, 150 Bekleniyor)",🟠 Daralıyor,⚪Fiyat Alt_Orta Bant Aralığında,EMA5 Direnç: 404.00 (%0.7 üstte),-,-,-1.99,39.68,13.13,-0.61,
2026-07-28 15:17,OBAMS,5.2,🔴 Düşüş Trendinde,🔴 SAT,🔴 ZAYIFLAMA (Zaten Dipte),-,🔴 Ayı Piyasası (EMA 50 En Altta),⚪ Yelpaze Açık,⚪Fiyat Alt_Orta Bant Aralığında,EMA5 Direnç: 5.22 (%0.5 üstte),-,8.26-8.82 (%58.8 üstte),-29.11,32.68,79.96,-0.14,
2026-07-28 15:17,OYAKC,20.72,🟢 Yükseliş Trendinde,⏳ BEKLE,-,-,🔴 Ayı Piyasası (EMA 50 En Altta),🚨 BB SIKIŞMA,🟡Fiyat Orta-Üst Bant Aralığında,EMA21 Destek: 20.69 (%0.2 altta) | EMA5 Direnç: 20.74 (%0.1 üstte),-,-,-7.14,49.6,68.09,0.73,
2026-07-28 15:17,TCELL,102.3,🔴 Düşüş Trendinde,🔴 SAT,-,-,"📉 Düşüş Hazırlığı (50<100 Kesti, 150 Bekleniyor)",🟠 Daralıyor,⚪Fiyat Alt_Orta Bant Aralığında,EMA5 Direnç: 104.37 (%2.0 üstte),-,119.50-123.40 (%16.8 üstte),-2.55,37.84,0.0,-0.33,
2026-07-28 15:17,ULKER,90.25,🔴 Düşüş Trendinde,🔴 SAT,-,🟢 POTANSİYEL DİP,🔴 Ayı Piyasası (EMA 50 En Altta),🟡 Normal Genişlik,🚨Fiyat Bandın Altında!,EMA5 Direnç: 92.26 (%2.2 üstte),-,-,-16.27,23.2,0.0,-0.79,
2026-07-28 19:18,AHSGY,19.4,🟢 Yükseliş Trendinde,🔴 SAT,-,-,⚠️ Yükseliş Trendinde Düzeltme (SSL Negatif),🚨 BB SIKIŞMA,⚪Fiyat Alt_Orta Bant Aralığında,EMA200 Destek: 17.65 (%9.0 altta) | EMA100 Direnç: 19.71 (%1.6 üstte),17.24-19.48 (fiyat bandın içinde!),24.19-26.14 (%24.7 üstte),9.9,43.61,8.49,-0.12,
2026-07-28 19:18,ASELS,358.0,🔴 Düşüş Trendinde,⏳ BEKLE,🔴 ZAYIFLAMA (Zaten Dipte),-,⚠️ Yükseliş Trendinde Düzeltme (SSL Negatif),⚪ Yelpaze Açık,⚪Fiyat Alt_Orta Bant Aralığında,EMA200 Destek: 308.11 (%13.9 altta) | EMA100 Direnç: 361.04 (%0.9 üstte),171.28-177.57 (%50.4 altta),-,16.19,44.98,51.12,0.14,
2026-07-28 19:18,BIMAS,389.5,🟢 Yükseliş Trendinde,🔴 SAT,-,-,🟢 EMA Yükselişte (SSL Ok Bekleniyor),⚪ Yelpaze Açık,🟡Fiyat Orta-Üst Bant Aralığında,EMA5 Destek: 387.64 (%0.5 altta),252.43-261.79 (%32.8 altta),-,16.77,54.18,39.55,0.56,
2026-07-28 19:18,ENJSA,108.6,🔴 Düşüş Trendinde,⏳ BEKLE,-,-,🟢 EMA Yükselişte (SSL Ok Bekleniyor),🟠 Daralıyor,🟡Fiyat Orta-Üst Bant Aralığında,EMA55 Destek: 107.26 (%1.2 altta),-,-,12.3,56.36,68.75,0.65,
2026-07-28 19:18,ENKAI,88.75,🔴 Düşüş Trendinde,🔴 SAT,-,-,"📉 Düşüş Hazırlığı (50<100 Kesti, 150 Bekleniyor)",🚨 BB SIKIŞMA,⚪Fiyat Alt_Orta Bant Aralığında,EMA200 Destek: 86.41 (%2.6 altta) | EMA5 Direnç: 89.25 (%0.6 üstte),-,110.50-113.50 (%24.5 üstte),2.71,41.51,30.22,-0.16,
2026-07-28 19:18,GLRMK,155.4,🔴 Düşüş Trendinde,🔴 SAT,-,-,🔴 Ayı Piyasası (EMA 50 En Altta),🚨 BB SIKIŞMA,⚪Fiyat Alt_Orta Bant Aralığında,EMA5 Direnç: 159.45 (%2.6 üstte),150.00-161.40 (fiyat bandın içinde!),195.30-205.40 (%25.7 üstte),-12.05,35.89,67.33,-0.06,
2026-07-28 19:18,IZENR,9.24,🔴 Düşüş Trendinde,⏳ BEKLE,-,-,🔴 Ayı Piyasası (EMA 50 En Altta),⚪ Yelpaze Açık,⚪Fiyat Alt_Orta Bant Aralığında,EMA21 Direnç: 9.54 (%3.3 üstte),-,9.39-11.03 (%1.6 üstte),-5.48,44.5,83.25,0.8,
2026-07-28 19:18,MGROS,634.0,🔴 Düşüş Trendinde,🔴 SAT,-,-,⚠️ Yükseliş Trendinde Düzeltme (SSL Negatif),🟠 Daralıyor,⚪Fiyat Alt_Orta Bant Aralığında,EMA5 Destek: 630.56 (%0.5 altta) | EMA21 Direnç: 639.89 (%0.9 üstte),415.39-429.68 (%32.2 altta),693.50-706.00 (%9.4 üstte),6.68,46.0,63.79,0.11,
2026-07-28 19:18,MIATK,32.84,🔴 Düşüş Trendinde,⏳ BEKLE,🔴 ZAYIFLAMA (Zaten Dipte),-,🔴 Ayı Piyasası (EMA 50 En Altta),⚪ Yelpaze Açık,⚪Fiyat Alt_Orta Bant Aralığında,EMA5 Direnç: 33.43 (%1.8 üstte),-,-,-18.09,37.69,92.31,0.37,
2026-07-28 19:18,MPARK,402.0,🔴 Düşüş Trendinde,🔴 SAT,-,-,"📉 Düşüş Hazırlığı (50<100 Kesti, 150 Bekleniyor)",🟠 Daralıyor,⚪Fiyat Alt_Orta Bant Aralığında,EMA5 Direnç: 404.33 (%0.6 üstte),-,-,-1.75,40.27,14.73,-0.6,
2026-07-28 19:18,OBAMS,5.11,🔴 Düşüş Trendinde,🔴 SAT,🔴 ZAYIFLAMA (Zaten Dipte),-,🔴 Ayı Piyasası (EMA 50 En Altta),⚪ Yelpaze Açık,⚪Fiyat Alt_Orta Bant Aralığında,EMA5 Direnç: 5.19 (%1.7 üstte),-,8.26-8.82 (%61.6 üstte),-30.33,29.53,74.76,-0.22,
2026-07-28 19:18,OYAKC,20.94,🟢 Yükseliş Trendinde,⏳ BEKLE,-,-,🔴 Ayı Piyasası (EMA 50 En Altta),🟠 Daralıyor,🟡Fiyat Orta-Üst Bant Aralığında,EMA5 Destek: 20.81 (%0.6 altta) | EMA55 Direnç: 21.31 (%1.8 üstte),-,-,-6.16,51.66,71.35,0.77,
2026-07-28 19:18,TCELL,101.7,🔴 Düşüş Trendinde,🔴 SAT,-,-,"📉 Düşüş Hazırlığı (50<100 Kesti, 150 Bekleniyor)",🟠 Daralıyor,🚨Fiyat Bandın Altında!,EMA5 Direnç: 104.17 (%2.4 üstte),-,119.50-123.40 (%17.5 üstte),-3.11,36.93,0.0,-0.35,
2026-07-28 19:18,ULKER,89.75,🔴 Düşüş Trendinde,🔴 SAT,-,🟢 POTANSİYEL DİP,🔴 Ayı Piyasası (EMA 50 En Altta),⚪ Yelpaze Açık,🚨Fiyat Bandın Altında!,EMA5 Direnç: 92.09 (%2.6 üstte),-,-,-16.73,22.53,0.0,-0.79,
2026-07-28 21:51,AHSGY,19.4,🟢 Yükseliş Trendinde,🔴 SAT,-,-,⚠️ Yükseliş Trendinde Düzeltme (SSL Negatif),🚨 BB SIKIŞMA,⚪Fiyat Alt_Orta Bant Aralığında,EMA200 Destek: 17.65 (%9.0 altta) | EMA100 Direnç: 19.71 (%1.6 üstte),17.24-19.48 (fiyat bandın içinde!),24.19-26.14 (%24.7 üstte),9.9,43.61,8.49,-0.12,
2026-07-28 21:51,ASELS,358.0,🔴 Düşüş Trendinde,⏳ BEKLE,🔴 ZAYIFLAMA (Zaten Dipte),-,⚠️ Yükseliş Trendinde Düzeltme (SSL Negatif),⚪ Yelpaze Açık,⚪Fiyat Alt_Orta Bant Aralığında,EMA200 Destek: 308.11 (%13.9 altta) | EMA100 Direnç: 361.04 (%0.9 üstte),171.28-177.57 (%50.4 altta),-,16.19,44.98,51.12,0.14,
2026-07-28 21:51,BIMAS,389.5,🟢 Yükseliş Trendinde,🔴 SAT,-,-,🟢 EMA Yükselişte (SSL Ok Bekleniyor),⚪ Yelpaze Açık,🟡Fiyat Orta-Üst Bant Aralığında,EMA5 Destek: 387.64 (%0.5 altta),252.43-261.79 (%32.8 altta),-,16.77,54.18,39.55,0.56,
2026-07-28 21:51,ENJSA,108.6,🔴 Düşüş Trendinde,⏳ BEKLE,-,-,🟢 EMA Yükselişte (SSL Ok Bekleniyor),🟠 Daralıyor,🟡Fiyat Orta-Üst Bant Aralığında,EMA55 Destek: 107.26 (%1.2 altta),-,-,12.3,56.36,68.75,0.65,
2026-07-28 21:51,ENKAI,88.75,🔴 Düşüş Trendinde,🔴 SAT,-,-,"📉 Düşüş Hazırlığı (50<100 Kesti, 150 Bekleniyor)",🚨 BB SIKIŞMA,⚪Fiyat Alt_Orta Bant Aralığında,EMA200 Destek: 86.41 (%2.6 altta) | EMA5 Direnç: 89.25 (%0.6 üstte),-,110.50-113.50 (%24.5 üstte),2.71,41.51,30.22,-0.16,
2026-07-28 21:51,GLRMK,155.4,🔴 Düşüş Trendinde,🔴 SAT,-,-,🔴 Ayı Piyasası (EMA 50 En Altta),🚨 BB SIKIŞMA,⚪Fiyat Alt_Orta Bant Aralığında,EMA5 Direnç: 159.45 (%2.6 üstte),150.00-161.40 (fiyat bandın içinde!),195.30-205.40 (%25.7 üstte),-12.05,35.89,67.33,-0.06,
2026-07-28 21:51,IZENR,9.24,🔴 Düşüş Trendinde,⏳ BEKLE,-,-,🔴 Ayı Piyasası (EMA 50 En Altta),⚪ Yelpaze Açık,⚪Fiyat Alt_Orta Bant Aralığında,EMA21 Direnç: 9.54 (%3.3 üstte),-,9.39-11.03 (%1.6 üstte),-5.48,44.5,83.25,0.8,
2026-07-28 21:51,MGROS,634.0,🔴 Düşüş Trendinde,🔴 SAT,-,-,⚠️ Yükseliş Trendinde Düzeltme (SSL Negatif),🟠 Daralıyor,⚪Fiyat Alt_Orta Bant Aralığında,EMA5 Destek: 630.56 (%0.5 altta) | EMA21 Direnç: 639.89 (%0.9 üstte),415.39-429.68 (%32.2 altta),693.50-706.00 (%9.4 üstte),6.68,46.0,63.79,0.11,
2026-07-28 21:51,MIATK,32.84,🔴 Düşüş Trendinde,⏳ BEKLE,🔴 ZAYIFLAMA (Zaten Dipte),-,🔴 Ayı Piyasası (EMA 50 En Altta),⚪ Yelpaze Açık,⚪Fiyat Alt_Orta Bant Aralığında,EMA5 Direnç: 33.43 (%1.8 üstte),-,-,-18.09,37.69,92.31,0.37,
2026-07-28 21:51,MPARK,402.0,🔴 Düşüş Trendinde,🔴 SAT,-,-,"📉 Düşüş Hazırlığı (50<100 Kesti, 150 Bekleniyor)",🟠 Daralıyor,⚪Fiyat Alt_Orta Bant Aralığında,EMA5 Direnç: 404.33 (%0.6 üstte),-,-,-1.75,40.27,14.73,-0.6,
2026-07-28 21:51,OBAMS,5.11,🔴 Düşüş Trendinde,🔴 SAT,🔴 ZAYIFLAMA (Zaten Dipte),-,🔴 Ayı Piyasası (EMA 50 En Altta),⚪ Yelpaze Açık,⚪Fiyat Alt_Orta Bant Aralığında,EMA5 Direnç: 5.19 (%1.7 üstte),-,8.26-8.82 (%61.6 üstte),-30.33,29.53,74.76,-0.22,
2026-07-28 21:51,OYAKC,20.94,🟢 Yükseliş Trendinde,⏳ BEKLE,-,-,🔴 Ayı Piyasası (EMA 50 En Altta),🟠 Daralıyor,🟡Fiyat Orta-Üst Bant Aralığında,EMA5 Destek: 20.81 (%0.6 altta) | EMA55 Direnç: 21.31 (%1.8 üstte),-,-,-6.16,51.66,71.35,0.77,
2026-07-28 21:51,TCELL,101.7,🔴 Düşüş Trendinde,🔴 SAT,-,-,"📉 Düşüş Hazırlığı (50<100 Kesti, 150 Bekleniyor)",🟠 Daralıyor,🚨Fiyat Bandın Altında!,EMA5 Direnç: 104.17 (%2.4 üstte),-,119.50-123.40 (%17.5 üstte),-3.11,36.93,0.0,-0.35,
2026-07-28 21:51,ULKER,89.75,🔴 Düşüş Trendinde,🔴 SAT,-,🟢 POTANSİYEL DİP,🔴 Ayı Piyasası (EMA 50 En Altta),⚪ Yelpaze Açık,🚨Fiyat Bandın Altında!,EMA5 Direnç: 92.09 (%2.6 üstte),-,-,-16.73,22.53,0.0,-0.79,
2026-07-29 15:25,AHSGY,19.33,🟢 Yükseliş Trendinde,🔴 SAT,-,-,⚠️ Yükseliş Trendinde Düzeltme (SSL Negatif),🚨 BB SIKIŞMA,⚪Fiyat Alt_Orta Bant Aralığında,EMA200 Destek: 17.68 (%8.6 altta) | EMA100 Direnç: 19.70 (%1.9 üstte),17.24-19.48 (fiyat bandın içinde!),24.19-26.14 (%25.1 üstte),9.36,43.11,3.27,-0.07,
2026-07-29 15:25,ASELS,359.25,🔴 Düşüş Trendinde,⏳ BEKLE,-,-,⚠️ Yükseliş Trendinde Düzeltme (SSL Negatif),🟡 Normal Genişlik,⚪Fiyat Alt_Orta Bant Aralığında,EMA200 Destek: 308.33 (%14.2 altta) | EMA100 Direnç: 361.01 (%0.5 üstte),171.28-177.57 (%50.6 altta),-,16.51,45.56,36.24,0.33,
2026-07-29 15:25,BIMAS,388.25,🟢 Yükseliş Trendinde,🔴 SAT,-,-,🟢 EMA Yükselişte (SSL Ok Bekleniyor),⚪ Yelpaze Açık,🟡Fiyat Orta-Üst Bant Aralığında,EMA5 Destek: 387.84 (%0.1 altta),236.44-244.88 (%36.9 altta),-,16.25,53.43,46.45,0.49,
2026-07-29 15:25,ENJSA,107.7,🔴 Düşüş Trendinde,🟢 AL (Trend Onaylı),-,-,🟢 EMA Yükselişte (SSL Ok Bekleniyor),🟠 Daralıyor,🟡Fiyat Orta-Üst Bant Aralığında,EMA55 Destek: 107.27 (%0.4 altta),-,-,11.26,54.13,74.91,0.68,
2026-07-29 15:25,ENKAI,88.75,🔴 Düşüş Trendinde,🔴 SAT,-,-,"📉 Düşüş Hazırlığı (50<100 Kesti, 150 Bekleniyor)",🚨 BB SIKIŞMA,⚪Fiyat Alt_Orta Bant Aralığında,EMA200 Destek: 86.41 (%2.6 altta) | EMA5 Direnç: 89.09 (%0.4 üstte),-,110.50-113.50 (%24.5 üstte),2.71,41.51,30.23,-0.32,
2026-07-29 15:25,GLRMK,154.5,🔴 Düşüş Trendinde,🔴 SAT,-,-,🔴 Ayı Piyasası (EMA 50 En Altta),🚨 BB SIKIŞMA,⚪Fiyat Alt_Orta Bant Aralığında,EMA5 Direnç: 157.80 (%2.1 üstte),150.00-161.40 (fiyat bandın içinde!),195.30-205.40 (%26.4 üstte),-12.45,35.01,48.54,-0.3,
2026-07-29 15:25,IZENR,8.87,🔴 Düşüş Trendinde,🔴 SAT,🩸 SAT (Zirveden Dönüş),-,🔴 Ayı Piyasası (EMA 50 En Altta),⚪ Yelpaze Açık,⚪Fiyat Alt_Orta Bant Aralığında,EMA5 Direnç: 9.34 (%5.3 üstte),-,9.39-11.03 (%5.9 üstte),-9.17,40.2,66.79,0.73,
2026-07-29 15:25,MGROS,626.0,🔴 Düşüş Trendinde,🔴 SAT,-,-,⚠️ Yükseliş Trendinde Düzeltme (SSL Negatif),🚨 BB SIKIŞMA,⚪Fiyat Alt_Orta Bant Aralığında,EMA200 Destek: 594.29 (%5.1 altta) | EMA5 Direnç: 629.04 (%0.5 üstte),415.39-429.68 (%31.4 altta),693.50-706.00 (%10.8 üstte),5.34,43.08,67.62,0.2,
2026-07-29 15:25,MIATK,31.44,🔴 Düşüş Trendinde,🔴 SAT,-,-,🔴 Ayı Piyasası (EMA 50 En Altta),⚪ Yelpaze Açık,⚪Fiyat Alt_Orta Bant Aralığında,EMA5 Direnç: 32.77 (%4.2 üstte),-,-,-21.38,34.28,79.17,0.08,
2026-07-29 15:25,MPARK,398.25,🔴 Düşüş Trendinde,🔴 SAT,-,-,"📉 Düşüş Hazırlığı (50<100 Kesti, 150 Bekleniyor)",🟠 Daralıyor,⚪Fiyat Alt_Orta Bant Aralığında,EMA5 Direnç: 402.31 (%1.0 üstte),-,-,-2.58,38.75,12.49,-0.73,
2026-07-29 15:25,OBAMS,4.91,🔴 Düşüş Trendinde,🔴 SAT,-,-,🔴 Ayı Piyasası (EMA 50 En Altta),⚪ Yelpaze Açık,⚪Fiyat Alt_Orta Bant Aralığında,EMA5 Direnç: 5.10 (%3.9 üstte),-,8.26-8.82 (%68.2 üstte),-32.8,26.22,66.42,-0.34,
2026-07-29 15:25,OYAKC,20.94,🟢 Yükseliş Trendinde,⏳ BEKLE,-,-,🔴 Ayı Piyasası (EMA 50 En Altta),🟠 Daralıyor,🟡Fiyat Orta-Üst Bant Aralığında,EMA5 Destek: 20.85 (%0.4 altta) | EMA55 Direnç: 21.30 (%1.7 üstte),-,-,-6.1,51.66,64.41,0.75,
2026-07-29 15:25,TCELL,101.6,🔴 Düşüş Trendinde,🔴 SAT,-,-,"📉 Düşüş Hazırlığı (50<100 Kesti, 150 Bekleniyor)",🟡 Normal Genişlik,⚪Fiyat Alt_Orta Bant Aralığında,EMA5 Direnç: 103.31 (%1.7 üstte),-,119.50-123.40 (%17.6 üstte),-3.16,36.78,0.0,-0.57,
2026-07-29 15:25,ULKER,88.75,🔴 Düşüş Trendinde,🔴 SAT,-,🟢 POTANSİYEL DİP,🔴 Ayı Piyasası (EMA 50 En Altta),⚪ Yelpaze Açık,🚨Fiyat Bandın Altında!,EMA5 Direnç: 90.98 (%2.5 üstte),-,-,-17.51,21.2,0.0,-0.84,
2026-07-29 19:01,AHSGY,19.23,🟢 Yükseliş Trendinde,🔴 SAT,-,-,⚠️ Yükseliş Trendinde Düzeltme (SSL Negatif),🚨 BB SIKIŞMA,⚪Fiyat Alt_Orta Bant Aralığında,EMA200 Destek: 17.67 (%8.1 altta) | EMA100 Direnç: 19.70 (%2.4 üstte),17.24-19.48 (fiyat bandın içinde!),24.19-26.14 (%25.8 üstte),8.8,42.42,3.27,-0.09,
2026-07-29 19:01,ASELS,354.5,🔴 Düşüş Trendinde,🔴 SAT,-,-,⚠️ Yükseliş Trendinde Düzeltme (SSL Negatif),⚪ Yelpaze Açık,⚪Fiyat Alt_Orta Bant Aralığında,EMA200 Destek: 308.28 (%13.0 altta) | EMA100 Direnç: 360.91 (%1.8 üstte),171.28-177.57 (%49.9 altta),-,14.99,43.68,31.47,0.27,
2026-07-29 19:01,BIMAS,386.5,🟢 Yükseliş Trendinde,🔴 SAT,-,-,🟢 EMA Yükselişte (SSL Ok Bekleniyor),⚪ Yelpaze Açık,🟡Fiyat Orta-Üst Bant Aralığında,EMA21 Destek: 383.46 (%0.8 altta) | EMA5 Direnç: 387.26 (%0.2 üstte),236.44-244.88 (%36.6 altta),-,15.74,52.42,44.71,0.47,
2026-07-29 19:01,ENJSA,108.2,🔴 Düşüş Trendinde,🟢 AL (Trend Onaylı),📈 TREND DEVAMI (0 Üstü + Hacim),-,🟢 EMA Yükselişte (SSL Ok Bekleniyor),🟠 Daralıyor,🟡Fiyat Orta-Üst Bant Aralığında,EMA5 Destek: 107.38 (%0.8 altta),-,-,11.77,55.35,76.54,0.7,
2026-07-29 19:01,ENKAI,87.55,🔴 Düşüş Trendinde,🔴 SAT,-,-,"📉 Düşüş Hazırlığı (50<100 Kesti, 150 Bekleniyor)",🚨 BB SIKIŞMA,⚪Fiyat Alt_Orta Bant Aralığında,EMA200 Destek: 86.40 (%1.3 altta) | EMA5 Direnç: 88.69 (%1.3 üstte),-,110.50-113.50 (%26.2 üstte),1.33,38.31,20.91,-0.4,
2026-07-29 19:01,GLRMK,152.3,🔴 Düşüş Trendinde,🔴 SAT,-,🟢 POTANSİYEL DİP,🔴 Ayı Piyasası (EMA 50 En Altta),🟠 Daralıyor,🚨Fiyat Bandın Altında!,EMA5 Direnç: 157.07 (%3.1 üstte),150.00-161.40 (fiyat bandın içinde!),195.30-205.40 (%28.2 üstte),-13.68,33.03,44.71,-0.34,
2026-07-29 19:01,IZENR,8.77,🔴 Düşüş Trendinde,🔴 SAT,🩸 SAT (Zirveden Dönüş),-,🔴 Ayı Piyasası (EMA 50 En Altta),⚪ Yelpaze Açık,⚪Fiyat Alt_Orta Bant Aralığında,EMA5 Direnç: 9.31 (%6.1 üstte),-,9.39-11.03 (%7.1 üstte),-10.19,39.17,65.7,0.71,
2026-07-29 19:01,MGROS,628.5,🔴 Düşüş Trendinde,🔴 SAT,-,-,⚠️ Yükseliş Trendinde Düzeltme (SSL Negatif),🚨 BB SIKIŞMA,⚪Fiyat Alt_Orta Bant Aralığında,EMA200 Destek: 594.31 (%5.4 altta) | EMA5 Direnç: 629.87 (%0.2 üstte),415.39-429.68 (%31.6 altta),693.50-706.00 (%10.3 üstte),5.75,43.95,69.19,0.23,
2026-07-29 19:01,MIATK,31.52,🔴 Düşüş Trendinde,🔴 SAT,-,-,🔴 Ayı Piyasası (EMA 50 En Altta),⚪ Yelpaze Açık,⚪Fiyat Alt_Orta Bant Aralığında,EMA5 Direnç: 32.79 (%4.0 üstte),-,-,-21.18,34.46,79.46,0.09,
2026-07-29 19:01,MPARK,403.75,🔴 Düşüş Trendinde,🔴 SAT,🚀 KUSURSUZ DÖNÜŞ (0 Altı + Hacim),-,"📉 Düşüş Hazırlığı (50<100 Kesti, 150 Bekleniyor)",🟠 Daralıyor,⚪Fiyat Alt_Orta Bant Aralığında,EMA5 Direnç: 404.14 (%0.1 üstte),-,-,-1.24,41.34,19.76,-0.7,
2026-07-29 19:01,OBAMS,4.9,🔴 Düşüş Trendinde,🔴 SAT,-,-,🔴 Ayı Piyasası (EMA 50 En Altta),⚪ Yelpaze Açık,⚪Fiyat Alt_Orta Bant Aralığında,EMA5 Direnç: 5.10 (%4.0 üstte),-,8.26-8.82 (%68.6 üstte),-32.93,26.07,66.18,-0.35,
2026-07-29 19:01,OYAKC,20.9,🟢 Yükseliş Trendinde,⏳ BEKLE,-,-,🔴 Ayı Piyasası (EMA 50 En Altta),🟠 Daralıyor,🟡Fiyat Orta-Üst Bant Aralığında,EMA5 Destek: 20.84 (%0.3 altta) | EMA55 Direnç: 21.30 (%1.9 üstte),-,-,-6.28,51.25,63.76,0.75,
2026-07-29 19:01,TCELL,101.4,🔴 Düşüş Trendinde,🔴 SAT,-,-,"📉 Düşüş Hazırlığı (50<100 Kesti, 150 Bekleniyor)",🟡 Normal Genişlik,⚪Fiyat Alt_Orta Bant Aralığında,EMA5 Direnç: 103.25 (%1.8 üstte),-,119.50-123.40 (%17.9 üstte),-3.35,36.46,0.0,-0.57,
2026-07-29 19:01,ULKER,88.45,🔴 Düşüş Trendinde,🔴 SAT,-,🟢 POTANSİYEL DİP,🔴 Ayı Piyasası (EMA 50 En Altta),⚪ Yelpaze Açık,🚨Fiyat Bandın Altında!,EMA5 Direnç: 90.88 (%2.7 üstte),-,-,-17.78,20.83,0.0,-0.84,
2026-07-29 21:18,AHSGY,19.23,🟢 Yükseliş Trendinde,🔴 SAT,-,-,⚠️ Yükseliş Trendinde Düzeltme (SSL Negatif),🚨 BB SIKIŞMA,⚪Fiyat Alt_Orta Bant Aralığında,EMA200 Destek: 17.67 (%8.1 altta) | EMA100 Direnç: 19.70 (%2.4 üstte),17.24-19.48 (fiyat bandın içinde!),24.19-26.14 (%25.8 üstte),8.8,42.42,3.27,-0.09,0.0
2026-07-29 21:18,ASELS,354.5,🔴 Düşüş Trendinde,🔴 SAT,-,-,⚠️ Yükseliş Trendinde Düzeltme (SSL Negatif),⚪ Yelpaze Açık,⚪Fiyat Alt_Orta Bant Aralığında,EMA200 Destek: 308.28 (%13.0 altta) | EMA100 Direnç: 360.91 (%1.8 üstte),171.28-177.57 (%49.9 altta),-,14.99,43.68,31.47,0.27,0.0
2026-07-29 21:18,BIMAS,386.5,🟢 Yükseliş Trendinde,🔴 SAT,-,-,🟢 EMA Yükselişte (SSL Ok Bekleniyor),⚪ Yelpaze Açık,🟡Fiyat Orta-Üst Bant Aralığında,EMA21 Destek: 383.46 (%0.8 altta) | EMA5 Direnç: 387.26 (%0.2 üstte),252.43-261.79 (%32.3 altta),-,15.74,52.42,44.71,0.47,0.0
2026-07-29 21:18,ENJSA,108.2,🔴 Düşüş Trendinde,🟢 AL (Trend Onaylı),📈 TREND DEVAMI (0 Üstü + Hacim),-,🟢 EMA Yükselişte (SSL Ok Bekleniyor),🟠 Daralıyor,🟡Fiyat Orta-Üst Bant Aralığında,EMA5 Destek: 107.38 (%0.8 altta),-,-,11.77,55.35,76.54,0.7,0.0
2026-07-29 21:18,ENKAI,87.55,🔴 Düşüş Trendinde,🔴 SAT,-,-,"📉 Düşüş Hazırlığı (50<100 Kesti, 150 Bekleniyor)",🚨 BB SIKIŞMA,⚪Fiyat Alt_Orta Bant Aralığında,EMA200 Destek: 86.40 (%1.3 altta) | EMA5 Direnç: 88.69 (%1.3 üstte),-,110.50-113.50 (%26.2 üstte),1.33,38.31,20.91,-0.4,0.0
2026-07-29 21:18,GLRMK,152.3,🔴 Düşüş Trendinde,🔴 SAT,-,🟢 POTANSİYEL DİP,🔴 Ayı Piyasası (EMA 50 En Altta),🟠 Daralıyor,🚨Fiyat Bandın Altında!,EMA5 Direnç: 157.07 (%3.1 üstte),150.00-161.40 (fiyat bandın içinde!),195.30-205.40 (%28.2 üstte),-13.68,33.03,44.71,-0.34,-0.6
2026-07-29 21:18,IZENR,8.77,🔴 Düşüş Trendinde,🔴 SAT,🩸 SAT (Zirveden Dönüş),-,🔴 Ayı Piyasası (EMA 50 En Altta),⚪ Yelpaze Açık,⚪Fiyat Alt_Orta Bant Aralığında,EMA5 Direnç: 9.31 (%6.1 üstte),-,9.39-11.03 (%7.1 üstte),-10.19,39.17,65.7,0.71,0.0
2026-07-29 21:18,MGROS,628.5,🔴 Düşüş Trendinde,🔴 SAT,-,-,⚠️ Yükseliş Trendinde Düzeltme (SSL Negatif),🚨 BB SIKIŞMA,⚪Fiyat Alt_Orta Bant Aralığında,EMA200 Destek: 594.31 (%5.4 altta) | EMA5 Direnç: 629.87 (%0.2 üstte),415.39-429.68 (%31.6 altta),693.50-706.00 (%10.3 üstte),5.75,43.95,69.19,0.23,0.0
2026-07-29 21:18,MIATK,31.52,🔴 Düşüş Trendinde,🔴 SAT,-,-,🔴 Ayı Piyasası (EMA 50 En Altta),⚪ Yelpaze Açık,⚪Fiyat Alt_Orta Bant Aralığında,EMA5 Direnç: 32.79 (%4.0 üstte),-,-,-21.18,34.46,79.46,0.09,0.0
2026-07-29 21:18,MPARK,403.75,🔴 Düşüş Trendinde,🔴 SAT,🚀 KUSURSUZ DÖNÜŞ (0 Altı + Hacim),-,"📉 Düşüş Hazırlığı (50<100 Kesti, 150 Bekleniyor)",🟠 Daralıyor,⚪Fiyat Alt_Orta Bant Aralığında,EMA5 Direnç: 404.14 (%0.1 üstte),-,-,-1.24,41.34,19.76,-0.7,0.0
2026-07-29 21:18,OBAMS,4.9,🔴 Düşüş Trendinde,🔴 SAT,-,-,🔴 Ayı Piyasası (EMA 50 En Altta),⚪ Yelpaze Açık,⚪Fiyat Alt_Orta Bant Aralığında,EMA5 Direnç: 5.10 (%4.0 üstte),-,8.26-8.82 (%68.6 üstte),-32.93,26.07,66.18,-0.35,0.0
2026-07-29 21:18,OYAKC,20.9,🟢 Yükseliş Trendinde,⏳ BEKLE,-,-,🔴 Ayı Piyasası (EMA 50 En Altta),🟠 Daralıyor,🟡Fiyat Orta-Üst Bant Aralığında,EMA5 Destek: 20.84 (%0.3 altta) | EMA55 Direnç: 21.30 (%1.9 üstte),-,-,-6.28,51.25,63.76,0.75,0.0
2026-07-29 21:18,TCELL,101.4,🔴 Düşüş Trendinde,🔴 SAT,-,-,"📉 Düşüş Hazırlığı (50<100 Kesti, 150 Bekleniyor)",🟡 Normal Genişlik,⚪Fiyat Alt_Orta Bant Aralığında,EMA5 Direnç: 103.25 (%1.8 üstte),-,119.50-123.40 (%17.9 üstte),-3.35,36.46,0.0,-0.57,0.0
2026-07-29 21:18,ULKER,88.45,🔴 Düşüş Trendinde,🔴 SAT,-,🟢 POTANSİYEL DİP,🔴 Ayı Piyasası (EMA 50 En Altta),⚪ Yelpaze Açık,🚨Fiyat Bandın Altında!,EMA5 Direnç: 90.88 (%2.7 üstte),-,-,-17.78,20.83,0.0,-0.84,-1.1
2026-07-30 15:07,AHSGY,18.8,🟢 Yükseliş Trendinde,🔴 SAT,-,-,⚠️ Yükseliş Trendinde Düzeltme (SSL Negatif),🚨 BB SIKIŞMA,⚪Fiyat Alt_Orta Bant Aralığında,EMA200 Destek: 17.69 (%5.9 altta) | EMA5 Direnç: 19.42 (%3.3 üstte),17.24-19.48 (fiyat bandın içinde!),24.19-26.14 (%28.6 üstte),6.28,39.5,0.0,-0.33,0.0
2026-07-30 15:07,ASELS,340.0,🔴 Düşüş Trendinde,🔴 SAT,-,-,⚠️ Yükseliş Trendinde Düzeltme (SSL Negatif),⚪ Yelpaze Açık,⚪Fiyat Alt_Orta Bant Aralığında,EMA200 Destek: 308.36 (%9.3 altta) | EMA5 Direnç: 354.02 (%4.1 üstte),171.28-177.57 (%47.8 altta),-,10.26,38.68,18.34,-0.01,0.0
2026-07-30 15:07,BIMAS,389.75,🟢 Yükseliş Trendinde,🔴 SAT,-,-,🟢 EMA Yükselişte (SSL Ok Bekleniyor),⚪ Yelpaze Açık,🟡Fiyat Orta-Üst Bant Aralığında,EMA5 Destek: 388.09 (%0.4 altta),252.43-261.79 (%32.8 altta),-,16.56,54.16,43.88,0.29,0.0
2026-07-30 15:07,ENJSA,109.0,🔴 Düşüş Trendinde,🟢 AL (Trend Onaylı),-,-,🟢 EMA Yükselişte (SSL Ok Bekleniyor),🟡 Normal Genişlik,🟡Fiyat Orta-Üst Bant Aralığında,EMA5 Destek: 107.92 (%1.0 altta),-,-,12.46,57.01,86.24,0.76,0.0
2026-07-30 15:07,ENKAI,86.45,🔴 Düşüş Trendinde,🔴 SAT,-,-,"📉 Düşüş Hazırlığı (50<100 Kesti, 150 Bekleniyor)",🚨 BB SIKIŞMA,🚨Fiyat Bandın Altında!,EMA200 Destek: 86.39 (%0.1 altta) | EMA5 Direnç: 87.94 (%1.7 üstte),-,110.50-113.50 (%27.8 üstte),0.07,35.6,11.58,-0.71,-0.35
2026-07-30 15:07,GLRMK,152.8,🔴 Düşüş Trendinde,🔴 SAT,-,🟢 POTANSİYEL DİP,🔴 Ayı Piyasası (EMA 50 En Altta),🟠 Daralıyor,⚪Fiyat Alt_Orta Bant Aralığında,EMA5 Direnç: 155.64 (%1.9 üstte),150.00-161.40 (fiyat bandın içinde!),195.30-205.40 (%27.8 üstte),-13.28,33.94,25.14,-0.66,0.0
2026-07-30 15:07,IZENR,8.76,🔴 Düşüş Trendinde,🔴 SAT,-,-,🔴 Ayı Piyasası (EMA 50 En Altta),⚪ Yelpaze Açık,⚪Fiyat Alt_Orta Bant Aralığında,EMA5 Direnç: 9.12 (%4.2 üstte),-,9.39-11.03 (%7.2 üstte),-10.19,39.06,51.36,0.52,0.0
2026-07-30 15:07,MGROS,630.5,🔴 Düşüş Trendinde,🔴 SAT,-,-,🟢 EMA Yükselişte (SSL Ok Bekleniyor),🚨 BB SIKIŞMA,⚪Fiyat Alt_Orta Bant Aralığında,EMA5 Destek: 630.08 (%0.1 altta) | EMA21 Direnç: 638.10 (%1.2 üstte),415.39-429.68 (%31.9 altta),693.50-706.00 (%10.0 üstte),6.08,44.91,74.66,0.19,0.0
2026-07-30 15:07,MIATK,30.98,🔴 Düşüş Trendinde,🔴 SAT,-,-,🔴 Ayı Piyasası (EMA 50 En Altta),🟡 Normal Genişlik,⚪Fiyat Alt_Orta Bant Aralığında,EMA5 Direnç: 32.19 (%3.9 üstte),-,-,-22.34,33.2,62.83,-0.36,0.0
2026-07-30 15:07,MPARK,404.75,🔴 Düşüş Trendinde,🔴 SAT,-,-,"📉 Düşüş Hazırlığı (50<100 Kesti, 150 Bekleniyor)",🟠 Daralıyor,⚪Fiyat Alt_Orta Bant Aralığında,EMA5 Destek: 404.34 (%0.1 altta) | EMA200 Direnç: 408.52 (%0.9 üstte),-,-,-0.92,41.98,31.41,-0.75,0.0
2026-07-30 15:07,OBAMS,4.78,🔴 Düşüş Trendinde,🔴 SAT,-,🟢 POTANSİYEL DİP,🔴 Ayı Piyasası (EMA 50 En Altta),⚪ Yelpaze Açık,⚪Fiyat Alt_Orta Bant Aralığında,EMA5 Direnç: 4.99 (%4.4 üstte),-,8.26-8.82 (%72.8 üstte),-34.32,24.32,56.98,-0.47,0.0
2026-07-30 15:07,OYAKC,21.0,🟢 Yükseliş Trendinde,⏳ BEKLE,-,-,🔴 Ayı Piyasası (EMA 50 En Altta),🟠 Daralıyor,🟡Fiyat Orta-Üst Bant Aralığında,EMA5 Destek: 20.89 (%0.5 altta) | EMA55 Direnç: 21.29 (%1.4 üstte),-,-,-5.79,52.27,73.89,0.72,0.0
2026-07-30 15:07,TCELL,100.4,🔴 Düşüş Trendinde,🔴 SAT,-,🟢 POTANSİYEL DİP,"📉 Düşüş Hazırlığı (50<100 Kesti, 150 Bekleniyor)",🟡 Normal Genişlik,⚪Fiyat Alt_Orta Bant Aralığında,EMA5 Direnç: 102.30 (%1.9 üstte),-,119.50-123.40 (%19.0 üstte),-4.26,34.87,0.0,-0.78,0.0
2026-07-30 15:07,ULKER,88.35,🔴 Düşüş Trendinde,🔴 SAT,-,🟢 POTANSİYEL DİP,🔴 Ayı Piyasası (EMA 50 En Altta),⚪ Yelpaze Açık,⚪Fiyat Alt_Orta Bant Aralığında,EMA5 Direnç: 90.03 (%1.9 üstte),-,-,-17.72,20.7,0.0,-0.89,0.0
2026-07-30 19:03,AHSGY,18.5,🟢 Yükseliş Trendinde,🔴 SAT,-,-,⚠️ Yükseliş Trendinde Düzeltme (SSL Negatif),🚨 BB SIKIŞMA,🚨Fiyat Bandın Altında!,EMA200 Destek: 17.69 (%4.4 altta) | EMA5 Direnç: 19.32 (%4.4 üstte),17.24-19.48 (fiyat bandın içinde!),24.19-26.14 (%30.7 üstte),4.6,37.7,0.0,-0.36,-0.26
2026-07-30 19:03,ASELS,337.5,🔴 Düşüş Trendinde,🔴 SAT,-,-,⚠️ Yükseliş Trendinde Düzeltme (SSL Negatif),⚪ Yelpaze Açık,⚪Fiyat Alt_Orta Bant Aralığında,EMA200 Destek: 308.34 (%8.6 altta) | EMA5 Direnç: 353.19 (%4.6 üstte),171.28-177.57 (%47.4 altta),-,9.46,37.94,18.34,-0.03,0.0
2026-07-30 19:03,BIMAS,383.0,🟢 Yükseliş Trendinde,🔴 SAT,-,-,🟢 EMA Yükselişte (SSL Ok Bekleniyor),🟡 Normal Genişlik,🟡Fiyat Orta-Üst Bant Aralığında,EMA55 Destek: 377.89 (%1.3 altta) | EMA21 Direnç: 383.42 (%0.1 üstte),252.43-261.79 (%31.6 altta),-,14.57,50.37,34.71,0.19,0.0
2026-07-30 19:03,ENJSA,109.5,🔴 Düşüş Trendinde,🟢 AL (Trend Onaylı),-,-,🟢 EMA Yükselişte (SSL Ok Bekleniyor),🟡 Normal Genişlik,🟡Fiyat Orta-Üst Bant Aralığında,EMA5 Destek: 108.09 (%1.3 altta),-,-,12.97,57.98,87.54,0.76,0.0
2026-07-30 19:03,ENKAI,85.25,🔴 Düşüş Trendinde,🔴 SAT,-,🟢 POTANSİYEL DİP,"📉 Düşüş Hazırlığı (50<100 Kesti, 150 Bekleniyor)",🟠 Daralıyor,🚨Fiyat Bandın Altında!,EMA200 Direnç: 86.38 (%1.3 üstte),-,110.50-113.50 (%29.6 üstte),-1.31,33.05,11.58,-0.71,-1.33
2026-07-30 19:03,GLRMK,147.9,🔴 Düşüş Trendinde,🔴 SAT,-,🟢 POTANSİYEL DİP,🔴 Ayı Piyasası (EMA 50 En Altta),🟠 Daralıyor,🚨Fiyat Bandın Altında!,EMA5 Direnç: 154.01 (%4.1 üstte),-,195.30-205.40 (%32.0 üstte),-16.04,29.44,22.75,-0.67,-1.9
2026-07-30 19:03,IZENR,8.8,🔴 Düşüş Trendinde,🔴 SAT,-,-,🔴 Ayı Piyasası (EMA 50 En Altta),⚪ Yelpaze Açık,⚪Fiyat Alt_Orta Bant Aralığında,EMA5 Direnç: 9.14 (%3.8 üstte),-,9.39-11.03 (%6.7 üstte),-9.79,39.67,52.0,0.53,0.0
2026-07-30 19:03,MGROS,623.0,🔴 Düşüş Trendinde,🔴 SAT,-,-,⚠️ Yükseliş Trendinde Düzeltme (SSL Negatif),🚨 BB SIKIŞMA,⚪Fiyat Alt_Orta Bant Aralığında,EMA200 Destek: 594.31 (%4.6 altta) | EMA5 Direnç: 627.58 (%0.7 üstte),415.39-429.68 (%31.0 altta),693.50-706.00 (%11.3 üstte),4.83,41.94,69.3,0.09,0.0
2026-07-30 19:03,MIATK,30.8,🔴 Düşüş Trendinde,🔴 SAT,-,-,🔴 Ayı Piyasası (EMA 50 En Altta),⚪ Yelpaze Açık,⚪Fiyat Alt_Orta Bant Aralığında,EMA5 Direnç: 32.13 (%4.3 üstte),-,-,-22.78,32.8,62.12,-0.37,0.0
2026-07-30 19:03,MPARK,400.25,🔴 Düşüş Trendinde,🔴 SAT,-,-,"📉 Düşüş Hazırlığı (50<100 Kesti, 150 Bekleniyor)",🟠 Daralıyor,⚪Fiyat Alt_Orta Bant Aralığında,EMA5 Direnç: 402.84 (%0.6 üstte),-,-,-2.01,39.8,25.29,-0.78,0.0
2026-07-30 19:03,OBAMS,4.74,🔴 Düşüş Trendinde,🔴 SAT,-,🟢 POTANSİYEL DİP,🔴 Ayı Piyasası (EMA 50 En Altta),⚪ Yelpaze Açık,⚪Fiyat Alt_Orta Bant Aralığında,EMA5 Direnç: 4.98 (%5.0 üstte),-,8.26-8.82 (%74.3 üstte),-34.86,23.78,56.1,-0.48,0.0
2026-07-30 19:03,OYAKC,20.92,🟢 Yükseliş Trendinde,⏳ BEKLE,-,-,🔴 Ayı Piyasası (EMA 50 En Altta),🟠 Daralıyor,🟡Fiyat Orta-Üst Bant Aralığında,EMA5 Destek: 20.87 (%0.3 altta) | EMA55 Direnç: 21.28 (%1.7 üstte),-,-,-6.15,51.46,72.53,0.71,0.0
2026-07-30 19:03,TCELL,101.5,🔴 Düşüş Trendinde,🔴 SAT,-,-,"📉 Düşüş Hazırlığı (50<100 Kesti, 150 Bekleniyor)",🟡 Normal Genişlik,⚪Fiyat Alt_Orta Bant Aralığında,EMA5 Direnç: 102.67 (%1.1 üstte),-,119.50-123.40 (%17.7 üstte),-3.22,36.75,0.46,-0.77,0.0
2026-07-30 19:03,ULKER,87.9,🔴 Düşüş Trendinde,🔴 SAT,-,🟢 POTANSİYEL DİP,🔴 Ayı Piyasası (EMA 50 En Altta),⚪ Yelpaze Açık,🚨Fiyat Bandın Altında!,EMA5 Direnç: 89.88 (%2.3 üstte),-,-,-18.14,20.14,0.0,-0.89,-0.29
2026-07-30 21:51,AHSGY,18.5,🟢 Yükseliş Trendinde,🔴 SAT,-,-,⚠️ Yükseliş Trendinde Düzeltme (SSL Negatif),🚨 BB SIKIŞMA,🚨Fiyat Bandın Altında!,EMA200 Destek: 17.69 (%4.4 altta) | EMA5 Direnç: 19.32 (%4.4 üstte),17.24-19.48 (fiyat bandın içinde!),24.19-26.14 (%30.7 üstte),4.6,37.7,0.0,-0.36,-0.26
2026-07-30 21:51,ASELS,337.5,🔴 Düşüş Trendinde,🔴 SAT,-,-,⚠️ Yükseliş Trendinde Düzeltme (SSL Negatif),⚪ Yelpaze Açık,⚪Fiyat Alt_Orta Bant Aralığında,EMA200 Destek: 308.34 (%8.6 altta) | EMA5 Direnç: 353.19 (%4.6 üstte),171.28-177.57 (%47.4 altta),-,9.46,37.94,18.34,-0.03,0.0
2026-07-30 21:51,BIMAS,383.0,🟢 Yükseliş Trendinde,🔴 SAT,-,-,🟢 EMA Yükselişte (SSL Ok Bekleniyor),🟡 Normal Genişlik,🟡Fiyat Orta-Üst Bant Aralığında,EMA55 Destek: 377.89 (%1.3 altta) | EMA21 Direnç: 383.42 (%0.1 üstte),236.44-244.88 (%36.1 altta),-,14.57,50.37,34.71,0.19,0.0
2026-07-30 21:51,ENJSA,109.5,🔴 Düşüş Trendinde,🟢 AL (Trend Onaylı),-,-,🟢 EMA Yükselişte (SSL Ok Bekleniyor),🟡 Normal Genişlik,🟡Fiyat Orta-Üst Bant Aralığında,EMA5 Destek: 108.09 (%1.3 altta),-,-,12.97,57.98,87.54,0.76,0.0
2026-07-30 21:51,ENKAI,85.25,🔴 Düşüş Trendinde,🔴 SAT,-,🟢 POTANSİYEL DİP,"📉 Düşüş Hazırlığı (50<100 Kesti, 150 Bekleniyor)",🟠 Daralıyor,🚨Fiyat Bandın Altında!,EMA200 Direnç: 86.38 (%1.3 üstte),-,110.50-113.50 (%29.6 üstte),-1.31,33.05,11.58,-0.71,-1.33
2026-07-30 21:51,GLRMK,147.9,🔴 Düşüş Trendinde,🔴 SAT,-,🟢 POTANSİYEL DİP,🔴 Ayı Piyasası (EMA 50 En Altta),🟠 Daralıyor,🚨Fiyat Bandın Altında!,EMA5 Direnç: 154.01 (%4.1 üstte),-,195.30-205.40 (%32.0 üstte),-16.04,29.44,22.75,-0.67,-1.9
2026-07-30 21:51,IZENR,8.8,🔴 Düşüş Trendinde,🔴 SAT,-,-,🔴 Ayı Piyasası (EMA 50 En Altta),⚪ Yelpaze Açık,⚪Fiyat Alt_Orta Bant Aralığında,EMA5 Direnç: 9.14 (%3.8 üstte),-,9.39-11.03 (%6.7 üstte),-9.79,39.67,52.0,0.53,0.0
2026-07-30 21:51,MGROS,623.0,🔴 Düşüş Trendinde,🔴 SAT,-,-,⚠️ Yükseliş Trendinde Düzeltme (SSL Negatif),🚨 BB SIKIŞMA,⚪Fiyat Alt_Orta Bant Aralığında,EMA200 Destek: 594.31 (%4.6 altta) | EMA5 Direnç: 627.58 (%0.7 üstte),415.39-429.68 (%31.0 altta),693.50-706.00 (%11.3 üstte),4.83,41.94,69.3,0.09,0.0
2026-07-30 21:51,MIATK,30.8,🔴 Düşüş Trendinde,🔴 SAT,-,-,🔴 Ayı Piyasası (EMA 50 En Altta),⚪ Yelpaze Açık,⚪Fiyat Alt_Orta Bant Aralığında,EMA5 Direnç: 32.13 (%4.3 üstte),-,-,-22.78,32.8,62.12,-0.37,0.0
2026-07-30 21:51,MPARK,400.25,🔴 Düşüş Trendinde,🔴 SAT,-,-,"📉 Düşüş Hazırlığı (50<100 Kesti, 150 Bekleniyor)",🟠 Daralıyor,⚪Fiyat Alt_Orta Bant Aralığında,EMA5 Direnç: 402.84 (%0.6 üstte),-,-,-2.01,39.8,25.29,-0.78,0.0
2026-07-30 21:51,OBAMS,4.74,🔴 Düşüş Trendinde,🔴 SAT,-,🟢 POTANSİYEL DİP,🔴 Ayı Piyasası (EMA 50 En Altta),⚪ Yelpaze Açık,⚪Fiyat Alt_Orta Bant Aralığında,EMA5 Direnç: 4.98 (%5.0 üstte),-,8.26-8.82 (%74.3 üstte),-34.86,23.78,56.1,-0.48,0.0
2026-07-30 21:51,OYAKC,20.92,🟢 Yükseliş Trendinde,⏳ BEKLE,-,-,🔴 Ayı Piyasası (EMA 50 En Altta),🟠 Daralıyor,🟡Fiyat Orta-Üst Bant Aralığında,EMA5 Destek: 20.87 (%0.3 altta) | EMA55 Direnç: 21.28 (%1.7 üstte),-,-,-6.15,51.46,72.53,0.71,0.0
2026-07-30 21:51,TCELL,101.5,🔴 Düşüş Trendinde,🔴 SAT,-,-,"📉 Düşüş Hazırlığı (50<100 Kesti, 150 Bekleniyor)",🟡 Normal Genişlik,⚪Fiyat Alt_Orta Bant Aralığında,EMA5 Direnç: 102.67 (%1.1 üstte),-,119.50-123.40 (%17.7 üstte),-3.22,36.75,0.46,-0.77,0.0
2026-07-30 21:51,ULKER,87.9,🔴 Düşüş Trendinde,🔴 SAT,-,🟢 POTANSİYEL DİP,🔴 Ayı Piyasası (EMA 50 En Altta),⚪ Yelpaze Açık,🚨Fiyat Bandın Altında!,EMA5 Direnç: 89.88 (%2.3 üstte),-,-,-18.14,20.14,0.0,-0.89,-0.29
2026-07-31 15:21,AHSGY,18.08,🟢 Yükseliş Trendinde,🔴 SAT,-,-,⚠️ Yükseliş Trendinde Düzeltme (SSL Negatif),🟠 Daralıyor,🚨Fiyat Bandın Altında!,EMA200 Destek: 17.70 (%2.1 altta) | EMA5 Direnç: 18.91 (%4.6 üstte),17.24-19.48 (fiyat bandın içinde!),24.19-26.14 (%33.8 üstte),2.14,35.26,0.0,-0.56,-0.57
2026-07-31 15:21,ASELS,342.0,🔴 Düşüş Trendinde,🔴 SAT,-,-,⚠️ Yükseliş Trendinde Düzeltme (SSL Negatif),⚪ Yelpaze Açık,⚪Fiyat Alt_Orta Bant Aralığında,EMA200 Destek: 308.46 (%9.8 altta) | EMA5 Direnç: 349.46 (%2.2 üstte),171.28-177.57 (%48.1 altta),-,10.87,40.18,12.22,-0.07,0.0
2026-07-31 15:21,BIMAS,383.75,🟢 Yükseliş Trendinde,🔴 SAT,-,-,🟢 EMA Yükselişte (SSL Ok Bekleniyor),🟡 Normal Genişlik,🟡Fiyat Orta-Üst Bant Aralığında,EMA21 Destek: 383.45 (%0.1 altta) | EMA5 Direnç: 385.14 (%0.4 üstte),252.43-261.79 (%31.8 altta),-,14.66,50.82,20.29,-0.11,0.0
2026-07-31 15:21,ENJSA,106.6,🔴 Düşüş Trendinde,⏳ BEKLE,🩸 SAT (Zirveden Dönüş),-,🟢 EMA Yükselişte (SSL Ok Bekleniyor),🟡 Normal Genişlik,🟡Fiyat Orta-Üst Bant Aralığında,EMA21 Destek: 106.21 (%0.4 altta) | EMA100 Direnç: 106.62 (%0.0 üstte),-,-,9.87,50.78,80.08,0.74,0.0
2026-07-31 15:21,ENKAI,86.05,🔴 Düşüş Trendinde,🔴 SAT,-,-,"📉 Düşüş Hazırlığı (50<100 Kesti, 150 Bekleniyor)",🟠 Daralıyor,⚪Fiyat Alt_Orta Bant Aralığında,EMA200 Direnç: 86.36 (%0.4 üstte),-,110.50-113.50 (%28.4 üstte),-0.36,36.32,7.82,-0.79,0.0
2026-07-31 15:21,GLRMK,147.5,🔴 Düşüş Trendinde,🔴 SAT,-,🟢 POTANSİYEL DİP,🔴 Ayı Piyasası (EMA 50 En Altta),🟠 Daralıyor,🚨Fiyat Bandın Altında!,EMA5 Direnç: 151.84 (%2.9 üstte),-,195.30-205.40 (%32.4 üstte),-16.14,29.13,8.61,-0.71,-0.95
2026-07-31 15:21,IZENR,8.77,🔴 Düşüş Trendinde,🔴 SAT,-,-,🔴 Ayı Piyasası (EMA 50 En Altta),⚪ Yelpaze Açık,⚪Fiyat Alt_Orta Bant Aralığında,EMA5 Direnç: 9.01 (%2.8 üstte),-,9.39-11.03 (%7.1 üstte),-10.0,39.32,44.47,0.26,0.0
2026-07-31 15:21,MGROS,618.5,🔴 Düşüş Trendinde,🔴 SAT,-,-,⚠️ Yükseliş Trendinde Düzeltme (SSL Negatif),🚨 BB SIKIŞMA,⚪Fiyat Alt_Orta Bant Aralığında,EMA200 Destek: 594.19 (%3.9 altta) | EMA5 Direnç: 624.56 (%1.0 üstte),415.39-429.68 (%30.5 altta),693.50-706.00 (%12.1 üstte),4.09,40.31,59.04,-0.09,0.0
2026-07-31 15:21,MIATK,29.62,🔴 Düşüş Trendinde,🔴 SAT,-,🟢 POTANSİYEL DİP,🔴 Ayı Piyasası (EMA 50 En Altta),⚪ Yelpaze Açık,⚪Fiyat Alt_Orta Bant Aralığında,EMA5 Direnç: 31.29 (%5.6 üstte),-,-,-25.54,30.24,36.48,-0.74,0.0
2026-07-31 15:21,MPARK,402.0,🔴 Düşüş Trendinde,⏳ BEKLE,-,-,"📉 Düşüş Hazırlığı (50<100 Kesti, 150 Bekleniyor)",🟠 Daralıyor,⚪Fiyat Alt_Orta Bant Aralığında,EMA5 Direnç: 402.56 (%0.1 üstte),-,-,-1.51,40.98,26.67,-0.76,0.0
2026-07-31 15:21,OBAMS,4.82,🔴 Düşüş Trendinde,🔴 SAT,-,-,🔴 Ayı Piyasası (EMA 50 En Altta),⚪ Yelpaze Açık,⚪Fiyat Alt_Orta Bant Aralığında,EMA5 Direnç: 4.93 (%2.2 üstte),-,8.26-8.82 (%71.4 üstte),-33.51,27.22,47.97,-0.73,0.0
2026-07-31 15:21,OYAKC,20.28,🟢 Yükseliş Trendinde,🔴 SAT,-,-,🔴 Ayı Piyasası (EMA 50 En Altta),🟠 Daralıyor,⚪Fiyat Alt_Orta Bant Aralığında,EMA5 Direnç: 20.67 (%1.9 üstte),-,-,-8.95,44.86,60.7,0.52,0.0
2026-07-31 15:21,TCELL,99.95,🔴 Düşüş Trendinde,🔴 SAT,-,🟢 POTANSİYEL DİP,"📉 Düşüş Hazırlığı (50<100 Kesti, 150 Bekleniyor)",⚪ Yelpaze Açık,⚪Fiyat Alt_Orta Bant Aralığında,EMA5 Direnç: 101.76 (%1.8 üstte),-,119.50-123.40 (%19.6 üstte),-4.65,34.15,0.46,-0.88,0.0
2026-07-31 15:21,ULKER,85.15,🔴 Düşüş Trendinde,🔴 SAT,-,🟢 POTANSİYEL DİP,🔴 Ayı Piyasası (EMA 50 En Altta),⚪ Yelpaze Açık,🚨Fiyat Bandın Altında!,EMA5 Direnç: 88.31 (%3.7 üstte),-,-,-20.52,17.09,0.0,-0.92,-1.4
2026-07-31 19:16,AHSGY,18.7,🟢 Yükseliş Trendinde,🔴 SAT,-,-,⚠️ Yükseliş Trendinde Düzeltme (SSL Negatif),🟠 Daralıyor,⚪Fiyat Alt_Orta Bant Aralığında,EMA200 Destek: 17.71 (%5.3 altta) | EMA5 Direnç: 19.12 (%2.2 üstte),17.24-19.48 (fiyat bandın içinde!),24.19-26.14 (%29.3 üstte),5.61,39.68,3.66,-0.52,0.0
2026-07-31 19:16,ASELS,342.25,🔴 Düşüş Trendinde,🔴 SAT,-,-,⚠️ Yükseliş Trendinde Düzeltme (SSL Negatif),⚪ Yelpaze Açık,⚪Fiyat Alt_Orta Bant Aralığında,EMA200 Destek: 308.47 (%9.9 altta) | EMA5 Direnç: 349.54 (%2.1 üstte),171.28-177.57 (%48.1 altta),-,10.95,40.3,12.47,-0.07,0.0
2026-07-31 19:16,BIMAS,390.25,🟢 Yükseliş Trendinde,⏳ BEKLE,-,-,🟢 EMA Yükselişte (SSL Ok Bekleniyor),🟡 Normal Genişlik,🟡Fiyat Orta-Üst Bant Aralığında,EMA5 Destek: 387.31 (%0.8 altta),252.43-261.79 (%32.9 altta),-,16.58,54.36,28.87,-0.0,0.0
2026-07-31 19:16,ENJSA,108.9,🔴 Düşüş Trendinde,⏳ BEKLE,-,-,🟢 EMA Yükselişte (SSL Ok Bekleniyor),🟡 Normal Genişlik,🟡Fiyat Orta-Üst Bant Aralığında,EMA5 Destek: 108.36 (%0.5 altta),-,-,12.21,56.33,87.51,0.8,0.0
2026-07-31 19:16,ENKAI,87.6,🔴 Düşüş Trendinde,🔴 SAT,-,-,"📉 Düşüş Hazırlığı (50<100 Kesti, 150 Bekleniyor)",🟠 Daralıyor,⚪Fiyat Alt_Orta Bant Aralığında,EMA5 Destek: 87.56 (%0.0 altta) | EMA21 Direnç: 89.69 (%2.4 üstte),-,110.50-113.50 (%26.1 üstte),1.41,41.83,19.08,-0.76,0.0
2026-07-31 19:16,GLRMK,149.5,🔴 Düşüş Trendinde,🔴 SAT,-,🟢 POTANSİYEL DİP,🔴 Ayı Piyasası (EMA 50 En Altta),🟠 Daralıyor,⚪Fiyat Alt_Orta Bant Aralığında,EMA5 Direnç: 152.51 (%2.0 üstte),-,195.30-205.40 (%30.6 üstte),-15.01,32.32,14.47,-0.7,0.0
2026-07-31 19:16,IZENR,8.6,🔴 Düşüş Trendinde,🔴 SAT,-,-,🔴 Ayı Piyasası (EMA 50 En Altta),⚪ Yelpaze Açık,⚪Fiyat Alt_Orta Bant Aralığında,EMA5 Direnç: 8.96 (%4.2 üstte),-,9.39-11.03 (%9.2 üstte),-11.73,37.47,42.27,0.22,0.0
2026-07-31 19:16,MGROS,625.5,🔴 Düşüş Trendinde,🔴 SAT,-,-,⚠️ Yükseliş Trendinde Düzeltme (SSL Negatif),🚨 BB SIKIŞMA,⚪Fiyat Alt_Orta Bant Aralığında,EMA200 Destek: 594.26 (%5.0 altta) | EMA5 Direnç: 626.89 (%0.2 üstte),415.39-429.68 (%31.3 altta),693.50-706.00 (%10.9 üstte),5.26,43.21,64.27,-0.01,0.0
2026-07-31 19:16,MIATK,30.82,🔴 Düşüş Trendinde,🔴 SAT,-,-,🔴 Ayı Piyasası (EMA 50 En Altta),⚪ Yelpaze Açık,⚪Fiyat Alt_Orta Bant Aralığında,EMA5 Direnç: 31.69 (%2.8 üstte),-,-,-22.54,32.9,37.54,-0.74,0.0
2026-07-31 19:16,MPARK,405.0,🔴 Düşüş Trendinde,⏳ BEKLE,-,-,"📉 Düşüş Hazırlığı (50<100 Kesti, 150 Bekleniyor)",🟠 Daralıyor,⚪Fiyat Alt_Orta Bant Aralığında,EMA5 Destek: 403.56 (%0.4 altta) | EMA200 Direnç: 408.19 (%0.8 üstte),-,-,-0.78,42.91,32.06,-0.73,0.0
2026-07-31 19:16,OBAMS,4.93,🔴 Düşüş Trendinde,🔴 SAT,-,-,🔴 Ayı Piyasası (EMA 50 En Altta),⚪ Yelpaze Açık,⚪Fiyat Alt_Orta Bant Aralığında,EMA5 Direnç: 4.96 (%0.6 üstte),-,8.26-8.82 (%67.5 üstte),-32.01,31.47,57.26,-0.71,0.0
2026-07-31 19:16,OYAKC,20.3,🟢 Yükseliş Trendinde,🔴 SAT,-,-,🔴 Ayı Piyasası (EMA 50 En Altta),🟠 Daralıyor,⚪Fiyat Alt_Orta Bant Aralığında,EMA5 Direnç: 20.68 (%1.9 üstte),-,-,-8.86,45.04,61.0,0.53,0.0
2026-07-31 19:16,TCELL,99.95,🔴 Düşüş Trendinde,🔴 SAT,-,🟢 POTANSİYEL DİP,"📉 Düşüş Hazırlığı (50<100 Kesti, 150 Bekleniyor)",⚪ Yelpaze Açık,⚪Fiyat Alt_Orta Bant Aralığında,EMA5 Direnç: 101.76 (%1.8 üstte),-,119.50-123.40 (%19.6 üstte),-4.65,34.15,0.46,-0.88,0.0
2026-07-31 19:16,ULKER,86.3,🔴 Düşüş Trendinde,🔴 SAT,🚀 KUSURSUZ DÖNÜŞ (0 Altı + Hacim),🚀 KUSURSUZ DİP,🔴 Ayı Piyasası (EMA 50 En Altta),⚪ Yelpaze Açık,🚨Fiyat Bandın Altında!,EMA5 Direnç: 88.69 (%2.8 üstte),-,-,-19.46,18.25,0.0,-0.92,-0.42
2026-07-31 21:48,AHSGY,18.7,🟢 Yükseliş Trendinde,🔴 SAT,-,-,⚠️ Yükseliş Trendinde Düzeltme (SSL Negatif),🟠 Daralıyor,⚪Fiyat Alt_Orta Bant Aralığında,EMA200 Destek: 17.71 (%5.3 altta) | EMA5 Direnç: 19.12 (%2.2 üstte),17.24-19.48 (fiyat bandın içinde!),24.19-26.14 (%29.3 üstte),5.61,39.68,3.66,-0.52,0.0
2026-07-31 21:48,ASELS,342.25,🔴 Düşüş Trendinde,🔴 SAT,-,-,⚠️ Yükseliş Trendinde Düzeltme (SSL Negatif),⚪ Yelpaze Açık,⚪Fiyat Alt_Orta Bant Aralığında,EMA200 Destek: 308.47 (%9.9 altta) | EMA5 Direnç: 349.54 (%2.1 üstte),171.28-177.57 (%48.1 altta),-,10.95,40.3,12.47,-0.07,0.0
2026-07-31 21:48,BIMAS,390.25,🟢 Yükseliş Trendinde,⏳ BEKLE,-,-,🟢 EMA Yükselişte (SSL Ok Bekleniyor),🟡 Normal Genişlik,🟡Fiyat Orta-Üst Bant Aralığında,EMA5 Destek: 387.31 (%0.8 altta),236.44-244.88 (%37.3 altta),-,16.58,54.36,28.87,-0.0,0.0
2026-07-31 21:48,ENJSA,108.9,🔴 Düşüş Trendinde,⏳ BEKLE,-,-,🟢 EMA Yükselişte (SSL Ok Bekleniyor),🟡 Normal Genişlik,🟡Fiyat Orta-Üst Bant Aralığında,EMA5 Destek: 108.36 (%0.5 altta),-,-,12.21,56.33,87.51,0.8,0.0
2026-07-31 21:48,ENKAI,87.6,🔴 Düşüş Trendinde,🔴 SAT,-,-,"📉 Düşüş Hazırlığı (50<100 Kesti, 150 Bekleniyor)",🟠 Daralıyor,⚪Fiyat Alt_Orta Bant Aralığında,EMA5 Destek: 87.56 (%0.0 altta) | EMA21 Direnç: 89.69 (%2.4 üstte),-,110.50-113.50 (%26.1 üstte),1.41,41.83,19.08,-0.76,0.0
2026-07-31 21:48,GLRMK,149.5,🔴 Düşüş Trendinde,🔴 SAT,-,🟢 POTANSİYEL DİP,🔴 Ayı Piyasası (EMA 50 En Altta),🟠 Daralıyor,⚪Fiyat Alt_Orta Bant Aralığında,EMA5 Direnç: 152.51 (%2.0 üstte),-,195.30-205.40 (%30.6 üstte),-15.01,32.32,14.47,-0.7,0.0
2026-07-31 21:48,IZENR,8.6,🔴 Düşüş Trendinde,🔴 SAT,-,-,🔴 Ayı Piyasası (EMA 50 En Altta),⚪ Yelpaze Açık,⚪Fiyat Alt_Orta Bant Aralığında,EMA5 Direnç: 8.96 (%4.2 üstte),-,9.39-11.03 (%9.2 üstte),-11.73,37.47,42.27,0.22,0.0
2026-07-31 21:48,MGROS,625.5,🔴 Düşüş Trendinde,🔴 SAT,-,-,⚠️ Yükseliş Trendinde Düzeltme (SSL Negatif),🚨 BB SIKIŞMA,⚪Fiyat Alt_Orta Bant Aralığında,EMA200 Destek: 594.26 (%5.0 altta) | EMA5 Direnç: 626.89 (%0.2 üstte),415.39-429.68 (%31.3 altta),693.50-706.00 (%10.9 üstte),5.26,43.21,64.27,-0.01,0.0
2026-07-31 21:48,MIATK,30.82,🔴 Düşüş Trendinde,🔴 SAT,-,-,🔴 Ayı Piyasası (EMA 50 En Altta),⚪ Yelpaze Açık,⚪Fiyat Alt_Orta Bant Aralığında,EMA5 Direnç: 31.69 (%2.8 üstte),-,-,-22.54,32.9,37.54,-0.74,0.0
2026-07-31 21:48,MPARK,405.0,🔴 Düşüş Trendinde,⏳ BEKLE,-,-,"📉 Düşüş Hazırlığı (50<100 Kesti, 150 Bekleniyor)",🟠 Daralıyor,⚪Fiyat Alt_Orta Bant Aralığında,EMA5 Destek: 403.56 (%0.4 altta) | EMA200 Direnç: 408.19 (%0.8 üstte),-,-,-0.78,42.91,32.06,-0.73,0.0
2026-07-31 21:48,OBAMS,4.93,🔴 Düşüş Trendinde,🔴 SAT,-,-,🔴 Ayı Piyasası (EMA 50 En Altta),⚪ Yelpaze Açık,⚪Fiyat Alt_Orta Bant Aralığında,EMA5 Direnç: 4.96 (%0.6 üstte),-,8.26-8.82 (%67.5 üstte),-32.01,31.47,57.26,-0.71,0.0
2026-07-31 21:48,OYAKC,20.3,🟢 Yükseliş Trendinde,🔴 SAT,-,-,🔴 Ayı Piyasası (EMA 50 En Altta),🟠 Daralıyor,⚪Fiyat Alt_Orta Bant Aralığında,EMA5 Direnç: 20.68 (%1.9 üstte),-,-,-8.86,45.04,61.0,0.53,0.0
2026-07-31 21:48,TCELL,99.95,🔴 Düşüş Trendinde,🔴 SAT,-,🟢 POTANSİYEL DİP,"📉 Düşüş Hazırlığı (50<100 Kesti, 150 Bekleniyor)",⚪ Yelpaze Açık,⚪Fiyat Alt_Orta Bant Aralığında,EMA5 Direnç: 101.76 (%1.8 üstte),-,119.50-123.40 (%19.6 üstte),-4.65,34.15,0.46,-0.88,0.0
2026-07-31 21:48,ULKER,86.3,🔴 Düşüş Trendinde,🔴 SAT,🚀 KUSURSUZ DÖNÜŞ (0 Altı + Hacim),🚀 KUSURSUZ DİP,🔴 Ayı Piyasası (EMA 50 En Altta),⚪ Yelpaze Açık,🚨Fiyat Bandın Altında!,EMA5 Direnç: 88.69 (%2.8 üstte),-,-,-19.46,18.25,0.0,-0.92,-0.42
2026-08-03 16:23,AHSGY,19.38,🟢 Yükseliş Trendinde,⏳ BEKLE,🚀 KUSURSUZ DÖNÜŞ (0 Altı + Hacim),-,⚠️ Yükseliş Trendinde Düzeltme (SSL Negatif),🚨 BB SIKIŞMA,⚪Fiyat Alt_Orta Bant Aralığında,EMA5 Destek: 19.20 (%0.9 altta) | EMA100 Direnç: 19.65 (%1.4 üstte),17.24-19.48 (fiyat bandın içinde!),24.19-26.14 (%24.8 üstte),9.2,45.98,18.94,-0.71,0.0
2026-08-03 16:23,ASELS,333.75,🔴 Düşüş Trendinde,🔴 SAT,-,-,⚠️ Yükseliş Trendinde Düzeltme (SSL Negatif),⚪ Yelpaze Açık,⚪Fiyat Alt_Orta Bant Aralığında,EMA200 Destek: 308.27 (%7.6 altta) | EMA5 Direnç: 344.28 (%3.2 üstte),171.28-177.57 (%46.8 altta),-,8.27,37.54,4.95,-0.32,0.0
2026-08-03 16:23,BIMAS,379.5,🟢 Yükseliş Trendinde,🔴 SAT,-,-,⚠️ Yükseliş Trendinde Düzeltme (SSL Negatif),🟠 Daralıyor,⚪Fiyat Alt_Orta Bant Aralığında,EMA55 Destek: 378.38 (%0.3 altta) | EMA21 Direnç: 383.63 (%1.1 üstte),236.44-244.88 (%35.5 altta),-,13.33,48.18,14.16,-0.45,0.0
2026-08-03 16:23,ENJSA,109.8,🔥 AL (Taze Kırılım),⏳ BEKLE,-,-,🟢 EMA Yükselişte (SSL Ok Bekleniyor),🟡 Normal Genişlik,🟡Fiyat Orta-Üst Bant Aralığında,EMA5 Destek: 108.84 (%0.9 altta),-,-,12.98,58.25,91.39,0.79,0.0
2026-08-03 16:23,ENKAI,87.0,🔴 Düşüş Trendinde,⏳ BEKLE,🟢 POTANSİYEL DİP (0 Altı - Hacimsiz),-,"📉 Düşüş Hazırlığı (50<100 Kesti, 150 Bekleniyor)",🚨 BB SIKIŞMA,⚪Fiyat Alt_Orta Bant Aralığında,EMA200 Destek: 86.36 (%0.7 altta) | EMA5 Direnç: 87.37 (%0.4 üstte),-,110.50-113.50 (%27.0 üstte),0.75,40.38,32.92,-0.83,0.0
2026-08-03 16:23,GLRMK,149.2,🔴 Düşüş Trendinde,🔴 SAT,-,🟢 POTANSİYEL DİP,🔴 Ayı Piyasası (EMA 50 En Altta),🟠 Daralıyor,⚪Fiyat Alt_Orta Bant Aralığında,EMA5 Direnç: 151.40 (%1.5 üstte),-,195.30-205.40 (%30.9 üstte),-15.09,32.05,11.19,-0.79,0.0
2026-08-03 16:23,IZENR,8.43,🔴 Düşüş Trendinde,🔴 SAT,-,-,🔴 Ayı Piyasası (EMA 50 En Altta),⚪ Yelpaze Açık,⚪Fiyat Alt_Orta Bant Aralığında,EMA5 Direnç: 8.78 (%4.2 üstte),-,9.39-11.03 (%11.4 üstte),-13.37,35.66,34.21,-0.15,0.0
2026-08-03 16:23,MGROS,611.5,🔴 Düşüş Trendinde,🔴 SAT,-,-,⚠️ Yükseliş Trendinde Düzeltme (SSL Negatif),🚨 BB SIKIŞMA,⚪Fiyat Alt_Orta Bant Aralığında,EMA200 Destek: 593.73 (%2.9 altta) | EMA5 Direnç: 621.76 (%1.7 üstte),415.39-429.68 (%29.7 altta),693.50-706.00 (%13.4 üstte),2.99,38.17,53.84,-0.25,0.0
2026-08-03 16:23,MIATK,30.04,🔴 Düşüş Trendinde,🔴 SAT,-,-,🔴 Ayı Piyasası (EMA 50 En Altta),⚪ Yelpaze Açık,⚪Fiyat Alt_Orta Bant Aralığında,EMA5 Direnç: 31.14 (%3.7 üstte),-,-,-24.26,31.03,17.06,-0.77,0.0
2026-08-03 16:23,MPARK,402.0,🔴 Düşüş Trendinde,⏳ BEKLE,-,-,"📉 Düşüş Hazırlığı (50<100 Kesti, 150 Bekleniyor)",🟠 Daralıyor,⚪Fiyat Alt_Orta Bant Aralığında,EMA5 Direnç: 403.04 (%0.3 üstte),-,-,-1.38,41.45,32.38,-0.75,0.0
2026-08-03 16:23,OBAMS,4.85,🔴 Düşüş Trendinde,🔴 SAT,-,-,🔴 Ayı Piyasası (EMA 50 En Altta),🟡 Normal Genişlik,⚪Fiyat Alt_Orta Bant Aralığında,EMA5 Direnç: 4.92 (%1.5 üstte),-,8.26-8.82 (%70.3 üstte),-32.83,30.1,57.44,-0.83,0.0
2026-08-03 16:23,OYAKC,20.28,🟢 Yükseliş Trendinde,🔴 SAT,-,-,🔴 Ayı Piyasası (EMA 50 En Altta),🟠 Daralıyor,⚪Fiyat Alt_Orta Bant Aralığında,EMA5 Direnç: 20.55 (%1.3 üstte),-,-,-8.9,44.85,49.78,0.28,0.0
2026-08-03 16:23,TCELL,103.9,🔴 Düşüş Trendinde,⏳ BEKLE,🟢 POTANSİYEL DİP (0 Altı - Hacimsiz),-,"📉 Düşüş Hazırlığı (50<100 Kesti, 150 Bekleniyor)",⚪ Yelpaze Açık,⚪Fiyat Alt_Orta Bant Aralığında,EMA5 Destek: 102.47 (%1.4 altta) | EMA200 Direnç: 104.83 (%0.9 üstte),-,119.50-123.40 (%15.0 üstte),-0.89,44.85,15.85,-0.86,0.0
2026-08-03 16:23,ULKER,87.7,🔴 Düşüş Trendinde,⏳ BEKLE,-,-,🔴 Ayı Piyasası (EMA 50 En Altta),⚪ Yelpaze Açık,⚪Fiyat Alt_Orta Bant Aralığında,EMA5 Direnç: 88.36 (%0.8 üstte),-,-,-17.99,24.9,10.33,-0.96,0.0
2026-08-03 19:44,AHSGY,19.72,🟢 Yükseliş Trendinde,⏳ BEKLE,🚀 KUSURSUZ DÖNÜŞ (0 Altı + Hacim),-,⚠️ Yükseliş Trendinde Düzeltme (SSL Negatif),🚨 BB SIKIŞMA,⚪Fiyat Alt_Orta Bant Aralığında,EMA100 Destek: 19.66 (%0.3 altta) | EMA21 Direnç: 19.84 (%0.6 üstte),17.24-19.48 (%1.2 altta),24.19-26.14 (%22.6 üstte),11.1,48.66,23.89,-0.67,0.0
2026-08-03 19:44,ASELS,336.25,🔴 Düşüş Trendinde,🔴 SAT,-,-,⚠️ Yükseliş Trendinde Düzeltme (SSL Negatif),⚪ Yelpaze Açık,⚪Fiyat Alt_Orta Bant Aralığında,EMA200 Destek: 308.29 (%8.3 altta) | EMA5 Direnç: 345.11 (%2.6 üstte),171.28-177.57 (%47.2 altta),-,9.07,38.31,5.74,-0.3,0.0
2026-08-03 19:44,BIMAS,379.0,🟢 Yükseliş Trendinde,🔴 SAT,-,-,⚠️ Yükseliş Trendinde Düzeltme (SSL Negatif),🟠 Daralıyor,⚪Fiyat Alt_Orta Bant Aralığında,EMA55 Destek: 378.36 (%0.2 altta) | EMA21 Direnç: 383.58 (%1.2 üstte),252.43-261.79 (%30.9 altta),-,13.18,47.93,14.16,-0.46,0.0
2026-08-03 19:44,ENJSA,110.2,🔥 AL (Taze Kırılım),🟢 AL (Trend Onaylı),-,-,🟢 EMA Yükselişte (SSL Ok Bekleniyor),🟡 Normal Genişlik,🟡Fiyat Orta-Üst Bant Aralığında,EMA5 Destek: 108.97 (%1.1 altta),-,-,13.39,59.05,92.46,0.8,0.0
2026-08-03 19:44,ENKAI,87.05,🔴 Düşüş Trendinde,⏳ BEKLE,🟢 POTANSİYEL DİP (0 Altı - Hacimsiz),-,"📉 Düşüş Hazırlığı (50<100 Kesti, 150 Bekleniyor)",🚨 BB SIKIŞMA,⚪Fiyat Alt_Orta Bant Aralığında,EMA200 Destek: 86.36 (%0.8 altta) | EMA5 Direnç: 87.39 (%0.4 üstte),-,110.50-113.50 (%26.9 üstte),0.8,40.49,33.16,-0.83,0.0
2026-08-03 19:44,GLRMK,149.6,🔴 Düşüş Trendinde,🔴 SAT,-,🟢 POTANSİYEL DİP,🔴 Ayı Piyasası (EMA 50 En Altta),🟠 Daralıyor,⚪Fiyat Alt_Orta Bant Aralığında,EMA5 Direnç: 151.54 (%1.3 üstte),-,195.30-205.40 (%30.5 üstte),-14.86,32.5,12.1,-0.79,0.0
2026-08-03 19:44,IZENR,8.7,🔴 Düşüş Trendinde,🔴 SAT,-,-,🔴 Ayı Piyasası (EMA 50 En Altta),⚪ Yelpaze Açık,⚪Fiyat Alt_Orta Bant Aralığında,EMA5 Direnç: 8.87 (%2.0 üstte),-,9.39-11.03 (%7.9 üstte),-10.62,39.28,38.83,-0.09,0.0
2026-08-03 19:44,MGROS,610.5,🔴 Düşüş Trendinde,🔴 SAT,-,-,⚠️ Yükseliş Trendinde Düzeltme (SSL Negatif),🚨 BB SIKIŞMA,⚪Fiyat Alt_Orta Bant Aralığında,EMA200 Destek: 593.72 (%2.7 altta) | EMA5 Direnç: 621.43 (%1.8 üstte),415.39-429.68 (%29.6 altta),693.50-706.00 (%13.6 üstte),2.83,37.85,53.27,-0.26,0.0
2026-08-03 19:44,MIATK,30.0,🔴 Düşüş Trendinde,🔴 SAT,-,-,🔴 Ayı Piyasası (EMA 50 En Altta),⚪ Yelpaze Açık,⚪Fiyat Alt_Orta Bant Aralığında,EMA5 Direnç: 31.13 (%3.8 üstte),-,-,-24.36,30.94,17.06,-0.77,0.0
2026-08-03 19:44,MPARK,402.25,🔴 Düşüş Trendinde,⏳ BEKLE,-,-,"📉 Düşüş Hazırlığı (50<100 Kesti, 150 Bekleniyor)",🟠 Daralıyor,⚪Fiyat Alt_Orta Bant Aralığında,EMA5 Direnç: 403.12 (%0.2 üstte),-,-,-1.32,41.57,32.71,-0.75,0.0
2026-08-03 19:44,OBAMS,4.84,🔴 Düşüş Trendinde,🔴 SAT,-,-,🔴 Ayı Piyasası (EMA 50 En Altta),🟡 Normal Genişlik,⚪Fiyat Alt_Orta Bant Aralığında,EMA5 Direnç: 4.92 (%1.7 üstte),-,8.26-8.82 (%70.7 üstte),-32.97,29.93,56.97,-0.84,0.0
2026-08-03 19:44,OYAKC,20.28,🟢 Yükseliş Trendinde,🔴 SAT,-,-,🔴 Ayı Piyasası (EMA 50 En Altta),🟠 Daralıyor,⚪Fiyat Alt_Orta Bant Aralığında,EMA5 Direnç: 20.55 (%1.3 üstte),-,-,-8.9,44.85,49.78,0.28,0.0
2026-08-03 19:44,TCELL,104.5,🔴 Düşüş Trendinde,⏳ BEKLE,🚀 KUSURSUZ DÖNÜŞ (0 Altı + Hacim),-,"📉 Düşüş Hazırlığı (50<100 Kesti, 150 Bekleniyor)",⚪ Yelpaze Açık,⚪Fiyat Alt_Orta Bant Aralığında,EMA5 Destek: 102.67 (%1.7 altta) | EMA200 Direnç: 104.84 (%0.3 üstte),-,119.50-123.40 (%14.4 üstte),-0.32,46.18,17.76,-0.85,0.0
2026-08-03 19:44,ULKER,87.7,🔴 Düşüş Trendinde,⏳ BEKLE,-,-,🔴 Ayı Piyasası (EMA 50 En Altta),⚪ Yelpaze Açık,⚪Fiyat Alt_Orta Bant Aralığında,EMA5 Direnç: 88.36 (%0.8 üstte),-,-,-17.99,24.9,10.33,-0.96,0.0
2026-08-03 22:00,AHSGY,19.72,🟢 Yükseliş Trendinde,⏳ BEKLE,🚀 KUSURSUZ DÖNÜŞ (0 Altı + Hacim),-,⚠️ Yükseliş Trendinde Düzeltme (SSL Negatif),🚨 BB SIKIŞMA,⚪Fiyat Alt_Orta Bant Aralığında,EMA100 Destek: 19.66 (%0.3 altta) | EMA21 Direnç: 19.84 (%0.6 üstte),17.24-19.48 (%1.2 altta),24.19-26.14 (%22.6 üstte),11.1,48.66,23.89,-0.67,0.0
2026-08-03 22:00,ASELS,336.25,🔴 Düşüş Trendinde,🔴 SAT,-,-,⚠️ Yükseliş Trendinde Düzeltme (SSL Negatif),⚪ Yelpaze Açık,⚪Fiyat Alt_Orta Bant Aralığında,EMA200 Destek: 308.29 (%8.3 altta) | EMA5 Direnç: 345.11 (%2.6 üstte),171.28-177.57 (%47.2 altta),-,9.07,38.31,5.74,-0.3,0.0
2026-08-03 22:00,BIMAS,379.0,🟢 Yükseliş Trendinde,🔴 SAT,-,-,⚠️ Yükseliş Trendinde Düzeltme (SSL Negatif),🟠 Daralıyor,⚪Fiyat Alt_Orta Bant Aralığında,EMA55 Destek: 378.36 (%0.2 altta) | EMA21 Direnç: 383.58 (%1.2 üstte),236.44-244.88 (%35.4 altta),-,13.18,47.93,14.16,-0.46,0.0
2026-08-03 22:00,ENJSA,110.2,🔥 AL (Taze Kırılım),🟢 AL (Trend Onaylı),-,-,🟢 EMA Yükselişte (SSL Ok Bekleniyor),🟡 Normal Genişlik,🟡Fiyat Orta-Üst Bant Aralığında,EMA5 Destek: 108.97 (%1.1 altta),-,-,13.39,59.05,92.46,0.8,0.0
2026-08-03 22:00,ENKAI,87.05,🔴 Düşüş Trendinde,⏳ BEKLE,🟢 POTANSİYEL DİP (0 Altı - Hacimsiz),-,"📉 Düşüş Hazırlığı (50<100 Kesti, 150 Bekleniyor)",🚨 BB SIKIŞMA,⚪Fiyat Alt_Orta Bant Aralığında,EMA200 Destek: 86.36 (%0.8 altta) | EMA5 Direnç: 87.39 (%0.4 üstte),-,110.50-113.50 (%26.9 üstte),0.8,40.49,33.16,-0.83,0.0
2026-08-03 22:00,GLRMK,149.6,🔴 Düşüş Trendinde,🔴 SAT,-,🟢 POTANSİYEL DİP,🔴 Ayı Piyasası (EMA 50 En Altta),🟠 Daralıyor,⚪Fiyat Alt_Orta Bant Aralığında,EMA5 Direnç: 151.54 (%1.3 üstte),-,195.30-205.40 (%30.5 üstte),-14.86,32.5,12.1,-0.79,0.0
2026-08-03 22:00,IZENR,8.7,🔴 Düşüş Trendinde,🔴 SAT,-,-,🔴 Ayı Piyasası (EMA 50 En Altta),⚪ Yelpaze Açık,⚪Fiyat Alt_Orta Bant Aralığında,EMA5 Direnç: 8.87 (%2.0 üstte),-,9.39-11.03 (%7.9 üstte),-10.62,39.28,38.83,-0.09,0.0
2026-08-03 22:00,MGROS,610.5,🔴 Düşüş Trendinde,🔴 SAT,-,-,⚠️ Yükseliş Trendinde Düzeltme (SSL Negatif),🚨 BB SIKIŞMA,⚪Fiyat Alt_Orta Bant Aralığında,EMA200 Destek: 593.72 (%2.7 altta) | EMA5 Direnç: 621.43 (%1.8 üstte),415.39-429.68 (%29.6 altta),693.50-706.00 (%13.6 üstte),2.83,37.85,53.27,-0.26,0.0
2026-08-03 22:00,MIATK,30.0,🔴 Düşüş Trendinde,🔴 SAT,-,-,🔴 Ayı Piyasası (EMA 50 En Altta),⚪ Yelpaze Açık,⚪Fiyat Alt_Orta Bant Aralığında,EMA5 Direnç: 31.13 (%3.8 üstte),-,-,-24.36,30.94,17.06,-0.77,0.0
2026-08-03 22:00,MPARK,402.25,🔴 Düşüş Trendinde,⏳ BEKLE,-,-,"📉 Düşüş Hazırlığı (50<100 Kesti, 150 Bekleniyor)",🟠 Daralıyor,⚪Fiyat Alt_Orta Bant Aralığında,EMA5 Direnç: 403.12 (%0.2 üstte),-,-,-1.32,41.57,32.71,-0.75,0.0
2026-08-03 22:00,OBAMS,4.84,🔴 Düşüş Trendinde,🔴 SAT,-,-,🔴 Ayı Piyasası (EMA 50 En Altta),🟡 Normal Genişlik,⚪Fiyat Alt_Orta Bant Aralığında,EMA5 Direnç: 4.92 (%1.7 üstte),-,8.26-8.82 (%70.7 üstte),-32.97,29.93,56.97,-0.84,0.0
2026-08-03 22:00,OYAKC,20.28,🟢 Yükseliş Trendinde,🔴 SAT,-,-,🔴 Ayı Piyasası (EMA 50 En Altta),🟠 Daralıyor,⚪Fiyat Alt_Orta Bant Aralığında,EMA5 Direnç: 20.55 (%1.3 üstte),-,-,-8.9,44.85,49.78,0.28,0.0
2026-08-03 22:00,TCELL,104.5,🔴 Düşüş Trendinde,⏳ BEKLE,🚀 KUSURSUZ DÖNÜŞ (0 Altı + Hacim),-,"📉 Düşüş Hazırlığı (50<100 Kesti, 150 Bekleniyor)",⚪ Yelpaze Açık,⚪Fiyat Alt_Orta Bant Aralığında,EMA5 Destek: 102.67 (%1.7 altta) | EMA200 Direnç: 104.84 (%0.3 üstte),-,119.50-123.40 (%14.4 üstte),-0.32,46.18,17.76,-0.85,0.0
2026-08-03 22:00,ULKER,87.7,🔴 Düşüş Trendinde,⏳ BEKLE,-,-,🔴 Ayı Piyasası (EMA 50 En Altta),⚪ Yelpaze Açık,⚪Fiyat Alt_Orta Bant Aralığında,EMA5 Direnç: 88.36 (%0.8 üstte),-,-,-17.99,24.9,10.33,-0.96,0.0
2026-08-04 15:22,AHSGY,19.05,🟢 Yükseliş Trendinde,🔴 SAT,-,-,⚠️ Yükseliş Trendinde Düzeltme (SSL Negatif),🚨 BB SIKIŞMA,⚪Fiyat Alt_Orta Bant Aralığında,EMA200 Destek: 17.73 (%6.9 altta) | EMA5 Direnç: 19.23 (%1.0 üstte),17.24-19.48 (fiyat bandın içinde!),24.19-26.14 (%27.0 üstte),7.42,42.86,9.54,-0.49,0.0
2026-08-04 15:22,ASELS,347.0,🔴 Düşüş Trendinde,🔴 SAT,-,-,⚠️ Yükseliş Trendinde Düzeltme (SSL Negatif),⚪ Yelpaze Açık,⚪Fiyat Alt_Orta Bant Aralığında,EMA200 Destek: 308.06 (%11.2 altta) | EMA5 Direnç: 351.12 (%1.2 üstte),171.28-177.57 (%48.8 altta),-,12.64,42.48,17.05,-0.03,0.0
2026-08-04 15:22,BIMAS,382.0,🟢 Yükseliş Trendinde,🔴 SAT,-,-,🟢 EMA Yükselişte (SSL Ok Bekleniyor),🟡 Normal Genişlik,⚪Fiyat Alt_Orta Bant Aralığında,EMA55 Destek: 378.04 (%1.0 altta) | EMA21 Direnç: 383.29 (%0.3 üstte),236.44-244.88 (%35.9 altta),-,14.25,49.77,17.76,-0.13,0.0
2026-08-04 15:22,ENJSA,108.1,🔴 Düşüş Trendinde,🟢 AL (Trend Onaylı),-,-,🟢 EMA Yükselişte (SSL Ok Bekleniyor),🟡 Normal Genişlik,🟡Fiyat Orta-Üst Bant Aralığında,EMA5 Destek: 108.09 (%0.0 altta),-,-,11.38,54.27,84.75,0.78,0.0
2026-08-04 15:22,ENKAI,86.75,🔴 Düşüş Trendinde,🔴 SAT,-,-,"📉 Düşüş Hazırlığı (50<100 Kesti, 150 Bekleniyor)",🟠 Daralıyor,⚪Fiyat Alt_Orta Bant Aralığında,EMA200 Destek: 86.34 (%0.5 altta) | EMA5 Direnç: 87.28 (%0.6 üstte),-,110.50-113.50 (%27.4 üstte),0.47,38.94,13.16,-0.78,0.0
2026-08-04 15:22,GLRMK,152.3,🔴 Düşüş Trendinde,🔴 SAT,-,-,🔴 Ayı Piyasası (EMA 50 En Altta),🟠 Daralıyor,⚪Fiyat Alt_Orta Bant Aralığında,EMA5 Direnç: 153.44 (%0.7 üstte),-,195.30-205.40 (%28.2 üstte),-13.47,36.83,23.66,-0.68,0.0
2026-08-04 15:22,IZENR,8.84,🔴 Düşüş Trendinde,🔴 SAT,-,-,🔴 Ayı Piyasası (EMA 50 En Altta),⚪ Yelpaze Açık,⚪Fiyat Alt_Orta Bant Aralığında,EMA5 Direnç: 9.04 (%2.2 üstte),-,9.39-11.03 (%6.2 üstte),-9.3,40.37,45.7,0.28,0.0
2026-08-04 15:22,MGROS,621.5,🔴 Düşüş Trendinde,🔴 SAT,-,-,⚠️ Yükseliş Trendinde Düzeltme (SSL Negatif),🚨 BB SIKIŞMA,⚪Fiyat Alt_Orta Bant Aralığında,EMA200 Destek: 593.51 (%4.5 altta) | EMA5 Direnç: 625.56 (%0.7 üstte),415.39-429.68 (%30.9 altta),693.50-706.00 (%11.6 üstte),4.72,41.38,60.97,-0.06,0.0
2026-08-04 15:22,MIATK,30.24,🔴 Düşüş Trendinde,🔴 SAT,-,-,🔴 Ayı Piyasası (EMA 50 En Altta),⚪ Yelpaze Açık,⚪Fiyat Alt_Orta Bant Aralığında,EMA5 Direnç: 31.50 (%4.2 üstte),-,-,-23.93,31.54,36.48,-0.74,0.0
2026-08-04 15:22,MPARK,403.0,🔴 Düşüş Trendinde,⏳ BEKLE,-,-,"📉 Düşüş Hazırlığı (50<100 Kesti, 150 Bekleniyor)",🟠 Daralıyor,⚪Fiyat Alt_Orta Bant Aralığında,EMA5 Destek: 402.89 (%0.0 altta) | EMA200 Direnç: 407.65 (%1.2 üstte),-,-,-1.14,41.64,28.51,-0.75,0.0
2026-08-04 15:22,OBAMS,5.02,🔴 Düşüş Trendinde,⏳ BEKLE,-,-,🔴 Ayı Piyasası (EMA 50 En Altta),⚪ Yelpaze Açık,⚪Fiyat Alt_Orta Bant Aralığında,EMA5 Destek: 4.99 (%0.6 altta) | EMA21 Direnç: 5.40 (%7.7 üstte),-,8.26-8.82 (%64.5 üstte),-30.71,34.6,64.08,-0.68,0.0
2026-08-04 15:22,OYAKC,20.46,🟢 Yükseliş Trendinde,🔴 SAT,-,-,🔴 Ayı Piyasası (EMA 50 En Altta),🟠 Daralıyor,⚪Fiyat Alt_Orta Bant Aralığında,EMA21 Direnç: 20.72 (%1.2 üstte),-,-,-8.18,46.54,63.5,0.58,0.0
2026-08-04 15:22,TCELL,106.7,🔴 Düşüş Trendinde,⏳ BEKLE,🟢 POTANSİYEL DİP (0 Altı - Hacimsiz),-,"📉 Düşüş Hazırlığı (50<100 Kesti, 150 Bekleniyor)",🟡 Normal Genişlik,⚪Fiyat Alt_Orta Bant Aralığında,EMA21 Destek: 106.39 (%0.3 altta) | EMA55 Direnç: 108.20 (%1.4 üstte),-,119.50-123.40 (%12.0 üstte),1.71,49.61,21.46,-0.77,0.0
2026-08-04 15:22,ULKER,87.95,🔴 Düşüş Trendinde,🔴 SAT,-,🟢 POTANSİYEL DİP,🔴 Ayı Piyasası (EMA 50 En Altta),⚪ Yelpaze Açık,⚪Fiyat Alt_Orta Bant Aralığında,EMA5 Direnç: 89.24 (%1.5 üstte),-,-,-17.92,20.4,0.44,-0.92,0.0
2026-08-04 19:27,AHSGY,18.73,🟢 Yükseliş Trendinde,⏳ BEKLE,-,-,⚠️ Yükseliş Trendinde Düzeltme (SSL Negatif),🚨 BB SIKIŞMA,⚪Fiyat Alt_Orta Bant Aralığında,EMA200 Destek: 17.76 (%5.2 altta) | EMA5 Direnç: 19.12 (%2.1 üstte),17.24-19.48 (fiyat bandın içinde!),24.19-26.14 (%29.1 üstte),5.46,42.11,32.03,-0.77,0.0
2026-08-04 19:27,ASELS,349.25,🔴 Düşüş Trendinde,🔴 SAT,-,-,⚠️ Yükseliş Trendinde Düzeltme (SSL Negatif),🟠 Daralıyor,⚪Fiyat Alt_Orta Bant Aralığında,EMA5 Destek: 346.49 (%0.8 altta) | EMA21 Direnç: 358.78 (%2.7 üstte),171.28-177.57 (%49.2 altta),-,13.14,44.67,19.84,-0.44,0.0
2026-08-04 19:27,BIMAS,385.75,🟢 Yükseliş Trendinde,⏳ BEKLE,-,-,⚠️ Yükseliş Trendinde Düzeltme (SSL Negatif),🟠 Daralıyor,🟡Fiyat Orta-Üst Bant Aralığında,EMA5 Destek: 384.94 (%0.2 altta),252.43-261.79 (%32.1 altta),-,15.02,51.62,19.98,-0.6,0.0
2026-08-04 19:27,ENJSA,109.5,🟢 Yükseliş Trendinde,🟢 AL (Trend Onaylı),-,-,🟢 EMA Yükselişte (SSL Ok Bekleniyor),🟡 Normal Genişlik,🟡Fiyat Orta-Üst Bant Aralığında,EMA5 Destek: 109.15 (%0.3 altta),-,-,12.52,56.99,90.09,0.76,0.0
2026-08-04 19:27,ENKAI,85.85,🔴 Düşüş Trendinde,🔴 SAT,-,-,"📉 Düşüş Hazırlığı (50<100 Kesti, 150 Bekleniyor)",🟠 Daralıyor,⚪Fiyat Alt_Orta Bant Aralığında,EMA200 Direnç: 86.35 (%0.6 üstte),-,110.50-113.50 (%28.7 üstte),-0.58,37.66,42.59,-0.91,0.0
2026-08-04 19:27,GLRMK,152.9,🔴 Düşüş Trendinde,🔴 SAT,🚀 KUSURSUZ DÖNÜŞ (0 Altı + Hacim),-,🔴 Ayı Piyasası (EMA 50 En Altta),🟠 Daralıyor,⚪Fiyat Alt_Orta Bant Aralığında,EMA5 Destek: 151.99 (%0.6 altta) | EMA21 Direnç: 158.81 (%3.9 üstte),-,195.30-205.40 (%27.7 üstte),-12.87,38.49,30.53,-0.82,0.0
2026-08-04 19:27,IZENR,8.72,🔴 Düşüş Trendinde,🔴 SAT,-,-,🔴 Ayı Piyasası (EMA 50 En Altta),⚪ Yelpaze Açık,⚪Fiyat Alt_Orta Bant Aralığında,EMA5 Direnç: 8.82 (%1.2 üstte),-,9.39-11.03 (%7.7 üstte),-10.32,39.66,26.93,-0.44,0.0
2026-08-04 19:27,MGROS,629.0,🔴 Düşüş Trendinde,⏳ BEKLE,-,-,🟢 EMA Yükselişte (SSL Ok Bekleniyor),🚨 BB SIKIŞMA,⚪Fiyat Alt_Orta Bant Aralığında,EMA5 Destek: 623.95 (%0.8 altta) | EMA21 Direnç: 633.53 (%0.7 üstte),415.39-429.68 (%31.7 altta),693.50-706.00 (%10.3 üstte),5.88,46.64,58.68,-0.6,0.0
2026-08-04 19:27,MIATK,30.14,🔴 Düşüş Trendinde,🔴 SAT,-,-,🔴 Ayı Piyasası (EMA 50 En Altta),⚪ Yelpaze Açık,⚪Fiyat Alt_Orta Bant Aralığında,EMA5 Direnç: 30.99 (%2.8 üstte),-,-,-23.99,31.72,18.02,-0.78,0.0
2026-08-04 19:27,MPARK,411.25,🔴 Düşüş Trendinde,🔥 GÜÇLÜ AL (Taze Kırılım),-,-,"📉 Düşüş Hazırlığı (50<100 Kesti, 150 Bekleniyor)",🚨 BB SIKIŞMA,⚪Fiyat Alt_Orta Bant Aralığında,EMA200 Destek: 407.65 (%0.9 altta) | EMA21 Direnç: 412.44 (%0.3 üstte),-,412.00-432.75 (%0.2 üstte),0.88,47.35,53.91,-0.67,0.0
2026-08-04 19:27,OBAMS,5.01,🔴 Düşüş Trendinde,⏳ BEKLE,🚀 KUSURSUZ DÖNÜŞ (0 Altı + Hacim),-,🔴 Ayı Piyasası (EMA 50 En Altta),🟡 Normal Genişlik,⚪Fiyat Alt_Orta Bant Aralığında,EMA5 Destek: 4.95 (%1.2 altta) | EMA21 Direnç: 5.32 (%6.1 üstte),-,8.26-8.82 (%64.9 üstte),-30.4,36.28,76.03,-0.82,0.0
2026-08-04 19:27,OYAKC,20.58,🟢 Yükseliş Trendinde,🔴 SAT,-,-,🔴 Ayı Piyasası (EMA 50 En Altta),🟠 Daralıyor,🟡Fiyat Orta-Üst Bant Aralığında,EMA5 Destek: 20.56 (%0.1 altta) | EMA21 Direnç: 20.66 (%0.4 üstte),-,-,-7.48,48.44,39.0,0.04,0.0
2026-08-04 19:27,TCELL,107.6,🔴 Düşüş Trendinde,🔥 GÜÇLÜ AL (Taze Kırılım),-,-,"📉 Düşüş Hazırlığı (50<100 Kesti, 150 Bekleniyor)",⚪ Yelpaze Açık,🟡Fiyat Orta-Üst Bant Aralığında,EMA21 Destek: 105.83 (%1.6 altta) | EMA55 Direnç: 107.83 (%0.2 üstte),-,119.50-123.40 (%11.1 üstte),2.61,52.54,43.74,-0.69,0.0
2026-08-04 19:27,ULKER,88.35,🔴 Düşüş Trendinde,⏳ BEKLE,-,-,🔴 Ayı Piyasası (EMA 50 En Altta),⚪ Yelpaze Açık,⚪Fiyat Alt_Orta Bant Aralığında,EMA5 Direnç: 88.36 (%0.0 üstte),-,-,-17.24,27.84,25.21,-0.97,0.0
2026-08-04 21:57,AHSGY,18.73,🟢 Yükseliş Trendinde,🔴 SAT,-,-,⚠️ Yükseliş Trendinde Düzeltme (SSL Negatif),🚨 BB SIKIŞMA,⚪Fiyat Alt_Orta Bant Aralığında,EMA200 Destek: 17.75 (%5.2 altta) | EMA5 Direnç: 19.21 (%2.6 üstte),17.24-19.48 (fiyat bandın içinde!),24.19-26.14 (%29.1 üstte),5.52,41.98,27.11,-0.7,0.0
2026-08-04 21:57,ASELS,349.25,🔴 Düşüş Trendinde,🔴 SAT,-,-,⚠️ Yükseliş Trendinde Düzeltme (SSL Negatif),⚪ Yelpaze Açık,⚪Fiyat Alt_Orta Bant Aralığında,EMA5 Destek: 348.11 (%0.3 altta) | EMA100 Direnç: 359.75 (%3.0 üstte),171.28-177.57 (%49.2 altta),-,13.26,44.0,13.21,-0.24,0.0
2026-08-04 21:57,BIMAS,385.75,🟢 Yükseliş Trendinde,🔴 SAT,-,-,⚠️ Yükseliş Trendinde Düzeltme (SSL Negatif),🟠 Daralıyor,🟡Fiyat Orta-Üst Bant Aralığında,EMA5 Destek: 384.29 (%0.4 altta),252.43-261.79 (%32.1 altta),-,15.21,52.06,11.07,-0.51,0.0
2026-08-04 21:57,ENJSA,109.5,🟢 Yükseliş Trendinde,🟢 AL (Trend Onaylı),-,-,🟢 EMA Yükselişte (SSL Ok Bekleniyor),🟡 Normal Genişlik,🟡Fiyat Orta-Üst Bant Aralığında,EMA5 Destek: 109.03 (%0.4 altta),-,-,12.66,57.33,94.23,0.81,0.0
2026-08-04 21:57,ENKAI,85.85,🔴 Düşüş Trendinde,🔴 SAT,-,-,"📉 Düşüş Hazırlığı (50<100 Kesti, 150 Bekleniyor)",🟠 Daralıyor,⚪Fiyat Alt_Orta Bant Aralığında,EMA200 Direnç: 86.34 (%0.6 üstte),-,110.50-113.50 (%28.7 üstte),-0.57,37.22,22.71,-0.86,0.0
2026-08-04 21:57,GLRMK,152.9,🔴 Düşüş Trendinde,🔴 SAT,🚀 KUSURSUZ DÖNÜŞ (0 Altı + Hacim),-,🔴 Ayı Piyasası (EMA 50 En Altta),🟠 Daralıyor,⚪Fiyat Alt_Orta Bant Aralığında,EMA5 Destek: 152.66 (%0.2 altta) | EMA21 Direnç: 159.71 (%4.5 üstte),-,195.30-205.40 (%27.7 üstte),-13.0,38.08,23.82,-0.76,0.0
2026-08-04 21:57,IZENR,8.72,🔴 Düşüş Trendinde,🔴 SAT,-,-,🔴 Ayı Piyasası (EMA 50 En Altta),⚪ Yelpaze Açık,⚪Fiyat Alt_Orta Bant Aralığında,EMA5 Direnç: 8.90 (%2.1 üstte),-,9.39-11.03 (%7.7 üstte),-10.43,38.91,39.62,-0.07,0.0
2026-08-04 21:57,MGROS,629.0,🔴 Düşüş Trendinde,🔴 SAT,-,-,🟢 EMA Yükselişte (SSL Ok Bekleniyor),🚨 BB SIKIŞMA,⚪Fiyat Alt_Orta Bant Aralığında,EMA5 Destek: 624.26 (%0.8 altta) | EMA21 Direnç: 634.42 (%0.9 üstte),415.39-429.68 (%31.7 altta),693.50-706.00 (%10.3 üstte),5.94,46.33,58.65,-0.19,0.0
2026-08-04 21:57,MIATK,30.14,🔴 Düşüş Trendinde,🔴 SAT,-,-,🔴 Ayı Piyasası (EMA 50 En Altta),⚪ Yelpaze Açık,⚪Fiyat Alt_Orta Bant Aralığında,EMA5 Direnç: 30.99 (%2.8 üstte),-,-,-23.99,31.72,18.02,-0.78,0.0
2026-08-04 21:57,MPARK,411.25,🔴 Düşüş Trendinde,🔥 GÜÇLÜ AL (Taze Kırılım),-,-,"📉 Düşüş Hazırlığı (50<100 Kesti, 150 Bekleniyor)",🟠 Daralıyor,⚪Fiyat Alt_Orta Bant Aralığında,EMA200 Destek: 407.68 (%0.9 altta) | EMA21 Direnç: 413.15 (%0.5 üstte),-,-,0.88,46.91,42.77,-0.67,0.0
2026-08-04 21:57,OBAMS,5.01,🔴 Düşüş Trendinde,⏳ BEKLE,🚀 KUSURSUZ DÖNÜŞ (0 Altı + Hacim),-,🔴 Ayı Piyasası (EMA 50 En Altta),🟡 Normal Genişlik,⚪Fiyat Alt_Orta Bant Aralığında,EMA5 Destek: 4.96 (%1.0 altta) | EMA21 Direnç: 5.35 (%6.9 üstte),-,8.26-8.82 (%64.9 üstte),-30.62,34.7,63.23,-0.8,0.0
2026-08-04 21:57,OYAKC,20.58,🟢 Yükseliş Trendinde,🔴 SAT,-,-,🔴 Ayı Piyasası (EMA 50 En Altta),🟠 Daralıyor,🟡Fiyat Orta-Üst Bant Aralığında,EMA5 Direnç: 20.64 (%0.3 üstte),-,-,-7.56,48.21,55.1,0.36,0.0
2026-08-04 21:57,TCELL,107.6,🔴 Düşüş Trendinde,🔥 GÜÇLÜ AL (Taze Kırılım),-,-,"📉 Düşüş Hazırlığı (50<100 Kesti, 150 Bekleniyor)",🟡 Normal Genişlik,🟡Fiyat Orta-Üst Bant Aralığında,EMA21 Destek: 106.32 (%1.2 altta) | EMA55 Direnç: 108.10 (%0.5 üstte),-,119.50-123.40 (%11.1 üstte),2.56,51.76,38.32,-0.72,0.0
2026-08-04 21:57,ULKER,88.35,🔴 Düşüş Trendinde,🔴 SAT,🟢 POTANSİYEL DİP (0 Altı - Hacimsiz),-,🔴 Ayı Piyasası (EMA 50 En Altta),⚪ Yelpaze Açık,⚪Fiyat Alt_Orta Bant Aralığında,EMA5 Direnç: 88.89 (%0.6 üstte),-,-,-17.4,23.32,5.77,-0.95,0.0
