Tarih,Varlık,Fiyat,Supertrend_Sinyal,Tilson_Sinyal,Hacim_SMI,Kombine_Dip,SSL&EMA_Sinyal,BB_Sikisma,BB_Fiyat_Durum,Destek_Direnc,Alim_Bandi,Satim_Bandi,RSI,StochRSI,TSI,EMA_200_Durumu,BB_Bant_Durum,EMA_Durumu,TV
2026-07-13 09:49,AIQ,63.44,🔴 Düşüş Trendinde,⏳ BEKLE,-,-,⚠️ Yükseliş Trendinde Düzeltme (SSL Negatif),🟠 Daralıyor,⚪Fiyat Alt_Orta Bant Aralığında,EMA5 Destek: 63.29 (%0.2 altta) | EMA21 Direnç: 63.72 (%0.4 üstte),44.46-45.83 (%27.8 altta),-,49.64,30.59,-0.48,,,,
2026-07-13 09:49,ALUM.L,4.21,🔴 Düşüş Trendinde,🟢 AL (Trend Onaylı),-,-,🟢 EMA Yükselişte (SSL Ok Bekleniyor),⚪ Yelpaze Açık,⚪Fiyat Alt_Orta Bant Aralığında,EMA200 Destek: 4.16 (%1.2 altta) | EMA5 Direnç: 4.21 (%0.1 üstte),3.64-3.71 (%11.9 altta),-,37.92,80.79,-0.15,,,,
2026-07-13 09:49,BZ=F,78.95,🔴 Düşüş Trendinde,🟢 AL (Trend Onaylı),-,-,"📉 Düşüş Hazırlığı (50<100 Kesti, 150 Bekleniyor)",🟡 Normal Genişlik,🟡Fiyat Orta-Üst Bant Aralığında,EMA21 Destek: 78.92 (%0.0 altta) | EMA200 Direnç: 79.71 (%1.0 üstte),59.45-60.91 (%22.8 altta),106.87-112.69 (%35.4 üstte),46.2,89.37,0.39,,,,
2026-07-13 09:49,CCJ,95.99,🔴 Düşüş Trendinde,⏳ BEKLE,-,-,"📉 Düşüş Hazırlığı (50<100 Kesti, 150 Bekleniyor)",🟡 Normal Genişlik,⚪Fiyat Alt_Orta Bant Aralığında,EMA5 Direnç: 96.24 (%0.3 üstte),-,-,38.13,10.82,-0.94,,,,
2026-07-13 09:49,CGW,65.6,🟢 Yükseliş Trendinde,⏳ BEKLE,-,-,🔴 Ayı Piyasası (EMA 50 En Altta),⚪ Yelpaze Açık,🟡Fiyat Orta-Üst Bant Aralığında,EMA5 Destek: 65.20 (%0.6 altta),-,-,58.75,33.9,0.51,,,,
2026-07-13 09:49,COPA,47.66,🔴 Düşüş Trendinde,⏳ BEKLE,-,-,⚠️ Yükseliş Trendinde Düzeltme (SSL Negatif),⚪ Yelpaze Açık,⚪Fiyat Alt_Orta Bant Aralığında,EMA5 Destek: 47.26 (%0.8 altta) | EMA100 Direnç: 48.08 (%0.9 üstte),-,-,45.62,29.83,-0.57,,,,
2026-07-13 09:49,COPX,76.54,🔴 Düşüş Trendinde,🔥 GÜÇLÜ AL (Taze Kırılım),-,-,⚠️ Yükseliş Trendinde Düzeltme (SSL Negatif),⚪ Yelpaze Açık,⚪Fiyat Alt_Orta Bant Aralığında,EMA5 Destek: 75.72 (%1.1 altta) | EMA21 Direnç: 78.73 (%2.9 üstte),-,-,44.45,32.24,-0.59,,,,
2026-07-13 09:49,EEM,66.9,🔴 Düşüş Trendinde,⏳ BEKLE,-,-,⚠️ Yükseliş Trendinde Düzeltme (SSL Negatif),🟠 Daralıyor,⚪Fiyat Alt_Orta Bant Aralığında,EMA5 Destek: 66.70 (%0.3 altta) | EMA21 Direnç: 67.19 (%0.4 üstte),52.58-53.31 (%20.3 altta),-,49.16,21.35,-0.61,,,,
2026-07-13 09:49,EWZ,35.93,🔥 AL (Taze Kırılım),🟢 AL (Trend Onaylı),-,-,"📉 Düşüş Hazırlığı (50<100 Kesti, 150 Bekleniyor)",🚨 BB SIKIŞMA,🚨Fiyat Bandın Üzerinde!,EMA55 Destek: 35.73 (%0.6 altta) | EMA100 Direnç: 35.93 (%0.0 üstte),-,-,59.14,89.49,0.72,,,,
2026-07-13 09:49,GC=F,4070.4,🔴 Düşüş Trendinde,🔴 SAT,-,-,🔴 Ayı Piyasası (EMA 50 En Altta),🟡 Normal Genişlik,⚪Fiyat Alt_Orta Bant Aralığında,EMA5 Direnç: 4096.06 (%0.6 üstte),-,-,40.61,87.33,0.43,,,,
2026-07-13 09:49,GLTR,184.81,🔴 Düşüş Trendinde,🟢 AL (Trend Onaylı),-,-,🔴 Ayı Piyasası (EMA 50 En Altta),🟡 Normal Genişlik,⚪Fiyat Alt_Orta Bant Aralığında,EMA5 Destek: 184.73 (%0.0 altta) | EMA21 Direnç: 189.39 (%2.5 üstte),-,-,40.97,79.15,0.02,,,,
2026-07-13 09:49,HG=F,6.22,🔴 Düşüş Trendinde,🟢 AL (Trend Onaylı),-,-,⚠️ Yükseliş Trendinde Düzeltme (SSL Negatif),⚪ Yelpaze Açık,⚪Fiyat Alt_Orta Bant Aralığında,EMA21 Destek: 6.21 (%0.2 altta),5.79-5.90 (%5.2 altta),-,50.22,95.04,0.62,,,,
2026-07-13 09:49,IBB,192.06,🟢 Yükseliş Trendinde,⏳ BEKLE,-,-,🟢 EMA Yükselişte (SSL Ok Bekleniyor),⚪ Yelpaze Açık,🟡Fiyat Orta-Üst Bant Aralığında,EMA21 Destek: 186.00 (%3.2 altta) | EMA5 Direnç: 194.47 (%1.3 üstte),-,-,64.11,57.31,0.91,,,,
2026-07-13 09:49,ICLN,19.25,🔴 Düşüş Trendinde,⏳ BEKLE,🚀 KUSURSUZ DÖNÜŞ (0 Altı + Hacim),-,⚠️ Yükseliş Trendinde Düzeltme (SSL Negatif),⚪ Yelpaze Açık,⚪Fiyat Alt_Orta Bant Aralığında,EMA200 Destek: 18.42 (%4.3 altta) | EMA5 Direnç: 19.41 (%0.8 üstte),17.38-18.05 (%6.2 altta),21.34-21.75 (%10.9 üstte),40.1,15.26,-0.82,,,,
2026-07-13 09:49,INDA,49.3,🟢 Yükseliş Trendinde,⏳ BEKLE,-,-,🔴 Ayı Piyasası (EMA 50 En Altta),🚨 BB SIKIŞMA,🟡Fiyat Orta-Üst Bant Aralığında,EMA5 Destek: 49.20 (%0.2 altta) | EMA100 Direnç: 49.48 (%0.4 üstte),47.28-47.85 (%2.9 altta),54.75-55.02 (%11.1 üstte),52.79,19.78,-0.42,,,,
2026-07-13 09:49,IWM,295.99,🟢 Yükseliş Trendinde,🔴 SAT,-,-,⚠️ Yükseliş Trendinde Düzeltme (SSL Negatif),🚨 BB SIKIŞMA,⚪Fiyat Alt_Orta Bant Aralığında,EMA21 Destek: 294.90 (%0.4 altta) | EMA5 Direnç: 296.44 (%0.2 üstte),238.69-245.37 (%17.1 altta),-,53.81,22.4,-0.31,,,,
2026-07-13 09:49,MARS,27.92,🔴 Düşüş Trendinde,🔴 SAT,-,-,-,-,⚪Fiyat Alt_Orta Bant Aralığında,EMA5 Direnç: 28.90 (%3.5 üstte),-,-,36.53,34.29,-0.19,,,,
2026-07-13 09:49,NASA,26.18,🔴 Düşüş Trendinde,🔴 SAT,-,-,-,-,⚪Fiyat Alt_Orta Bant Aralığında,EMA5 Direnç: 26.99 (%3.1 üstte),-,-,35.95,28.74,-0.39,,,,
2026-07-13 09:49,PA=F,1253.5,🔴 Düşüş Trendinde,🟢 AL (Trend Onaylı),-,-,🔴 Ayı Piyasası (EMA 50 En Altta),🟠 Daralıyor,🟡Fiyat Orta-Üst Bant Aralığında,EMA5 Destek: 1250.08 (%0.3 altta) | EMA21 Direnç: 1258.21 (%0.4 üstte),-,1774.50-1842.00 (%41.6 üstte),47.41,91.85,0.7,,,,
2026-07-13 09:49,PHO,69.04,🟢 Yükseliş Trendinde,🔴 SAT,-,-,🔴 Ayı Piyasası (EMA 50 En Altta),⚪ Yelpaze Açık,🟡Fiyat Orta-Üst Bant Aralığında,EMA5 Destek: 68.87 (%0.2 altta) | EMA200 Direnç: 69.75 (%1.0 üstte),-,72.60-73.56 (%5.2 üstte),56.61,30.86,0.56,,,,
2026-07-13 09:49,PL=F,1616.3,🔴 Düşüş Trendinde,🟢 AL (Trend Onaylı),-,-,🔴 Ayı Piyasası (EMA 50 En Altta),🟡 Normal Genişlik,⚪Fiyat Alt_Orta Bant Aralığında,EMA5 Destek: 1614.73 (%0.1 altta) | EMA21 Direnç: 1662.41 (%2.9 üstte),-,-,41.52,92.11,0.08,,,,
2026-07-13 09:49,QQQ,725.51,🔴 Düşüş Trendinde,⏳ BEKLE,-,-,⚠️ Yükseliş Trendinde Düzeltme (SSL Negatif),🟠 Daralıyor,🟡Fiyat Orta-Üst Bant Aralığında,EMA5 Destek: 720.51 (%0.7 altta),555.60-568.05 (%21.7 altta),-,52.83,36.96,-0.06,,,,
2026-07-13 09:49,SI=F,58.49,🔴 Düşüş Trendinde,🔴 SAT,-,-,"📉 Düşüş Hazırlığı (50<100 Kesti, 150 Bekleniyor)",⚪ Yelpaze Açık,⚪Fiyat Alt_Orta Bant Aralığında,EMA5 Direnç: 59.48 (%1.7 üstte),-,86.93-88.89 (%48.6 üstte),36.74,86.2,0.04,,,,
2026-07-13 09:49,SOXX,581.34,🟢 Yükseliş Trendinde,⏳ BEKLE,🟢 POTANSİYEL DİP (0 Altı - Hacimsiz),-,⚠️ Yükseliş Trendinde Düzeltme (SSL Negatif),🟡 Normal Genişlik,⚪Fiyat Alt_Orta Bant Aralığında,EMA5 Destek: 577.80 (%0.6 altta) | EMA21 Direnç: 585.17 (%0.7 üstte),307.26-327.63 (%43.6 altta),-,50.21,18.22,-0.71,,,,
2026-07-13 09:49,VNM,17.98,🟢 Yükseliş Trendinde,🔴 SAT,-,-,🟢 EMA Yükselişte (SSL Ok Bekleniyor),🚨 BB SIKIŞMA,⚪Fiyat Alt_Orta Bant Aralığında,EMA5 Direnç: 18.13 (%0.8 üstte),-,19.58-19.78 (%8.9 üstte),43.01,17.18,-0.57,,,,
2026-07-13 09:49,WQTM,34.76,🔴 Düşüş Trendinde,🔴 SAT,-,-,⚠️ Yükseliş Trendinde Düzeltme (SSL Negatif),🟡 Normal Genişlik,⚪Fiyat Alt_Orta Bant Aralığında,EMA100 Destek: 33.02 (%5.0 altta) | EMA55 Direnç: 34.95 (%0.5 üstte),23.18-24.30 (%30.1 altta),-,43.63,9.89,-0.81,,,,
2026-07-13 09:49,XBI,159.03,🟢 Yükseliş Trendinde,⏳ BEKLE,-,-,🟢 EMA Yükselişte (SSL Ok Bekleniyor),⚪ Yelpaze Açık,🟡Fiyat Orta-Üst Bant Aralığında,EMA21 Destek: 152.06 (%4.4 altta) | EMA5 Direnç: 161.10 (%1.3 üstte),-,-,65.51,60.05,0.91,,,,
2026-07-13 09:49,XLV,160.84,🟢 Yükseliş Trendinde,⏳ BEKLE,-,-,🟢 EMA Yükselişte (SSL Ok Bekleniyor),⚪ Yelpaze Açık,🟡Fiyat Orta-Üst Bant Aralığında,EMA21 Destek: 157.70 (%2.0 altta) | EMA5 Direnç: 161.69 (%0.5 üstte),145.31-147.27 (%8.4 altta),-,60.19,59.6,0.84,,,,
2026-07-13 09:49,XU100.IS,14321.2,🟢 Yükseliş Trendinde,🔴 SAT,-,-,⚠️ Yükseliş Trendinde Düzeltme (SSL Negatif),🚨 BB SIKIŞMA,⚪Fiyat Alt_Orta Bant Aralığında,EMA21 Destek: 14295.57 (%0.2 altta),10440.40-10607.40 (%25.9 altta),-,51.17,17.93,-0.15,,,,
2026-07-13 10:28,AIQ,63.44,🔴 Düşüş Trendinde,⏳ BEKLE,-,-,⚠️ Yükseliş Trendinde Düzeltme (SSL Negatif),🟠 Daralıyor,⚪Fiyat Alt_Orta Bant Aralığında,EMA5 Destek: 63.29 (%0.2 altta) | EMA21 Direnç: 63.72 (%0.4 üstte),44.46-45.83 (%27.8 altta),-,49.64,30.59,-0.48,,,,
2026-07-13 10:28,ALUM.L,4.19,🔴 Düşüş Trendinde,🟢 AL (Trend Onaylı),-,-,⚪ Karışık / Testere Piyasası,⚪ Yelpaze Açık,⚪Fiyat Alt_Orta Bant Aralığında,EMA200 Destek: 4.16 (%0.9 altta) | EMA5 Direnç: 4.21 (%0.3 üstte),3.64-3.71 (%11.6 altta),-,37.04,82.02,0.18,,,,
2026-07-13 10:28,BZ=F,78.85,🔴 Düşüş Trendinde,🟢 AL (Trend Onaylı),-,-,"📉 Düşüş Hazırlığı (50<100 Kesti, 150 Bekleniyor)",🟡 Normal Genişlik,🟡Fiyat Orta-Üst Bant Aralığında,EMA5 Destek: 76.61 (%2.8 altta) | EMA21 Direnç: 78.91 (%0.1 üstte),59.45-60.91 (%22.8 altta),106.87-112.69 (%35.5 üstte),46.01,89.37,0.38,,,,
2026-07-13 10:28,CCJ,95.99,🔴 Düşüş Trendinde,⏳ BEKLE,-,-,"📉 Düşüş Hazırlığı (50<100 Kesti, 150 Bekleniyor)",🟡 Normal Genişlik,⚪Fiyat Alt_Orta Bant Aralığında,EMA5 Direnç: 96.24 (%0.3 üstte),-,-,38.13,10.82,-0.94,,,,
2026-07-13 10:28,CGW,65.6,🟢 Yükseliş Trendinde,⏳ BEKLE,-,-,🔴 Ayı Piyasası (EMA 50 En Altta),⚪ Yelpaze Açık,🟡Fiyat Orta-Üst Bant Aralığında,EMA5 Destek: 65.20 (%0.6 altta),-,-,58.75,33.9,0.51,,,,
2026-07-13 10:28,COPA,47.66,🔴 Düşüş Trendinde,⏳ BEKLE,-,-,⚠️ Yükseliş Trendinde Düzeltme (SSL Negatif),⚪ Yelpaze Açık,⚪Fiyat Alt_Orta Bant Aralığında,EMA5 Destek: 47.26 (%0.8 altta) | EMA100 Direnç: 48.08 (%0.9 üstte),-,-,45.62,29.83,-0.57,,,,
2026-07-13 10:28,COPX,76.54,🔴 Düşüş Trendinde,🔥 GÜÇLÜ AL (Taze Kırılım),-,-,⚠️ Yükseliş Trendinde Düzeltme (SSL Negatif),⚪ Yelpaze Açık,⚪Fiyat Alt_Orta Bant Aralığında,EMA5 Destek: 75.72 (%1.1 altta) | EMA21 Direnç: 78.73 (%2.9 üstte),-,-,44.45,32.24,-0.59,,,,
2026-07-13 10:28,EEM,66.9,🔴 Düşüş Trendinde,⏳ BEKLE,-,-,⚠️ Yükseliş Trendinde Düzeltme (SSL Negatif),🟠 Daralıyor,⚪Fiyat Alt_Orta Bant Aralığında,EMA5 Destek: 66.70 (%0.3 altta) | EMA21 Direnç: 67.19 (%0.4 üstte),52.58-53.31 (%20.3 altta),-,49.16,21.35,-0.61,,,,
2026-07-13 10:28,EWZ,35.93,🔥 AL (Taze Kırılım),🟢 AL (Trend Onaylı),-,-,"📉 Düşüş Hazırlığı (50<100 Kesti, 150 Bekleniyor)",🚨 BB SIKIŞMA,🚨Fiyat Bandın Üzerinde!,EMA55 Destek: 35.73 (%0.6 altta) | EMA100 Direnç: 35.93 (%0.0 üstte),-,-,59.14,89.49,0.72,,,,
2026-07-13 10:28,GC=F,4064.7,🔴 Düşüş Trendinde,🔴 SAT,-,-,🔴 Ayı Piyasası (EMA 50 En Altta),🟡 Normal Genişlik,⚪Fiyat Alt_Orta Bant Aralığında,EMA5 Direnç: 4094.16 (%0.7 üstte),-,-,40.28,86.62,0.41,,,,
2026-07-13 10:28,GLTR,184.81,🔴 Düşüş Trendinde,🟢 AL (Trend Onaylı),-,-,🔴 Ayı Piyasası (EMA 50 En Altta),🟡 Normal Genişlik,⚪Fiyat Alt_Orta Bant Aralığında,EMA5 Destek: 184.73 (%0.0 altta) | EMA21 Direnç: 189.39 (%2.5 üstte),-,-,40.97,79.15,0.02,,,,
2026-07-13 10:28,HG=F,6.23,🔴 Düşüş Trendinde,🟢 AL (Trend Onaylı),-,-,🟢 EMA Yükselişte (SSL Ok Bekleniyor),⚪ Yelpaze Açık,🟡Fiyat Orta-Üst Bant Aralığında,EMA21 Destek: 6.21 (%0.3 altta),5.79-5.90 (%5.3 altta),-,50.7,96.07,0.62,,,,
2026-07-13 10:28,IBB,192.06,🟢 Yükseliş Trendinde,⏳ BEKLE,-,-,🟢 EMA Yükselişte (SSL Ok Bekleniyor),⚪ Yelpaze Açık,🟡Fiyat Orta-Üst Bant Aralığında,EMA21 Destek: 186.00 (%3.2 altta) | EMA5 Direnç: 194.47 (%1.3 üstte),-,-,64.11,57.31,0.91,,,,
2026-07-13 10:28,ICLN,19.25,🔴 Düşüş Trendinde,⏳ BEKLE,🚀 KUSURSUZ DÖNÜŞ (0 Altı + Hacim),-,⚠️ Yükseliş Trendinde Düzeltme (SSL Negatif),⚪ Yelpaze Açık,⚪Fiyat Alt_Orta Bant Aralığında,EMA200 Destek: 18.42 (%4.3 altta) | EMA5 Direnç: 19.41 (%0.8 üstte),17.38-18.05 (%6.2 altta),21.34-21.75 (%10.9 üstte),40.1,15.26,-0.82,,,,
2026-07-13 10:28,INDA,49.3,🟢 Yükseliş Trendinde,⏳ BEKLE,-,-,🔴 Ayı Piyasası (EMA 50 En Altta),🚨 BB SIKIŞMA,🟡Fiyat Orta-Üst Bant Aralığında,EMA5 Destek: 49.20 (%0.2 altta) | EMA100 Direnç: 49.48 (%0.4 üstte),47.28-47.85 (%2.9 altta),54.75-55.02 (%11.1 üstte),52.79,19.78,-0.42,,,,
2026-07-13 10:28,IWM,295.99,🟢 Yükseliş Trendinde,🔴 SAT,-,-,⚠️ Yükseliş Trendinde Düzeltme (SSL Negatif),🚨 BB SIKIŞMA,⚪Fiyat Alt_Orta Bant Aralığında,EMA21 Destek: 294.90 (%0.4 altta) | EMA5 Direnç: 296.44 (%0.2 üstte),238.69-245.37 (%17.1 altta),-,53.81,22.4,-0.31,,,,
2026-07-13 10:28,MARS,27.92,🔴 Düşüş Trendinde,🔴 SAT,-,-,-,-,⚪Fiyat Alt_Orta Bant Aralığında,EMA5 Direnç: 28.90 (%3.5 üstte),-,-,36.53,34.29,-0.19,,,,
2026-07-13 10:28,NASA,26.18,🔴 Düşüş Trendinde,🔴 SAT,-,-,-,-,⚪Fiyat Alt_Orta Bant Aralığında,EMA5 Direnç: 26.99 (%3.1 üstte),-,-,35.95,28.74,-0.39,,,,
2026-07-13 10:28,PA=F,1260.0,🔴 Düşüş Trendinde,🟢 AL (Trend Onaylı),-,-,🔴 Ayı Piyasası (EMA 50 En Altta),🟠 Daralıyor,🟡Fiyat Orta-Üst Bant Aralığında,EMA21 Destek: 1258.80 (%0.1 altta) | EMA55 Direnç: 1337.82 (%6.2 üstte),-,1774.50-1842.00 (%40.8 üstte),48.26,93.43,0.71,,,,
2026-07-13 10:28,PHO,69.04,🟢 Yükseliş Trendinde,🔴 SAT,-,-,🔴 Ayı Piyasası (EMA 50 En Altta),⚪ Yelpaze Açık,🟡Fiyat Orta-Üst Bant Aralığında,EMA5 Destek: 68.87 (%0.2 altta) | EMA200 Direnç: 69.75 (%1.0 üstte),-,72.60-73.56 (%5.2 üstte),56.61,30.86,0.56,,,,
2026-07-13 10:28,PL=F,1622.9,🔴 Düşüş Trendinde,🟢 AL (Trend Onaylı),-,-,🔴 Ayı Piyasası (EMA 50 En Altta),🟡 Normal Genişlik,⚪Fiyat Alt_Orta Bant Aralığında,EMA5 Destek: 1616.93 (%0.4 altta) | EMA21 Direnç: 1663.01 (%2.5 üstte),-,-,42.28,93.92,0.1,,,,
2026-07-13 10:28,QQQ,725.51,🔴 Düşüş Trendinde,⏳ BEKLE,-,-,⚠️ Yükseliş Trendinde Düzeltme (SSL Negatif),🟠 Daralıyor,🟡Fiyat Orta-Üst Bant Aralığında,EMA5 Destek: 720.51 (%0.7 altta),555.60-568.05 (%21.7 altta),-,52.83,36.96,-0.06,,,,
2026-07-13 10:28,SI=F,58.58,🔴 Düşüş Trendinde,🔴 SAT,-,-,"📉 Düşüş Hazırlığı (50<100 Kesti, 150 Bekleniyor)",⚪ Yelpaze Açık,⚪Fiyat Alt_Orta Bant Aralığında,EMA5 Direnç: 59.52 (%1.6 üstte),-,86.93-88.89 (%48.4 üstte),36.9,86.62,0.05,,,,
2026-07-13 10:28,SOXX,581.34,🟢 Yükseliş Trendinde,⏳ BEKLE,🟢 POTANSİYEL DİP (0 Altı - Hacimsiz),-,⚠️ Yükseliş Trendinde Düzeltme (SSL Negatif),🟡 Normal Genişlik,⚪Fiyat Alt_Orta Bant Aralığında,EMA5 Destek: 577.80 (%0.6 altta) | EMA21 Direnç: 585.17 (%0.7 üstte),307.26-327.63 (%43.6 altta),-,50.21,18.22,-0.71,,,,
2026-07-13 10:28,VNM,17.98,🟢 Yükseliş Trendinde,🔴 SAT,-,-,🟢 EMA Yükselişte (SSL Ok Bekleniyor),🚨 BB SIKIŞMA,⚪Fiyat Alt_Orta Bant Aralığında,EMA5 Direnç: 18.13 (%0.8 üstte),-,19.58-19.78 (%8.9 üstte),43.01,17.18,-0.57,,,,
2026-07-13 10:28,WQTM,34.76,🔴 Düşüş Trendinde,🔴 SAT,-,-,⚠️ Yükseliş Trendinde Düzeltme (SSL Negatif),🟡 Normal Genişlik,⚪Fiyat Alt_Orta Bant Aralığında,EMA100 Destek: 33.02 (%5.0 altta) | EMA55 Direnç: 34.95 (%0.5 üstte),23.18-24.30 (%30.1 altta),-,43.63,9.89,-0.81,,,,
2026-07-13 10:28,XBI,159.03,🟢 Yükseliş Trendinde,⏳ BEKLE,-,-,🟢 EMA Yükselişte (SSL Ok Bekleniyor),⚪ Yelpaze Açık,🟡Fiyat Orta-Üst Bant Aralığında,EMA21 Destek: 152.06 (%4.4 altta) | EMA5 Direnç: 161.10 (%1.3 üstte),-,-,65.51,60.05,0.91,,,,
2026-07-13 10:28,XLV,160.84,🟢 Yükseliş Trendinde,⏳ BEKLE,-,-,🟢 EMA Yükselişte (SSL Ok Bekleniyor),⚪ Yelpaze Açık,🟡Fiyat Orta-Üst Bant Aralığında,EMA21 Destek: 157.70 (%2.0 altta) | EMA5 Direnç: 161.69 (%0.5 üstte),145.31-147.27 (%8.4 altta),-,60.19,59.6,0.84,,,,
2026-07-13 10:28,XU100.IS,14180.34,🟢 Yükseliş Trendinde,🔴 SAT,-,-,⚠️ Yükseliş Trendinde Düzeltme (SSL Negatif),🚨 BB SIKIŞMA,⚪Fiyat Alt_Orta Bant Aralığında,EMA55 Destek: 14137.59 (%0.3 altta) | EMA5 Direnç: 14249.33 (%0.5 üstte),10440.40-10607.40 (%25.2 altta),-,47.61,24.54,-0.05,,,,
2026-07-13 13:37,AIQ,63.44,🔴 Düşüş Trendinde,⏳ BEKLE,-,-,⚠️ Yükseliş Trendinde Düzeltme (SSL Negatif),🟠 Daralıyor,⚪Fiyat Alt_Orta Bant Aralığında,EMA5 Destek: 63.29 (%0.2 altta) | EMA21 Direnç: 63.72 (%0.4 üstte),44.46-45.83 (%27.8 altta),-,49.64,30.59,-0.48,,,,
2026-07-13 13:37,ALUM.L,4.21,🔴 Düşüş Trendinde,🟢 AL (Trend Onaylı),-,-,🟢 EMA Yükselişte (SSL Ok Bekleniyor),⚪ Yelpaze Açık,⚪Fiyat Alt_Orta Bant Aralığında,EMA200 Destek: 4.16 (%1.3 altta) | EMA5 Direnç: 4.21 (%0.1 üstte),3.64-3.71 (%11.9 altta),-,37.92,83.62,0.22,,,,
2026-07-13 13:37,BZ=F,78.36,🔴 Düşüş Trendinde,🟢 AL (Trend Onaylı),-,-,"📉 Düşüş Hazırlığı (50<100 Kesti, 150 Bekleniyor)",🟡 Normal Genişlik,🟡Fiyat Orta-Üst Bant Aralığında,EMA5 Destek: 76.45 (%2.4 altta) | EMA21 Direnç: 78.87 (%0.6 üstte),59.45-60.91 (%22.3 altta),106.87-112.69 (%36.4 üstte),45.03,89.37,0.37,,,,
2026-07-13 13:37,CCJ,95.99,🔴 Düşüş Trendinde,⏳ BEKLE,-,-,"📉 Düşüş Hazırlığı (50<100 Kesti, 150 Bekleniyor)",🟡 Normal Genişlik,⚪Fiyat Alt_Orta Bant Aralığında,EMA5 Direnç: 96.24 (%0.3 üstte),-,-,38.13,10.82,-0.94,,,,
2026-07-13 13:37,CGW,65.6,🟢 Yükseliş Trendinde,⏳ BEKLE,-,-,🔴 Ayı Piyasası (EMA 50 En Altta),⚪ Yelpaze Açık,🟡Fiyat Orta-Üst Bant Aralığında,EMA5 Destek: 65.20 (%0.6 altta),-,-,58.75,33.9,0.51,,,,
2026-07-13 13:37,COPA,47.66,🔴 Düşüş Trendinde,⏳ BEKLE,-,-,⚠️ Yükseliş Trendinde Düzeltme (SSL Negatif),⚪ Yelpaze Açık,⚪Fiyat Alt_Orta Bant Aralığında,EMA5 Destek: 47.26 (%0.8 altta) | EMA100 Direnç: 48.08 (%0.9 üstte),-,-,45.62,29.83,-0.57,,,,
2026-07-13 13:37,COPX,76.54,🔴 Düşüş Trendinde,🔥 GÜÇLÜ AL (Taze Kırılım),-,-,⚠️ Yükseliş Trendinde Düzeltme (SSL Negatif),⚪ Yelpaze Açık,⚪Fiyat Alt_Orta Bant Aralığında,EMA5 Destek: 75.72 (%1.1 altta) | EMA21 Direnç: 78.73 (%2.9 üstte),-,-,44.45,32.24,-0.59,,,,
2026-07-13 13:37,EEM,66.9,🔴 Düşüş Trendinde,⏳ BEKLE,-,-,⚠️ Yükseliş Trendinde Düzeltme (SSL Negatif),🟠 Daralıyor,⚪Fiyat Alt_Orta Bant Aralığında,EMA5 Destek: 66.70 (%0.3 altta) | EMA21 Direnç: 67.19 (%0.4 üstte),52.58-53.31 (%20.3 altta),-,49.16,21.35,-0.61,,,,
2026-07-13 13:37,EWZ,35.93,🔥 AL (Taze Kırılım),🟢 AL (Trend Onaylı),-,-,"📉 Düşüş Hazırlığı (50<100 Kesti, 150 Bekleniyor)",🚨 BB SIKIŞMA,🚨Fiyat Bandın Üzerinde!,EMA55 Destek: 35.73 (%0.6 altta) | EMA100 Direnç: 35.93 (%0.0 üstte),-,-,59.14,89.49,0.72,,,,
2026-07-13 13:37,GC=F,4073.3,🔴 Düşüş Trendinde,🔴 SAT,-,-,🔴 Ayı Piyasası (EMA 50 En Altta),🟡 Normal Genişlik,⚪Fiyat Alt_Orta Bant Aralığında,EMA5 Direnç: 4097.03 (%0.6 üstte),-,-,40.77,87.7,0.44,,,,
2026-07-13 13:37,GLTR,184.81,🔴 Düşüş Trendinde,🟢 AL (Trend Onaylı),-,-,🔴 Ayı Piyasası (EMA 50 En Altta),🟡 Normal Genişlik,⚪Fiyat Alt_Orta Bant Aralığında,EMA5 Destek: 184.73 (%0.0 altta) | EMA21 Direnç: 189.39 (%2.5 üstte),-,-,40.97,79.15,0.02,,,,
2026-07-13 13:37,HG=F,6.26,🔴 Düşüş Trendinde,🟢 AL (Trend Onaylı),-,-,🟢 EMA Yükselişte (SSL Ok Bekleniyor),⚪ Yelpaze Açık,🟡Fiyat Orta-Üst Bant Aralığında,EMA21 Destek: 6.21 (%0.8 altta),5.79-5.90 (%5.8 altta),-,52.14,96.34,0.65,,,,
2026-07-13 13:37,IBB,192.06,🟢 Yükseliş Trendinde,⏳ BEKLE,-,-,🟢 EMA Yükselişte (SSL Ok Bekleniyor),⚪ Yelpaze Açık,🟡Fiyat Orta-Üst Bant Aralığında,EMA21 Destek: 186.00 (%3.2 altta) | EMA5 Direnç: 194.47 (%1.3 üstte),-,-,64.11,57.31,0.91,,,,
2026-07-13 13:37,ICLN,19.25,🔴 Düşüş Trendinde,⏳ BEKLE,🚀 KUSURSUZ DÖNÜŞ (0 Altı + Hacim),-,⚠️ Yükseliş Trendinde Düzeltme (SSL Negatif),⚪ Yelpaze Açık,⚪Fiyat Alt_Orta Bant Aralığında,EMA200 Destek: 18.42 (%4.3 altta) | EMA5 Direnç: 19.41 (%0.8 üstte),17.38-18.05 (%6.2 altta),21.34-21.75 (%10.9 üstte),40.1,15.26,-0.82,,,,
2026-07-13 13:37,INDA,49.3,🟢 Yükseliş Trendinde,⏳ BEKLE,-,-,🔴 Ayı Piyasası (EMA 50 En Altta),🚨 BB SIKIŞMA,🟡Fiyat Orta-Üst Bant Aralığında,EMA5 Destek: 49.20 (%0.2 altta) | EMA100 Direnç: 49.48 (%0.4 üstte),47.28-47.85 (%2.9 altta),54.75-55.02 (%11.1 üstte),52.79,19.78,-0.42,,,,
2026-07-13 13:37,IWM,295.99,🟢 Yükseliş Trendinde,🔴 SAT,-,-,⚠️ Yükseliş Trendinde Düzeltme (SSL Negatif),🚨 BB SIKIŞMA,⚪Fiyat Alt_Orta Bant Aralığında,EMA21 Destek: 294.90 (%0.4 altta) | EMA5 Direnç: 296.44 (%0.2 üstte),238.69-245.37 (%17.1 altta),-,53.81,22.4,-0.31,,,,
2026-07-13 13:37,MARS,27.92,🔴 Düşüş Trendinde,🔴 SAT,-,-,-,-,⚪Fiyat Alt_Orta Bant Aralığında,EMA5 Direnç: 28.90 (%3.5 üstte),-,-,36.53,34.29,-0.19,,,,
2026-07-13 13:37,NASA,26.18,🔴 Düşüş Trendinde,🔴 SAT,-,-,-,-,⚪Fiyat Alt_Orta Bant Aralığında,EMA5 Direnç: 26.99 (%3.1 üstte),-,-,35.95,28.74,-0.39,,,,
2026-07-13 13:37,PA=F,1270.0,🔴 Düşüş Trendinde,🟢 AL (Trend Onaylı),-,-,🔴 Ayı Piyasası (EMA 50 En Altta),🟠 Daralıyor,🟡Fiyat Orta-Üst Bant Aralığında,EMA21 Destek: 1259.71 (%0.8 altta) | EMA55 Direnç: 1338.17 (%5.4 üstte),-,1774.50-1842.00 (%39.7 üstte),49.64,95.02,0.73,,,,
2026-07-13 13:37,PHO,69.04,🟢 Yükseliş Trendinde,🔴 SAT,-,-,🔴 Ayı Piyasası (EMA 50 En Altta),⚪ Yelpaze Açık,🟡Fiyat Orta-Üst Bant Aralığında,EMA5 Destek: 68.87 (%0.2 altta) | EMA200 Direnç: 69.75 (%1.0 üstte),-,72.60-73.56 (%5.2 üstte),56.61,30.86,0.56,,,,
2026-07-13 13:37,PL=F,1631.2,🔴 Düşüş Trendinde,🟢 AL (Trend Onaylı),-,-,🔴 Ayı Piyasası (EMA 50 En Altta),🟡 Normal Genişlik,⚪Fiyat Alt_Orta Bant Aralığında,EMA5 Destek: 1619.70 (%0.7 altta) | EMA21 Direnç: 1663.77 (%2.0 üstte),-,-,43.28,95.04,0.13,,,,
2026-07-13 13:37,QQQ,725.51,🔴 Düşüş Trendinde,⏳ BEKLE,-,-,⚠️ Yükseliş Trendinde Düzeltme (SSL Negatif),🟠 Daralıyor,🟡Fiyat Orta-Üst Bant Aralığında,EMA5 Destek: 720.51 (%0.7 altta),555.60-568.05 (%21.7 altta),-,52.83,36.96,-0.06,,,,
2026-07-13 13:37,SI=F,58.78,🔴 Düşüş Trendinde,🔴 SAT,-,-,"📉 Düşüş Hazırlığı (50<100 Kesti, 150 Bekleniyor)",⚪ Yelpaze Açık,⚪Fiyat Alt_Orta Bant Aralığında,EMA5 Direnç: 59.58 (%1.4 üstte),-,86.93-88.89 (%47.9 üstte),37.23,87.49,0.07,,,,
2026-07-13 13:37,SOXX,581.34,🟢 Yükseliş Trendinde,⏳ BEKLE,🟢 POTANSİYEL DİP (0 Altı - Hacimsiz),-,⚠️ Yükseliş Trendinde Düzeltme (SSL Negatif),🟡 Normal Genişlik,⚪Fiyat Alt_Orta Bant Aralığında,EMA5 Destek: 577.80 (%0.6 altta) | EMA21 Direnç: 585.17 (%0.7 üstte),307.26-327.63 (%43.6 altta),-,50.21,18.22,-0.71,,,,
2026-07-13 13:37,VNM,17.98,🟢 Yükseliş Trendinde,🔴 SAT,-,-,🟢 EMA Yükselişte (SSL Ok Bekleniyor),🚨 BB SIKIŞMA,⚪Fiyat Alt_Orta Bant Aralığında,EMA5 Direnç: 18.13 (%0.8 üstte),-,19.58-19.78 (%8.9 üstte),43.01,17.18,-0.57,,,,
2026-07-13 13:37,WQTM,34.76,🔴 Düşüş Trendinde,🔴 SAT,-,-,⚠️ Yükseliş Trendinde Düzeltme (SSL Negatif),🟡 Normal Genişlik,⚪Fiyat Alt_Orta Bant Aralığında,EMA100 Destek: 33.02 (%5.0 altta) | EMA55 Direnç: 34.95 (%0.5 üstte),23.18-24.30 (%30.1 altta),-,43.63,9.89,-0.81,,,,
2026-07-13 13:37,XBI,159.03,🟢 Yükseliş Trendinde,⏳ BEKLE,-,-,🟢 EMA Yükselişte (SSL Ok Bekleniyor),⚪ Yelpaze Açık,🟡Fiyat Orta-Üst Bant Aralığında,EMA21 Destek: 152.06 (%4.4 altta) | EMA5 Direnç: 161.10 (%1.3 üstte),-,-,65.51,60.05,0.91,,,,
2026-07-13 13:37,XLV,160.84,🟢 Yükseliş Trendinde,⏳ BEKLE,-,-,🟢 EMA Yükselişte (SSL Ok Bekleniyor),⚪ Yelpaze Açık,🟡Fiyat Orta-Üst Bant Aralığında,EMA21 Destek: 157.70 (%2.0 altta) | EMA5 Direnç: 161.69 (%0.5 üstte),145.31-147.27 (%8.4 altta),-,60.19,59.6,0.84,,,,
2026-07-13 13:37,XU100.IS,14065.81,🟢 Yükseliş Trendinde,🔴 SAT,-,-,⚠️ Yükseliş Trendinde Düzeltme (SSL Negatif),🚨 BB SIKIŞMA,⚪Fiyat Alt_Orta Bant Aralığında,EMA100 Destek: 13791.57 (%1.9 altta) | EMA55 Direnç: 14133.50 (%0.5 üstte),10440.40-10607.40 (%24.6 altta),-,45.06,17.46,-0.15,,,,
2026-07-13 16:32,AIQ,61.86,🔴 Düşüş Trendinde,🔴 SAT,🔴 ZAYIFLAMA (Zaten Dipte),-,⚠️ Yükseliş Trendinde Düzeltme (SSL Negatif),🟠 Daralıyor,⚪Fiyat Alt_Orta Bant Aralığında,EMA55 Destek: 61.64 (%0.3 altta) | EMA5 Direnç: 62.81 (%1.5 üstte),44.46-45.83 (%25.9 altta),-,45.51,26.84,-0.39,,,,
2026-07-13 16:32,ALUM.L,4.22,🔴 Düşüş Trendinde,🟢 AL (Trend Onaylı),-,-,🟢 EMA Yükselişte (SSL Ok Bekleniyor),⚪ Yelpaze Açık,⚪Fiyat Alt_Orta Bant Aralığında,EMA5 Destek: 4.22 (%0.1 altta) | EMA21 Direnç: 4.31 (%2.3 üstte),3.64-3.71 (%12.1 altta),-,38.73,85.11,0.24,,,,
2026-07-13 16:32,BZ=F,78.36,🔴 Düşüş Trendinde,🟢 AL (Trend Onaylı),-,-,"📉 Düşüş Hazırlığı (50<100 Kesti, 150 Bekleniyor)",🟡 Normal Genişlik,🟡Fiyat Orta-Üst Bant Aralığında,EMA5 Destek: 76.45 (%2.4 altta) | EMA21 Direnç: 78.87 (%0.6 üstte),59.45-60.91 (%22.3 altta),106.87-112.69 (%36.4 üstte),45.03,89.37,0.37,,,,
2026-07-13 16:32,CCJ,94.05,🔴 Düşüş Trendinde,⏳ BEKLE,-,-,"📉 Düşüş Hazırlığı (50<100 Kesti, 150 Bekleniyor)",⚪ Yelpaze Açık,⚪Fiyat Alt_Orta Bant Aralığında,EMA5 Direnç: 95.51 (%1.6 üstte),-,-,35.58,10.98,-0.94,,,,
2026-07-13 16:32,CGW,65.6,🟢 Yükseliş Trendinde,⏳ BEKLE,-,-,🔴 Ayı Piyasası (EMA 50 En Altta),⚪ Yelpaze Açık,🟡Fiyat Orta-Üst Bant Aralığında,EMA5 Destek: 65.20 (%0.6 altta),-,-,58.75,33.9,0.51,,,,
2026-07-13 16:32,COPA,47.66,🔴 Düşüş Trendinde,⏳ BEKLE,-,-,⚠️ Yükseliş Trendinde Düzeltme (SSL Negatif),⚪ Yelpaze Açık,⚪Fiyat Alt_Orta Bant Aralığında,EMA5 Destek: 47.26 (%0.8 altta) | EMA100 Direnç: 48.08 (%0.9 üstte),-,-,45.62,29.83,-0.57,,,,
2026-07-13 16:32,COPX,75.98,🔴 Düşüş Trendinde,⏳ BEKLE,-,-,⚠️ Yükseliş Trendinde Düzeltme (SSL Negatif),⚪ Yelpaze Açık,⚪Fiyat Alt_Orta Bant Aralığında,EMA5 Destek: 75.81 (%0.2 altta) | EMA21 Direnç: 78.48 (%3.3 üstte),-,-,43.55,59.12,-0.4,,,,
2026-07-13 16:32,EEM,65.17,🔴 Düşüş Trendinde,🔴 SAT,🔴 ZAYIFLAMA (Zaten Dipte),-,⚠️ Yükseliş Trendinde Düzeltme (SSL Negatif),🟠 Daralıyor,⚪Fiyat Alt_Orta Bant Aralığında,EMA100 Destek: 63.97 (%1.8 altta) | EMA55 Direnç: 66.02 (%1.3 üstte),52.58-53.31 (%18.2 altta),-,43.66,16.72,-0.59,,,,
2026-07-13 16:32,EWZ,35.85,🟢 Yükseliş Trendinde,🟢 AL (Trend Onaylı),-,-,"📉 Düşüş Hazırlığı (50<100 Kesti, 150 Bekleniyor)",🚨 BB SIKIŞMA,🚨Fiyat Bandın Üzerinde!,EMA55 Destek: 35.74 (%0.3 altta) | EMA100 Direnç: 35.93 (%0.2 üstte),-,-,58.25,98.68,0.8,,,,
2026-07-13 16:32,GC=F,4069.6,🔴 Düşüş Trendinde,🔴 SAT,-,-,🔴 Ayı Piyasası (EMA 50 En Altta),🟡 Normal Genişlik,⚪Fiyat Alt_Orta Bant Aralığında,EMA5 Direnç: 4095.79 (%0.6 üstte),-,-,40.56,87.23,0.43,,,,
2026-07-13 16:32,GLTR,184.81,🔴 Düşüş Trendinde,🟢 AL (Trend Onaylı),-,-,🔴 Ayı Piyasası (EMA 50 En Altta),🟡 Normal Genişlik,⚪Fiyat Alt_Orta Bant Aralığında,EMA5 Destek: 184.73 (%0.0 altta) | EMA21 Direnç: 189.39 (%2.5 üstte),-,-,40.97,79.15,0.02,,,,
2026-07-13 16:32,HG=F,6.33,🔴 Düşüş Trendinde,🟢 AL (Trend Onaylı),-,-,🟢 EMA Yükselişte (SSL Ok Bekleniyor),⚪ Yelpaze Açık,🟡Fiyat Orta-Üst Bant Aralığında,EMA5 Destek: 6.23 (%1.6 altta),5.79-5.90 (%6.8 altta),-,54.88,96.34,0.67,,,,
2026-07-13 16:32,IBB,189.49,🟢 Yükseliş Trendinde,🔴 SAT,-,-,🟢 EMA Yükselişte (SSL Ok Bekleniyor),⚪ Yelpaze Açık,🟡Fiyat Orta-Üst Bant Aralığında,EMA21 Destek: 186.32 (%1.7 altta) | EMA5 Direnç: 192.81 (%1.8 üstte),-,-,58.98,31.01,0.77,,,,
2026-07-13 16:32,ICLN,19.0,🔴 Düşüş Trendinde,🔴 SAT,🔴 ZAYIFLAMA (Zaten Dipte),-,⚠️ Yükseliş Trendinde Düzeltme (SSL Negatif),⚪ Yelpaze Açık,⚪Fiyat Alt_Orta Bant Aralığında,EMA200 Destek: 18.43 (%3.0 altta) | EMA5 Direnç: 19.27 (%1.4 üstte),17.38-18.05 (%5.0 altta),21.34-21.75 (%12.3 üstte),38.4,17.91,-0.83,,,,
2026-07-13 16:32,INDA,49.15,🟢 Yükseliş Trendinde,⏳ BEKLE,🟢 POTANSİYEL DİP (0 Altı - Hacimsiz),-,🔴 Ayı Piyasası (EMA 50 En Altta),🚨 BB SIKIŞMA,⚪Fiyat Alt_Orta Bant Aralığında,EMA21 Destek: 49.09 (%0.1 altta) | EMA5 Direnç: 49.18 (%0.1 üstte),47.28-47.85 (%2.6 altta),54.75-55.02 (%11.4 üstte),51.25,31.77,-0.31,,,,
2026-07-13 16:32,IWM,295.36,🟢 Yükseliş Trendinde,🔴 SAT,-,-,⚠️ Yükseliş Trendinde Düzeltme (SSL Negatif),🚨 BB SIKIŞMA,⚪Fiyat Alt_Orta Bant Aralığında,EMA21 Destek: 294.94 (%0.1 altta) | EMA5 Direnç: 296.08 (%0.2 üstte),238.69-245.37 (%16.9 altta),-,52.77,28.1,-0.39,,,,
2026-07-13 16:32,MARS,27.92,🔴 Düşüş Trendinde,🔴 SAT,-,-,-,-,⚪Fiyat Alt_Orta Bant Aralığında,EMA5 Direnç: 28.90 (%3.5 üstte),-,-,36.53,34.29,-0.19,,,,
2026-07-13 16:32,NASA,25.75,🔴 Düşüş Trendinde,🔴 SAT,-,-,-,-,⚪Fiyat Alt_Orta Bant Aralığında,EMA5 Direnç: 26.58 (%3.2 üstte),-,-,34.82,23.68,-0.4,,,,
2026-07-13 16:32,PA=F,1268.5,🔴 Düşüş Trendinde,🟢 AL (Trend Onaylı),-,-,🔴 Ayı Piyasası (EMA 50 En Altta),🟠 Daralıyor,🟡Fiyat Orta-Üst Bant Aralığında,EMA21 Destek: 1259.57 (%0.7 altta) | EMA55 Direnç: 1338.12 (%5.5 üstte),-,1774.50-1842.00 (%39.9 üstte),49.43,95.02,0.73,,,,
2026-07-13 16:32,PHO,69.1,🟢 Yükseliş Trendinde,🔴 SAT,-,-,🔴 Ayı Piyasası (EMA 50 En Altta),⚪ Yelpaze Açık,🟡Fiyat Orta-Üst Bant Aralığında,EMA5 Destek: 68.95 (%0.2 altta) | EMA200 Direnç: 69.75 (%0.9 üstte),-,72.60-73.56 (%5.1 üstte),56.95,43.65,0.42,,,,
2026-07-13 16:32,PL=F,1632.6,🔴 Düşüş Trendinde,🟢 AL (Trend Onaylı),-,-,🔴 Ayı Piyasası (EMA 50 En Altta),🟡 Normal Genişlik,⚪Fiyat Alt_Orta Bant Aralığında,EMA5 Destek: 1620.17 (%0.8 altta) | EMA21 Direnç: 1663.89 (%1.9 üstte),-,-,43.45,95.04,0.14,,,,
2026-07-13 16:32,QQQ,717.95,🔴 Düşüş Trendinde,⏳ BEKLE,-,-,⚠️ Yükseliş Trendinde Düzeltme (SSL Negatif),🟠 Daralıyor,⚪Fiyat Alt_Orta Bant Aralığında,EMA55 Destek: 703.02 (%2.1 altta) | EMA5 Direnç: 719.66 (%0.2 üstte),555.60-568.05 (%20.9 altta),-,49.91,44.53,0.21,,,,
2026-07-13 16:32,SI=F,58.79,🔴 Düşüş Trendinde,🔴 SAT,-,-,"📉 Düşüş Hazırlığı (50<100 Kesti, 150 Bekleniyor)",⚪ Yelpaze Açık,⚪Fiyat Alt_Orta Bant Aralığında,EMA5 Direnç: 59.59 (%1.4 üstte),-,86.93-88.89 (%47.9 üstte),37.26,87.56,0.07,,,,
2026-07-13 16:32,SOXX,562.63,🟢 Yükseliş Trendinde,⏳ BEKLE,-,-,⚠️ Yükseliş Trendinde Düzeltme (SSL Negatif),⚪ Yelpaze Açık,⚪Fiyat Alt_Orta Bant Aralığında,EMA55 Destek: 543.14 (%3.5 altta) | EMA5 Direnç: 572.74 (%1.8 üstte),307.26-327.63 (%41.8 altta),-,47.08,19.54,-0.67,,,,
2026-07-13 16:32,VNM,17.67,🩸 SAT (Trend Kırıldı),🔴 SAT,-,-,"📉 Düşüş Hazırlığı (50<100 Kesti, 150 Bekleniyor)",🚨 BB SIKIŞMA,🚨Fiyat Bandın Altında!,EMA5 Direnç: 17.98 (%1.7 üstte),-,19.58-19.78 (%10.8 üstte),37.86,1.12,-0.6,,,,
2026-07-13 16:32,WQTM,34.19,🔴 Düşüş Trendinde,🔴 SAT,-,-,⚠️ Yükseliş Trendinde Düzeltme (SSL Negatif),🟡 Normal Genişlik,⚪Fiyat Alt_Orta Bant Aralığında,EMA100 Destek: 33.05 (%3.3 altta) | EMA5 Direnç: 34.86 (%2.0 üstte),23.18-24.30 (%28.9 altta),-,41.43,9.64,-0.82,,,,
2026-07-13 16:32,XBI,155.39,🟢 Yükseliş Trendinde,🔴 SAT,-,-,⚠️ Yükseliş Trendinde Düzeltme (SSL Negatif),⚪ Yelpaze Açık,🟡Fiyat Orta-Üst Bant Aralığında,EMA21 Destek: 152.36 (%1.9 altta) | EMA5 Direnç: 159.20 (%2.5 üstte),-,-,58.61,30.82,0.74,,,,
2026-07-13 16:32,XLV,160.61,🟢 Yükseliş Trendinde,🔴 SAT,-,-,🟢 EMA Yükselişte (SSL Ok Bekleniyor),⚪ Yelpaze Açık,🟡Fiyat Orta-Üst Bant Aralığında,EMA21 Destek: 157.97 (%1.6 altta) | EMA5 Direnç: 161.33 (%0.4 üstte),145.31-147.27 (%8.3 altta),-,59.55,44.97,0.74,,,,
2026-07-13 16:32,XU100.IS,14041.9,🟢 Yükseliş Trendinde,🔴 SAT,-,-,⚠️ Yükseliş Trendinde Düzeltme (SSL Negatif),🚨 BB SIKIŞMA,⚪Fiyat Alt_Orta Bant Aralığında,EMA100 Destek: 13791.10 (%1.8 altta) | EMA55 Direnç: 14132.65 (%0.6 üstte),10440.40-10607.40 (%24.5 altta),-,44.56,17.46,-0.16,,,,
2026-07-13 19:45,AIQ,61.59,🔴 Düşüş Trendinde,🔴 SAT,🔴 ZAYIFLAMA (Zaten Dipte),-,⚠️ Yükseliş Trendinde Düzeltme (SSL Negatif),🟠 Daralıyor,⚪Fiyat Alt_Orta Bant Aralığında,EMA100 Destek: 58.71 (%4.7 altta) | EMA55 Direnç: 61.63 (%0.1 üstte),44.46-45.83 (%25.6 altta),-,44.87,24.87,-0.41,,,,
2026-07-13 19:45,ALUM.L,4.24,🔴 Düşüş Trendinde,🟢 AL (Trend Onaylı),-,-,🟢 EMA Yükselişte (SSL Ok Bekleniyor),⚪ Yelpaze Açık,⚪Fiyat Alt_Orta Bant Aralığında,EMA5 Destek: 4.22 (%0.4 altta) | EMA21 Direnç: 4.32 (%1.8 üstte),3.64-3.71 (%12.5 altta),-,40.65,88.59,0.28,,,,
2026-07-13 19:45,BZ=F,80.06,🔴 Düşüş Trendinde,🟢 AL (Trend Onaylı),-,-,"📉 Düşüş Hazırlığı (50<100 Kesti, 150 Bekleniyor)",🟡 Normal Genişlik,🟡Fiyat Orta-Üst Bant Aralığında,EMA200 Destek: 79.72 (%0.4 altta) | EMA55 Direnç: 86.65 (%8.2 üstte),59.45-60.91 (%23.9 altta),106.87-112.69 (%33.5 üstte),48.28,89.37,0.41,,,,
2026-07-13 19:45,CCJ,91.23,🔴 Düşüş Trendinde,⏳ BEKLE,🔴 ZAYIFLAMA (Zaten Dipte),🟢 POTANSİYEL DİP,"📉 Düşüş Hazırlığı (50<100 Kesti, 150 Bekleniyor)",⚪ Yelpaze Açık,⚪Fiyat Alt_Orta Bant Aralığında,EMA5 Direnç: 94.57 (%3.7 üstte),-,-,32.43,10.56,-0.95,,,,
2026-07-13 19:45,CGW,65.22,🟢 Yükseliş Trendinde,🔴 SAT,-,-,🔴 Ayı Piyasası (EMA 50 En Altta),⚪ Yelpaze Açık,🟡Fiyat Orta-Üst Bant Aralığında,EMA5 Destek: 65.21 (%0.0 altta),-,-,55.76,42.87,0.37,,,,
2026-07-13 19:45,COPA,47.66,🔴 Düşüş Trendinde,⏳ BEKLE,-,-,⚠️ Yükseliş Trendinde Düzeltme (SSL Negatif),⚪ Yelpaze Açık,⚪Fiyat Alt_Orta Bant Aralığında,EMA5 Destek: 47.40 (%0.6 altta) | EMA100 Direnç: 48.07 (%0.9 üstte),-,-,45.62,58.75,-0.36,,,,
2026-07-13 19:45,COPX,74.91,🔴 Düşüş Trendinde,⏳ BEKLE,-,-,⚠️ Yükseliş Trendinde Düzeltme (SSL Negatif),⚪ Yelpaze Açık,⚪Fiyat Alt_Orta Bant Aralığında,EMA200 Destek: 73.14 (%2.4 altta) | EMA5 Direnç: 75.45 (%0.7 üstte),-,-,41.92,52.16,-0.47,,,,
2026-07-13 19:45,EEM,64.68,🔴 Düşüş Trendinde,🔴 SAT,🔴 ZAYIFLAMA (Zaten Dipte),-,⚠️ Yükseliş Trendinde Düzeltme (SSL Negatif),🟠 Daralıyor,⚪Fiyat Alt_Orta Bant Aralığında,EMA100 Destek: 63.96 (%1.1 altta) | EMA55 Direnç: 66.00 (%2.1 üstte),52.58-53.31 (%17.6 altta),-,42.31,16.72,-0.61,,,,
2026-07-13 19:45,EWZ,35.56,🟢 Yükseliş Trendinde,🟢 AL (Trend Onaylı),-,-,"📉 Düşüş Hazırlığı (50<100 Kesti, 150 Bekleniyor)",🚨 BB SIKIŞMA,🟡Fiyat Orta-Üst Bant Aralığında,EMA5 Destek: 35.25 (%0.9 altta) | EMA55 Direnç: 35.72 (%0.5 üstte),-,-,55.25,94.21,0.79,,,,
2026-07-13 19:45,GC=F,3999.9,🔴 Düşüş Trendinde,🔴 SAT,🔴 ZAYIFLAMA (Zaten Dipte),-,🔴 Ayı Piyasası (EMA 50 En Altta),🟡 Normal Genişlik,⚪Fiyat Alt_Orta Bant Aralığında,EMA5 Direnç: 4072.56 (%1.8 üstte),-,-,36.94,79.21,0.24,,,,
2026-07-13 19:45,GLTR,179.51,🔴 Düşüş Trendinde,🔴 SAT,🔴 ZAYIFLAMA (Zaten Dipte),-,🔴 Ayı Piyasası (EMA 50 En Altta),🟡 Normal Genişlik,⚪Fiyat Alt_Orta Bant Aralığında,EMA5 Direnç: 182.99 (%1.9 üstte),-,-,36.11,75.91,0.23,,,,
2026-07-13 19:45,HG=F,6.28,🔴 Düşüş Trendinde,🟢 AL (Trend Onaylı),-,-,🟢 EMA Yükselişte (SSL Ok Bekleniyor),⚪ Yelpaze Açık,🟡Fiyat Orta-Üst Bant Aralığında,EMA21 Destek: 6.21 (%1.0 altta),5.79-5.90 (%6.0 altta),-,52.84,96.34,0.65,,,,
2026-07-13 19:45,IBB,189.19,🟢 Yükseliş Trendinde,🔴 SAT,-,-,🟢 EMA Yükselişte (SSL Ok Bekleniyor),⚪ Yelpaze Açık,🟡Fiyat Orta-Üst Bant Aralığında,EMA21 Destek: 186.29 (%1.5 altta) | EMA5 Direnç: 192.71 (%1.9 üstte),163.90-167.80 (%11.3 altta),-,58.44,31.01,0.77,,,,
2026-07-13 19:45,ICLN,18.74,🔴 Düşüş Trendinde,🔴 SAT,🔴 ZAYIFLAMA (Zaten Dipte),-,⚠️ Yükseliş Trendinde Düzeltme (SSL Negatif),⚪ Yelpaze Açık,⚪Fiyat Alt_Orta Bant Aralığında,EMA200 Destek: 18.43 (%1.7 altta) | EMA5 Direnç: 19.19 (%2.4 üstte),17.38-18.05 (%3.7 altta),21.34-21.75 (%13.9 üstte),36.78,13.77,-0.84,,,,
2026-07-13 19:45,INDA,48.87,🟢 Yükseliş Trendinde,🔴 SAT,-,-,🩸 ASIL SİNYAL: GÜÇLÜ SAT (EMA Çöktü + SSL Onay),🚨 BB SIKIŞMA,⚪Fiyat Alt_Orta Bant Aralığında,EMA55 Direnç: 48.98 (%0.2 üstte),47.28-47.85 (%2.1 altta),54.75-55.02 (%12.0 üstte),48.69,24.82,-0.39,,,,
2026-07-13 19:45,IWM,293.77,🟢 Yükseliş Trendinde,🔴 SAT,-,-,⚠️ Yükseliş Trendinde Düzeltme (SSL Negatif),🚨 BB SIKIŞMA,⚪Fiyat Alt_Orta Bant Aralığında,EMA55 Destek: 287.09 (%2.3 altta) | EMA21 Direnç: 294.79 (%0.3 üstte),238.69-245.37 (%16.5 altta),-,50.33,22.4,-0.45,,,,
2026-07-13 19:45,MARS,26.84,🔴 Düşüş Trendinde,🔴 SAT,-,-,-,-,⚪Fiyat Alt_Orta Bant Aralığında,EMA5 Direnç: 28.21 (%5.1 üstte),-,-,33.92,23.99,-0.3,,,,
2026-07-13 19:45,NASA,25.18,🔴 Düşüş Trendinde,🔴 SAT,-,-,-,-,⚪Fiyat Alt_Orta Bant Aralığında,EMA5 Direnç: 26.38 (%4.8 üstte),-,-,33.4,20.3,-0.43,,,,
2026-07-13 19:45,PA=F,1250.5,🔴 Düşüş Trendinde,🟢 AL (Trend Onaylı),-,-,🔴 Ayı Piyasası (EMA 50 En Altta),🟠 Daralıyor,⚪Fiyat Alt_Orta Bant Aralığında,EMA5 Destek: 1249.08 (%0.1 altta) | EMA21 Direnç: 1257.93 (%0.6 üstte),-,1774.50-1842.00 (%41.9 üstte),47.03,91.14,0.69,,,,
2026-07-13 19:45,PHO,68.78,🟢 Yükseliş Trendinde,🔴 SAT,-,-,🔴 Ayı Piyasası (EMA 50 En Altta),⚪ Yelpaze Açık,🟡Fiyat Orta-Üst Bant Aralığında,EMA100 Destek: 68.42 (%0.5 altta) | EMA5 Direnç: 68.84 (%0.1 üstte),-,72.60-73.56 (%5.6 üstte),54.7,38.61,0.38,,,,
2026-07-13 19:45,PL=F,1611.6,🔴 Düşüş Trendinde,🟢 AL (Trend Onaylı),-,-,🔴 Ayı Piyasası (EMA 50 En Altta),🟡 Normal Genişlik,⚪Fiyat Alt_Orta Bant Aralığında,EMA5 Direnç: 1613.17 (%0.1 üstte),-,-,41.11,91.11,0.06,,,,
2026-07-13 19:45,QQQ,713.82,🔴 Düşüş Trendinde,⏳ BEKLE,-,-,⚠️ Yükseliş Trendinde Düzeltme (SSL Negatif),🟠 Daralıyor,⚪Fiyat Alt_Orta Bant Aralığında,EMA55 Destek: 702.87 (%1.5 altta) | EMA5 Direnç: 718.28 (%0.6 üstte),555.60-568.05 (%20.4 altta),-,48.44,39.72,0.15,,,,
2026-07-13 19:45,SI=F,57.82,🔴 Düşüş Trendinde,🔴 SAT,🔴 ZAYIFLAMA (Zaten Dipte),-,🔴 Ayı Piyasası (EMA 50 En Altta),⚪ Yelpaze Açık,⚪Fiyat Alt_Orta Bant Aralığında,EMA5 Direnç: 59.26 (%2.5 üstte),-,86.93-88.89 (%50.3 üstte),35.65,83.35,-0.02,,,,
2026-07-13 19:45,SOXX,554.56,🟢 Yükseliş Trendinde,🔴 SAT,🔴 ZAYIFLAMA (Zaten Dipte),-,⚠️ Yükseliş Trendinde Düzeltme (SSL Negatif),⚪ Yelpaze Açık,⚪Fiyat Alt_Orta Bant Aralığında,EMA55 Destek: 542.85 (%2.1 altta) | EMA5 Direnç: 570.05 (%2.8 üstte),307.26-327.63 (%40.9 altta),-,45.85,16.64,-0.68,,,,
2026-07-13 19:45,VNM,17.56,🩸 SAT (Trend Kırıldı),🔴 SAT,-,-,"📉 Düşüş Hazırlığı (50<100 Kesti, 150 Bekleniyor)",🚨 BB SIKIŞMA,🚨Fiyat Bandın Altında!,EMA5 Direnç: 17.94 (%2.2 üstte),-,19.58-19.78 (%11.5 üstte),36.16,1.12,-0.6,,,,
2026-07-13 19:45,WQTM,33.6,🔴 Düşüş Trendinde,🔴 SAT,-,-,⚠️ Yükseliş Trendinde Düzeltme (SSL Negatif),⚪ Yelpaze Açık,🚨Fiyat Bandın Altında!,EMA100 Destek: 33.03 (%1.7 altta) | EMA5 Direnç: 34.67 (%3.2 üstte),23.18-24.30 (%27.7 altta),-,39.37,9.64,-0.82,,,,
2026-07-13 19:45,XBI,155.12,🟢 Yükseliş Trendinde,🔴 SAT,-,-,⚠️ Yükseliş Trendinde Düzeltme (SSL Negatif),⚪ Yelpaze Açık,🟡Fiyat Orta-Üst Bant Aralığında,EMA21 Destek: 152.34 (%1.8 altta) | EMA5 Direnç: 159.11 (%2.6 üstte),-,-,58.16,30.82,0.73,,,,
2026-07-13 19:45,XLV,161.51,🟢 Yükseliş Trendinde,⏳ BEKLE,-,-,🟢 EMA Yükselişte (SSL Ok Bekleniyor),⚪ Yelpaze Açık,🟡Fiyat Orta-Üst Bant Aralığında,EMA21 Destek: 158.05 (%2.1 altta) | EMA5 Direnç: 161.63 (%0.1 üstte),145.31-147.27 (%8.8 altta),-,61.41,48.68,0.77,,,,
2026-07-13 19:45,XU100.IS,14092.02,🟢 Yükseliş Trendinde,🔴 SAT,-,-,⚠️ Yükseliş Trendinde Düzeltme (SSL Negatif),🚨 BB SIKIŞMA,⚪Fiyat Alt_Orta Bant Aralığında,EMA100 Destek: 13792.09 (%2.1 altta) | EMA55 Direnç: 14134.44 (%0.3 üstte),10440.40-10607.40 (%24.7 altta),-,45.62,18.29,-0.13,,,,
2026-07-13 21:53,AIQ,61.42,🔴 Düşüş Trendinde,🔴 SAT,🔴 ZAYIFLAMA (Zaten Dipte),-,⚠️ Yükseliş Trendinde Düzeltme (SSL Negatif),🟡 Normal Genişlik,⚪Fiyat Alt_Orta Bant Aralığında,EMA100 Destek: 58.71 (%4.4 altta) | EMA55 Direnç: 61.63 (%0.3 üstte),44.46-45.83 (%25.4 altta),-,44.47,24.87,-0.42,,,,
2026-07-13 21:53,ALUM.L,4.24,🔴 Düşüş Trendinde,🟢 AL (Trend Onaylı),-,-,🟢 EMA Yükselişte (SSL Ok Bekleniyor),⚪ Yelpaze Açık,⚪Fiyat Alt_Orta Bant Aralığında,EMA5 Destek: 4.22 (%0.4 altta) | EMA21 Direnç: 4.32 (%1.8 üstte),3.64-3.71 (%12.5 altta),-,40.65,88.59,0.28,,,,
2026-07-13 21:53,BZ=F,82.62,🔥 AL (Taze Kırılım),🟢 AL (Trend Onaylı),-,-,"📉 Düşüş Hazırlığı (50<100 Kesti, 150 Bekleniyor)",🟡 Normal Genişlik,🟡Fiyat Orta-Üst Bant Aralığında,EMA200 Destek: 79.74 (%3.5 altta) | EMA55 Direnç: 86.74 (%5.0 üstte),59.45-60.91 (%26.3 altta),106.87-112.69 (%29.4 üstte),52.52,89.37,0.45,,,,
2026-07-13 21:53,CCJ,89.82,🔴 Düşüş Trendinde,⏳ BEKLE,🔴 ZAYIFLAMA (Zaten Dipte),🟢 POTANSİYEL DİP,"📉 Düşüş Hazırlığı (50<100 Kesti, 150 Bekleniyor)",⚪ Yelpaze Açık,🚨Fiyat Bandın Altında!,EMA5 Direnç: 94.10 (%4.8 üstte),-,-,31.06,10.56,-0.95,,,,
2026-07-13 21:53,CGW,65.29,🟢 Yükseliş Trendinde,🔴 SAT,-,-,🔴 Ayı Piyasası (EMA 50 En Altta),⚪ Yelpaze Açık,🟡Fiyat Orta-Üst Bant Aralığında,EMA5 Destek: 65.23 (%0.1 altta),-,-,56.32,44.15,0.38,,,,
2026-07-13 21:53,COPA,47.66,🔴 Düşüş Trendinde,⏳ BEKLE,-,-,⚠️ Yükseliş Trendinde Düzeltme (SSL Negatif),⚪ Yelpaze Açık,⚪Fiyat Alt_Orta Bant Aralığında,EMA5 Destek: 47.40 (%0.6 altta) | EMA100 Direnç: 48.07 (%0.9 üstte),-,-,45.62,58.75,-0.36,,,,
2026-07-13 21:53,COPX,74.33,🔴 Düşüş Trendinde,⏳ BEKLE,-,-,⚠️ Yükseliş Trendinde Düzeltme (SSL Negatif),⚪ Yelpaze Açık,⚪Fiyat Alt_Orta Bant Aralığında,EMA200 Destek: 73.13 (%1.6 altta) | EMA5 Direnç: 75.26 (%1.2 üstte),-,-,41.1,48.63,-0.5,,,,
2026-07-13 21:53,EEM,64.56,🔴 Düşüş Trendinde,🔴 SAT,🔴 ZAYIFLAMA (Zaten Dipte),-,⚠️ Yükseliş Trendinde Düzeltme (SSL Negatif),🟠 Daralıyor,⚪Fiyat Alt_Orta Bant Aralığında,EMA100 Destek: 63.96 (%0.9 altta) | EMA5 Direnç: 65.99 (%2.2 üstte),52.58-53.31 (%17.4 altta),-,42.01,16.72,-0.61,,,,
2026-07-13 21:53,EWZ,35.47,🟢 Yükseliş Trendinde,🟢 AL (Trend Onaylı),-,-,"📉 Düşüş Hazırlığı (50<100 Kesti, 150 Bekleniyor)",🚨 BB SIKIŞMA,🟡Fiyat Orta-Üst Bant Aralığında,EMA5 Destek: 35.21 (%0.7 altta) | EMA55 Direnç: 35.72 (%0.7 üstte),-,-,54.34,92.85,0.79,,,,
2026-07-13 21:53,GC=F,4007.3,🔴 Düşüş Trendinde,🔴 SAT,🔴 ZAYIFLAMA (Zaten Dipte),-,🔴 Ayı Piyasası (EMA 50 En Altta),🟡 Normal Genişlik,⚪Fiyat Alt_Orta Bant Aralığında,EMA5 Direnç: 4075.03 (%1.7 üstte),-,-,37.3,80.0,0.26,,,,
2026-07-13 21:53,GLTR,179.33,🔴 Düşüş Trendinde,🔴 SAT,🔴 ZAYIFLAMA (Zaten Dipte),-,🔴 Ayı Piyasası (EMA 50 En Altta),🟡 Normal Genişlik,⚪Fiyat Alt_Orta Bant Aralığında,EMA5 Direnç: 182.93 (%2.0 üstte),-,-,35.97,75.61,0.22,,,,
2026-07-13 21:53,HG=F,6.28,🔴 Düşüş Trendinde,🟢 AL (Trend Onaylı),-,-,🟢 EMA Yükselişte (SSL Ok Bekleniyor),⚪ Yelpaze Açık,🟡Fiyat Orta-Üst Bant Aralığında,EMA21 Destek: 6.21 (%1.1 altta),5.79-5.90 (%6.1 altta),-,52.97,96.34,0.65,,,,
2026-07-13 21:53,IBB,189.08,🟢 Yükseliş Trendinde,🔴 SAT,-,-,🟢 EMA Yükselişte (SSL Ok Bekleniyor),⚪ Yelpaze Açık,🟡Fiyat Orta-Üst Bant Aralığında,EMA21 Destek: 186.28 (%1.5 altta) | EMA5 Direnç: 192.67 (%1.9 üstte),163.90-167.80 (%11.3 altta),-,58.25,31.01,0.76,,,,
2026-07-13 21:53,ICLN,18.66,🔴 Düşüş Trendinde,🔴 SAT,🔴 ZAYIFLAMA (Zaten Dipte),-,⚠️ Yükseliş Trendinde Düzeltme (SSL Negatif),⚪ Yelpaze Açık,⚪Fiyat Alt_Orta Bant Aralığında,EMA200 Destek: 18.43 (%1.2 altta) | EMA5 Direnç: 19.16 (%2.7 üstte),17.38-18.05 (%3.2 altta),21.34-21.75 (%14.4 üstte),36.27,13.77,-0.84,,,,
2026-07-13 21:53,INDA,48.73,🟢 Yükseliş Trendinde,🔴 SAT,-,-,🩸 ASIL SİNYAL: GÜÇLÜ SAT (EMA Çöktü + SSL Onay),🚨 BB SIKIŞMA,⚪Fiyat Alt_Orta Bant Aralığında,EMA55 Direnç: 48.98 (%0.5 üstte),47.28-47.85 (%1.8 altta),54.75-55.02 (%12.4 üstte),47.54,21.72,-0.42,,,,
2026-07-13 21:53,IWM,293.42,🟢 Yükseliş Trendinde,🔴 SAT,-,-,⚠️ Yükseliş Trendinde Düzeltme (SSL Negatif),🚨 BB SIKIŞMA,⚪Fiyat Alt_Orta Bant Aralığında,EMA55 Destek: 287.08 (%2.2 altta) | EMA21 Direnç: 294.76 (%0.5 üstte),238.69-245.37 (%16.4 altta),-,49.81,22.4,-0.46,,,,
2026-07-13 21:53,MARS,26.67,🔴 Düşüş Trendinde,🔴 SAT,-,-,-,-,⚪Fiyat Alt_Orta Bant Aralığında,EMA5 Direnç: 28.16 (%5.6 üstte),-,-,33.54,23.15,-0.31,,,,
2026-07-13 21:53,NASA,24.93,🔴 Düşüş Trendinde,🔴 SAT,-,-,-,-,⚪Fiyat Alt_Orta Bant Aralığında,EMA5 Direnç: 26.30 (%5.5 üstte),-,-,32.83,18.93,-0.44,,,,
2026-07-13 21:53,PA=F,1252.5,🔴 Düşüş Trendinde,🟢 AL (Trend Onaylı),-,-,🔴 Ayı Piyasası (EMA 50 En Altta),🟠 Daralıyor,🟡Fiyat Orta-Üst Bant Aralığında,EMA5 Destek: 1249.75 (%0.2 altta) | EMA21 Direnç: 1258.12 (%0.4 üstte),-,1774.50-1842.00 (%41.7 üstte),47.28,91.61,0.7,,,,
2026-07-13 21:53,PHO,68.8,🟢 Yükseliş Trendinde,🔴 SAT,-,-,🔴 Ayı Piyasası (EMA 50 En Altta),⚪ Yelpaze Açık,🟡Fiyat Orta-Üst Bant Aralığında,EMA100 Destek: 68.42 (%0.5 altta) | EMA5 Direnç: 68.85 (%0.1 üstte),-,72.60-73.56 (%5.5 üstte),54.87,39.0,0.38,,,,
2026-07-13 21:53,PL=F,1612.5,🔴 Düşüş Trendinde,🟢 AL (Trend Onaylı),-,-,🔴 Ayı Piyasası (EMA 50 En Altta),🟡 Normal Genişlik,⚪Fiyat Alt_Orta Bant Aralığında,EMA5 Direnç: 1613.47 (%0.1 üstte),-,-,41.18,91.3,0.06,,,,
2026-07-13 21:53,QQQ,712.78,🔴 Düşüş Trendinde,⏳ BEKLE,-,-,⚠️ Yükseliş Trendinde Düzeltme (SSL Negatif),🟠 Daralıyor,⚪Fiyat Alt_Orta Bant Aralığında,EMA55 Destek: 702.84 (%1.4 altta) | EMA5 Direnç: 717.94 (%0.7 üstte),555.60-568.05 (%20.3 altta),-,48.08,38.56,0.13,,,,
2026-07-13 21:53,SI=F,57.92,🔴 Düşüş Trendinde,🔴 SAT,🔴 ZAYIFLAMA (Zaten Dipte),-,🔴 Ayı Piyasası (EMA 50 En Altta),⚪ Yelpaze Açık,⚪Fiyat Alt_Orta Bant Aralığında,EMA5 Direnç: 59.29 (%2.4 üstte),-,86.93-88.89 (%50.1 üstte),35.8,83.75,-0.01,,,,
2026-07-13 21:53,SOXX,553.33,🟢 Yükseliş Trendinde,🔴 SAT,🔴 ZAYIFLAMA (Zaten Dipte),-,⚠️ Yükseliş Trendinde Düzeltme (SSL Negatif),⚪ Yelpaze Açık,⚪Fiyat Alt_Orta Bant Aralığında,EMA55 Destek: 542.81 (%1.9 altta) | EMA5 Direnç: 569.64 (%2.9 üstte),307.26-327.63 (%40.8 altta),-,45.66,16.21,-0.69,,,,
2026-07-13 21:53,VNM,17.53,🩸 SAT (Trend Kırıldı),🔴 SAT,-,-,"📉 Düşüş Hazırlığı (50<100 Kesti, 150 Bekleniyor)",🚨 BB SIKIŞMA,🚨Fiyat Bandın Altında!,EMA5 Direnç: 17.93 (%2.2 üstte),-,19.58-19.78 (%11.7 üstte),35.89,1.12,-0.6,,,,
2026-07-13 21:53,WQTM,33.4,🔴 Düşüş Trendinde,🔴 SAT,-,-,⚠️ Yükseliş Trendinde Düzeltme (SSL Negatif),⚪ Yelpaze Açık,🚨Fiyat Bandın Altında!,EMA100 Destek: 33.03 (%1.1 altta) | EMA5 Direnç: 34.60 (%3.6 üstte),23.18-24.30 (%27.2 altta),-,38.72,9.64,-0.82,,,,
2026-07-13 21:53,XBI,154.64,🟢 Yükseliş Trendinde,🔴 SAT,-,-,⚠️ Yükseliş Trendinde Düzeltme (SSL Negatif),⚪ Yelpaze Açık,🟡Fiyat Orta-Üst Bant Aralığında,EMA21 Destek: 152.30 (%1.5 altta) | EMA5 Direnç: 158.95 (%2.8 üstte),-,-,57.37,30.82,0.71,,,,
2026-07-13 21:53,XLV,161.48,🟢 Yükseliş Trendinde,⏳ BEKLE,-,-,🟢 EMA Yükselişte (SSL Ok Bekleniyor),⚪ Yelpaze Açık,🟡Fiyat Orta-Üst Bant Aralığında,EMA21 Destek: 158.04 (%2.1 altta) | EMA5 Direnç: 161.62 (%0.1 üstte),145.31-147.27 (%8.8 altta),-,61.35,48.55,0.77,,,,
2026-07-13 21:53,XU100.IS,14092.02,🟢 Yükseliş Trendinde,🔴 SAT,-,-,⚠️ Yükseliş Trendinde Düzeltme (SSL Negatif),🚨 BB SIKIŞMA,⚪Fiyat Alt_Orta Bant Aralığında,EMA100 Destek: 13792.09 (%2.1 altta) | EMA55 Direnç: 14134.44 (%0.3 üstte),10440.40-10607.40 (%24.7 altta),-,45.62,18.29,-0.13,,,,
2026-07-14 14:51,AIQ,61.3,🔴 Düşüş Trendinde,🔴 SAT,🔴 ZAYIFLAMA (Zaten Dipte),-,⚠️ Yükseliş Trendinde Düzeltme (SSL Negatif),🟡 Normal Genişlik,⚪Fiyat Alt_Orta Bant Aralığında,EMA100 Destek: 58.70 (%4.2 altta) | EMA55 Direnç: 61.62 (%0.5 üstte),44.46-45.83 (%25.2 altta),-,44.2,24.87,-0.43,,,,
2026-07-14 14:51,ALUM.L,4.24,🔴 Düşüş Trendinde,🟢 AL (Trend Onaylı),-,-,🟢 EMA Yükselişte (SSL Ok Bekleniyor),⚪ Yelpaze Açık,⚪Fiyat Alt_Orta Bant Aralığında,EMA5 Destek: 4.23 (%0.4 altta) | EMA21 Direnç: 4.31 (%1.5 üstte),3.64-3.71 (%12.6 altta),-,41.1,85.75,0.34,,,,
2026-07-14 14:51,BZ=F,86.09,🟢 Yükseliş Trendinde,🟢 AL (Trend Onaylı),-,-,"📉 Düşüş Hazırlığı (50<100 Kesti, 150 Bekleniyor)",🟠 Daralıyor,🚨Fiyat Bandın Üzerinde!,EMA5 Destek: 80.76 (%6.2 altta) | EMA55 Direnç: 86.74 (%0.8 üstte),59.45-60.91 (%29.2 altta),106.87-112.69 (%24.1 üstte),57.53,94.27,0.71,,,,
2026-07-14 14:51,CCJ,90.2,🔴 Düşüş Trendinde,⏳ BEKLE,🔴 ZAYIFLAMA (Zaten Dipte),🟢 POTANSİYEL DİP,"📉 Düşüş Hazırlığı (50<100 Kesti, 150 Bekleniyor)",⚪ Yelpaze Açık,🚨Fiyat Bandın Altında!,EMA5 Direnç: 94.22 (%4.5 üstte),-,-,31.41,10.56,-0.95,,,,
2026-07-14 14:51,CGW,65.29,🟢 Yükseliş Trendinde,🔴 SAT,-,-,🔴 Ayı Piyasası (EMA 50 En Altta),⚪ Yelpaze Açık,🟡Fiyat Orta-Üst Bant Aralığında,EMA5 Destek: 65.23 (%0.1 altta),-,-,56.28,44.07,0.38,,,,
2026-07-14 14:51,COPA,46.12,🔴 Düşüş Trendinde,⏳ BEKLE,-,-,⚠️ Yükseliş Trendinde Düzeltme (SSL Negatif),⚪ Yelpaze Açık,⚪Fiyat Alt_Orta Bant Aralığında,EMA200 Destek: 43.97 (%4.7 altta) | EMA5 Direnç: 46.88 (%1.6 üstte),-,-,41.49,44.0,-0.51,,,,
2026-07-14 14:51,COPX,74.35,🔴 Düşüş Trendinde,⏳ BEKLE,-,-,⚠️ Yükseliş Trendinde Düzeltme (SSL Negatif),⚪ Yelpaze Açık,⚪Fiyat Alt_Orta Bant Aralığında,EMA200 Destek: 73.13 (%1.6 altta) | EMA5 Direnç: 75.26 (%1.2 üstte),-,-,41.12,48.72,-0.5,,,,
2026-07-14 14:51,EEM,64.5,🔴 Düşüş Trendinde,🔴 SAT,🔴 ZAYIFLAMA (Zaten Dipte),-,⚠️ Yükseliş Trendinde Düzeltme (SSL Negatif),🟠 Daralıyor,⚪Fiyat Alt_Orta Bant Aralığında,EMA100 Destek: 63.96 (%0.8 altta) | EMA5 Direnç: 65.97 (%2.3 üstte),52.58-53.31 (%17.3 altta),-,41.85,16.72,-0.61,,,,
2026-07-14 14:51,EWZ,35.39,🟢 Yükseliş Trendinde,🟢 AL (Trend Onaylı),-,-,"📉 Düşüş Hazırlığı (50<100 Kesti, 150 Bekleniyor)",🚨 BB SIKIŞMA,🟡Fiyat Orta-Üst Bant Aralığında,EMA5 Destek: 35.19 (%0.6 altta) | EMA55 Direnç: 35.72 (%0.9 üstte),-,-,53.64,91.8,0.78,,,,
2026-07-14 14:51,GC=F,4034.9,🔴 Düşüş Trendinde,🔴 SAT,-,-,🔴 Ayı Piyasası (EMA 50 En Altta),🟡 Normal Genişlik,⚪Fiyat Alt_Orta Bant Aralığında,EMA5 Direnç: 4059.36 (%0.6 üstte),-,-,39.93,69.38,0.29,,,,
2026-07-14 14:51,GLTR,179.7,🔴 Düşüş Trendinde,🔴 SAT,🔴 ZAYIFLAMA (Zaten Dipte),-,🔴 Ayı Piyasası (EMA 50 En Altta),🟡 Normal Genişlik,⚪Fiyat Alt_Orta Bant Aralığında,EMA5 Direnç: 183.06 (%1.9 üstte),-,-,36.26,76.25,0.24,,,,
2026-07-14 14:51,HG=F,6.37,🔥 AL (Taze Kırılım),🟢 AL (Trend Onaylı),-,-,🟢 EMA Yükselişte (SSL Ok Bekleniyor),⚪ Yelpaze Açık,🟡Fiyat Orta-Üst Bant Aralığında,EMA5 Destek: 6.26 (%1.8 altta),5.79-5.90 (%7.4 altta),-,56.89,99.85,0.77,,,,
2026-07-14 14:51,IBB,189.55,🟢 Yükseliş Trendinde,🔴 SAT,-,-,🟢 EMA Yükselişte (SSL Ok Bekleniyor),⚪ Yelpaze Açık,🟡Fiyat Orta-Üst Bant Aralığında,EMA21 Destek: 186.33 (%1.7 altta) | EMA5 Direnç: 192.83 (%1.7 üstte),163.90-167.80 (%11.5 altta),-,59.09,31.01,0.77,,,,
2026-07-14 14:51,ICLN,18.63,🔴 Düşüş Trendinde,🔴 SAT,🔴 ZAYIFLAMA (Zaten Dipte),-,⚠️ Yükseliş Trendinde Düzeltme (SSL Negatif),⚪ Yelpaze Açık,⚪Fiyat Alt_Orta Bant Aralığında,EMA200 Destek: 18.43 (%1.1 altta) | EMA5 Direnç: 19.15 (%2.8 üstte),17.38-18.05 (%3.1 altta),21.34-21.75 (%14.5 üstte),36.13,13.77,-0.84,,,,
2026-07-14 14:51,INDA,48.79,🟢 Yükseliş Trendinde,🔴 SAT,-,-,🩸 ASIL SİNYAL: GÜÇLÜ SAT (EMA Çöktü + SSL Onay),🚨 BB SIKIŞMA,⚪Fiyat Alt_Orta Bant Aralığında,EMA55 Direnç: 48.98 (%0.4 üstte),47.28-47.85 (%1.9 altta),54.75-55.02 (%12.2 üstte),48.04,23.08,-0.41,,,,
2026-07-14 14:51,IWM,293.48,🟢 Yükseliş Trendinde,🔴 SAT,-,-,⚠️ Yükseliş Trendinde Düzeltme (SSL Negatif),🚨 BB SIKIŞMA,⚪Fiyat Alt_Orta Bant Aralığında,EMA55 Destek: 287.08 (%2.2 altta) | EMA21 Direnç: 294.77 (%0.4 üstte),238.69-245.37 (%16.4 altta),-,49.9,22.4,-0.46,,,,
2026-07-14 14:51,MARS,26.68,🔴 Düşüş Trendinde,🔴 SAT,-,-,-,-,⚪Fiyat Alt_Orta Bant Aralığında,EMA5 Direnç: 28.16 (%5.6 üstte),-,-,33.57,23.2,-0.31,,,,
2026-07-14 14:51,NASA,25.05,🔴 Düşüş Trendinde,🔴 SAT,-,-,-,-,⚪Fiyat Alt_Orta Bant Aralığında,EMA5 Direnç: 26.34 (%5.2 üstte),-,-,33.1,19.59,-0.44,,,,
2026-07-14 14:51,PA=F,1258.0,🔴 Düşüş Trendinde,🟢 AL (Trend Onaylı),-,-,🔴 Ayı Piyasası (EMA 50 En Altta),🟠 Daralıyor,🟡Fiyat Orta-Üst Bant Aralığında,EMA21 Destek: 1257.30 (%0.1 altta) | EMA55 Direnç: 1334.37 (%6.1 üstte),-,1774.50-1842.00 (%41.1 üstte),48.31,92.82,0.78,,,,
2026-07-14 14:51,PHO,68.9,🟢 Yükseliş Trendinde,🔴 SAT,-,-,🔴 Ayı Piyasası (EMA 50 En Altta),⚪ Yelpaze Açık,🟡Fiyat Orta-Üst Bant Aralığında,EMA5 Destek: 68.88 (%0.0 altta) | EMA200 Direnç: 69.75 (%1.2 üstte),-,72.60-73.56 (%5.4 üstte),55.58,40.59,0.39,,,,
2026-07-14 14:51,PL=F,1615.4,🔴 Düşüş Trendinde,🔴 SAT,-,-,🔴 Ayı Piyasası (EMA 50 En Altta),🟡 Normal Genişlik,⚪Fiyat Alt_Orta Bant Aralığında,EMA5 Destek: 1611.82 (%0.2 altta) | EMA21 Direnç: 1656.97 (%2.6 üstte),-,-,42.02,89.85,0.33,,,,
2026-07-14 14:51,QQQ,711.74,🔴 Düşüş Trendinde,⏳ BEKLE,-,-,⚠️ Yükseliş Trendinde Düzeltme (SSL Negatif),🟡 Normal Genişlik,⚪Fiyat Alt_Orta Bant Aralığında,EMA55 Destek: 702.80 (%1.3 altta) | EMA5 Direnç: 717.59 (%0.8 üstte),555.60-568.05 (%20.2 altta),-,47.73,37.41,0.12,,,,
2026-07-14 14:51,SI=F,58.33,🔴 Düşüş Trendinde,🔴 SAT,-,-,🔴 Ayı Piyasası (EMA 50 En Altta),⚪ Yelpaze Açık,⚪Fiyat Alt_Orta Bant Aralığında,EMA5 Direnç: 58.91 (%1.0 üstte),-,86.93-88.89 (%49.0 üstte),37.41,75.43,0.1,,,,
2026-07-14 14:51,SOXX,553.61,🟢 Yükseliş Trendinde,🔴 SAT,🔴 ZAYIFLAMA (Zaten Dipte),-,⚠️ Yükseliş Trendinde Düzeltme (SSL Negatif),⚪ Yelpaze Açık,⚪Fiyat Alt_Orta Bant Aralığında,EMA55 Destek: 542.82 (%1.9 altta) | EMA5 Direnç: 569.73 (%2.9 üstte),307.26-327.63 (%40.8 altta),-,45.7,16.31,-0.69,,,,
2026-07-14 14:51,VNM,17.53,🩸 SAT (Trend Kırıldı),🔴 SAT,-,-,"📉 Düşüş Hazırlığı (50<100 Kesti, 150 Bekleniyor)",🚨 BB SIKIŞMA,🚨Fiyat Bandın Altında!,EMA5 Direnç: 17.93 (%2.3 üstte),-,19.58-19.78 (%11.7 üstte),35.83,1.12,-0.6,,,,
2026-07-14 14:51,WQTM,33.38,🔴 Düşüş Trendinde,🔴 SAT,-,-,⚠️ Yükseliş Trendinde Düzeltme (SSL Negatif),⚪ Yelpaze Açık,🚨Fiyat Bandın Altında!,EMA100 Destek: 33.03 (%1.1 altta) | EMA5 Direnç: 34.59 (%3.6 üstte),23.18-24.30 (%27.2 altta),-,38.65,9.64,-0.82,,,,
2026-07-14 14:51,XBI,155.34,🟢 Yükseliş Trendinde,🔴 SAT,-,-,⚠️ Yükseliş Trendinde Düzeltme (SSL Negatif),⚪ Yelpaze Açık,🟡Fiyat Orta-Üst Bant Aralığında,EMA21 Destek: 152.36 (%1.9 altta) | EMA5 Direnç: 159.18 (%2.5 üstte),-,-,58.53,30.82,0.73,,,,
2026-07-14 14:51,XLV,161.41,🟢 Yükseliş Trendinde,⏳ BEKLE,-,-,🟢 EMA Yükselişte (SSL Ok Bekleniyor),⚪ Yelpaze Açık,🟡Fiyat Orta-Üst Bant Aralığında,EMA21 Destek: 158.04 (%2.1 altta) | EMA5 Direnç: 161.60 (%0.1 üstte),145.31-147.27 (%8.8 altta),-,61.23,48.32,0.77,,,,
2026-07-14 14:51,XU100.IS,14045.05,🟢 Yükseliş Trendinde,🔴 SAT,-,-,⚠️ Yükseliş Trendinde Düzeltme (SSL Negatif),🚨 BB SIKIŞMA,⚪Fiyat Alt_Orta Bant Aralığında,EMA100 Destek: 13797.10 (%1.8 altta) | EMA55 Direnç: 14131.24 (%0.6 üstte),10440.40-10607.40 (%24.5 altta),-,44.55,18.28,-0.27,,,,
2026-07-14 18:50,AIQ,62.07,🔴 Düşüş Trendinde,🔴 SAT,-,-,⚠️ Yükseliş Trendinde Düzeltme (SSL Negatif),🟡 Normal Genişlik,⚪Fiyat Alt_Orta Bant Aralığında,EMA55 Destek: 61.64 (%0.7 altta) | EMA5 Direnç: 62.44 (%0.6 üstte),44.46-45.83 (%26.2 altta),-,46.47,18.33,-0.53,,,,
2026-07-14 18:50,ALUM.L,4.25,🔴 Düşüş Trendinde,🟢 AL (Trend Onaylı),-,-,🟢 EMA Yükselişte (SSL Ok Bekleniyor),⚪ Yelpaze Açık,⚪Fiyat Alt_Orta Bant Aralığında,EMA5 Destek: 4.23 (%0.4 altta) | EMA21 Direnç: 4.31 (%1.4 üstte),3.64-3.71 (%12.7 altta),-,41.45,86.51,0.35,,,,
2026-07-14 18:50,BZ=F,84.93,🟢 Yükseliş Trendinde,🟢 AL (Trend Onaylı),-,-,"📉 Düşüş Hazırlığı (50<100 Kesti, 150 Bekleniyor)",🟠 Daralıyor,🚨Fiyat Bandın Üzerinde!,EMA5 Destek: 80.37 (%5.4 altta) | EMA55 Direnç: 86.70 (%2.1 üstte),59.45-60.91 (%28.3 altta),106.87-112.69 (%25.8 üstte),55.95,94.27,0.72,,,,
2026-07-14 18:50,CCJ,92.26,🔴 Düşüş Trendinde,🔴 SAT,-,-,"📉 Düşüş Hazırlığı (50<100 Kesti, 150 Bekleniyor)",⚪ Yelpaze Açık,⚪Fiyat Alt_Orta Bant Aralığında,EMA5 Direnç: 93.57 (%1.4 üstte),-,-,35.75,14.46,-0.94,,,,
2026-07-14 18:50,CGW,65.58,🟢 Yükseliş Trendinde,⏳ BEKLE,-,-,🔴 Ayı Piyasası (EMA 50 En Altta),⚪ Yelpaze Açık,🟡Fiyat Orta-Üst Bant Aralığında,EMA5 Destek: 65.35 (%0.4 altta),-,-,58.06,53.77,0.12,,,,
2026-07-14 18:50,COPA,48.37,🔴 Düşüş Trendinde,🔥 GÜÇLÜ AL (Taze Kırılım),-,-,⚠️ Yükseliş Trendinde Düzeltme (SSL Negatif),⚪ Yelpaze Açık,⚪Fiyat Alt_Orta Bant Aralığında,EMA100 Destek: 48.05 (%0.7 altta) | EMA21 Direnç: 48.49 (%0.2 üstte),-,-,48.77,64.13,-0.19,,,,
2026-07-14 18:50,COPX,78.31,🔴 Düşüş Trendinde,🔥 GÜÇLÜ AL (Taze Kırılım),-,-,🟢 EMA Yükselişte (SSL Ok Bekleniyor),⚪ Yelpaze Açık,⚪Fiyat Alt_Orta Bant Aralığında,EMA5 Destek: 76.28 (%2.6 altta) | EMA21 Direnç: 78.33 (%0.0 üstte),-,91.20-93.89 (%16.5 üstte),48.61,69.5,-0.05,,,,
2026-07-14 18:50,EEM,65.58,🔴 Düşüş Trendinde,🔴 SAT,-,-,⚠️ Yükseliş Trendinde Düzeltme (SSL Negatif),🟡 Normal Genişlik,⚪Fiyat Alt_Orta Bant Aralığında,EMA100 Destek: 63.99 (%2.4 altta) | EMA5 Direnç: 65.84 (%0.4 üstte),52.58-53.31 (%18.7 altta),-,45.77,20.46,-0.68,,,,
2026-07-14 18:50,EWZ,35.96,🟢 Yükseliş Trendinde,🟢 AL (Trend Onaylı),-,-,"📉 Düşüş Hazırlığı (50<100 Kesti, 150 Bekleniyor)",🚨 BB SIKIŞMA,🚨Fiyat Bandın Üzerinde!,EMA100 Destek: 35.92 (%0.1 altta),-,-,58.07,90.21,0.82,,,,
2026-07-14 18:50,GC=F,4083.6,🔴 Düşüş Trendinde,🔴 SAT,-,-,🔴 Ayı Piyasası (EMA 50 En Altta),🟡 Normal Genişlik,⚪Fiyat Alt_Orta Bant Aralığında,EMA5 Destek: 4075.60 (%0.2 altta) | EMA21 Direnç: 4145.44 (%1.5 üstte),-,-,43.52,77.34,0.4,,,,
2026-07-14 18:50,GLTR,183.1,🔴 Düşüş Trendinde,🔴 SAT,-,-,🔴 Ayı Piyasası (EMA 50 En Altta),🟡 Normal Genişlik,⚪Fiyat Alt_Orta Bant Aralığında,EMA5 Destek: 183.07 (%0.0 altta) | EMA21 Direnç: 188.02 (%2.7 üstte),-,-,41.11,75.76,0.41,,,,
2026-07-14 18:50,HG=F,6.39,🔥 AL (Taze Kırılım),🟢 AL (Trend Onaylı),-,-,🟢 EMA Yükselişte (SSL Ok Bekleniyor),⚪ Yelpaze Açık,🟡Fiyat Orta-Üst Bant Aralığında,EMA5 Destek: 6.26 (%2.0 altta),5.79-5.90 (%7.6 altta),-,57.52,99.85,0.77,,,,
2026-07-14 18:50,IBB,188.75,🟢 Yükseliş Trendinde,🔴 SAT,-,-,⚠️ Yükseliş Trendinde Düzeltme (SSL Negatif),⚪ Yelpaze Açık,🟡Fiyat Orta-Üst Bant Aralığında,EMA21 Destek: 186.55 (%1.2 altta) | EMA5 Direnç: 191.47 (%1.4 üstte),163.90-167.80 (%11.1 altta),-,57.55,3.64,0.56,,,,
2026-07-14 18:50,ICLN,19.16,🔴 Düşüş Trendinde,⏳ BEKLE,-,-,⚠️ Yükseliş Trendinde Düzeltme (SSL Negatif),⚪ Yelpaze Açık,⚪Fiyat Alt_Orta Bant Aralığında,EMA5 Destek: 19.15 (%0.0 altta) | EMA100 Direnç: 19.87 (%3.7 üstte),17.38-18.05 (%5.8 altta),21.34-21.75 (%11.4 üstte),41.46,23.74,-0.8,,,,
2026-07-14 18:50,INDA,48.71,🟢 Yükseliş Trendinde,🔴 SAT,-,-,🔴 Ayı Piyasası (EMA 50 En Altta),🚨 BB SIKIŞMA,⚪Fiyat Alt_Orta Bant Aralığında,EMA5 Direnç: 48.94 (%0.5 üstte),47.28-47.85 (%1.8 altta),54.75-55.02 (%12.4 üstte),47.33,17.17,-0.64,,,,
2026-07-14 18:50,IWM,294.64,🟢 Yükseliş Trendinde,🔴 SAT,-,-,⚠️ Yükseliş Trendinde Düzeltme (SSL Negatif),🚨 BB SIKIŞMA,⚪Fiyat Alt_Orta Bant Aralığında,EMA55 Destek: 287.35 (%2.5 altta) | EMA21 Direnç: 294.75 (%0.0 üstte),238.69-245.37 (%16.7 altta),-,51.64,12.9,-0.71,,,,
2026-07-14 18:50,MARS,27.56,🔴 Düşüş Trendinde,🔴 SAT,-,-,-,-,⚪Fiyat Alt_Orta Bant Aralığında,EMA5 Direnç: 27.96 (%1.5 üstte),-,-,37.42,21.72,-0.37,,,,
2026-07-14 18:50,NASA,25.77,🔴 Düşüş Trendinde,🔴 SAT,-,-,-,-,⚪Fiyat Alt_Orta Bant Aralığında,EMA5 Direnç: 26.15 (%1.5 üstte),-,-,36.55,17.82,-0.48,,,,
2026-07-14 18:50,PA=F,1308.5,🔥 AL (Taze Kırılım),🟢 AL (Trend Onaylı),-,-,🔴 Ayı Piyasası (EMA 50 En Altta),🟡 Normal Genişlik,🟡Fiyat Orta-Üst Bant Aralığında,EMA5 Destek: 1267.15 (%3.2 altta) | EMA55 Direnç: 1336.17 (%2.1 üstte),-,1774.50-1842.00 (%35.6 üstte),54.55,94.33,0.82,,,,
2026-07-14 18:50,PHO,68.66,🟢 Yükseliş Trendinde,🔴 SAT,-,-,🔴 Ayı Piyasası (EMA 50 En Altta),🟡 Normal Genişlik,🟡Fiyat Orta-Üst Bant Aralığında,EMA100 Destek: 68.43 (%0.3 altta) | EMA5 Direnç: 68.81 (%0.2 üstte),-,72.60-73.56 (%5.7 üstte),53.79,37.18,0.02,,,,
2026-07-14 18:50,PL=F,1650.6,🔴 Düşüş Trendinde,🔥 GÜÇLÜ AL (Taze Kırılım),-,-,🔴 Ayı Piyasası (EMA 50 En Altta),🟡 Normal Genişlik,🟡Fiyat Orta-Üst Bant Aralığında,EMA5 Destek: 1623.56 (%1.6 altta) | EMA21 Direnç: 1660.17 (%0.6 üstte),-,-,46.15,91.6,0.44,,,,
2026-07-14 18:50,QQQ,720.6,🔴 Düşüş Trendinde,🔥 GÜÇLÜ AL (Taze Kırılım),-,-,⚠️ Yükseliş Trendinde Düzeltme (SSL Negatif),🟡 Normal Genişlik,⚪Fiyat Alt_Orta Bant Aralığında,EMA21 Destek: 719.29 (%0.2 altta),555.60-568.05 (%21.2 altta),-,51.01,37.51,0.09,,,,
2026-07-14 18:50,SI=F,59.28,🔴 Düşüş Trendinde,🔴 SAT,-,-,🔴 Ayı Piyasası (EMA 50 En Altta),⚪ Yelpaze Açık,⚪Fiyat Alt_Orta Bant Aralığında,EMA5 Destek: 59.23 (%0.1 altta) | EMA21 Direnç: 62.19 (%4.9 üstte),-,86.93-88.89 (%46.6 üstte),40.06,82.36,0.19,,,,
2026-07-14 18:50,SOXX,572.49,🟢 Yükseliş Trendinde,⏳ BEKLE,-,-,⚠️ Yükseliş Trendinde Düzeltme (SSL Negatif),⚪ Yelpaze Açık,⚪Fiyat Alt_Orta Bant Aralığında,EMA5 Destek: 570.65 (%0.3 altta) | EMA21 Direnç: 581.41 (%1.6 üstte),307.26-327.63 (%42.8 altta),-,49.06,17.2,-0.69,,,,
2026-07-14 18:50,VNM,17.64,🔴 Düşüş Trendinde,🔴 SAT,-,-,"📉 Düşüş Hazırlığı (50<100 Kesti, 150 Bekleniyor)",🟠 Daralıyor,⚪Fiyat Alt_Orta Bant Aralığında,EMA5 Direnç: 17.83 (%1.1 üstte),-,19.58-19.78 (%11.0 üstte),38.41,4.96,-0.76,,,,
2026-07-14 18:50,WQTM,33.62,🔴 Düşüş Trendinde,🔴 SAT,-,-,⚠️ Yükseliş Trendinde Düzeltme (SSL Negatif),⚪ Yelpaze Açık,⚪Fiyat Alt_Orta Bant Aralığında,EMA100 Destek: 33.04 (%1.7 altta) | EMA5 Direnç: 34.27 (%1.9 üstte),23.18-24.30 (%27.7 altta),-,39.94,4.48,-0.83,,,,
2026-07-14 18:50,XBI,155.31,🟢 Yükseliş Trendinde,🔴 SAT,-,-,⚠️ Yükseliş Trendinde Düzeltme (SSL Negatif),⚪ Yelpaze Açık,🟡Fiyat Orta-Üst Bant Aralığında,EMA21 Destek: 152.63 (%1.7 altta) | EMA5 Direnç: 157.89 (%1.7 üstte),-,-,58.47,0.0,0.49,,,,
2026-07-14 18:50,XLV,158.41,🟢 Yükseliş Trendinde,🔴 SAT,-,-,⚠️ Yükseliş Trendinde Düzeltme (SSL Negatif),⚪ Yelpaze Açık,🟡Fiyat Orta-Üst Bant Aralığında,EMA21 Destek: 158.07 (%0.2 altta) | EMA5 Direnç: 160.53 (%1.3 üstte),145.31-147.27 (%7.0 altta),-,53.34,26.46,0.53,,,,
2026-07-14 18:50,XU100.IS,14079.97,🟢 Yükseliş Trendinde,🔴 SAT,-,-,⚠️ Yükseliş Trendinde Düzeltme (SSL Negatif),🚨 BB SIKIŞMA,⚪Fiyat Alt_Orta Bant Aralığında,EMA100 Destek: 13797.79 (%2.0 altta) | EMA55 Direnç: 14132.49 (%0.4 üstte),10440.40-10607.40 (%24.7 altta),-,45.34,18.28,-0.25,,,,
2026-07-14 21:21,AIQ,62.17,🔴 Düşüş Trendinde,🔴 SAT,-,-,⚠️ Yükseliş Trendinde Düzeltme (SSL Negatif),🟡 Normal Genişlik,⚪Fiyat Alt_Orta Bant Aralığında,EMA55 Destek: 61.64 (%0.8 altta) | EMA5 Direnç: 62.48 (%0.5 üstte),44.46-45.83 (%26.3 altta),-,46.76,19.21,-0.53,,,,
2026-07-14 21:21,ALUM.L,4.25,🔴 Düşüş Trendinde,🟢 AL (Trend Onaylı),-,-,🟢 EMA Yükselişte (SSL Ok Bekleniyor),⚪ Yelpaze Açık,⚪Fiyat Alt_Orta Bant Aralığında,EMA5 Destek: 4.23 (%0.4 altta) | EMA21 Direnç: 4.31 (%1.4 üstte),3.64-3.71 (%12.7 altta),-,41.45,86.51,0.35,,,,
2026-07-14 21:21,BZ=F,84.36,🟢 Yükseliş Trendinde,🟢 AL (Trend Onaylı),-,-,"📉 Düşüş Hazırlığı (50<100 Kesti, 150 Bekleniyor)",🟠 Daralıyor,🟡Fiyat Orta-Üst Bant Aralığında,EMA5 Destek: 80.18 (%5.0 altta) | EMA55 Direnç: 86.68 (%2.7 üstte),59.45-60.91 (%27.8 altta),106.87-112.69 (%26.7 üstte),55.13,94.27,0.72,,,,
2026-07-14 21:21,CCJ,91.55,🔴 Düşüş Trendinde,🔴 SAT,-,-,"📉 Düşüş Hazırlığı (50<100 Kesti, 150 Bekleniyor)",⚪ Yelpaze Açık,⚪Fiyat Alt_Orta Bant Aralığında,EMA5 Direnç: 93.33 (%1.9 üstte),-,-,34.32,11.62,-0.95,,,,
2026-07-14 21:21,CGW,65.64,🟢 Yükseliş Trendinde,🔥 GÜÇLÜ AL (Taze Kırılım),-,-,🔴 Ayı Piyasası (EMA 50 En Altta),⚪ Yelpaze Açık,🟡Fiyat Orta-Üst Bant Aralığında,EMA5 Destek: 65.37 (%0.4 altta),-,-,58.41,54.66,0.13,,,,
2026-07-14 21:21,COPA,48.4,🔴 Düşüş Trendinde,🔥 GÜÇLÜ AL (Taze Kırılım),-,-,⚠️ Yükseliş Trendinde Düzeltme (SSL Negatif),⚪ Yelpaze Açık,⚪Fiyat Alt_Orta Bant Aralığında,EMA100 Destek: 48.05 (%0.7 altta) | EMA21 Direnç: 48.49 (%0.2 üstte),-,-,48.85,64.13,-0.19,,,,
2026-07-14 21:21,COPX,78.66,🔴 Düşüş Trendinde,🔥 GÜÇLÜ AL (Taze Kırılım),-,-,🟢 EMA Yükselişte (SSL Ok Bekleniyor),⚪ Yelpaze Açık,⚪Fiyat Alt_Orta Bant Aralığında,EMA21 Destek: 78.36 (%0.4 altta) | EMA100 Direnç: 80.12 (%1.9 üstte),-,91.20-93.89 (%15.9 üstte),49.18,69.5,-0.02,,,,
2026-07-14 21:21,EEM,65.64,🔴 Düşüş Trendinde,🔴 SAT,-,-,⚠️ Yükseliş Trendinde Düzeltme (SSL Negatif),🟡 Normal Genişlik,⚪Fiyat Alt_Orta Bant Aralığında,EMA100 Destek: 63.99 (%2.5 altta) | EMA5 Direnç: 65.86 (%0.3 üstte),52.58-53.31 (%18.8 altta),-,45.94,20.96,-0.67,,,,
2026-07-14 21:21,EWZ,35.92,🟢 Yükseliş Trendinde,🟢 AL (Trend Onaylı),-,-,"📉 Düşüş Hazırlığı (50<100 Kesti, 150 Bekleniyor)",🚨 BB SIKIŞMA,🚨Fiyat Bandın Üzerinde!,EMA55 Destek: 35.73 (%0.5 altta) | EMA100 Direnç: 35.92 (%0.0 üstte),-,-,57.79,89.79,0.82,,,,
2026-07-14 21:21,GC=F,4067.5,🔴 Düşüş Trendinde,🔴 SAT,-,-,🔴 Ayı Piyasası (EMA 50 En Altta),🟡 Normal Genişlik,⚪Fiyat Alt_Orta Bant Aralığında,EMA5 Direnç: 4070.23 (%0.1 üstte),-,-,42.38,74.81,0.37,,,,
2026-07-14 21:21,GLTR,182.64,🔴 Düşüş Trendinde,🔴 SAT,-,-,🔴 Ayı Piyasası (EMA 50 En Altta),🟡 Normal Genişlik,⚪Fiyat Alt_Orta Bant Aralığında,EMA5 Direnç: 182.92 (%0.2 üstte),-,-,40.5,74.46,0.39,,,,
2026-07-14 21:21,HG=F,6.36,🔥 AL (Taze Kırılım),🟢 AL (Trend Onaylı),-,-,🟢 EMA Yükselişte (SSL Ok Bekleniyor),⚪ Yelpaze Açık,🟡Fiyat Orta-Üst Bant Aralığında,EMA5 Destek: 6.25 (%1.8 altta),5.79-5.90 (%7.3 altta),-,56.66,99.85,0.78,,,,
2026-07-14 21:21,IBB,189.46,🟢 Yükseliş Trendinde,🔴 SAT,-,-,⚠️ Yükseliş Trendinde Düzeltme (SSL Negatif),⚪ Yelpaze Açık,🟡Fiyat Orta-Üst Bant Aralığında,EMA21 Destek: 186.61 (%1.5 altta) | EMA5 Direnç: 191.71 (%1.2 üstte),163.90-167.80 (%11.4 altta),-,58.93,3.64,0.58,,,,
2026-07-14 21:21,ICLN,19.02,🔴 Düşüş Trendinde,⏳ BEKLE,-,-,⚠️ Yükseliş Trendinde Düzeltme (SSL Negatif),⚪ Yelpaze Açık,⚪Fiyat Alt_Orta Bant Aralığında,EMA200 Destek: 18.43 (%3.1 altta) | EMA5 Direnç: 19.11 (%0.5 üstte),17.38-18.05 (%5.1 altta),21.34-21.75 (%12.2 üstte),40.14,19.42,-0.82,,,,
2026-07-14 21:21,INDA,48.72,🟢 Yükseliş Trendinde,🔴 SAT,-,-,🔴 Ayı Piyasası (EMA 50 En Altta),🚨 BB SIKIŞMA,⚪Fiyat Alt_Orta Bant Aralığında,EMA5 Direnç: 48.95 (%0.5 üstte),47.28-47.85 (%1.8 altta),54.75-55.02 (%12.4 üstte),47.41,17.41,-0.64,,,,
2026-07-14 21:21,IWM,294.75,🟢 Yükseliş Trendinde,🔴 SAT,-,-,⚠️ Yükseliş Trendinde Düzeltme (SSL Negatif),🚨 BB SIKIŞMA,⚪Fiyat Alt_Orta Bant Aralığında,EMA55 Destek: 287.35 (%2.5 altta) | EMA21 Direnç: 294.76 (%0.0 üstte),238.69-245.37 (%16.8 altta),-,51.81,13.32,-0.7,,,,
2026-07-14 21:21,MARS,27.11,🔴 Düşüş Trendinde,🔴 SAT,-,-,-,-,⚪Fiyat Alt_Orta Bant Aralığında,EMA5 Direnç: 27.81 (%2.6 üstte),-,-,35.52,17.47,-0.39,,,,
2026-07-14 21:21,NASA,25.48,🔴 Düşüş Trendinde,🔴 SAT,-,-,-,-,⚪Fiyat Alt_Orta Bant Aralığında,EMA5 Direnç: 26.05 (%2.3 üstte),-,-,35.18,14.56,-0.49,,,,
2026-07-14 21:21,PA=F,1307.5,🔥 AL (Taze Kırılım),🟢 AL (Trend Onaylı),-,-,🔴 Ayı Piyasası (EMA 50 En Altta),🟡 Normal Genişlik,🟡Fiyat Orta-Üst Bant Aralığında,EMA5 Destek: 1266.82 (%3.1 altta) | EMA55 Direnç: 1336.14 (%2.2 üstte),-,1774.50-1842.00 (%35.7 üstte),54.45,94.33,0.82,,,,
2026-07-14 21:21,PHO,68.76,🟢 Yükseliş Trendinde,🔴 SAT,-,-,🔴 Ayı Piyasası (EMA 50 En Altta),🟡 Normal Genişlik,🟡Fiyat Orta-Üst Bant Aralığında,EMA100 Destek: 68.43 (%0.5 altta) | EMA5 Direnç: 68.84 (%0.1 üstte),-,72.60-73.56 (%5.6 üstte),54.52,39.08,0.04,,,,
2026-07-14 21:21,PL=F,1642.0,🔴 Düşüş Trendinde,🔥 GÜÇLÜ AL (Taze Kırılım),-,-,🔴 Ayı Piyasası (EMA 50 En Altta),🟡 Normal Genişlik,⚪Fiyat Alt_Orta Bant Aralığında,EMA5 Destek: 1620.69 (%1.3 altta) | EMA21 Direnç: 1659.39 (%1.1 üstte),-,-,45.2,91.6,0.42,,,,
2026-07-14 21:21,QQQ,721.66,🔴 Düşüş Trendinde,🔥 GÜÇLÜ AL (Taze Kırılım),-,-,⚠️ Yükseliş Trendinde Düzeltme (SSL Negatif),🟠 Daralıyor,⚪Fiyat Alt_Orta Bant Aralığında,EMA21 Destek: 719.38 (%0.3 altta),555.60-568.05 (%21.3 altta),-,51.37,38.71,0.1,,,,
2026-07-14 21:21,SI=F,59.12,🔴 Düşüş Trendinde,🔴 SAT,-,-,🔴 Ayı Piyasası (EMA 50 En Altta),⚪ Yelpaze Açık,⚪Fiyat Alt_Orta Bant Aralığında,EMA5 Direnç: 59.17 (%0.1 üstte),-,86.93-88.89 (%47.0 üstte),39.63,81.25,0.17,,,,
2026-07-14 21:21,SOXX,572.98,🟢 Yükseliş Trendinde,⏳ BEKLE,-,-,⚠️ Yükseliş Trendinde Düzeltme (SSL Negatif),⚪ Yelpaze Açık,⚪Fiyat Alt_Orta Bant Aralığında,EMA5 Destek: 570.82 (%0.4 altta) | EMA21 Direnç: 581.45 (%1.5 üstte),307.26-327.63 (%42.8 altta),-,49.14,17.39,-0.69,,,,
2026-07-14 21:21,VNM,17.62,🔴 Düşüş Trendinde,🔴 SAT,-,-,"📉 Düşüş Hazırlığı (50<100 Kesti, 150 Bekleniyor)",🟠 Daralıyor,🚨Fiyat Bandın Altında!,EMA5 Direnç: 17.83 (%1.1 üstte),-,19.58-19.78 (%11.1 üstte),38.17,4.5,-0.76,,,,
2026-07-14 21:21,WQTM,33.67,🔴 Düşüş Trendinde,🔴 SAT,-,-,⚠️ Yükseliş Trendinde Düzeltme (SSL Negatif),⚪ Yelpaze Açık,⚪Fiyat Alt_Orta Bant Aralığında,EMA100 Destek: 33.04 (%1.9 altta) | EMA5 Direnç: 34.29 (%1.8 üstte),23.18-24.30 (%27.8 altta),-,40.2,5.01,-0.82,,,,
2026-07-14 21:21,XBI,155.85,🟢 Yükseliş Trendinde,🔴 SAT,-,-,⚠️ Yükseliş Trendinde Düzeltme (SSL Negatif),⚪ Yelpaze Açık,🟡Fiyat Orta-Üst Bant Aralığında,EMA21 Destek: 152.68 (%2.0 altta) | EMA5 Direnç: 158.07 (%1.4 üstte),-,-,59.18,1.05,0.51,,,,
2026-07-14 21:21,XLV,158.51,🟢 Yükseliş Trendinde,🔴 SAT,-,-,⚠️ Yükseliş Trendinde Düzeltme (SSL Negatif),⚪ Yelpaze Açık,🟡Fiyat Orta-Üst Bant Aralığında,EMA21 Destek: 158.08 (%0.3 altta) | EMA5 Direnç: 160.57 (%1.3 üstte),145.31-147.27 (%7.1 altta),-,53.57,26.46,0.54,,,,
2026-07-14 21:21,XU100.IS,14079.97,🟢 Yükseliş Trendinde,🔴 SAT,-,-,⚠️ Yükseliş Trendinde Düzeltme (SSL Negatif),🚨 BB SIKIŞMA,⚪Fiyat Alt_Orta Bant Aralığında,EMA100 Destek: 13797.79 (%2.0 altta) | EMA55 Direnç: 14132.49 (%0.4 üstte),10440.40-10607.40 (%24.7 altta),-,45.34,18.28,-0.25,,,,
2026-07-15 14:55,AIQ,61.96,🔴 Düşüş Trendinde,🔴 SAT,-,-,⚠️ Yükseliş Trendinde Düzeltme (SSL Negatif),🟡 Normal Genişlik,⚪Fiyat Alt_Orta Bant Aralığında,EMA55 Destek: 61.64 (%0.5 altta) | EMA5 Direnç: 62.41 (%0.7 üstte),44.46-45.83 (%26.0 altta),-,46.16,17.34,-0.54,,,,
2026-07-15 14:55,ALUM.L,4.23,🔴 Düşüş Trendinde,🟢 AL (Trend Onaylı),-,-,⚪ Karışık / Testere Piyasası,⚪ Yelpaze Açık,⚪Fiyat Alt_Orta Bant Aralığında,EMA200 Destek: 4.16 (%1.8 altta) | EMA5 Direnç: 4.23 (%0.0 üstte),3.64-3.71 (%12.4 altta),-,40.28,90.1,0.56,,,,
2026-07-15 14:55,BZ=F,85.34,🟢 Yükseliş Trendinde,🟢 AL (Trend Onaylı),-,-,"📉 Düşüş Hazırlığı (50<100 Kesti, 150 Bekleniyor)",🟡 Normal Genişlik,🚨Fiyat Bandın Üzerinde!,EMA5 Destek: 81.98 (%3.9 altta) | EMA55 Direnç: 86.64 (%1.5 üstte),59.45-60.91 (%28.6 altta),106.87-112.69 (%25.2 üstte),56.59,100.0,0.81,,,,
2026-07-15 14:55,CCJ,90.2,🔴 Düşüş Trendinde,⏳ BEKLE,🔴 ZAYIFLAMA (Zaten Dipte),🟢 POTANSİYEL DİP,"📉 Düşüş Hazırlığı (50<100 Kesti, 150 Bekleniyor)",⚪ Yelpaze Açık,🚨Fiyat Bandın Altında!,EMA5 Direnç: 94.22 (%4.5 üstte),-,-,31.41,10.56,-0.95,,,,
2026-07-15 14:55,CGW,65.29,🟢 Yükseliş Trendinde,🔴 SAT,-,-,🔴 Ayı Piyasası (EMA 50 En Altta),⚪ Yelpaze Açık,🟡Fiyat Orta-Üst Bant Aralığında,EMA5 Destek: 65.23 (%0.1 altta),-,-,56.28,44.07,0.38,,,,
2026-07-15 14:55,COPA,48.65,🔴 Düşüş Trendinde,🔥 GÜÇLÜ AL (Taze Kırılım),-,-,⚠️ Yükseliş Trendinde Düzeltme (SSL Negatif),⚪ Yelpaze Açık,⚪Fiyat Alt_Orta Bant Aralığında,EMA21 Destek: 48.52 (%0.3 altta) | EMA55 Direnç: 49.03 (%0.8 üstte),-,-,49.55,64.13,-0.15,,,,
2026-07-15 14:55,COPX,74.35,🔴 Düşüş Trendinde,⏳ BEKLE,-,-,⚠️ Yükseliş Trendinde Düzeltme (SSL Negatif),⚪ Yelpaze Açık,⚪Fiyat Alt_Orta Bant Aralığında,EMA200 Destek: 73.17 (%1.6 altta) | EMA5 Direnç: 75.26 (%1.2 üstte),-,-,41.12,48.72,-0.5,,,,
2026-07-15 14:55,EEM,64.5,🔴 Düşüş Trendinde,🔴 SAT,🔴 ZAYIFLAMA (Zaten Dipte),-,⚠️ Yükseliş Trendinde Düzeltme (SSL Negatif),🟠 Daralıyor,⚪Fiyat Alt_Orta Bant Aralığında,EMA100 Destek: 63.96 (%0.8 altta) | EMA5 Direnç: 65.97 (%2.3 üstte),52.58-53.31 (%17.3 altta),-,41.85,16.72,-0.61,,,,
2026-07-15 14:55,EWZ,35.39,🟢 Yükseliş Trendinde,🟢 AL (Trend Onaylı),-,-,"📉 Düşüş Hazırlığı (50<100 Kesti, 150 Bekleniyor)",🚨 BB SIKIŞMA,🟡Fiyat Orta-Üst Bant Aralığında,EMA5 Destek: 35.19 (%0.6 altta) | EMA55 Direnç: 35.72 (%0.9 üstte),-,-,53.64,91.8,0.78,,,,
2026-07-15 14:55,GC=F,4044.0,🔴 Düşüş Trendinde,🔴 SAT,-,-,🔴 Ayı Piyasası (EMA 50 En Altta),🟡 Normal Genişlik,⚪Fiyat Alt_Orta Bant Aralığında,EMA5 Direnç: 4060.06 (%0.4 üstte),-,-,40.96,68.08,0.09,,,,
2026-07-15 14:55,GLTR,179.7,🔴 Düşüş Trendinde,🔴 SAT,🔴 ZAYIFLAMA (Zaten Dipte),-,🔴 Ayı Piyasası (EMA 50 En Altta),🟡 Normal Genişlik,⚪Fiyat Alt_Orta Bant Aralığında,EMA5 Direnç: 183.06 (%1.9 üstte),-,-,36.26,76.25,0.24,,,,
2026-07-15 14:55,HG=F,6.37,🔥 AL (Taze Kırılım),🟢 AL (Trend Onaylı),-,-,🟢 EMA Yükselişte (SSL Ok Bekleniyor),🟡 Normal Genişlik,🟡Fiyat Orta-Üst Bant Aralığında,EMA5 Destek: 6.29 (%1.4 altta),5.79-5.90 (%7.4 altta),-,57.07,99.95,0.78,,,,
2026-07-15 14:55,IBB,189.55,🟢 Yükseliş Trendinde,🔴 SAT,-,-,🟢 EMA Yükselişte (SSL Ok Bekleniyor),⚪ Yelpaze Açık,🟡Fiyat Orta-Üst Bant Aralığında,EMA21 Destek: 186.33 (%1.7 altta) | EMA5 Direnç: 192.83 (%1.7 üstte),163.90-167.80 (%11.5 altta),-,59.09,31.01,0.77,,,,
2026-07-15 14:55,ICLN,18.63,🔴 Düşüş Trendinde,🔴 SAT,🔴 ZAYIFLAMA (Zaten Dipte),-,⚠️ Yükseliş Trendinde Düzeltme (SSL Negatif),⚪ Yelpaze Açık,⚪Fiyat Alt_Orta Bant Aralığında,EMA200 Destek: 18.42 (%1.1 altta) | EMA5 Direnç: 19.15 (%2.8 üstte),17.38-18.05 (%3.1 altta),21.34-21.75 (%14.5 üstte),36.13,13.77,-0.84,,,,
2026-07-15 14:55,INDA,48.73,🟢 Yükseliş Trendinde,🔴 SAT,-,-,🔴 Ayı Piyasası (EMA 50 En Altta),🚨 BB SIKIŞMA,⚪Fiyat Alt_Orta Bant Aralığında,EMA5 Direnç: 48.95 (%0.5 üstte),47.28-47.85 (%1.8 altta),54.75-55.02 (%12.4 üstte),47.5,17.65,-0.64,,,,
2026-07-15 14:55,IWM,293.48,🟢 Yükseliş Trendinde,🔴 SAT,-,-,⚠️ Yükseliş Trendinde Düzeltme (SSL Negatif),🚨 BB SIKIŞMA,⚪Fiyat Alt_Orta Bant Aralığında,EMA55 Destek: 287.08 (%2.2 altta) | EMA21 Direnç: 294.77 (%0.4 üstte),238.69-245.37 (%16.4 altta),-,49.9,22.4,-0.46,,,,
2026-07-15 14:55,MARS,26.86,🔴 Düşüş Trendinde,🔴 SAT,-,-,-,-,⚪Fiyat Alt_Orta Bant Aralığında,EMA5 Direnç: 27.73 (%3.2 üstte),-,-,34.4,14.96,-0.41,,,,
2026-07-15 14:55,NASA,25.21,🔴 Düşüş Trendinde,🔴 SAT,-,-,-,-,⚪Fiyat Alt_Orta Bant Aralığında,EMA5 Direnç: 25.96 (%3.0 üstte),-,-,33.9,11.51,-0.5,,,,
2026-07-15 14:55,PA=F,1302.5,🟢 Yükseliş Trendinde,🟢 AL (Trend Onaylı),-,-,🔴 Ayı Piyasası (EMA 50 En Altta),🟠 Daralıyor,🟡Fiyat Orta-Üst Bant Aralığında,EMA5 Destek: 1276.74 (%2.0 altta) | EMA55 Direnç: 1334.63 (%2.5 üstte),-,1774.50-1842.00 (%36.2 üstte),53.93,94.33,0.82,,,,
2026-07-15 14:55,PHO,68.9,🟢 Yükseliş Trendinde,🔴 SAT,-,-,🔴 Ayı Piyasası (EMA 50 En Altta),⚪ Yelpaze Açık,🟡Fiyat Orta-Üst Bant Aralığında,EMA5 Destek: 68.88 (%0.0 altta) | EMA200 Direnç: 69.76 (%1.3 üstte),-,72.60-73.56 (%5.4 üstte),55.58,40.59,0.39,,,,
2026-07-15 14:55,PL=F,1633.5,🔴 Düşüş Trendinde,🟢 AL (Trend Onaylı),-,-,🔴 Ayı Piyasası (EMA 50 En Altta),🟠 Daralıyor,⚪Fiyat Alt_Orta Bant Aralığında,EMA5 Destek: 1622.63 (%0.7 altta) | EMA21 Direnç: 1656.17 (%1.4 üstte),-,-,44.24,94.15,0.39,,,,
2026-07-15 14:55,QQQ,711.74,🔴 Düşüş Trendinde,⏳ BEKLE,-,-,⚠️ Yükseliş Trendinde Düzeltme (SSL Negatif),🟡 Normal Genişlik,⚪Fiyat Alt_Orta Bant Aralığında,EMA55 Destek: 702.80 (%1.3 altta) | EMA5 Direnç: 717.59 (%0.8 üstte),555.60-568.05 (%20.2 altta),-,47.73,37.41,0.12,,,,
2026-07-15 14:55,SI=F,58.47,🔴 Düşüş Trendinde,🔴 SAT,-,-,🔴 Ayı Piyasası (EMA 50 En Altta),⚪ Yelpaze Açık,⚪Fiyat Alt_Orta Bant Aralığında,EMA5 Direnç: 58.86 (%0.7 üstte),-,86.93-88.89 (%48.7 üstte),38.12,75.75,-0.09,,,,
2026-07-15 14:55,SOXX,553.61,🟢 Yükseliş Trendinde,🔴 SAT,🔴 ZAYIFLAMA (Zaten Dipte),-,⚠️ Yükseliş Trendinde Düzeltme (SSL Negatif),⚪ Yelpaze Açık,⚪Fiyat Alt_Orta Bant Aralığında,EMA55 Destek: 542.82 (%1.9 altta) | EMA5 Direnç: 569.73 (%2.9 üstte),307.26-327.63 (%40.8 altta),-,45.7,16.31,-0.69,,,,
2026-07-15 14:55,VNM,17.53,🩸 SAT (Trend Kırıldı),🔴 SAT,-,-,"📉 Düşüş Hazırlığı (50<100 Kesti, 150 Bekleniyor)",🚨 BB SIKIŞMA,🚨Fiyat Bandın Altında!,EMA5 Direnç: 17.93 (%2.3 üstte),-,19.58-19.78 (%11.7 üstte),35.83,1.12,-0.6,,,,
2026-07-15 14:55,WQTM,33.71,🔴 Düşüş Trendinde,🔴 SAT,-,-,⚠️ Yükseliş Trendinde Düzeltme (SSL Negatif),⚪ Yelpaze Açık,⚪Fiyat Alt_Orta Bant Aralığında,EMA100 Destek: 33.04 (%2.0 altta) | EMA5 Direnç: 34.30 (%1.7 üstte),23.18-24.30 (%27.9 altta),-,40.4,5.43,-0.82,,,,
2026-07-15 14:55,XBI,155.34,🟢 Yükseliş Trendinde,🔴 SAT,-,-,⚠️ Yükseliş Trendinde Düzeltme (SSL Negatif),⚪ Yelpaze Açık,🟡Fiyat Orta-Üst Bant Aralığında,EMA21 Destek: 152.36 (%1.9 altta) | EMA5 Direnç: 159.18 (%2.5 üstte),-,-,58.53,30.82,0.73,,,,
2026-07-15 14:55,XLV,161.41,🟢 Yükseliş Trendinde,⏳ BEKLE,-,-,🟢 EMA Yükselişte (SSL Ok Bekleniyor),⚪ Yelpaze Açık,🟡Fiyat Orta-Üst Bant Aralığında,EMA21 Destek: 158.04 (%2.1 altta) | EMA5 Direnç: 161.60 (%0.1 üstte),145.31-147.27 (%8.8 altta),-,61.23,48.32,0.77,,,,
2026-07-15 14:55,XU100.IS,14092.0,🟢 Yükseliş Trendinde,🔴 SAT,-,-,⚠️ Yükseliş Trendinde Düzeltme (SSL Negatif),🚨 BB SIKIŞMA,⚪Fiyat Alt_Orta Bant Aralığında,EMA100 Destek: 13792.32 (%2.1 altta) | EMA55 Direnç: 14134.45 (%0.3 üstte),10440.40-10607.40 (%24.7 altta),-,45.62,18.28,-0.13,,,,
2026-07-15 18:57,AIQ,60.81,🔴 Düşüş Trendinde,🔴 SAT,-,-,⚠️ Yükseliş Trendinde Düzeltme (SSL Negatif),🟡 Normal Genişlik,⚪Fiyat Alt_Orta Bant Aralığında,EMA100 Destek: 58.81 (%3.3 altta) | EMA55 Direnç: 61.61 (%1.3 üstte),44.46-45.83 (%24.6 altta),-,43.32,6.16,-0.67,,,,
2026-07-15 18:57,ALUM.L,4.21,🔴 Düşüş Trendinde,🟢 AL (Trend Onaylı),-,-,⚪ Karışık / Testere Piyasası,⚪ Yelpaze Açık,⚪Fiyat Alt_Orta Bant Aralığında,EMA200 Destek: 4.16 (%1.3 altta) | EMA5 Direnç: 4.22 (%0.3 üstte),3.64-3.71 (%12.0 altta),-,39.1,87.57,0.53,,,,
2026-07-15 18:57,BZ=F,83.82,🟢 Yükseliş Trendinde,🟢 AL (Trend Onaylı),-,-,"📉 Düşüş Hazırlığı (50<100 Kesti, 150 Bekleniyor)",🟠 Daralıyor,🟡Fiyat Orta-Üst Bant Aralığında,EMA5 Destek: 81.48 (%2.8 altta) | EMA55 Direnç: 86.59 (%3.3 üstte),59.45-60.91 (%27.3 altta),106.87-112.69 (%27.5 üstte),53.97,98.1,0.8,,,,
2026-07-15 18:57,CCJ,90.52,🔴 Düşüş Trendinde,🔴 SAT,-,-,"📉 Düşüş Hazırlığı (50<100 Kesti, 150 Bekleniyor)",⚪ Yelpaze Açık,⚪Fiyat Alt_Orta Bant Aralığında,EMA5 Direnç: 92.40 (%2.1 üstte),-,-,33.18,9.92,-0.94,,,,
2026-07-15 18:57,CGW,65.44,🟢 Yükseliş Trendinde,⏳ BEKLE,🟡 RİSKLİ AL (0 Üstü - Hacimsiz),-,"📉 Düşüş Hazırlığı (50<100 Kesti, 150 Bekleniyor)",⚪ Yelpaze Açık,🟡Fiyat Orta-Üst Bant Aralığında,EMA5 Destek: 65.41 (%0.1 altta),-,-,56.56,48.76,-0.15,,,,
2026-07-15 18:57,COPA,48.01,🔴 Düşüş Trendinde,🟢 AL (Trend Onaylı),-,-,⚠️ Yükseliş Trendinde Düzeltme (SSL Negatif),⚪ Yelpaze Açık,⚪Fiyat Alt_Orta Bant Aralığında,EMA5 Destek: 47.65 (%0.7 altta) | EMA100 Direnç: 48.05 (%0.1 üstte),-,-,47.74,75.84,-0.13,,,,
2026-07-15 18:57,COPX,77.05,🔴 Düşüş Trendinde,🟢 AL (Trend Onaylı),-,-,🟢 EMA Yükselişte (SSL Ok Bekleniyor),⚪ Yelpaze Açık,⚪Fiyat Alt_Orta Bant Aralığında,EMA5 Destek: 76.63 (%0.5 altta) | EMA21 Direnç: 78.25 (%1.6 üstte),-,91.20-93.89 (%18.4 üstte),46.62,75.76,0.03,,,,
2026-07-15 18:57,EEM,65.24,🔴 Düşüş Trendinde,⏳ BEKLE,-,-,⚠️ Yükseliş Trendinde Düzeltme (SSL Negatif),🟡 Normal Genişlik,⚪Fiyat Alt_Orta Bant Aralığında,EMA100 Destek: 64.02 (%1.9 altta) | EMA5 Direnç: 65.66 (%0.6 üstte),52.58-53.31 (%18.3 altta),-,44.76,21.28,-0.73,,,,
2026-07-15 18:57,EWZ,35.88,🟢 Yükseliş Trendinde,🟢 AL (Trend Onaylı),-,-,"📉 Düşüş Hazırlığı (50<100 Kesti, 150 Bekleniyor)",🚨 BB SIKIŞMA,🟡Fiyat Orta-Üst Bant Aralığında,EMA55 Destek: 35.74 (%0.4 altta) | EMA100 Direnç: 35.92 (%0.1 üstte),-,-,57.08,87.25,0.83,,,,
2026-07-15 18:57,GC=F,4055.5,🔴 Düşüş Trendinde,🔴 SAT,-,-,🔴 Ayı Piyasası (EMA 50 En Altta),🟡 Normal Genişlik,⚪Fiyat Alt_Orta Bant Aralığında,EMA5 Direnç: 4063.90 (%0.2 üstte),-,-,41.6,69.86,0.12,,,,
2026-07-15 18:57,GLTR,181.23,🔴 Düşüş Trendinde,🔴 SAT,-,-,🔴 Ayı Piyasası (EMA 50 En Altta),🟠 Daralıyor,⚪Fiyat Alt_Orta Bant Aralığında,EMA5 Direnç: 182.35 (%0.6 üstte),-,-,39.14,68.76,0.12,,,,
2026-07-15 18:57,HG=F,6.37,🔥 AL (Taze Kırılım),🟢 AL (Trend Onaylı),-,-,🟢 EMA Yükselişte (SSL Ok Bekleniyor),🟡 Normal Genişlik,🟡Fiyat Orta-Üst Bant Aralığında,EMA5 Destek: 6.28 (%1.4 altta),5.79-5.90 (%7.4 altta),-,57.01,99.95,0.78,,,,
2026-07-15 18:57,IBB,189.52,🟢 Yükseliş Trendinde,🔴 SAT,-,-,⚠️ Yükseliş Trendinde Düzeltme (SSL Negatif),⚪ Yelpaze Açık,🟡Fiyat Orta-Üst Bant Aralığında,EMA21 Destek: 186.81 (%1.4 altta) | EMA5 Direnç: 190.80 (%0.7 üstte),163.90-167.80 (%11.5 altta),-,58.64,1.74,0.31,,,,
2026-07-15 18:57,ICLN,18.94,🔴 Düşüş Trendinde,⏳ BEKLE,-,-,⚠️ Yükseliş Trendinde Düzeltme (SSL Negatif),⚪ Yelpaze Açık,⚪Fiyat Alt_Orta Bant Aralığında,EMA200 Destek: 18.44 (%2.7 altta) | EMA5 Direnç: 19.06 (%0.6 üstte),17.38-18.05 (%4.7 altta),21.34-21.75 (%12.7 üstte),39.73,26.49,-0.8,,,,
2026-07-15 18:57,INDA,48.76,🟢 Yükseliş Trendinde,🔴 SAT,-,-,🔴 Ayı Piyasası (EMA 50 En Altta),🚨 BB SIKIŞMA,⚪Fiyat Alt_Orta Bant Aralığında,EMA5 Direnç: 48.89 (%0.3 üstte),47.28-47.85 (%1.9 altta),54.75-55.02 (%12.3 üstte),47.87,7.97,-0.65,,,,
2026-07-15 18:57,IWM,295.64,🟢 Yükseliş Trendinde,⏳ BEKLE,-,-,⚠️ Yükseliş Trendinde Düzeltme (SSL Negatif),🚨 BB SIKIŞMA,⚪Fiyat Alt_Orta Bant Aralığında,EMA5 Destek: 295.31 (%0.1 altta),238.69-245.37 (%17.0 altta),-,53.18,12.26,-0.82,,,,
2026-07-15 18:57,MARS,26.41,🔴 Düşüş Trendinde,🔴 SAT,-,-,-,-,⚪Fiyat Alt_Orta Bant Aralığında,EMA5 Direnç: 27.29 (%3.3 üstte),-,-,33.28,7.7,-0.58,,,,
2026-07-15 18:57,NASA,24.67,🔴 Düşüş Trendinde,🔴 SAT,-,-,-,-,⚪Fiyat Alt_Orta Bant Aralığında,EMA5 Direnç: 25.53 (%3.5 üstte),-,-,32.5,3.79,-0.64,,,,
2026-07-15 18:57,PA=F,1298.5,🟢 Yükseliş Trendinde,🟢 AL (Trend Onaylı),-,-,🔴 Ayı Piyasası (EMA 50 En Altta),🟠 Daralıyor,🟡Fiyat Orta-Üst Bant Aralığında,EMA5 Destek: 1275.40 (%1.8 altta) | EMA55 Direnç: 1334.49 (%2.8 üstte),-,1774.50-1842.00 (%36.7 üstte),53.44,94.3,0.82,,,,
2026-07-15 18:57,PHO,68.46,🟢 Yükseliş Trendinde,🔴 SAT,-,-,🔴 Ayı Piyasası (EMA 50 En Altta),🟡 Normal Genişlik,🟡Fiyat Orta-Üst Bant Aralığında,EMA100 Destek: 68.43 (%0.0 altta) | EMA5 Direnç: 68.71 (%0.4 üstte),-,72.60-73.56 (%6.0 üstte),52.22,25.15,-0.37,,,,
2026-07-15 18:57,PL=F,1646.3,🔴 Düşüş Trendinde,🟢 AL (Trend Onaylı),-,-,🔴 Ayı Piyasası (EMA 50 En Altta),🟠 Daralıyor,🟡Fiyat Orta-Üst Bant Aralığında,EMA5 Destek: 1626.89 (%1.2 altta) | EMA21 Direnç: 1657.33 (%0.7 üstte),-,-,45.81,94.15,0.43,,,,
2026-07-15 18:57,QQQ,714.5,🔴 Düşüş Trendinde,⏳ BEKLE,-,-,⚠️ Yükseliş Trendinde Düzeltme (SSL Negatif),🟠 Daralıyor,⚪Fiyat Alt_Orta Bant Aralığında,EMA55 Destek: 703.80 (%1.5 altta) | EMA5 Direnç: 717.03 (%0.4 üstte),555.60-568.05 (%20.5 altta),-,48.75,25.5,-0.11,,,,
2026-07-15 18:57,SI=F,58.07,🔴 Düşüş Trendinde,🔴 SAT,-,-,🔴 Ayı Piyasası (EMA 50 En Altta),⚪ Yelpaze Açık,⚪Fiyat Alt_Orta Bant Aralığında,EMA5 Direnç: 58.73 (%1.1 üstte),-,86.93-88.89 (%49.7 üstte),37.4,73.72,-0.13,,,,
2026-07-15 18:57,SOXX,547.18,🩸 SAT (Trend Kırıldı),⏳ BEKLE,-,-,⚠️ Yükseliş Trendinde Düzeltme (SSL Negatif),⚪ Yelpaze Açık,⚪Fiyat Alt_Orta Bant Aralığında,EMA55 Destek: 543.84 (%0.6 altta) | EMA5 Direnç: 561.81 (%2.7 üstte),307.26-327.63 (%40.1 altta),-,44.95,7.68,-0.76,,,,
2026-07-15 18:57,VNM,17.33,🔴 Düşüş Trendinde,🔴 SAT,-,🟢 POTANSİYEL DİP,"📉 Düşüş Hazırlığı (50<100 Kesti, 150 Bekleniyor)",🟡 Normal Genişlik,🚨Fiyat Bandın Altında!,EMA5 Direnç: 17.67 (%1.9 üstte),-,19.58-19.78 (%13.0 üstte),34.51,6.53,-0.82,,,,
2026-07-15 18:57,WQTM,32.45,🔴 Düşüş Trendinde,🔴 SAT,-,-,⚠️ Yükseliş Trendinde Düzeltme (SSL Negatif),⚪ Yelpaze Açık,🚨Fiyat Bandın Altında!,EMA100 Direnç: 33.03 (%1.8 üstte),23.18-24.30 (%25.1 altta),-,36.16,3.54,-0.86,,,,
2026-07-15 18:57,XBI,155.36,🟢 Yükseliş Trendinde,🔴 SAT,-,-,⚠️ Yükseliş Trendinde Düzeltme (SSL Negatif),⚪ Yelpaze Açık,🟡Fiyat Orta-Üst Bant Aralığında,EMA21 Destek: 152.89 (%1.6 altta) | EMA5 Direnç: 157.08 (%1.1 üstte),-,-,58.49,0.23,0.19,,,,
2026-07-15 18:57,XLV,159.18,🟢 Yükseliş Trendinde,🔴 SAT,-,-,⚠️ Yükseliş Trendinde Düzeltme (SSL Negatif),⚪ Yelpaze Açık,🟡Fiyat Orta-Üst Bant Aralığında,EMA21 Destek: 158.16 (%0.6 altta) | EMA5 Direnç: 160.05 (%0.6 üstte),145.31-147.27 (%7.5 altta),-,54.91,14.24,0.22,,,,
2026-07-15 18:57,XU100.IS,14080.0,🟢 Yükseliş Trendinde,🔴 SAT,-,-,⚠️ Yükseliş Trendinde Düzeltme (SSL Negatif),🚨 BB SIKIŞMA,⚪Fiyat Alt_Orta Bant Aralığında,EMA100 Destek: 13798.01 (%2.0 altta) | EMA55 Direnç: 14132.50 (%0.4 üstte),10440.40-10607.40 (%24.7 altta),-,45.34,18.28,-0.25,,,,
2026-07-15 21:37,AIQ,61.18,🔴 Düşüş Trendinde,🔴 SAT,-,-,⚠️ Yükseliş Trendinde Düzeltme (SSL Negatif),🟡 Normal Genişlik,⚪Fiyat Alt_Orta Bant Aralığında,EMA100 Destek: 58.82 (%3.9 altta) | EMA55 Direnç: 61.62 (%0.7 üstte),44.46-45.83 (%25.1 altta),-,44.19,6.16,-0.66,,,,
2026-07-15 21:37,ALUM.L,4.21,🔴 Düşüş Trendinde,🟢 AL (Trend Onaylı),-,-,⚪ Karışık / Testere Piyasası,⚪ Yelpaze Açık,⚪Fiyat Alt_Orta Bant Aralığında,EMA200 Destek: 4.16 (%1.3 altta) | EMA5 Direnç: 4.22 (%0.3 üstte),3.64-3.71 (%12.0 altta),-,39.1,87.57,0.53,,,,
2026-07-15 21:37,BZ=F,84.74,🟢 Yükseliş Trendinde,🟢 AL (Trend Onaylı),-,-,"📉 Düşüş Hazırlığı (50<100 Kesti, 150 Bekleniyor)",🟠 Daralıyor,🟡Fiyat Orta-Üst Bant Aralığında,EMA5 Destek: 81.78 (%3.5 altta) | EMA55 Direnç: 86.62 (%2.2 üstte),59.45-60.91 (%28.1 altta),106.87-112.69 (%26.1 üstte),55.68,100.0,0.8,,,,
2026-07-15 21:37,CCJ,90.68,🔴 Düşüş Trendinde,🔴 SAT,-,-,"📉 Düşüş Hazırlığı (50<100 Kesti, 150 Bekleniyor)",⚪ Yelpaze Açık,⚪Fiyat Alt_Orta Bant Aralığında,EMA5 Direnç: 92.45 (%2.0 üstte),-,-,33.36,10.32,-0.94,,,,
2026-07-15 21:37,CGW,65.39,🟢 Yükseliş Trendinde,⏳ BEKLE,-,-,"📉 Düşüş Hazırlığı (50<100 Kesti, 150 Bekleniyor)",⚪ Yelpaze Açık,🟡Fiyat Orta-Üst Bant Aralığında,EMA21 Destek: 64.77 (%0.9 altta) | EMA5 Direnç: 65.39 (%0.0 üstte),-,-,56.13,47.65,-0.17,,,,
2026-07-15 21:37,COPA,48.01,🔴 Düşüş Trendinde,🟢 AL (Trend Onaylı),-,-,⚠️ Yükseliş Trendinde Düzeltme (SSL Negatif),⚪ Yelpaze Açık,⚪Fiyat Alt_Orta Bant Aralığında,EMA5 Destek: 47.65 (%0.7 altta) | EMA100 Direnç: 48.05 (%0.1 üstte),-,-,47.74,75.84,-0.13,,,,
2026-07-15 21:37,COPX,77.69,🔴 Düşüş Trendinde,🟢 AL (Trend Onaylı),-,-,🟢 EMA Yükselişte (SSL Ok Bekleniyor),⚪ Yelpaze Açık,⚪Fiyat Alt_Orta Bant Aralığında,EMA5 Destek: 76.84 (%1.1 altta) | EMA21 Direnç: 78.31 (%0.8 üstte),-,91.20-93.89 (%17.4 üstte),47.61,78.49,0.08,,,,
2026-07-15 21:37,EEM,65.6,🔴 Düşüş Trendinde,🔴 SAT,-,-,⚠️ Yükseliş Trendinde Düzeltme (SSL Negatif),🟡 Normal Genişlik,⚪Fiyat Alt_Orta Bant Aralığında,EMA100 Destek: 64.03 (%2.4 altta) | EMA5 Direnç: 65.78 (%0.3 üstte),52.58-53.31 (%18.7 altta),-,45.85,24.52,-0.71,,,,
2026-07-15 21:37,EWZ,35.96,🟢 Yükseliş Trendinde,🟢 AL (Trend Onaylı),-,-,"📉 Düşüş Hazırlığı (50<100 Kesti, 150 Bekleniyor)",🚨 BB SIKIŞMA,🟡Fiyat Orta-Üst Bant Aralığında,EMA100 Destek: 35.92 (%0.1 altta),-,-,57.78,88.51,0.83,,,,
2026-07-15 21:37,GC=F,4077.1,🔴 Düşüş Trendinde,🔴 SAT,-,-,🔴 Ayı Piyasası (EMA 50 En Altta),🟡 Normal Genişlik,⚪Fiyat Alt_Orta Bant Aralığında,EMA5 Destek: 4071.10 (%0.1 altta) | EMA21 Direnç: 4137.36 (%1.5 üstte),-,-,43.15,74.22,0.18,,,,
2026-07-15 21:37,GLTR,182.38,🔴 Düşüş Trendinde,🔴 SAT,-,-,🔴 Ayı Piyasası (EMA 50 En Altta),🟠 Daralıyor,⚪Fiyat Alt_Orta Bant Aralığında,EMA5 Direnç: 182.73 (%0.2 üstte),-,-,40.24,71.55,0.17,,,,
2026-07-15 21:37,HG=F,6.39,🔥 AL (Taze Kırılım),🟢 AL (Trend Onaylı),-,-,🟢 EMA Yükselişte (SSL Ok Bekleniyor),🟡 Normal Genişlik,🟡Fiyat Orta-Üst Bant Aralığında,EMA5 Destek: 6.29 (%1.5 altta),5.79-5.90 (%7.6 altta),-,57.63,99.95,0.78,,,,
2026-07-15 21:37,IBB,189.73,🟢 Yükseliş Trendinde,🔴 SAT,-,-,⚠️ Yükseliş Trendinde Düzeltme (SSL Negatif),⚪ Yelpaze Açık,🟡Fiyat Orta-Üst Bant Aralığında,EMA21 Destek: 186.83 (%1.5 altta) | EMA5 Direnç: 190.87 (%0.6 üstte),163.90-167.80 (%11.6 altta),-,58.93,2.14,0.31,,,,
2026-07-15 21:37,ICLN,19.07,🔴 Düşüş Trendinde,⏳ BEKLE,🟢 POTANSİYEL DİP (0 Altı - Hacimsiz),-,⚠️ Yükseliş Trendinde Düzeltme (SSL Negatif),⚪ Yelpaze Açık,⚪Fiyat Alt_Orta Bant Aralığında,EMA200 Destek: 18.44 (%3.3 altta) | EMA5 Direnç: 19.10 (%0.2 üstte),17.38-18.05 (%5.3 altta),21.34-21.75 (%11.9 üstte),40.62,29.4,-0.78,,,,
2026-07-15 21:37,INDA,48.84,🟢 Yükseliş Trendinde,🔴 SAT,-,-,🔴 Ayı Piyasası (EMA 50 En Altta),🚨 BB SIKIŞMA,⚪Fiyat Alt_Orta Bant Aralığında,EMA5 Direnç: 48.91 (%0.2 üstte),47.28-47.85 (%2.0 altta),54.75-55.02 (%12.1 üstte),48.65,10.06,-0.64,,,,
2026-07-15 21:37,IWM,295.74,🟢 Yükseliş Trendinde,⏳ BEKLE,-,-,⚠️ Yükseliş Trendinde Düzeltme (SSL Negatif),🚨 BB SIKIŞMA,⚪Fiyat Alt_Orta Bant Aralığında,EMA5 Destek: 295.34 (%0.1 altta),238.69-245.37 (%17.0 altta),-,53.33,12.63,-0.81,,,,
2026-07-15 21:37,MARS,26.5,🔴 Düşüş Trendinde,🔴 SAT,-,-,-,-,⚪Fiyat Alt_Orta Bant Aralığında,EMA5 Direnç: 27.32 (%3.1 üstte),-,-,33.48,8.17,-0.58,,,,
2026-07-15 21:37,NASA,24.8,🔴 Düşüş Trendinde,🔴 SAT,-,-,-,-,⚪Fiyat Alt_Orta Bant Aralığında,EMA5 Direnç: 25.57 (%3.1 üstte),-,-,32.81,4.04,-0.64,,,,
2026-07-15 21:37,PA=F,1315.5,🟢 Yükseliş Trendinde,🟢 AL (Trend Onaylı),-,-,🔴 Ayı Piyasası (EMA 50 En Altta),🟠 Daralıyor,🟡Fiyat Orta-Üst Bant Aralığında,EMA5 Destek: 1281.07 (%2.6 altta) | EMA55 Direnç: 1335.09 (%1.5 üstte),-,1774.50-1842.00 (%34.9 üstte),55.44,94.33,0.82,,,,
2026-07-15 21:37,PHO,68.47,🟢 Yükseliş Trendinde,🔴 SAT,-,-,🔴 Ayı Piyasası (EMA 50 En Altta),🟡 Normal Genişlik,🟡Fiyat Orta-Üst Bant Aralığında,EMA100 Destek: 68.43 (%0.1 altta) | EMA5 Direnç: 68.72 (%0.4 üstte),-,72.60-73.56 (%6.0 üstte),52.29,25.34,-0.37,,,,
2026-07-15 21:37,PL=F,1682.7,🔴 Düşüş Trendinde,🟢 AL (Trend Onaylı),-,-,🔴 Ayı Piyasası (EMA 50 En Altta),🟠 Daralıyor,🟡Fiyat Orta-Üst Bant Aralığında,EMA21 Destek: 1660.64 (%1.3 altta) | EMA55 Direnç: 1781.20 (%5.9 üstte),-,-,49.82,94.15,0.5,,,,
2026-07-15 21:37,QQQ,717.66,🔴 Düşüş Trendinde,⏳ BEKLE,-,-,⚠️ Yükseliş Trendinde Düzeltme (SSL Negatif),🟠 Daralıyor,⚪Fiyat Alt_Orta Bant Aralığında,EMA55 Destek: 703.91 (%1.9 altta) | EMA5 Direnç: 718.08 (%0.1 üstte),555.60-568.05 (%20.8 altta),-,49.92,29.32,-0.06,,,,
2026-07-15 21:37,SI=F,58.44,🔴 Düşüş Trendinde,🔴 SAT,-,-,🔴 Ayı Piyasası (EMA 50 En Altta),⚪ Yelpaze Açık,⚪Fiyat Alt_Orta Bant Aralığında,EMA5 Direnç: 58.85 (%0.7 üstte),-,86.93-88.89 (%48.8 üstte),38.05,75.55,-0.1,,,,
2026-07-15 21:37,SOXX,553.11,🟢 Yükseliş Trendinde,⏳ BEKLE,-,-,⚠️ Yükseliş Trendinde Düzeltme (SSL Negatif),⚪ Yelpaze Açık,⚪Fiyat Alt_Orta Bant Aralığında,EMA55 Destek: 544.05 (%1.6 altta) | EMA5 Direnç: 563.79 (%1.9 üstte),307.26-327.63 (%40.8 altta),-,45.86,8.84,-0.75,,,,
2026-07-15 21:37,VNM,17.34,🔴 Düşüş Trendinde,🔴 SAT,-,🟢 POTANSİYEL DİP,"📉 Düşüş Hazırlığı (50<100 Kesti, 150 Bekleniyor)",🟡 Normal Genişlik,🚨Fiyat Bandın Altında!,EMA5 Direnç: 17.68 (%1.9 üstte),-,19.58-19.78 (%12.9 üstte),34.64,6.53,-0.82,,,,
2026-07-15 21:37,WQTM,32.74,🔴 Düşüş Trendinde,🔴 SAT,-,-,⚠️ Yükseliş Trendinde Düzeltme (SSL Negatif),⚪ Yelpaze Açık,🚨Fiyat Bandın Altında!,EMA100 Direnç: 33.04 (%0.9 üstte),23.18-24.30 (%25.8 altta),-,37.04,3.54,-0.86,,,,
2026-07-15 21:37,XBI,156.06,🟢 Yükseliş Trendinde,🔴 SAT,-,-,⚠️ Yükseliş Trendinde Düzeltme (SSL Negatif),⚪ Yelpaze Açık,🟡Fiyat Orta-Üst Bant Aralığında,EMA21 Destek: 152.95 (%2.0 altta) | EMA5 Direnç: 157.31 (%0.8 üstte),-,-,59.49,1.8,0.22,,,,
2026-07-15 21:37,XLV,158.88,🟢 Yükseliş Trendinde,🔴 SAT,-,-,⚠️ Yükseliş Trendinde Düzeltme (SSL Negatif),⚪ Yelpaze Açık,🟡Fiyat Orta-Üst Bant Aralığında,EMA21 Destek: 158.14 (%0.5 altta) | EMA5 Direnç: 159.96 (%0.7 üstte),145.31-147.27 (%7.3 altta),-,54.32,13.23,0.21,,,,
2026-07-15 21:37,XU100.IS,14080.0,🟢 Yükseliş Trendinde,🔴 SAT,-,-,⚠️ Yükseliş Trendinde Düzeltme (SSL Negatif),🚨 BB SIKIŞMA,⚪Fiyat Alt_Orta Bant Aralığında,EMA100 Destek: 13798.01 (%2.0 altta) | EMA55 Direnç: 14132.50 (%0.4 üstte),10440.40-10607.40 (%24.7 altta),-,45.34,18.28,-0.25,,,,
2026-07-16 14:59,AIQ,61.12,🔴 Düşüş Trendinde,🔴 SAT,-,-,⚠️ Yükseliş Trendinde Düzeltme (SSL Negatif),🟡 Normal Genişlik,⚪Fiyat Alt_Orta Bant Aralığında,EMA100 Destek: 58.82 (%3.8 altta) | EMA55 Direnç: 61.62 (%0.8 üstte),44.46-45.83 (%25.0 altta),-,44.04,6.16,-0.66,,,,
2026-07-16 14:59,ALUM.L,4.24,🔴 Düşüş Trendinde,🟢 AL (Trend Onaylı),-,-,🟢 EMA Yükselişte (SSL Ok Bekleniyor),⚪ Yelpaze Açık,🟡Fiyat Orta-Üst Bant Aralığında,EMA5 Destek: 4.23 (%0.3 altta) | EMA21 Direnç: 4.30 (%1.2 üstte),3.64-3.71 (%12.6 altta),-,42.25,90.43,0.84,,,,
2026-07-16 14:59,BZ=F,84.5,🟢 Yükseliş Trendinde,🟢 AL (Trend Onaylı),-,-,"📉 Düşüş Hazırlığı (50<100 Kesti, 150 Bekleniyor)",🟡 Normal Genişlik,🟡Fiyat Orta-Üst Bant Aralığında,EMA5 Destek: 82.74 (%2.1 altta) | EMA55 Direnç: 86.55 (%2.4 üstte),59.45-60.91 (%27.9 altta),106.87-112.69 (%26.5 üstte),55.09,98.99,0.9,,,,
2026-07-16 14:59,CCJ,90.98,🔴 Düşüş Trendinde,🔴 SAT,-,-,"📉 Düşüş Hazırlığı (50<100 Kesti, 150 Bekleniyor)",⚪ Yelpaze Açık,⚪Fiyat Alt_Orta Bant Aralığında,EMA5 Direnç: 92.55 (%1.7 üstte),-,-,33.69,11.08,-0.94,,,,
2026-07-16 14:59,CGW,65.34,🟢 Yükseliş Trendinde,⏳ BEKLE,-,-,"📉 Düşüş Hazırlığı (50<100 Kesti, 150 Bekleniyor)",⚪ Yelpaze Açık,🟡Fiyat Orta-Üst Bant Aralığında,EMA21 Destek: 64.77 (%0.9 altta) | EMA5 Direnç: 65.38 (%0.1 üstte),-,-,55.73,46.66,-0.18,,,,
2026-07-16 14:59,COPA,47.87,🔴 Düşüş Trendinde,🟢 AL (Trend Onaylı),-,-,⚠️ Yükseliş Trendinde Düzeltme (SSL Negatif),⚪ Yelpaze Açık,⚪Fiyat Alt_Orta Bant Aralığında,EMA5 Destek: 47.60 (%0.6 altta) | EMA100 Direnç: 48.05 (%0.4 üstte),-,-,47.38,74.81,-0.15,,,,
2026-07-16 14:59,COPX,77.26,🔴 Düşüş Trendinde,🟢 AL (Trend Onaylı),-,-,🟢 EMA Yükselişte (SSL Ok Bekleniyor),⚪ Yelpaze Açık,⚪Fiyat Alt_Orta Bant Aralığında,EMA5 Destek: 76.70 (%0.7 altta) | EMA21 Direnç: 78.27 (%1.3 üstte),-,91.20-93.89 (%18.0 üstte),46.94,76.64,0.05,,,,
2026-07-16 14:59,EEM,65.57,🔴 Düşüş Trendinde,🔴 SAT,-,-,⚠️ Yükseliş Trendinde Düzeltme (SSL Negatif),🟡 Normal Genişlik,⚪Fiyat Alt_Orta Bant Aralığında,EMA100 Destek: 64.03 (%2.4 altta) | EMA5 Direnç: 65.77 (%0.3 üstte),52.58-53.31 (%18.7 altta),-,45.75,24.25,-0.71,,,,
2026-07-16 14:59,EWZ,35.88,🟢 Yükseliş Trendinde,🟢 AL (Trend Onaylı),-,-,"📉 Düşüş Hazırlığı (50<100 Kesti, 150 Bekleniyor)",🚨 BB SIKIŞMA,🟡Fiyat Orta-Üst Bant Aralığında,EMA55 Destek: 35.74 (%0.4 altta) | EMA100 Direnç: 35.92 (%0.1 üstte),-,-,57.03,87.17,0.83,,,,
2026-07-16 14:59,GC=F,4048.0,🔴 Düşüş Trendinde,🔴 SAT,-,-,🔴 Ayı Piyasası (EMA 50 En Altta),🟠 Daralıyor,⚪Fiyat Alt_Orta Bant Aralığında,EMA5 Direnç: 4056.04 (%0.2 üstte),-,-,41.3,75.11,-0.1,,,,
2026-07-16 14:59,GLTR,181.87,🔴 Düşüş Trendinde,🔴 SAT,-,-,🔴 Ayı Piyasası (EMA 50 En Altta),🟠 Daralıyor,⚪Fiyat Alt_Orta Bant Aralığında,EMA5 Direnç: 182.56 (%0.4 üstte),-,-,39.74,70.28,0.15,,,,
2026-07-16 14:59,HG=F,6.39,🔥 AL (Taze Kırılım),🟢 AL (Trend Onaylı),-,-,🟢 EMA Yükselişte (SSL Ok Bekleniyor),🟡 Normal Genişlik,🟡Fiyat Orta-Üst Bant Aralığında,EMA5 Destek: 6.30 (%1.3 altta),5.79-5.90 (%7.6 altta),-,57.4,95.24,0.78,,,,
2026-07-16 14:59,IBB,189.9,🟢 Yükseliş Trendinde,🔴 SAT,-,-,⚠️ Yükseliş Trendinde Düzeltme (SSL Negatif),⚪ Yelpaze Açık,🟡Fiyat Orta-Üst Bant Aralığında,EMA21 Destek: 186.84 (%1.6 altta) | EMA5 Direnç: 190.93 (%0.5 üstte),163.90-167.80 (%11.6 altta),-,59.16,2.47,0.32,,,,
2026-07-16 14:59,ICLN,19.08,🔴 Düşüş Trendinde,⏳ BEKLE,🟢 POTANSİYEL DİP (0 Altı - Hacimsiz),-,⚠️ Yükseliş Trendinde Düzeltme (SSL Negatif),⚪ Yelpaze Açık,⚪Fiyat Alt_Orta Bant Aralığında,EMA200 Destek: 18.43 (%3.4 altta) | EMA5 Direnç: 19.11 (%0.1 üstte),17.38-18.05 (%5.4 altta),21.34-21.75 (%11.8 üstte),40.72,29.73,-0.78,,,,
2026-07-16 14:59,INDA,48.72,🟢 Yükseliş Trendinde,🔴 SAT,-,-,🔴 Ayı Piyasası (EMA 50 En Altta),🚨 BB SIKIŞMA,⚪Fiyat Alt_Orta Bant Aralığında,EMA5 Direnç: 48.87 (%0.3 üstte),47.28-47.85 (%1.8 altta),54.75-55.02 (%12.4 üstte),47.41,6.71,-0.66,,,,
2026-07-16 14:59,IWM,295.77,🟢 Yükseliş Trendinde,⏳ BEKLE,-,-,⚠️ Yükseliş Trendinde Düzeltme (SSL Negatif),🚨 BB SIKIŞMA,⚪Fiyat Alt_Orta Bant Aralığında,EMA5 Destek: 295.35 (%0.1 altta),238.69-245.37 (%17.0 altta),-,53.37,12.74,-0.81,,,,
2026-07-16 14:59,MARS,26.26,🔴 Düşüş Trendinde,🔴 SAT,-,-,-,-,⚪Fiyat Alt_Orta Bant Aralığında,EMA5 Direnç: 27.24 (%3.7 üstte),-,-,32.92,6.91,-0.59,,,,
2026-07-16 14:59,NASA,24.72,🔴 Düşüş Trendinde,🔴 SAT,-,-,-,-,⚪Fiyat Alt_Orta Bant Aralığında,EMA5 Direnç: 25.55 (%3.4 üstte),-,-,32.62,3.79,-0.64,,,,
2026-07-16 14:59,PA=F,1291.5,🟢 Yükseliş Trendinde,🟢 AL (Trend Onaylı),-,-,🔴 Ayı Piyasası (EMA 50 En Altta),🟠 Daralıyor,🟡Fiyat Orta-Üst Bant Aralığında,EMA5 Destek: 1277.37 (%1.1 altta) | EMA55 Direnç: 1332.42 (%3.2 üstte),-,1774.50-1842.00 (%37.4 üstte),52.44,94.28,0.79,,,,
2026-07-16 14:59,PHO,68.31,🟢 Yükseliş Trendinde,🔴 SAT,-,-,🔴 Ayı Piyasası (EMA 50 En Altta),🟡 Normal Genişlik,⚪Fiyat Alt_Orta Bant Aralığında,EMA55 Destek: 67.95 (%0.5 altta) | EMA21 Direnç: 68.33 (%0.0 üstte),-,72.60-73.56 (%6.3 üstte),51.14,22.63,-0.4,,,,
2026-07-16 14:59,PL=F,1668.1,🔴 Düşüş Trendinde,🟢 AL (Trend Onaylı),-,-,🔴 Ayı Piyasası (EMA 50 En Altta),🚨 BB SIKIŞMA,🟡Fiyat Orta-Üst Bant Aralığında,EMA21 Destek: 1657.09 (%0.7 altta) | EMA55 Direnç: 1775.39 (%6.4 üstte),-,-,48.59,100.0,0.52,,,,
2026-07-16 14:59,QQQ,717.74,🔴 Düşüş Trendinde,⏳ BEKLE,-,-,⚠️ Yükseliş Trendinde Düzeltme (SSL Negatif),🟠 Daralıyor,⚪Fiyat Alt_Orta Bant Aralığında,EMA55 Destek: 703.91 (%1.9 altta) | EMA5 Direnç: 718.11 (%0.1 üstte),555.60-568.05 (%20.9 altta),-,49.95,29.41,-0.06,,,,
2026-07-16 14:59,SI=F,57.09,🔴 Düşüş Trendinde,🔴 SAT,-,-,🔴 Ayı Piyasası (EMA 50 En Altta),🟠 Daralıyor,⚪Fiyat Alt_Orta Bant Aralığında,EMA5 Direnç: 57.97 (%1.5 üstte),-,86.93-88.89 (%52.3 üstte),35.75,68.08,-0.46,,,,
2026-07-16 14:59,SOXX,555.27,🟢 Yükseliş Trendinde,⏳ BEKLE,-,-,⚠️ Yükseliş Trendinde Düzeltme (SSL Negatif),⚪ Yelpaze Açık,⚪Fiyat Alt_Orta Bant Aralığında,EMA55 Destek: 544.13 (%2.0 altta) | EMA5 Direnç: 564.51 (%1.7 üstte),307.26-327.63 (%41.0 altta),-,46.19,9.64,-0.75,,,,
2026-07-16 14:59,VNM,17.34,🔴 Düşüş Trendinde,🔴 SAT,-,🟢 POTANSİYEL DİP,"📉 Düşüş Hazırlığı (50<100 Kesti, 150 Bekleniyor)",🟡 Normal Genişlik,🚨Fiyat Bandın Altında!,EMA5 Direnç: 17.67 (%1.9 üstte),-,19.58-19.78 (%12.9 üstte),34.57,6.53,-0.82,,,,
2026-07-16 14:59,WQTM,32.69,🔴 Düşüş Trendinde,🔴 SAT,-,-,⚠️ Yükseliş Trendinde Düzeltme (SSL Negatif),⚪ Yelpaze Açık,🚨Fiyat Bandın Altında!,EMA100 Direnç: 33.04 (%1.1 üstte),23.18-24.30 (%25.7 altta),-,36.88,3.54,-0.86,,,,
2026-07-16 14:59,XBI,156.22,🟢 Yükseliş Trendinde,🔴 SAT,-,-,⚠️ Yükseliş Trendinde Düzeltme (SSL Negatif),⚪ Yelpaze Açık,🟡Fiyat Orta-Üst Bant Aralığında,EMA21 Destek: 152.97 (%2.1 altta) | EMA5 Direnç: 157.37 (%0.7 üstte),-,-,59.71,2.14,0.22,,,,
2026-07-16 14:59,XLV,158.29,🟢 Yükseliş Trendinde,🔴 SAT,-,-,⚠️ Yükseliş Trendinde Düzeltme (SSL Negatif),⚪ Yelpaze Açık,🟡Fiyat Orta-Üst Bant Aralığında,EMA21 Destek: 158.08 (%0.1 altta) | EMA5 Direnç: 159.76 (%0.9 üstte),145.31-147.27 (%7.0 altta),-,53.07,11.07,0.17,,,,
2026-07-16 14:59,XU100.IS,14216.46,🟢 Yükseliş Trendinde,🔴 SAT,-,-,⚠️ Yükseliş Trendinde Düzeltme (SSL Negatif),🚨 BB SIKIŞMA,⚪Fiyat Alt_Orta Bant Aralığında,EMA5 Destek: 14187.66 (%0.2 altta) | EMA21 Direnç: 14255.27 (%0.3 üstte),10440.40-10607.40 (%25.4 altta),-,49.13,12.71,-0.3,,,,
2026-07-16 18:51,AIQ,59.76,🔴 Düşüş Trendinde,🔴 SAT,-,-,⚠️ Yükseliş Trendinde Düzeltme (SSL Negatif),🟡 Normal Genişlik,🚨Fiyat Bandın Altında!,EMA100 Destek: 58.83 (%1.5 altta) | EMA5 Direnç: 61.24 (%2.5 üstte),44.46-45.83 (%23.3 altta),-,40.78,6.16,-0.72,,,,
2026-07-16 18:51,ALUM.L,4.27,🔴 Düşüş Trendinde,🟢 AL (Trend Onaylı),-,-,🟢 EMA Yükselişte (SSL Ok Bekleniyor),⚪ Yelpaze Açık,🟡Fiyat Orta-Üst Bant Aralığında,EMA5 Destek: 4.24 (%0.7 altta) | EMA21 Direnç: 4.30 (%0.6 üstte),3.64-3.71 (%13.2 altta),-,44.5,90.8,0.86,,,,
2026-07-16 18:51,BZ=F,84.58,🟢 Yükseliş Trendinde,🟢 AL (Trend Onaylı),-,-,"📉 Düşüş Hazırlığı (50<100 Kesti, 150 Bekleniyor)",🟡 Normal Genişlik,🟡Fiyat Orta-Üst Bant Aralığında,EMA5 Destek: 82.76 (%2.1 altta) | EMA55 Direnç: 86.55 (%2.3 üstte),59.45-60.91 (%28.0 altta),106.87-112.69 (%26.4 üstte),55.25,99.16,0.9,,,,
2026-07-16 18:51,CCJ,87.8,🔴 Düşüş Trendinde,🔴 SAT,-,-,🔴 Ayı Piyasası (EMA 50 En Altta),⚪ Yelpaze Açık,⚪Fiyat Alt_Orta Bant Aralığında,EMA5 Direnç: 90.97 (%3.6 üstte),-,-,30.26,11.08,-0.94,,,,
2026-07-16 18:51,CGW,66.12,🟢 Yükseliş Trendinde,🔥 GÜÇLÜ AL (Taze Kırılım),🟡 RİSKLİ AL (0 Üstü - Hacimsiz),-,🚀 ASIL SİNYAL: GÜÇLÜ AL (EMA Sıralı + SSL Onay),⚪ Yelpaze Açık,🟡Fiyat Orta-Üst Bant Aralığında,EMA5 Destek: 65.62 (%0.8 altta),-,-,60.39,54.88,-0.02,,,,
2026-07-16 18:51,COPA,46.6,🔴 Düşüş Trendinde,⏳ BEKLE,-,-,⚠️ Yükseliş Trendinde Düzeltme (SSL Negatif),🟠 Daralıyor,⚪Fiyat Alt_Orta Bant Aralığında,EMA200 Destek: 44.12 (%5.3 altta) | EMA5 Direnç: 47.27 (%1.4 üstte),-,-,44.01,78.61,-0.22,,,,
2026-07-16 18:51,COPX,75.43,🔴 Düşüş Trendinde,🟢 AL (Trend Onaylı),-,-,🟢 EMA Yükselişte (SSL Ok Bekleniyor),🟠 Daralıyor,⚪Fiyat Alt_Orta Bant Aralığında,EMA200 Destek: 73.32 (%2.8 altta) | EMA5 Direnç: 76.28 (%1.1 üstte),-,91.20-93.89 (%20.9 üstte),44.11,79.14,0.03,,,,
2026-07-16 18:51,EEM,64.59,🔴 Düşüş Trendinde,🔴 SAT,-,-,⚠️ Yükseliş Trendinde Düzeltme (SSL Negatif),🟡 Normal Genişlik,⚪Fiyat Alt_Orta Bant Aralığında,EMA100 Destek: 64.04 (%0.9 altta) | EMA5 Direnç: 65.38 (%1.2 üstte),52.58-53.31 (%17.5 altta),-,42.77,26.99,-0.72,,,,
2026-07-16 18:51,EWZ,35.65,🟢 Yükseliş Trendinde,⏳ BEKLE,-,-,"📉 Düşüş Hazırlığı (50<100 Kesti, 150 Bekleniyor)",🚨 BB SIKIŞMA,🟡Fiyat Orta-Üst Bant Aralığında,EMA5 Destek: 35.62 (%0.1 altta) | EMA55 Direnç: 35.73 (%0.2 üstte),-,-,54.62,86.91,0.82,,,,
2026-07-16 18:51,GC=F,4015.0,🔴 Düşüş Trendinde,🔴 SAT,-,-,🔴 Ayı Piyasası (EMA 50 En Altta),🟡 Normal Genişlik,⚪Fiyat Alt_Orta Bant Aralığında,EMA5 Direnç: 4045.04 (%0.7 üstte),-,-,39.33,68.88,-0.17,,,,
2026-07-16 18:51,GLTR,178.54,🔴 Düşüş Trendinde,🔴 SAT,-,-,🔴 Ayı Piyasası (EMA 50 En Altta),🚨 BB SIKIŞMA,⚪Fiyat Alt_Orta Bant Aralığında,EMA5 Direnç: 181.22 (%1.5 üstte),-,-,36.6,65.57,-0.2,,,,
2026-07-16 18:51,HG=F,6.37,🔥 AL (Taze Kırılım),🟢 AL (Trend Onaylı),-,-,🟢 EMA Yükselişte (SSL Ok Bekleniyor),🟡 Normal Genişlik,🟡Fiyat Orta-Üst Bant Aralığında,EMA5 Destek: 6.30 (%1.2 altta),5.79-5.90 (%7.4 altta),-,56.87,95.24,0.78,,,,
2026-07-16 18:51,IBB,189.93,🟢 Yükseliş Trendinde,🔴 SAT,-,-,⚠️ Yükseliş Trendinde Düzeltme (SSL Negatif),⚪ Yelpaze Açık,🟡Fiyat Orta-Üst Bant Aralığında,EMA21 Destek: 187.13 (%1.5 altta) | EMA5 Direnç: 190.60 (%0.4 üstte),163.90-167.80 (%11.7 altta),-,59.21,5.01,0.01,,,,
2026-07-16 18:51,ICLN,18.55,🔴 Düşüş Trendinde,🔴 SAT,🔴 ZAYIFLAMA (Zaten Dipte),-,⚠️ Yükseliş Trendinde Düzeltme (SSL Negatif),⚪ Yelpaze Açık,⚪Fiyat Alt_Orta Bant Aralığında,EMA200 Destek: 18.44 (%0.6 altta) | EMA5 Direnç: 18.92 (%2.0 üstte),17.38-18.05 (%2.7 altta),21.34-21.75 (%15.0 üstte),37.08,32.86,-0.79,,,,
2026-07-16 18:51,INDA,48.74,🟢 Yükseliş Trendinde,🔴 SAT,-,-,🔴 Ayı Piyasası (EMA 50 En Altta),🚨 BB SIKIŞMA,⚪Fiyat Alt_Orta Bant Aralığında,EMA5 Direnç: 48.83 (%0.2 üstte),47.28-47.85 (%1.8 altta),54.75-55.02 (%12.3 üstte),47.66,5.68,-0.7,,,,
2026-07-16 18:51,IWM,296.71,🟢 Yükseliş Trendinde,🔥 GÜÇLÜ AL (Taze Kırılım),🟢 POTANSİYEL DİP (0 Altı - Hacimsiz),-,⚠️ Yükseliş Trendinde Düzeltme (SSL Negatif),🚨 BB SIKIŞMA,🟡Fiyat Orta-Üst Bant Aralığında,EMA5 Destek: 295.80 (%0.3 altta),238.69-245.37 (%17.3 altta),-,54.8,25.15,-0.75,,,,
2026-07-16 18:51,MARS,24.9,🔴 Düşüş Trendinde,🔴 SAT,-,🟢 POTANSİYEL DİP,-,-,⚪Fiyat Alt_Orta Bant Aralığında,EMA5 Direnç: 26.46 (%6.3 üstte),-,-,29.79,4.74,-0.82,,,,
2026-07-16 18:51,NASA,23.45,🔴 Düşüş Trendinde,🔴 SAT,-,🟢 POTANSİYEL DİP,-,-,⚪Fiyat Alt_Orta Bant Aralığında,EMA5 Direnç: 24.85 (%6.0 üstte),-,-,29.5,2.85,-0.84,,,,
2026-07-16 18:51,PA=F,1282.5,🟢 Yükseliş Trendinde,🟢 AL (Trend Onaylı),🩸 SAT (Zirveden Dönüş),-,🔴 Ayı Piyasası (EMA 50 En Altta),🟠 Daralıyor,🟡Fiyat Orta-Üst Bant Aralığında,EMA5 Destek: 1274.37 (%0.6 altta) | EMA55 Direnç: 1332.10 (%3.9 üstte),-,1774.50-1842.00 (%38.4 üstte),51.27,91.8,0.78,,,,
2026-07-16 18:51,PHO,69.62,🟢 Yükseliş Trendinde,⏳ BEKLE,🟢 POTANSİYEL DİP (0 Altı - Hacimsiz),-,🔴 Ayı Piyasası (EMA 50 En Altta),🟡 Normal Genişlik,🟡Fiyat Orta-Üst Bant Aralığında,EMA5 Destek: 68.98 (%0.9 altta) | EMA200 Direnç: 69.75 (%0.2 üstte),-,72.60-73.56 (%4.3 üstte),59.12,28.96,-0.18,,,,
2026-07-16 18:51,PL=F,1661.4,🔴 Düşüş Trendinde,🟢 AL (Trend Onaylı),-,-,🔴 Ayı Piyasası (EMA 50 En Altta),🚨 BB SIKIŞMA,🟡Fiyat Orta-Üst Bant Aralığında,EMA21 Destek: 1656.48 (%0.3 altta) | EMA55 Direnç: 1775.15 (%6.8 üstte),-,-,47.8,100.0,0.51,,,,
2026-07-16 18:51,QQQ,710.98,🔴 Düşüş Trendinde,🔴 SAT,🔴 ZAYIFLAMA (Zaten Dipte),-,⚠️ Yükseliş Trendinde Düzeltme (SSL Negatif),🟠 Daralıyor,⚪Fiyat Alt_Orta Bant Aralığında,EMA55 Destek: 704.17 (%1.0 altta) | EMA5 Direnç: 715.73 (%0.7 üstte),555.60-568.05 (%20.1 altta),-,47.34,28.13,-0.21,,,,
2026-07-16 18:51,SI=F,56.72,🔴 Düşüş Trendinde,🔴 SAT,-,-,🔴 Ayı Piyasası (EMA 50 En Altta),🟠 Daralıyor,⚪Fiyat Alt_Orta Bant Aralığında,EMA5 Direnç: 57.85 (%2.0 üstte),-,86.93-88.89 (%53.3 üstte),35.13,66.14,-0.48,,,,
2026-07-16 18:51,SOXX,534.95,🩸 SAT (Trend Kırıldı),🔴 SAT,-,-,⚠️ Yükseliş Trendinde Düzeltme (SSL Negatif),⚪ Yelpaze Açık,⚪Fiyat Alt_Orta Bant Aralığında,EMA100 Destek: 492.71 (%7.9 altta) | EMA55 Direnç: 543.80 (%1.7 üstte),307.26-327.63 (%38.8 altta),-,42.98,8.83,-0.75,,,,
2026-07-16 18:51,VNM,17.53,🔴 Düşüş Trendinde,⏳ BEKLE,-,-,"📉 Düşüş Hazırlığı (50<100 Kesti, 150 Bekleniyor)",🟡 Normal Genişlik,⚪Fiyat Alt_Orta Bant Aralığında,EMA5 Direnç: 17.63 (%0.5 üstte),-,19.58-19.78 (%11.7 üstte),39.17,14.74,-0.91,,,,
2026-07-16 18:51,WQTM,31.81,🔴 Düşüş Trendinde,🔴 SAT,-,🟢 POTANSİYEL DİP,⚠️ Yükseliş Trendinde Düzeltme (SSL Negatif),⚪ Yelpaze Açık,🚨Fiyat Bandın Altında!,EMA100 Direnç: 33.01 (%3.8 üstte),23.18-24.30 (%23.6 altta),-,34.15,3.54,-0.9,,,,
2026-07-16 18:51,XBI,153.74,🟢 Yükseliş Trendinde,🔴 SAT,-,-,⚠️ Yükseliş Trendinde Düzeltme (SSL Negatif),⚪ Yelpaze Açık,⚪Fiyat Alt_Orta Bant Aralığında,EMA21 Destek: 153.04 (%0.5 altta) | EMA5 Direnç: 156.16 (%1.6 üstte),-,-,54.94,2.14,-0.2,,,,
2026-07-16 18:51,XLV,161.88,🟢 Yükseliş Trendinde,🔴 SAT,-,-,⚠️ Yükseliş Trendinde Düzeltme (SSL Negatif),⚪ Yelpaze Açık,🟡Fiyat Orta-Üst Bant Aralığında,EMA5 Destek: 160.47 (%0.9 altta),145.31-147.27 (%9.0 altta),-,60.16,12.23,-0.06,,,,
2026-07-16 18:51,XU100.IS,14251.29,🟢 Yükseliş Trendinde,🔴 SAT,-,-,⚠️ Yükseliş Trendinde Düzeltme (SSL Negatif),🚨 BB SIKIŞMA,⚪Fiyat Alt_Orta Bant Aralığında,EMA5 Destek: 14199.27 (%0.4 altta) | EMA21 Direnç: 14258.44 (%0.1 üstte),10440.40-10607.40 (%25.6 altta),-,50.01,15.48,-0.27,,,,
2026-07-16 21:38,AIQ,59.33,🔴 Düşüş Trendinde,🔴 SAT,-,-,⚠️ Yükseliş Trendinde Düzeltme (SSL Negatif),🟡 Normal Genişlik,🚨Fiyat Bandın Altında!,EMA100 Destek: 58.83 (%0.8 altta) | EMA5 Direnç: 61.09 (%3.0 üstte),44.46-45.83 (%22.7 altta),-,39.83,6.16,-0.72,,,,
2026-07-16 21:38,ALUM.L,4.27,🔴 Düşüş Trendinde,🟢 AL (Trend Onaylı),-,-,🟢 EMA Yükselişte (SSL Ok Bekleniyor),⚪ Yelpaze Açık,🟡Fiyat Orta-Üst Bant Aralığında,EMA5 Destek: 4.24 (%0.7 altta) | EMA21 Direnç: 4.30 (%0.6 üstte),3.64-3.71 (%13.2 altta),-,44.5,90.8,0.86,,,,
2026-07-16 21:38,BZ=F,84.19,🟢 Yükseliş Trendinde,🟢 AL (Trend Onaylı),-,-,"📉 Düşüş Hazırlığı (50<100 Kesti, 150 Bekleniyor)",🟡 Normal Genişlik,🟡Fiyat Orta-Üst Bant Aralığında,EMA5 Destek: 82.63 (%1.8 altta) | EMA55 Direnç: 86.54 (%2.8 üstte),59.45-60.91 (%27.7 altta),106.87-112.69 (%26.9 üstte),54.47,98.31,0.9,,,,
2026-07-16 21:38,CCJ,86.54,🔴 Düşüş Trendinde,🔴 SAT,-,🟢 POTANSİYEL DİP,🔴 Ayı Piyasası (EMA 50 En Altta),⚪ Yelpaze Açık,⚪Fiyat Alt_Orta Bant Aralığında,EMA5 Direnç: 90.55 (%4.6 üstte),-,-,29.09,11.08,-0.94,,,,
2026-07-16 21:38,CGW,65.89,🟢 Yükseliş Trendinde,🔥 GÜÇLÜ AL (Taze Kırılım),🟡 RİSKLİ AL (0 Üstü - Hacimsiz),-,"📉 Düşüş Hazırlığı (50<100 Kesti, 150 Bekleniyor)",🟡 Normal Genişlik,🟡Fiyat Orta-Üst Bant Aralığında,EMA5 Destek: 65.55 (%0.5 altta),-,-,59.12,51.66,-0.09,,,,
2026-07-16 21:38,COPA,46.17,🔴 Düşüş Trendinde,⏳ BEKLE,-,-,⚠️ Yükseliş Trendinde Düzeltme (SSL Negatif),🟠 Daralıyor,⚪Fiyat Alt_Orta Bant Aralığında,EMA200 Destek: 44.11 (%4.5 altta) | EMA5 Direnç: 47.13 (%2.1 üstte),-,-,42.98,75.77,-0.26,,,,
2026-07-16 21:38,COPX,74.27,🔴 Düşüş Trendinde,⏳ BEKLE,-,-,⚠️ Yükseliş Trendinde Düzeltme (SSL Negatif),🟡 Normal Genişlik,⚪Fiyat Alt_Orta Bant Aralığında,EMA200 Destek: 73.31 (%1.3 altta) | EMA5 Direnç: 75.89 (%2.2 üstte),-,91.20-93.89 (%22.8 üstte),42.49,74.64,-0.06,,,,
2026-07-16 21:38,EEM,64.11,🔴 Düşüş Trendinde,🔴 SAT,-,-,⚠️ Yükseliş Trendinde Düzeltme (SSL Negatif),⚪ Yelpaze Açık,⚪Fiyat Alt_Orta Bant Aralığında,EMA100 Destek: 64.03 (%0.1 altta) | EMA5 Direnç: 65.21 (%1.7 üstte),52.58-53.31 (%16.8 altta),-,41.43,24.25,-0.73,,,,
2026-07-16 21:38,EWZ,35.3,🟢 Yükseliş Trendinde,⏳ BEKLE,🩸 SAT (Zirveden Dönüş),-,"📉 Düşüş Hazırlığı (50<100 Kesti, 150 Bekleniyor)",🚨 BB SIKIŞMA,🟡Fiyat Orta-Üst Bant Aralığında,EMA21 Destek: 35.08 (%0.6 altta) | EMA5 Direnç: 35.50 (%0.6 üstte),-,-,51.44,80.94,0.78,,,,
2026-07-16 21:38,GC=F,3991.8,🔴 Düşüş Trendinde,🔴 SAT,-,-,🔴 Ayı Piyasası (EMA 50 En Altta),🟡 Normal Genişlik,⚪Fiyat Alt_Orta Bant Aralığında,EMA5 Direnç: 4037.31 (%1.1 üstte),-,-,38.12,65.03,-0.22,,,,
2026-07-16 21:38,GLTR,177.1,🔴 Düşüş Trendinde,🔴 SAT,-,-,🔴 Ayı Piyasası (EMA 50 En Altta),🚨 BB SIKIŞMA,⚪Fiyat Alt_Orta Bant Aralığında,EMA5 Direnç: 180.74 (%2.1 üstte),-,-,35.39,62.02,-0.24,,,,
2026-07-16 21:38,HG=F,6.31,🔴 Düşüş Trendinde,🟢 AL (Trend Onaylı),-,-,🟢 EMA Yükselişte (SSL Ok Bekleniyor),🟡 Normal Genişlik,🟡Fiyat Orta-Üst Bant Aralığında,EMA5 Destek: 6.27 (%0.5 altta),5.79-5.90 (%6.5 altta),-,53.91,91.83,0.77,,,,
2026-07-16 21:38,IBB,189.36,🟢 Yükseliş Trendinde,🔴 SAT,-,-,⚠️ Yükseliş Trendinde Düzeltme (SSL Negatif),⚪ Yelpaze Açık,🟡Fiyat Orta-Üst Bant Aralığında,EMA21 Destek: 187.07 (%1.2 altta) | EMA5 Direnç: 190.41 (%0.6 üstte),163.90-167.80 (%11.4 altta),-,58.03,3.35,-0.01,,,,
2026-07-16 21:38,ICLN,18.32,🔴 Düşüş Trendinde,🔴 SAT,🔴 ZAYIFLAMA (Zaten Dipte),-,⚠️ Yükseliş Trendinde Düzeltme (SSL Negatif),⚪ Yelpaze Açık,⚪Fiyat Alt_Orta Bant Aralığında,EMA200 Direnç: 18.43 (%0.6 üstte),17.38-18.05 (%1.5 altta),21.34-21.75 (%16.5 üstte),35.7,29.73,-0.8,,,,
2026-07-16 21:38,INDA,48.71,🟢 Yükseliş Trendinde,🔴 SAT,-,-,🔴 Ayı Piyasası (EMA 50 En Altta),🚨 BB SIKIŞMA,⚪Fiyat Alt_Orta Bant Aralığında,EMA5 Direnç: 48.82 (%0.2 üstte),47.28-47.85 (%1.8 altta),54.75-55.02 (%12.4 üstte),47.25,4.56,-0.7,,,,
2026-07-16 21:38,IWM,295.33,🟢 Yükseliş Trendinde,⏳ BEKLE,-,-,⚠️ Yükseliş Trendinde Düzeltme (SSL Negatif),🚨 BB SIKIŞMA,⚪Fiyat Alt_Orta Bant Aralığında,EMA21 Destek: 294.88 (%0.2 altta) | EMA5 Direnç: 295.34 (%0.0 üstte),238.69-245.37 (%16.9 altta),-,52.59,19.55,-0.81,,,,
2026-07-16 21:38,MARS,24.62,🔴 Düşüş Trendinde,🔴 SAT,-,🟢 POTANSİYEL DİP,-,-,🚨Fiyat Bandın Altında!,EMA5 Direnç: 26.37 (%7.1 üstte),-,-,29.23,4.74,-0.82,,,,
2026-07-16 21:38,NASA,23.05,🔴 Düşüş Trendinde,🔴 SAT,-,🟢 POTANSİYEL DİP,-,-,🚨Fiyat Bandın Altında!,EMA5 Direnç: 24.71 (%7.2 üstte),-,-,28.62,2.85,-0.84,,,,
2026-07-16 21:38,PA=F,1264.5,🟢 Yükseliş Trendinde,🟢 AL (Trend Onaylı),🩸 SAT (Zirveden Dönüş),-,🔴 Ayı Piyasası (EMA 50 En Altta),🟠 Daralıyor,🟡Fiyat Orta-Üst Bant Aralığında,EMA21 Destek: 1263.14 (%0.1 altta) | EMA5 Direnç: 1268.37 (%0.3 üstte),-,1774.50-1842.00 (%40.3 üstte),48.87,86.75,0.74,,,,
2026-07-16 21:38,PHO,69.68,🟢 Yükseliş Trendinde,⏳ BEKLE,🟢 POTANSİYEL DİP (0 Altı - Hacimsiz),-,🔴 Ayı Piyasası (EMA 50 En Altta),🟡 Normal Genişlik,🟡Fiyat Orta-Üst Bant Aralığında,EMA5 Destek: 69.00 (%1.0 altta) | EMA200 Direnç: 69.75 (%0.1 üstte),-,72.60-73.56 (%4.2 üstte),59.41,29.7,-0.16,,,,
2026-07-16 21:38,PL=F,1635.2,🔴 Düşüş Trendinde,🟢 AL (Trend Onaylı),-,-,🔴 Ayı Piyasası (EMA 50 En Altta),🚨 BB SIKIŞMA,🟡Fiyat Orta-Üst Bant Aralığında,EMA5 Destek: 1626.37 (%0.5 altta) | EMA21 Direnç: 1654.10 (%1.2 üstte),-,-,44.49,100.0,0.45,,,,
2026-07-16 21:38,QQQ,706.34,🔴 Düşüş Trendinde,🔴 SAT,🔴 ZAYIFLAMA (Zaten Dipte),-,⚠️ Yükseliş Trendinde Düzeltme (SSL Negatif),🟠 Daralıyor,⚪Fiyat Alt_Orta Bant Aralığında,EMA55 Destek: 704.00 (%0.3 altta) | EMA5 Direnç: 714.18 (%1.1 üstte),555.60-568.05 (%19.6 altta),-,45.7,25.25,-0.26,,,,
2026-07-16 21:38,SI=F,56.03,🔴 Düşüş Trendinde,🔴 SAT,-,-,🔴 Ayı Piyasası (EMA 50 En Altta),🟠 Daralıyor,⚪Fiyat Alt_Orta Bant Aralığında,EMA5 Direnç: 57.62 (%2.8 üstte),-,86.93-88.89 (%55.1 üstte),34.02,62.73,-0.5,,,,
2026-07-16 21:38,SOXX,528.77,🩸 SAT (Trend Kırıldı),🔴 SAT,-,-,⚠️ Yükseliş Trendinde Düzeltme (SSL Negatif),⚪ Yelpaze Açık,⚪Fiyat Alt_Orta Bant Aralığında,EMA100 Destek: 492.58 (%6.8 altta) | EMA55 Direnç: 543.58 (%2.8 üstte),307.26-327.63 (%38.0 altta),-,42.09,8.83,-0.75,,,,
2026-07-16 21:38,VNM,17.47,🔴 Düşüş Trendinde,⏳ BEKLE,-,-,"📉 Düşüş Hazırlığı (50<100 Kesti, 150 Bekleniyor)",🟡 Normal Genişlik,⚪Fiyat Alt_Orta Bant Aralığında,EMA5 Direnç: 17.60 (%0.8 üstte),-,19.58-19.78 (%12.1 üstte),37.59,11.93,-0.92,,,,
2026-07-16 21:38,WQTM,31.5,🔴 Düşüş Trendinde,🔴 SAT,-,🟢 POTANSİYEL DİP,⚠️ Yükseliş Trendinde Düzeltme (SSL Negatif),⚪ Yelpaze Açık,🚨Fiyat Bandın Altında!,EMA100 Direnç: 33.01 (%4.8 üstte),23.18-24.30 (%22.9 altta),-,33.29,3.54,-0.9,,,,
2026-07-16 21:38,XBI,152.12,🩸 SAT (Trend Kırıldı),🔴 SAT,-,-,⚠️ Yükseliş Trendinde Düzeltme (SSL Negatif),⚪ Yelpaze Açık,⚪Fiyat Alt_Orta Bant Aralığında,EMA55 Destek: 143.83 (%5.5 altta) | EMA21 Direnç: 152.89 (%0.5 üstte),-,-,52.2,2.14,-0.25,,,,
2026-07-16 21:38,XLV,161.89,🟢 Yükseliş Trendinde,🔴 SAT,-,-,⚠️ Yükseliş Trendinde Düzeltme (SSL Negatif),⚪ Yelpaze Açık,🟡Fiyat Orta-Üst Bant Aralığında,EMA5 Destek: 160.47 (%0.9 altta),145.31-147.27 (%9.0 altta),-,60.17,12.25,-0.06,,,,
2026-07-16 21:38,XU100.IS,14251.29,🟢 Yükseliş Trendinde,🔴 SAT,-,-,⚠️ Yükseliş Trendinde Düzeltme (SSL Negatif),🚨 BB SIKIŞMA,⚪Fiyat Alt_Orta Bant Aralığında,EMA5 Destek: 14199.27 (%0.4 altta) | EMA21 Direnç: 14258.44 (%0.1 üstte),10440.40-10607.40 (%25.6 altta),-,50.01,15.48,-0.27,,,,
2026-07-17 14:46,AIQ,59.31,🔴 Düşüş Trendinde,🔴 SAT,-,-,⚠️ Yükseliş Trendinde Düzeltme (SSL Negatif),🟡 Normal Genişlik,🚨Fiyat Bandın Altında!,EMA100 Destek: 58.83 (%0.8 altta) | EMA5 Direnç: 61.09 (%3.0 üstte),44.46-45.83 (%22.7 altta),-,39.8,6.16,-0.72,,,,
2026-07-17 14:46,ALUM.L,4.22,🔴 Düşüş Trendinde,🔴 SAT,-,-,🟢 EMA Yükselişte (SSL Ok Bekleniyor),🟡 Normal Genişlik,⚪Fiyat Alt_Orta Bant Aralığında,EMA200 Destek: 4.16 (%1.4 altta) | EMA5 Direnç: 4.23 (%0.4 üstte),3.64-3.71 (%12.0 altta),-,40.87,85.98,0.81,,,,
2026-07-17 14:46,BZ=F,85.83,🟢 Yükseliş Trendinde,🟢 AL (Trend Onaylı),-,-,"📉 Düşüş Hazırlığı (50<100 Kesti, 150 Bekleniyor)",🟡 Normal Genişlik,🟡Fiyat Orta-Üst Bant Aralığında,EMA5 Destek: 83.71 (%2.5 altta) | EMA55 Direnç: 86.52 (%0.8 üstte),59.45-60.91 (%29.0 altta),106.87-112.69 (%24.5 üstte),57.21,98.39,0.92,,,,
2026-07-17 14:46,CCJ,87.36,🔴 Düşüş Trendinde,🔴 SAT,-,🟢 POTANSİYEL DİP,🔴 Ayı Piyasası (EMA 50 En Altta),⚪ Yelpaze Açık,⚪Fiyat Alt_Orta Bant Aralığında,EMA5 Direnç: 90.82 (%4.0 üstte),-,-,29.84,11.08,-0.94,,,,
2026-07-17 14:46,CGW,65.92,🟢 Yükseliş Trendinde,🔥 GÜÇLÜ AL (Taze Kırılım),🟡 RİSKLİ AL (0 Üstü - Hacimsiz),-,"📉 Düşüş Hazırlığı (50<100 Kesti, 150 Bekleniyor)",🟡 Normal Genişlik,🟡Fiyat Orta-Üst Bant Aralığında,EMA5 Destek: 65.56 (%0.6 altta),-,-,59.29,52.1,-0.08,,,,
2026-07-17 14:46,COPA,46.02,🔴 Düşüş Trendinde,⏳ BEKLE,-,-,⚠️ Yükseliş Trendinde Düzeltme (SSL Negatif),🟠 Daralıyor,⚪Fiyat Alt_Orta Bant Aralığında,EMA200 Destek: 44.13 (%4.1 altta) | EMA5 Direnç: 47.08 (%2.3 üstte),-,-,42.63,74.78,-0.28,,,,
2026-07-17 14:46,COPX,74.68,🔴 Düşüş Trendinde,⏳ BEKLE,-,-,⚠️ Yükseliş Trendinde Düzeltme (SSL Negatif),🟡 Normal Genişlik,⚪Fiyat Alt_Orta Bant Aralığında,EMA200 Destek: 73.35 (%1.8 altta) | EMA5 Direnç: 76.03 (%1.8 üstte),-,91.20-93.89 (%22.1 üstte),43.05,76.19,-0.03,,,,
2026-07-17 14:46,EEM,64.19,🔴 Düşüş Trendinde,🔴 SAT,-,-,⚠️ Yükseliş Trendinde Düzeltme (SSL Negatif),⚪ Yelpaze Açık,⚪Fiyat Alt_Orta Bant Aralığında,EMA100 Destek: 64.03 (%0.2 altta) | EMA5 Direnç: 65.24 (%1.6 üstte),52.58-53.31 (%16.9 altta),-,41.66,24.25,-0.73,,,,
2026-07-17 14:46,EWZ,35.33,🟢 Yükseliş Trendinde,⏳ BEKLE,🩸 SAT (Zirveden Dönüş),-,"📉 Düşüş Hazırlığı (50<100 Kesti, 150 Bekleniyor)",🚨 BB SIKIŞMA,🟡Fiyat Orta-Üst Bant Aralığında,EMA21 Destek: 35.08 (%0.7 altta) | EMA5 Direnç: 35.51 (%0.5 üstte),-,-,51.7,81.44,0.78,,,,
2026-07-17 14:46,GC=F,3996.4,🔴 Düşüş Trendinde,🔴 SAT,-,-,🔴 Ayı Piyasası (EMA 50 En Altta),🚨 BB SIKIŞMA,⚪Fiyat Alt_Orta Bant Aralığında,EMA5 Direnç: 4022.29 (%0.6 üstte),-,-,38.75,51.65,-0.35,,,,
2026-07-17 14:46,GLTR,177.21,🔴 Düşüş Trendinde,🔴 SAT,-,-,🔴 Ayı Piyasası (EMA 50 En Altta),🚨 BB SIKIŞMA,⚪Fiyat Alt_Orta Bant Aralığında,EMA5 Direnç: 180.78 (%2.0 üstte),-,-,35.48,62.28,-0.24,,,,
2026-07-17 14:46,HG=F,6.22,🔴 Düşüş Trendinde,⏳ BEKLE,🩸 SAT (Zirveden Dönüş),-,⚪ Karışık / Testere Piyasası,🚨 BB SIKIŞMA,🟡Fiyat Orta-Üst Bant Aralığında,EMA55 Destek: 6.19 (%0.4 altta) | EMA21 Direnç: 6.23 (%0.2 üstte),5.79-5.90 (%5.1 altta),-,49.12,74.81,0.73,,,,
2026-07-17 14:46,IBB,189.51,🟢 Yükseliş Trendinde,🔴 SAT,-,-,⚠️ Yükseliş Trendinde Düzeltme (SSL Negatif),⚪ Yelpaze Açık,🟡Fiyat Orta-Üst Bant Aralığında,EMA21 Destek: 187.09 (%1.3 altta) | EMA5 Direnç: 190.46 (%0.5 üstte),163.90-167.80 (%11.5 altta),-,58.34,3.79,-0.01,,,,
2026-07-17 14:46,ICLN,18.35,🔴 Düşüş Trendinde,🔴 SAT,🔴 ZAYIFLAMA (Zaten Dipte),-,⚠️ Yükseliş Trendinde Düzeltme (SSL Negatif),⚪ Yelpaze Açık,⚪Fiyat Alt_Orta Bant Aralığında,EMA200 Direnç: 18.43 (%0.4 üstte),17.38-18.05 (%1.6 altta),21.34-21.75 (%16.3 üstte),35.87,29.73,-0.8,,,,
2026-07-17 14:46,INDA,48.69,🟢 Yükseliş Trendinde,🔴 SAT,-,-,🔴 Ayı Piyasası (EMA 50 En Altta),🚨 BB SIKIŞMA,⚪Fiyat Alt_Orta Bant Aralığında,EMA5 Direnç: 48.81 (%0.3 üstte),47.28-47.85 (%1.7 altta),54.75-55.02 (%12.4 üstte),47.1,4.15,-0.71,,,,
2026-07-17 14:46,IWM,295.59,🟢 Yükseliş Trendinde,⏳ BEKLE,-,-,⚠️ Yükseliş Trendinde Düzeltme (SSL Negatif),🚨 BB SIKIŞMA,⚪Fiyat Alt_Orta Bant Aralığında,EMA5 Destek: 295.43 (%0.1 altta),238.69-245.37 (%17.0 altta),-,53.05,20.71,-0.8,,,,
2026-07-17 14:46,MARS,24.8,🔴 Düşüş Trendinde,🔴 SAT,-,🟢 POTANSİYEL DİP,-,-,⚪Fiyat Alt_Orta Bant Aralığında,EMA5 Direnç: 26.43 (%6.6 üstte),-,-,29.59,4.74,-0.82,,,,
2026-07-17 14:46,NASA,23.22,🔴 Düşüş Trendinde,🔴 SAT,-,🟢 POTANSİYEL DİP,-,-,⚪Fiyat Alt_Orta Bant Aralığında,EMA5 Direnç: 24.77 (%6.7 üstte),-,-,28.99,2.85,-0.84,,,,
2026-07-17 14:46,PA=F,1246.5,🟢 Yükseliş Trendinde,⏳ BEKLE,-,-,🔴 Ayı Piyasası (EMA 50 En Altta),🚨 BB SIKIŞMA,🟡Fiyat Orta-Üst Bant Aralığında,EMA5 Direnç: 1260.86 (%1.2 üstte),-,1774.50-1842.00 (%42.4 üstte),46.53,71.91,0.62,,,,
2026-07-17 14:46,PHO,69.93,🟢 Yükseliş Trendinde,🔥 GÜÇLÜ AL (Taze Kırılım),🟢 POTANSİYEL DİP (0 Altı - Hacimsiz),-,🔴 Ayı Piyasası (EMA 50 En Altta),🟡 Normal Genişlik,🟡Fiyat Orta-Üst Bant Aralığında,EMA200 Destek: 69.77 (%0.2 altta),-,72.60-73.56 (%3.8 üstte),60.61,32.79,-0.1,,,,
2026-07-17 14:46,PL=F,1583.6,🔴 Düşüş Trendinde,🔴 SAT,🩸 SAT (Zirveden Dönüş),-,🔴 Ayı Piyasası (EMA 50 En Altta),🚨 BB SIKIŞMA,⚪Fiyat Alt_Orta Bant Aralığında,EMA5 Direnç: 1612.23 (%1.8 üstte),-,-,39.23,87.6,0.42,,,,
2026-07-17 14:46,QQQ,705.94,🔴 Düşüş Trendinde,🔴 SAT,🔴 ZAYIFLAMA (Zaten Dipte),-,⚠️ Yükseliş Trendinde Düzeltme (SSL Negatif),🟠 Daralıyor,⚪Fiyat Alt_Orta Bant Aralığında,EMA55 Destek: 703.99 (%0.3 altta) | EMA5 Direnç: 714.05 (%1.1 üstte),555.60-568.05 (%19.5 altta),-,45.57,25.25,-0.27,,,,
2026-07-17 14:46,SI=F,55.63,🔴 Düşüş Trendinde,🔴 SAT,-,-,🔴 Ayı Piyasası (EMA 50 En Altta),🚨 BB SIKIŞMA,⚪Fiyat Alt_Orta Bant Aralığında,EMA5 Direnç: 56.93 (%2.3 üstte),-,86.93-88.89 (%56.3 üstte),33.38,44.9,-0.65,,,,
2026-07-17 14:46,SOXX,530.5,🩸 SAT (Trend Kırıldı),🔴 SAT,-,-,⚠️ Yükseliş Trendinde Düzeltme (SSL Negatif),⚪ Yelpaze Açık,⚪Fiyat Alt_Orta Bant Aralığında,EMA100 Destek: 492.61 (%7.1 altta) | EMA55 Direnç: 543.64 (%2.5 üstte),307.26-327.63 (%38.2 altta),-,42.33,8.83,-0.75,,,,
2026-07-17 14:46,VNM,17.46,🔴 Düşüş Trendinde,⏳ BEKLE,-,-,"📉 Düşüş Hazırlığı (50<100 Kesti, 150 Bekleniyor)",🟡 Normal Genişlik,⚪Fiyat Alt_Orta Bant Aralığında,EMA5 Direnç: 17.60 (%0.8 üstte),-,19.58-19.78 (%12.1 üstte),37.48,11.72,-0.92,,,,
2026-07-17 14:46,WQTM,31.43,🔴 Düşüş Trendinde,🔴 SAT,-,🟢 POTANSİYEL DİP,⚠️ Yükseliş Trendinde Düzeltme (SSL Negatif),⚪ Yelpaze Açık,🚨Fiyat Bandın Altında!,EMA5 Direnç: 32.98 (%4.9 üstte),23.18-24.30 (%22.7 altta),-,33.08,3.54,-0.9,,,,
2026-07-17 14:46,XBI,152.0,🩸 SAT (Trend Kırıldı),🔴 SAT,-,-,⚠️ Yükseliş Trendinde Düzeltme (SSL Negatif),⚪ Yelpaze Açık,⚪Fiyat Alt_Orta Bant Aralığında,EMA55 Destek: 143.82 (%5.4 altta) | EMA21 Direnç: 152.88 (%0.6 üstte),-,-,52.01,2.14,-0.25,,,,
2026-07-17 14:46,XLV,161.8,🟢 Yükseliş Trendinde,🔴 SAT,-,-,⚠️ Yükseliş Trendinde Düzeltme (SSL Negatif),⚪ Yelpaze Açık,🟡Fiyat Orta-Üst Bant Aralığında,EMA5 Destek: 160.44 (%0.8 altta),145.31-147.27 (%9.0 altta),-,60.02,11.99,-0.07,,,,
2026-07-17 14:46,XU100.IS,13969.53,🟢 Yükseliş Trendinde,🔴 SAT,-,-,⚠️ Yükseliş Trendinde Düzeltme (SSL Negatif),🚨 BB SIKIŞMA,⚪Fiyat Alt_Orta Bant Aralığında,EMA100 Destek: 13810.54 (%1.1 altta) | EMA5 Direnç: 14122.69 (%1.1 üstte),10440.40-10607.40 (%24.1 altta),-,43.44,14.66,-0.45,,,,
2026-07-17 18:48,AIQ,58.68,🔴 Düşüş Trendinde,🔴 SAT,-,-,⚠️ Yükseliş Trendinde Düzeltme (SSL Negatif),⚪ Yelpaze Açık,🚨Fiyat Bandın Altında!,EMA200 Destek: 55.11 (%6.1 altta) | EMA100 Direnç: 58.82 (%0.2 üstte),44.46-45.83 (%21.9 altta),-,38.41,0.0,-0.82,,,,
2026-07-17 18:48,ALUM.L,4.22,🔴 Düşüş Trendinde,🔴 SAT,-,-,🟢 EMA Yükselişte (SSL Ok Bekleniyor),🟡 Normal Genişlik,⚪Fiyat Alt_Orta Bant Aralığında,EMA200 Destek: 4.16 (%1.5 altta) | EMA5 Direnç: 4.23 (%0.3 üstte),3.64-3.71 (%12.1 altta),-,41.11,86.44,0.82,,,,
2026-07-17 18:48,BZ=F,86.72,🟢 Yükseliş Trendinde,🟢 AL (Trend Onaylı),-,-,"📉 Düşüş Hazırlığı (50<100 Kesti, 150 Bekleniyor)",🟡 Normal Genişlik,🟡Fiyat Orta-Üst Bant Aralığında,EMA55 Destek: 86.55 (%0.2 altta) | EMA100 Direnç: 87.18 (%0.5 üstte),59.45-60.91 (%29.8 altta),106.87-112.69 (%23.2 üstte),58.56,98.39,0.92,,,,
2026-07-17 18:48,CCJ,85.4,🔴 Düşüş Trendinde,🔴 SAT,-,🟢 POTANSİYEL DİP,🔴 Ayı Piyasası (EMA 50 En Altta),⚪ Yelpaze Açık,⚪Fiyat Alt_Orta Bant Aralığında,EMA5 Direnç: 89.01 (%4.2 üstte),-,-,27.97,5.23,-0.94,,,,
2026-07-17 18:48,CGW,66.25,🟢 Yükseliş Trendinde,🟢 AL (Trend Onaylı),-,-,🟢 EMA Yükselişte (SSL Ok Bekleniyor),🟠 Daralıyor,🟡Fiyat Orta-Üst Bant Aralığında,EMA5 Destek: 65.79 (%0.7 altta),-,-,61.18,57.96,0.17,,,,
2026-07-17 18:48,COPA,44.56,🔴 Düşüş Trendinde,🔴 SAT,🔴 ZAYIFLAMA (Zaten Dipte),-,⚠️ Yükseliş Trendinde Düzeltme (SSL Negatif),🟠 Daralıyor,⚪Fiyat Alt_Orta Bant Aralığında,EMA200 Destek: 44.13 (%1.0 altta) | EMA5 Direnç: 46.24 (%3.8 üstte),-,-,39.28,46.33,-0.45,,,,
2026-07-17 18:48,COPX,73.57,🔴 Düşüş Trendinde,🔴 SAT,🩸 SAT (Zirveden Dönüş),-,⚠️ Yükseliş Trendinde Düzeltme (SSL Negatif),🚨 BB SIKIŞMA,⚪Fiyat Alt_Orta Bant Aralığında,EMA200 Destek: 73.35 (%0.3 altta) | EMA5 Direnç: 75.21 (%2.2 üstte),-,91.20-93.89 (%24.0 üstte),41.46,54.46,-0.18,,,,
2026-07-17 18:48,EEM,63.42,🔴 Düşüş Trendinde,🔴 SAT,-,-,⚠️ Yükseliş Trendinde Düzeltme (SSL Negatif),⚪ Yelpaze Açık,⚪Fiyat Alt_Orta Bant Aralığında,EMA200 Destek: 60.17 (%5.1 altta) | EMA100 Direnç: 64.02 (%0.9 üstte),52.58-53.31 (%15.9 altta),-,39.53,11.67,-0.79,,,,
2026-07-17 18:48,EWZ,35.32,🟢 Yükseliş Trendinde,⏳ BEKLE,-,-,"📉 Düşüş Hazırlığı (50<100 Kesti, 150 Bekleniyor)",🚨 BB SIKIŞMA,🟡Fiyat Orta-Üst Bant Aralığında,EMA21 Destek: 35.10 (%0.6 altta) | EMA5 Direnç: 35.45 (%0.4 üstte),-,-,51.61,68.19,0.78,,,,
2026-07-17 18:48,GC=F,4018.7,🔴 Düşüş Trendinde,🔴 SAT,-,-,🔴 Ayı Piyasası (EMA 50 En Altta),🚨 BB SIKIŞMA,⚪Fiyat Alt_Orta Bant Aralığında,EMA5 Direnç: 4029.73 (%0.3 üstte),-,-,40.6,57.52,-0.31,,,,
2026-07-17 18:48,GLTR,178.3,🔴 Düşüş Trendinde,🔴 SAT,-,-,🔴 Ayı Piyasası (EMA 50 En Altta),🚨 BB SIKIŞMA,⚪Fiyat Alt_Orta Bant Aralığında,EMA5 Direnç: 179.95 (%0.9 üstte),-,-,37.18,50.38,-0.4,,,,
2026-07-17 18:48,HG=F,6.27,🔴 Düşüş Trendinde,⏳ BEKLE,🩸 SAT (Zirveden Dönüş),-,⚪ Karışık / Testere Piyasası,🚨 BB SIKIŞMA,🟡Fiyat Orta-Üst Bant Aralığında,EMA21 Destek: 6.24 (%0.5 altta) | EMA5 Direnç: 6.27 (%0.0 üstte),5.79-5.90 (%5.9 altta),-,51.87,81.88,0.78,,,,
2026-07-17 18:48,IBB,189.85,🟢 Yükseliş Trendinde,🔴 SAT,-,-,⚠️ Yükseliş Trendinde Düzeltme (SSL Negatif),⚪ Yelpaze Açık,🟡Fiyat Orta-Üst Bant Aralığında,EMA21 Destek: 187.34 (%1.3 altta) | EMA5 Direnç: 190.25 (%0.2 üstte),163.90-167.80 (%11.6 altta),-,58.88,5.86,-0.28,,,,
2026-07-17 18:48,ICLN,18.34,🔴 Düşüş Trendinde,🔴 SAT,-,-,⚠️ Yükseliş Trendinde Düzeltme (SSL Negatif),⚪ Yelpaze Açık,⚪Fiyat Alt_Orta Bant Aralığında,EMA200 Direnç: 18.43 (%0.5 üstte),17.38-18.05 (%1.6 altta),21.34-21.75 (%16.4 üstte),35.81,15.03,-0.9,,,,
2026-07-17 18:48,INDA,49.01,🟢 Yükseliş Trendinde,🔥 GÜÇLÜ AL (Taze Kırılım),-,-,🔴 Ayı Piyasası (EMA 50 En Altta),🚨 BB SIKIŞMA,⚪Fiyat Alt_Orta Bant Aralığında,EMA21 Destek: 48.97 (%0.1 altta) | EMA100 Direnç: 49.41 (%0.8 üstte),47.28-47.85 (%2.4 altta),54.75-55.02 (%11.7 üstte),50.82,13.13,-0.63,,,,
2026-07-17 18:48,IWM,293.63,🟢 Yükseliş Trendinde,🔴 SAT,-,-,⚠️ Yükseliş Trendinde Düzeltme (SSL Negatif),🚨 BB SIKIŞMA,⚪Fiyat Alt_Orta Bant Aralığında,EMA55 Destek: 288.13 (%1.9 altta) | EMA21 Direnç: 294.79 (%0.4 üstte),238.69-245.37 (%16.4 altta),-,49.55,16.76,-0.8,,,,
2026-07-17 18:48,MARS,24.46,🔴 Düşüş Trendinde,🔴 SAT,-,🟢 POTANSİYEL DİP,-,-,⚪Fiyat Alt_Orta Bant Aralığında,EMA5 Direnç: 25.77 (%5.4 üstte),-,-,28.85,0.72,-0.97,,,,
2026-07-17 18:48,NASA,22.99,🔴 Düşüş Trendinde,🔴 SAT,-,🟢 POTANSİYEL DİP,-,-,⚪Fiyat Alt_Orta Bant Aralığında,EMA5 Direnç: 24.18 (%5.2 üstte),-,-,28.47,0.0,-0.97,,,,
2026-07-17 18:48,PA=F,1251.0,🟢 Yükseliş Trendinde,⏳ BEKLE,-,-,🔴 Ayı Piyasası (EMA 50 En Altta),🚨 BB SIKIŞMA,🟡Fiyat Orta-Üst Bant Aralığında,EMA21 Direnç: 1261.95 (%0.9 üstte),-,1774.50-1842.00 (%41.8 üstte),47.1,73.1,0.63,,,,
2026-07-17 18:48,PHO,69.39,🟢 Yükseliş Trendinde,🟢 AL (Trend Onaylı),-,-,🔴 Ayı Piyasası (EMA 50 En Altta),🟡 Normal Genişlik,🟡Fiyat Orta-Üst Bant Aralığında,EMA5 Destek: 69.19 (%0.3 altta) | EMA200 Direnç: 69.77 (%0.5 üstte),-,72.60-73.56 (%4.6 üstte),56.67,38.5,0.05,,,,
2026-07-17 18:48,PL=F,1605.8,🔴 Düşüş Trendinde,🔴 SAT,🩸 SAT (Zirveden Dönüş),-,🔴 Ayı Piyasası (EMA 50 En Altta),🚨 BB SIKIŞMA,⚪Fiyat Alt_Orta Bant Aralığında,EMA5 Direnç: 1619.63 (%0.9 üstte),-,-,41.34,92.5,0.53,,,,
2026-07-17 18:48,QQQ,696.91,🔴 Düşüş Trendinde,🔴 SAT,-,-,⚠️ Yükseliş Trendinde Düzeltme (SSL Negatif),🟡 Normal Genişlik,⚪Fiyat Alt_Orta Bant Aralığında,EMA100 Destek: 681.51 (%2.2 altta) | EMA55 Direnç: 703.73 (%1.0 üstte),555.60-568.05 (%18.5 altta),-,42.5,11.4,-0.64,,,,
2026-07-17 18:48,SI=F,56.23,🔴 Düşüş Trendinde,🔴 SAT,-,-,🔴 Ayı Piyasası (EMA 50 En Altta),🚨 BB SIKIŞMA,⚪Fiyat Alt_Orta Bant Aralığında,EMA5 Direnç: 57.12 (%1.6 üstte),-,86.93-88.89 (%54.6 üstte),34.87,49.52,-0.64,,,,
2026-07-17 18:48,SOXX,521.18,🔴 Düşüş Trendinde,🔴 SAT,-,-,⚠️ Yükseliş Trendinde Düzeltme (SSL Negatif),⚪ Yelpaze Açık,⚪Fiyat Alt_Orta Bant Aralığında,EMA100 Destek: 493.18 (%5.4 altta) | EMA5 Direnç: 542.51 (%4.1 üstte),307.26-327.63 (%37.1 altta),-,40.95,1.96,-0.83,,,,
2026-07-17 18:48,VNM,17.4,🔴 Düşüş Trendinde,🔴 SAT,-,-,🔴 Ayı Piyasası (EMA 50 En Altta),⚪ Yelpaze Açık,⚪Fiyat Alt_Orta Bant Aralığında,EMA5 Direnç: 17.54 (%0.8 üstte),-,19.58-19.78 (%12.5 üstte),36.6,8.83,-0.95,,,,
2026-07-17 18:48,WQTM,30.97,🔴 Düşüş Trendinde,🔴 SAT,-,🟢 POTANSİYEL DİP,⚠️ Yükseliş Trendinde Düzeltme (SSL Negatif),⚪ Yelpaze Açık,🚨Fiyat Bandın Altında!,EMA5 Direnç: 32.31 (%4.3 üstte),23.18-24.30 (%21.5 altta),-,31.78,0.0,-0.96,,,,
2026-07-17 18:48,XBI,153.49,🔴 Düşüş Trendinde,🔴 SAT,-,-,⚠️ Yükseliş Trendinde Düzeltme (SSL Negatif),⚪ Yelpaze Açık,⚪Fiyat Alt_Orta Bant Aralığında,EMA21 Destek: 152.93 (%0.4 altta) | EMA5 Direnç: 154.88 (%0.9 üstte),-,-,54.25,4.68,-0.51,,,,
2026-07-17 18:48,XLV,162.12,🟢 Yükseliş Trendinde,⏳ BEKLE,-,-,⚠️ Yükseliş Trendinde Düzeltme (SSL Negatif),⚪ Yelpaze Açık,🟡Fiyat Orta-Üst Bant Aralığında,EMA5 Destek: 161.00 (%0.7 altta),145.31-147.27 (%9.2 altta),-,60.6,24.98,-0.05,,,,
2026-07-17 18:48,XU100.IS,13981.05,🟢 Yükseliş Trendinde,🔴 SAT,-,-,⚠️ Yükseliş Trendinde Düzeltme (SSL Negatif),🚨 BB SIKIŞMA,⚪Fiyat Alt_Orta Bant Aralığında,EMA100 Destek: 13810.77 (%1.2 altta) | EMA5 Direnç: 14126.53 (%1.0 üstte),10440.40-10607.40 (%24.1 altta),-,43.67,14.66,-0.45,,,,
2026-07-17 21:19,AIQ,59.0,🔴 Düşüş Trendinde,🔴 SAT,-,-,⚠️ Yükseliş Trendinde Düzeltme (SSL Negatif),⚪ Yelpaze Açık,🚨Fiyat Bandın Altında!,EMA100 Destek: 58.83 (%0.3 altta) | EMA5 Direnç: 60.39 (%2.4 üstte),44.46-45.83 (%22.3 altta),-,39.1,0.0,-0.82,,,,
2026-07-17 21:19,ALUM.L,4.22,🔴 Düşüş Trendinde,⏳ BEKLE,-,-,🟢 EMA Yükselişte (SSL Ok Bekleniyor),🟡 Normal Genişlik,🟡Fiyat Orta-Üst Bant Aralığında,EMA200 Destek: 4.16 (%1.6 altta) | EMA5 Direnç: 4.23 (%0.3 üstte),3.64-3.71 (%12.2 altta),-,41.26,86.73,0.82,,,,
2026-07-17 21:19,BZ=F,88.13,🟢 Yükseliş Trendinde,🟢 AL (Trend Onaylı),-,-,"📉 Düşüş Hazırlığı (50<100 Kesti, 150 Bekleniyor)",🟡 Normal Genişlik,🚨Fiyat Bandın Üzerinde!,EMA100 Destek: 87.21 (%1.0 altta),59.45-60.91 (%30.9 altta),106.87-112.69 (%21.3 üstte),60.53,98.39,0.92,,,,
2026-07-17 21:19,CCJ,85.61,🔴 Düşüş Trendinde,🔴 SAT,-,🟢 POTANSİYEL DİP,🔴 Ayı Piyasası (EMA 50 En Altta),⚪ Yelpaze Açık,⚪Fiyat Alt_Orta Bant Aralığında,EMA5 Direnç: 89.08 (%4.1 üstte),-,-,28.16,5.23,-0.94,,,,
2026-07-17 21:19,CGW,65.8,🟢 Yükseliş Trendinde,🟢 AL (Trend Onaylı),-,-,🟢 EMA Yükselişte (SSL Ok Bekleniyor),🟠 Daralıyor,🟡Fiyat Orta-Üst Bant Aralığında,EMA5 Destek: 65.64 (%0.2 altta),-,-,58.25,50.54,0.06,,,,
2026-07-17 21:19,COPA,44.56,🔴 Düşüş Trendinde,🔴 SAT,🔴 ZAYIFLAMA (Zaten Dipte),-,⚠️ Yükseliş Trendinde Düzeltme (SSL Negatif),🟠 Daralıyor,⚪Fiyat Alt_Orta Bant Aralığında,EMA200 Destek: 44.13 (%1.0 altta) | EMA5 Direnç: 46.24 (%3.8 üstte),-,-,39.28,46.33,-0.45,,,,
2026-07-17 21:19,COPX,73.32,🔴 Düşüş Trendinde,🔴 SAT,🩸 SAT (Zirveden Dönüş),-,⚠️ Yükseliş Trendinde Düzeltme (SSL Negatif),🚨 BB SIKIŞMA,⚪Fiyat Alt_Orta Bant Aralığında,EMA200 Direnç: 73.35 (%0.0 üstte),-,91.20-93.89 (%24.4 üstte),41.11,53.51,-0.2,,,,
2026-07-17 21:19,EEM,63.42,🔴 Düşüş Trendinde,🔴 SAT,-,-,⚠️ Yükseliş Trendinde Düzeltme (SSL Negatif),⚪ Yelpaze Açık,⚪Fiyat Alt_Orta Bant Aralığında,EMA200 Destek: 60.17 (%5.1 altta) | EMA100 Direnç: 64.02 (%0.9 üstte),52.58-53.31 (%15.9 altta),-,39.53,11.67,-0.79,,,,
2026-07-17 21:19,EWZ,35.2,🟢 Yükseliş Trendinde,⏳ BEKLE,-,-,"📉 Düşüş Hazırlığı (50<100 Kesti, 150 Bekleniyor)",🚨 BB SIKIŞMA,🟡Fiyat Orta-Üst Bant Aralığında,EMA21 Destek: 35.09 (%0.3 altta) | EMA5 Direnç: 35.41 (%0.6 üstte),-,-,50.5,66.12,0.76,,,,
2026-07-17 21:19,GC=F,4016.8,🔴 Düşüş Trendinde,🔴 SAT,-,-,🔴 Ayı Piyasası (EMA 50 En Altta),🚨 BB SIKIŞMA,⚪Fiyat Alt_Orta Bant Aralığında,EMA5 Direnç: 4029.09 (%0.3 üstte),-,-,40.45,57.04,-0.32,,,,
2026-07-17 21:19,GLTR,178.17,🔴 Düşüş Trendinde,🔴 SAT,-,-,🔴 Ayı Piyasası (EMA 50 En Altta),🚨 BB SIKIŞMA,⚪Fiyat Alt_Orta Bant Aralığında,EMA5 Direnç: 179.91 (%1.0 üstte),-,-,36.98,49.79,-0.41,,,,
2026-07-17 21:19,HG=F,6.27,🔴 Düşüş Trendinde,⏳ BEKLE,🩸 SAT (Zirveden Dönüş),-,⚪ Karışık / Testere Piyasası,🚨 BB SIKIŞMA,🟡Fiyat Orta-Üst Bant Aralığında,EMA21 Destek: 6.24 (%0.5 altta) | EMA5 Direnç: 6.27 (%0.0 üstte),5.79-5.90 (%5.9 altta),-,51.96,82.1,0.79,,,,
2026-07-17 21:19,IBB,189.37,🟢 Yükseliş Trendinde,🔴 SAT,-,-,⚠️ Yükseliş Trendinde Düzeltme (SSL Negatif),⚪ Yelpaze Açık,🟡Fiyat Orta-Üst Bant Aralığında,EMA21 Destek: 187.29 (%1.1 altta) | EMA5 Direnç: 190.09 (%0.4 üstte),163.90-167.80 (%11.4 altta),-,58.02,4.66,-0.29,,,,
2026-07-17 21:19,ICLN,18.43,🔴 Düşüş Trendinde,🔴 SAT,-,-,⚠️ Yükseliş Trendinde Düzeltme (SSL Negatif),⚪ Yelpaze Açık,⚪Fiyat Alt_Orta Bant Aralığında,EMA200 Destek: 18.43 (%0.0 altta) | EMA5 Direnç: 18.72 (%1.5 üstte),17.38-18.05 (%2.1 altta),21.34-21.75 (%15.8 üstte),36.82,18.04,-0.9,,,,
2026-07-17 21:19,INDA,48.92,🟢 Yükseliş Trendinde,⏳ BEKLE,-,-,🔴 Ayı Piyasası (EMA 50 En Altta),🚨 BB SIKIŞMA,⚪Fiyat Alt_Orta Bant Aralığında,EMA5 Destek: 48.85 (%0.2 altta) | EMA55 Direnç: 48.95 (%0.1 üstte),47.28-47.85 (%2.2 altta),54.75-55.02 (%11.9 üstte),49.84,10.48,-0.65,,,,
2026-07-17 21:19,IWM,293.67,🟢 Yükseliş Trendinde,🔴 SAT,-,-,⚠️ Yükseliş Trendinde Düzeltme (SSL Negatif),🚨 BB SIKIŞMA,⚪Fiyat Alt_Orta Bant Aralığında,EMA55 Destek: 288.13 (%1.9 altta) | EMA21 Direnç: 294.79 (%0.4 üstte),238.69-245.37 (%16.4 altta),-,49.62,16.76,-0.8,,,,
2026-07-17 21:19,MARS,24.81,🔴 Düşüş Trendinde,🔴 SAT,-,-,-,-,⚪Fiyat Alt_Orta Bant Aralığında,EMA5 Direnç: 25.89 (%4.3 üstte),-,-,29.64,0.82,-0.97,,,,
2026-07-17 21:19,NASA,23.24,🔴 Düşüş Trendinde,🔴 SAT,-,-,-,-,⚪Fiyat Alt_Orta Bant Aralığında,EMA5 Direnç: 24.26 (%4.4 üstte),-,-,29.08,0.16,-0.97,,,,
2026-07-17 21:19,PA=F,1253.0,🟢 Yükseliş Trendinde,⏳ BEKLE,-,-,🔴 Ayı Piyasası (EMA 50 En Altta),🚨 BB SIKIŞMA,🟡Fiyat Orta-Üst Bant Aralığında,EMA21 Direnç: 1262.14 (%0.7 üstte),-,1774.50-1842.00 (%41.6 üstte),47.35,73.64,0.64,,,,
2026-07-17 21:19,PHO,69.17,🟢 Yükseliş Trendinde,🟢 AL (Trend Onaylı),-,-,🔴 Ayı Piyasası (EMA 50 En Altta),🟡 Normal Genişlik,🟡Fiyat Orta-Üst Bant Aralığında,EMA5 Destek: 69.12 (%0.1 altta) | EMA200 Direnç: 69.76 (%0.9 üstte),-,72.60-73.56 (%5.0 üstte),55.22,34.79,-0.0,,,,
2026-07-17 21:19,PL=F,1612.1,🔴 Düşüş Trendinde,⏳ BEKLE,🩸 SAT (Zirveden Dönüş),-,🔴 Ayı Piyasası (EMA 50 En Altta),🚨 BB SIKIŞMA,⚪Fiyat Alt_Orta Bant Aralığında,EMA5 Direnç: 1621.73 (%0.6 üstte),-,-,41.97,93.99,0.56,,,,
2026-07-17 21:19,QQQ,697.12,🔴 Düşüş Trendinde,🔴 SAT,-,-,⚠️ Yükseliş Trendinde Düzeltme (SSL Negatif),🟡 Normal Genişlik,⚪Fiyat Alt_Orta Bant Aralığında,EMA100 Destek: 681.51 (%2.2 altta) | EMA55 Direnç: 703.74 (%0.9 üstte),555.60-568.05 (%18.5 altta),-,42.57,11.4,-0.64,,,,
2026-07-17 21:19,SI=F,56.24,🔴 Düşüş Trendinde,🔴 SAT,-,-,🔴 Ayı Piyasası (EMA 50 En Altta),🚨 BB SIKIŞMA,⚪Fiyat Alt_Orta Bant Aralığında,EMA5 Direnç: 57.13 (%1.6 üstte),-,86.93-88.89 (%54.6 üstte),34.9,49.62,-0.64,,,,
2026-07-17 21:19,SOXX,522.42,🔴 Düşüş Trendinde,🔴 SAT,-,-,⚠️ Yükseliş Trendinde Düzeltme (SSL Negatif),⚪ Yelpaze Açık,⚪Fiyat Alt_Orta Bant Aralığında,EMA100 Destek: 493.20 (%5.6 altta) | EMA55 Direnç: 542.88 (%3.9 üstte),307.26-327.63 (%37.3 altta),-,41.13,1.96,-0.82,,,,
2026-07-17 21:19,VNM,17.35,🔴 Düşüş Trendinde,🔴 SAT,-,-,🔴 Ayı Piyasası (EMA 50 En Altta),⚪ Yelpaze Açık,⚪Fiyat Alt_Orta Bant Aralığında,EMA5 Direnç: 17.52 (%1.0 üstte),-,19.58-19.78 (%12.8 üstte),35.97,7.7,-0.95,,,,
2026-07-17 21:19,WQTM,31.23,🔴 Düşüş Trendinde,🔴 SAT,-,🟢 POTANSİYEL DİP,⚠️ Yükseliş Trendinde Düzeltme (SSL Negatif),⚪ Yelpaze Açık,🚨Fiyat Bandın Altında!,EMA5 Direnç: 32.40 (%3.8 üstte),23.18-24.30 (%22.2 altta),-,32.49,0.0,-0.96,,,,
2026-07-17 21:19,XBI,153.63,🔴 Düşüş Trendinde,🔴 SAT,-,-,⚠️ Yükseliş Trendinde Düzeltme (SSL Negatif),⚪ Yelpaze Açık,⚪Fiyat Alt_Orta Bant Aralığında,EMA21 Destek: 152.95 (%0.4 altta) | EMA5 Direnç: 154.93 (%0.8 üstte),-,-,54.46,4.93,-0.51,,,,
2026-07-17 21:19,XLV,161.27,🟢 Yükseliş Trendinde,⏳ BEKLE,-,-,⚠️ Yükseliş Trendinde Düzeltme (SSL Negatif),⚪ Yelpaze Açık,🟡Fiyat Orta-Üst Bant Aralığında,EMA5 Destek: 160.72 (%0.3 altta),145.31-147.27 (%8.7 altta),-,58.61,21.55,-0.11,,,,
2026-07-17 21:19,XU100.IS,13981.05,🟢 Yükseliş Trendinde,🔴 SAT,-,-,⚠️ Yükseliş Trendinde Düzeltme (SSL Negatif),🚨 BB SIKIŞMA,⚪Fiyat Alt_Orta Bant Aralığında,EMA100 Destek: 13810.77 (%1.2 altta) | EMA5 Direnç: 14126.53 (%1.0 üstte),10440.40-10607.40 (%24.1 altta),-,43.67,14.66,-0.45,,,,
2026-07-18 00:15,AIQ,58.7,🔴 Düşüş Trendinde,🔴 SAT,-,-,⚠️ Yükseliş Trendinde Düzeltme (SSL Negatif),⚪ Yelpaze Açık,🚨Fiyat Bandın Altında!,EMA200 Destek: 55.10 (%6.1 altta) | EMA100 Direnç: 58.82 (%0.2 üstte),44.46-45.83 (%21.9 altta),-,38.45,0.0,-0.82,⚠️Fiyat EMA 200 Üzerinde! Uzaklık: 6.534798761191141,,,
2026-07-18 00:15,ALUM.L,4.22,🔴 Düşüş Trendinde,⏳ BEKLE,-,-,🟢 EMA Yükselişte (SSL Ok Bekleniyor),🟡 Normal Genişlik,🟡Fiyat Orta-Üst Bant Aralığında,EMA200 Destek: 4.16 (%1.6 altta) | EMA5 Direnç: 4.23 (%0.3 üstte),3.64-3.71 (%12.2 altta),-,41.26,86.73,0.82,⚡Fiyat EMA 200'e Yaklaşıyor! Uzaklık: 1.5747603663504028,,,
2026-07-18 00:15,BZ=F,88.09,🟢 Yükseliş Trendinde,🟢 AL (Trend Onaylı),-,-,"📉 Düşüş Hazırlığı (50<100 Kesti, 150 Bekleniyor)",🟡 Normal Genişlik,🚨Fiyat Bandın Üzerinde!,EMA100 Destek: 87.21 (%1.0 altta),59.45-60.91 (%30.9 altta),106.87-112.69 (%21.3 üstte),60.48,98.39,0.92,⚠️Fiyat EMA 200 Üzerinde! Uzaklık: 10.578712660888057,,,
2026-07-18 00:15,CCJ,85.62,🔴 Düşüş Trendinde,🔴 SAT,-,🟢 POTANSİYEL DİP,🔴 Ayı Piyasası (EMA 50 En Altta),⚪ Yelpaze Açık,⚪Fiyat Alt_Orta Bant Aralığında,EMA5 Direnç: 89.09 (%4.1 üstte),-,-,28.17,5.23,-0.94,🟢Fiyat EMA 200 altında! Uzaklık: -14.54143466832204,,,
2026-07-18 00:15,CGW,65.76,🟢 Yükseliş Trendinde,🟢 AL (Trend Onaylı),-,-,🟢 EMA Yükselişte (SSL Ok Bekleniyor),🟠 Daralıyor,🟡Fiyat Orta-Üst Bant Aralığında,EMA5 Destek: 65.62 (%0.2 altta),-,-,57.91,49.67,0.05,⚡Fiyat EMA 200'e Yaklaşıyor! Uzaklık: 2.353387731024781,,,
2026-07-18 00:15,COPA,46.02,🔴 Düşüş Trendinde,⏳ BEKLE,-,-,⚠️ Yükseliş Trendinde Düzeltme (SSL Negatif),🟠 Daralıyor,⚪Fiyat Alt_Orta Bant Aralığında,EMA200 Destek: 44.15 (%4.1 altta) | EMA5 Direnç: 47.08 (%2.3 üstte),-,-,42.63,74.78,-0.28,⚡Fiyat EMA 200'e Yaklaşıyor! Uzaklık: 4.236663547624264,,,
2026-07-18 00:15,COPX,73.35,🔴 Düşüş Trendinde,🔴 SAT,🩸 SAT (Zirveden Dönüş),-,⚠️ Yükseliş Trendinde Düzeltme (SSL Negatif),🚨 BB SIKIŞMA,⚪Fiyat Alt_Orta Bant Aralığında,EMA200 Direnç: 73.39 (%0.1 üstte),-,91.20-93.89 (%24.3 üstte),41.16,53.62,-0.19,🟢Fiyat EMA 200 altında! Uzaklık: -0.05799340439122114,,,
2026-07-18 00:15,EEM,63.29,🔴 Düşüş Trendinde,🔴 SAT,-,-,⚠️ Yükseliş Trendinde Düzeltme (SSL Negatif),⚪ Yelpaze Açık,⚪Fiyat Alt_Orta Bant Aralığında,EMA200 Destek: 60.16 (%4.9 altta) | EMA100 Direnç: 64.02 (%1.1 üstte),52.58-53.31 (%15.8 altta),-,39.19,11.67,-0.79,⚠️Fiyat EMA 200 Üzerinde! Uzaklık: 5.206536249212412,,,
2026-07-18 00:15,EWZ,35.23,🟢 Yükseliş Trendinde,⏳ BEKLE,-,-,"📉 Düşüş Hazırlığı (50<100 Kesti, 150 Bekleniyor)",🚨 BB SIKIŞMA,🟡Fiyat Orta-Üst Bant Aralığında,EMA21 Destek: 35.09 (%0.4 altta) | EMA5 Direnç: 35.42 (%0.5 üstte),-,-,50.77,66.63,0.76,⚡Fiyat EMA 200'e Yaklaşıyor! Uzaklık: 3.021594553781748,,,
2026-07-18 00:15,GC=F,4023.0,🔴 Düşüş Trendinde,🔴 SAT,-,-,🔴 Ayı Piyasası (EMA 50 En Altta),🚨 BB SIKIŞMA,⚪Fiyat Alt_Orta Bant Aralığında,EMA5 Direnç: 4031.16 (%0.2 üstte),-,-,40.95,58.62,-0.31,🟢Fiyat EMA 200 altında! Uzaklık: -5.791386321351732,,,
2026-07-18 00:15,GLTR,178.52,🔴 Düşüş Trendinde,🔴 SAT,-,-,🔴 Ayı Piyasası (EMA 50 En Altta),🚨 BB SIKIŞMA,⚪Fiyat Alt_Orta Bant Aralığında,EMA5 Direnç: 180.03 (%0.8 üstte),-,-,37.51,51.34,-0.4,🟢Fiyat EMA 200 altında! Uzaklık: -8.837571986747461,,,
2026-07-18 00:15,HG=F,6.27,🔴 Düşüş Trendinde,⏳ BEKLE,🩸 SAT (Zirveden Dönüş),-,⚪ Karışık / Testere Piyasası,🚨 BB SIKIŞMA,🟡Fiyat Orta-Üst Bant Aralığında,EMA21 Destek: 6.24 (%0.5 altta) | EMA5 Direnç: 6.27 (%0.0 üstte),5.79-5.90 (%5.9 altta),-,51.93,82.03,0.79,⚠️Fiyat EMA 200 Üzerinde! Uzaklık: 9.873325117937926,,,
2026-07-18 00:15,IBB,189.76,🟢 Yükseliş Trendinde,🔴 SAT,-,-,⚠️ Yükseliş Trendinde Düzeltme (SSL Negatif),⚪ Yelpaze Açık,🟡Fiyat Orta-Üst Bant Aralığında,EMA21 Destek: 187.33 (%1.3 altta) | EMA5 Direnç: 190.22 (%0.2 üstte),163.90-167.80 (%11.6 altta),-,58.74,5.66,-0.28,⚠️Fiyat EMA 200 Üzerinde! Uzaklık: 13.536657177563626,,,
2026-07-18 00:15,ICLN,18.37,🔴 Düşüş Trendinde,🔴 SAT,-,-,⚠️ Yükseliş Trendinde Düzeltme (SSL Negatif),⚪ Yelpaze Açık,⚪Fiyat Alt_Orta Bant Aralığında,EMA200 Direnç: 18.43 (%0.3 üstte),17.38-18.05 (%1.7 altta),21.34-21.75 (%16.2 üstte),36.1,15.75,-0.9,🟢Fiyat EMA 200 altında! Uzaklık: -0.3222974752897345,,,
2026-07-18 00:15,INDA,48.91,🟢 Yükseliş Trendinde,⏳ BEKLE,-,-,🔴 Ayı Piyasası (EMA 50 En Altta),🚨 BB SIKIŞMA,⚪Fiyat Alt_Orta Bant Aralığında,EMA5 Destek: 48.84 (%0.1 altta) | EMA55 Direnç: 48.95 (%0.1 üstte),47.28-47.85 (%2.2 altta),54.75-55.02 (%11.9 üstte),49.67,10.03,-0.66,🟢Fiyat EMA 200 altında! Uzaklık: -3.855105045140539,,,
2026-07-18 00:15,IWM,294.04,🟢 Yükseliş Trendinde,🔴 SAT,-,-,⚠️ Yükseliş Trendinde Düzeltme (SSL Negatif),🚨 BB SIKIŞMA,⚪Fiyat Alt_Orta Bant Aralığında,EMA55 Destek: 288.15 (%2.0 altta) | EMA21 Direnç: 294.83 (%0.3 üstte),238.69-245.37 (%16.6 altta),-,50.24,17.63,-0.79,⚠️Fiyat EMA 200 Üzerinde! Uzaklık: 10.804971688721965,,,
2026-07-18 00:15,MARS,24.4,🔴 Düşüş Trendinde,🔴 SAT,-,🟢 POTANSİYEL DİP,-,-,⚪Fiyat Alt_Orta Bant Aralığında,EMA5 Direnç: 25.75 (%5.5 üstte),-,-,28.73,0.72,-0.97,-,,,
2026-07-18 00:15,NASA,22.99,🔴 Düşüş Trendinde,🔴 SAT,-,🟢 POTANSİYEL DİP,-,-,⚪Fiyat Alt_Orta Bant Aralığında,EMA5 Direnç: 24.18 (%5.2 üstte),-,-,28.47,0.0,-0.97,-,,,
2026-07-18 00:15,PA=F,1250.0,🟢 Yükseliş Trendinde,⏳ BEKLE,-,-,🔴 Ayı Piyasası (EMA 50 En Altta),🚨 BB SIKIŞMA,🟡Fiyat Orta-Üst Bant Aralığında,EMA21 Direnç: 1261.86 (%0.9 üstte),-,1774.50-1842.00 (%42.0 üstte),46.97,72.83,0.63,🟢Fiyat EMA 200 altında! Uzaklık: -11.584636668572013,,,
2026-07-18 00:15,PHO,69.03,🟢 Yükseliş Trendinde,🟢 AL (Trend Onaylı),-,-,🔴 Ayı Piyasası (EMA 50 En Altta),🟡 Normal Genişlik,🟡Fiyat Orta-Üst Bant Aralığında,EMA21 Destek: 68.53 (%0.7 altta) | EMA5 Direnç: 69.07 (%0.1 üstte),-,72.60-73.56 (%5.2 üstte),54.31,32.45,-0.03,🟢Fiyat EMA 200 altında! Uzaklık: -1.0695108536865727,,,
2026-07-18 00:15,PL=F,1603.5,🔴 Düşüş Trendinde,🔴 SAT,🩸 SAT (Zirveden Dönüş),-,🔴 Ayı Piyasası (EMA 50 En Altta),🚨 BB SIKIŞMA,⚪Fiyat Alt_Orta Bant Aralığında,EMA5 Direnç: 1618.86 (%1.0 üstte),-,-,41.11,91.97,0.52,🟢Fiyat EMA 200 altında! Uzaklık: -10.560535388730841,,,
2026-07-18 00:15,QQQ,695.33,🔴 Düşüş Trendinde,🔴 SAT,-,-,⚠️ Yükseliş Trendinde Düzeltme (SSL Negatif),🟡 Normal Genişlik,🚨Fiyat Bandın Altında!,EMA100 Destek: 681.47 (%2.0 altta) | EMA55 Direnç: 703.68 (%1.2 üstte),555.60-568.05 (%18.3 altta),-,42.0,11.4,-0.65,⚠️Fiyat EMA 200 Üzerinde! Uzaklık: 6.950801029979248,,,
2026-07-18 00:15,SI=F,56.22,🔴 Düşüş Trendinde,🔴 SAT,-,-,🔴 Ayı Piyasası (EMA 50 En Altta),🚨 BB SIKIŞMA,⚪Fiyat Alt_Orta Bant Aralığında,EMA5 Direnç: 57.12 (%1.6 üstte),-,86.93-88.89 (%54.6 üstte),34.84,49.42,-0.64,🟢Fiyat EMA 200 altında! Uzaklık: -12.47231294435458,,,
2026-07-18 00:15,SOXX,521.81,🔴 Düşüş Trendinde,🔴 SAT,-,-,⚠️ Yükseliş Trendinde Düzeltme (SSL Negatif),⚪ Yelpaze Açık,⚪Fiyat Alt_Orta Bant Aralığında,EMA100 Destek: 493.18 (%5.5 altta) | EMA5 Direnç: 542.72 (%4.0 üstte),307.26-327.63 (%37.2 altta),-,41.04,1.96,-0.82,⚠️Fiyat EMA 200 Üzerinde! Uzaklık: 26.21311380180518,,,
2026-07-18 00:15,VNM,17.34,🔴 Düşüş Trendinde,🔴 SAT,-,-,🔴 Ayı Piyasası (EMA 50 En Altta),⚪ Yelpaze Açık,⚪Fiyat Alt_Orta Bant Aralığında,EMA5 Direnç: 17.52 (%1.0 üstte),-,19.58-19.78 (%12.9 üstte),35.77,7.33,-0.95,🟢Fiyat EMA 200 altında! Uzaklık: -4.606058566256599,,,
2026-07-18 00:15,WQTM,31.06,🔴 Düşüş Trendinde,🔴 SAT,-,🟢 POTANSİYEL DİP,⚠️ Yükseliş Trendinde Düzeltme (SSL Negatif),⚪ Yelpaze Açık,🚨Fiyat Bandın Altında!,EMA5 Direnç: 32.34 (%4.1 üstte),23.18-24.30 (%21.8 altta),-,32.03,0.0,-0.96,-,,,
2026-07-18 00:15,XBI,154.26,🔴 Düşüş Trendinde,🔴 SAT,-,-,⚠️ Yükseliş Trendinde Düzeltme (SSL Negatif),⚪ Yelpaze Açık,⚪Fiyat Alt_Orta Bant Aralığında,EMA21 Destek: 153.00 (%0.8 altta) | EMA5 Direnç: 155.14 (%0.6 üstte),-,-,55.33,6.01,-0.49,⚠️Fiyat EMA 200 Üzerinde! Uzaklık: 22.937512907883175,,,
2026-07-18 00:15,XLV,161.09,🟢 Yükseliş Trendinde,⏳ BEKLE,-,-,⚠️ Yükseliş Trendinde Düzeltme (SSL Negatif),⚪ Yelpaze Açık,🟡Fiyat Orta-Üst Bant Aralığında,EMA5 Destek: 160.66 (%0.3 altta),145.31-147.27 (%8.6 altta),-,58.15,20.75,-0.12,⚠️Fiyat EMA 200 Üzerinde! Uzaklık: 7.64808033794,,,
2026-07-18 00:15,XU100.IS,14251.3,🟢 Yükseliş Trendinde,🔴 SAT,-,-,⚠️ Yükseliş Trendinde Düzeltme (SSL Negatif),🚨 BB SIKIŞMA,⚪Fiyat Alt_Orta Bant Aralığında,EMA5 Destek: 14199.27 (%0.4 altta) | EMA21 Direnç: 14258.44 (%0.1 üstte),10440.40-10607.40 (%25.6 altta),-,50.01,15.48,-0.27,⚠️Fiyat EMA 200 Üzerinde! Uzaklık: 10.973177676882194,,,
2026-07-20 15:58,AIQ,58.7,🔴 Düşüş Trendinde,🔴 SAT,-,-,⚠️ Yükseliş Trendinde Düzeltme (SSL Negatif),⚪ Yelpaze Açık,🚨Fiyat Bandın Altında!,EMA200 Destek: 55.10 (%6.1 altta) | EMA100 Direnç: 58.82 (%0.2 üstte),44.46-45.83 (%21.9 altta),-,38.45,0.0,-0.82,6.53,,,
2026-07-20 15:58,ALUM.L,4.22,🔴 Düşüş Trendinde,🔴 SAT,🩸 SAT (Zirveden Dönüş),-,🟢 EMA Yükselişte (SSL Ok Bekleniyor),🚨 BB SIKIŞMA,🟡Fiyat Orta-Üst Bant Aralığında,EMA200 Destek: 4.16 (%1.6 altta) | EMA5 Direnç: 4.23 (%0.2 üstte),3.64-3.71 (%12.2 altta),-,41.31,87.81,0.75,1.62,,,
2026-07-20 15:58,BZ=F,88.2,🟢 Yükseliş Trendinde,🟢 AL (Trend Onaylı),-,-,"📉 Düşüş Hazırlığı (50<100 Kesti, 150 Bekleniyor)",⚪ Yelpaze Açık,🟡Fiyat Orta-Üst Bant Aralığında,EMA100 Destek: 87.23 (%1.1 altta),59.45-60.91 (%30.9 altta),106.87-112.69 (%21.2 üstte),60.63,98.39,0.95,10.88,,,
2026-07-20 15:58,CCJ,85.62,🔴 Düşüş Trendinde,🔴 SAT,-,🟢 POTANSİYEL DİP,🔴 Ayı Piyasası (EMA 50 En Altta),⚪ Yelpaze Açık,⚪Fiyat Alt_Orta Bant Aralığında,EMA5 Direnç: 89.09 (%4.1 üstte),-,-,28.17,5.23,-0.94,-14.54,,,
2026-07-20 15:58,CGW,65.76,🟢 Yükseliş Trendinde,🟢 AL (Trend Onaylı),-,-,🟢 EMA Yükselişte (SSL Ok Bekleniyor),🟠 Daralıyor,🟡Fiyat Orta-Üst Bant Aralığında,EMA5 Destek: 65.62 (%0.2 altta),-,-,57.91,49.67,0.05,2.35,,,
2026-07-20 15:58,COPA,45.3,🔴 Düşüş Trendinde,🔴 SAT,🔴 ZAYIFLAMA (Zaten Dipte),-,⚠️ Yükseliş Trendinde Düzeltme (SSL Negatif),🟠 Daralıyor,⚪Fiyat Alt_Orta Bant Aralığında,EMA200 Destek: 44.16 (%2.5 altta) | EMA5 Direnç: 46.48 (%2.6 üstte),-,-,40.91,50.84,-0.42,2.58,,,
2026-07-20 15:58,COPX,73.35,🔴 Düşüş Trendinde,🔴 SAT,🩸 SAT (Zirveden Dönüş),-,⚠️ Yükseliş Trendinde Düzeltme (SSL Negatif),🚨 BB SIKIŞMA,⚪Fiyat Alt_Orta Bant Aralığında,EMA200 Direnç: 73.39 (%0.1 üstte),-,91.20-93.89 (%24.3 üstte),41.16,53.62,-0.19,-0.06,,,
2026-07-20 15:58,EEM,63.29,🔴 Düşüş Trendinde,🔴 SAT,-,-,⚠️ Yükseliş Trendinde Düzeltme (SSL Negatif),⚪ Yelpaze Açık,⚪Fiyat Alt_Orta Bant Aralığında,EMA200 Destek: 60.16 (%4.9 altta) | EMA100 Direnç: 64.02 (%1.1 üstte),52.58-53.31 (%15.8 altta),-,39.19,11.67,-0.79,5.21,,,
2026-07-20 15:58,EWZ,35.23,🟢 Yükseliş Trendinde,⏳ BEKLE,-,-,"📉 Düşüş Hazırlığı (50<100 Kesti, 150 Bekleniyor)",🚨 BB SIKIŞMA,🟡Fiyat Orta-Üst Bant Aralığında,EMA21 Destek: 35.09 (%0.4 altta) | EMA5 Direnç: 35.42 (%0.5 üstte),-,-,50.77,66.63,0.76,3.02,,,
2026-07-20 15:58,GC=F,4018.8,🔴 Düşüş Trendinde,🔴 SAT,-,-,🔴 Ayı Piyasası (EMA 50 En Altta),🚨 BB SIKIŞMA,⚪Fiyat Alt_Orta Bant Aralığında,EMA5 Direnç: 4024.75 (%0.1 üstte),-,-,40.65,53.68,-0.53,-5.92,,,
2026-07-20 15:58,GLTR,178.52,🔴 Düşüş Trendinde,🔴 SAT,-,-,🔴 Ayı Piyasası (EMA 50 En Altta),🚨 BB SIKIŞMA,⚪Fiyat Alt_Orta Bant Aralığında,EMA5 Direnç: 180.03 (%0.8 üstte),-,-,37.51,51.34,-0.4,-8.84,,,
2026-07-20 15:58,HG=F,6.34,🔴 Düşüş Trendinde,⏳ BEKLE,📈 TREND DEVAMI (0 Üstü + Hacim),-,🟢 EMA Yükselişte (SSL Ok Bekleniyor),🚨 BB SIKIŞMA,🟡Fiyat Orta-Üst Bant Aralığında,EMA5 Destek: 6.28 (%0.9 altta),5.79-5.90 (%7.0 altta),-,55.24,79.83,0.75,11.08,,,
2026-07-20 15:58,IBB,189.76,🟢 Yükseliş Trendinde,🔴 SAT,-,-,⚠️ Yükseliş Trendinde Düzeltme (SSL Negatif),⚪ Yelpaze Açık,🟡Fiyat Orta-Üst Bant Aralığında,EMA21 Destek: 187.33 (%1.3 altta) | EMA5 Direnç: 190.22 (%0.2 üstte),163.90-167.80 (%11.6 altta),-,58.74,5.66,-0.28,13.54,,,
2026-07-20 15:58,ICLN,18.37,🔴 Düşüş Trendinde,🔴 SAT,-,-,⚠️ Yükseliş Trendinde Düzeltme (SSL Negatif),⚪ Yelpaze Açık,⚪Fiyat Alt_Orta Bant Aralığında,EMA200 Direnç: 18.43 (%0.3 üstte),17.38-18.05 (%1.7 altta),21.34-21.75 (%16.2 üstte),36.1,15.75,-0.9,-0.32,,,
2026-07-20 15:58,INDA,48.91,🟢 Yükseliş Trendinde,⏳ BEKLE,-,-,🔴 Ayı Piyasası (EMA 50 En Altta),🚨 BB SIKIŞMA,⚪Fiyat Alt_Orta Bant Aralığında,EMA5 Destek: 48.84 (%0.1 altta) | EMA55 Direnç: 48.95 (%0.1 üstte),47.28-47.85 (%2.2 altta),54.75-55.02 (%11.9 üstte),49.67,10.03,-0.66,-3.86,,,
2026-07-20 15:58,IWM,294.04,🟢 Yükseliş Trendinde,🔴 SAT,-,-,⚠️ Yükseliş Trendinde Düzeltme (SSL Negatif),🚨 BB SIKIŞMA,⚪Fiyat Alt_Orta Bant Aralığında,EMA55 Destek: 288.15 (%2.0 altta) | EMA21 Direnç: 294.83 (%0.3 üstte),238.69-245.37 (%16.6 altta),-,50.24,17.63,-0.79,10.8,,,
2026-07-20 15:58,MARS,24.4,🔴 Düşüş Trendinde,🔴 SAT,-,🟢 POTANSİYEL DİP,-,-,⚪Fiyat Alt_Orta Bant Aralığında,EMA5 Direnç: 25.75 (%5.5 üstte),-,-,28.73,0.72,-0.97,-,,,
2026-07-20 15:58,NASA,22.99,🔴 Düşüş Trendinde,🔴 SAT,-,🟢 POTANSİYEL DİP,-,-,⚪Fiyat Alt_Orta Bant Aralığında,EMA5 Direnç: 24.18 (%5.2 üstte),-,-,28.47,0.0,-0.97,-,,,
2026-07-20 15:58,PA=F,1259.0,🟢 Yükseliş Trendinde,⏳ BEKLE,-,-,🔴 Ayı Piyasası (EMA 50 En Altta),🚨 BB SIKIŞMA,🟡Fiyat Orta-Üst Bant Aralığında,EMA5 Direnç: 1259.68 (%0.1 üstte),-,1774.50-1842.00 (%40.9 üstte),48.43,64.28,0.51,-10.92,,,
2026-07-20 15:58,PHO,69.03,🟢 Yükseliş Trendinde,🟢 AL (Trend Onaylı),-,-,🔴 Ayı Piyasası (EMA 50 En Altta),🟡 Normal Genişlik,🟡Fiyat Orta-Üst Bant Aralığında,EMA21 Destek: 68.53 (%0.7 altta) | EMA5 Direnç: 69.07 (%0.1 üstte),-,72.60-73.56 (%5.2 üstte),54.31,32.45,-0.03,-1.07,,,
2026-07-20 15:58,PL=F,1594.7,🔴 Düşüş Trendinde,🔴 SAT,-,-,🔴 Ayı Piyasası (EMA 50 En Altta),🚨 BB SIKIŞMA,⚪Fiyat Alt_Orta Bant Aralığında,EMA5 Direnç: 1611.32 (%1.0 üstte),-,-,40.17,82.3,0.31,-11.02,,,
2026-07-20 15:58,QQQ,695.33,🔴 Düşüş Trendinde,🔴 SAT,-,-,⚠️ Yükseliş Trendinde Düzeltme (SSL Negatif),🟡 Normal Genişlik,🚨Fiyat Bandın Altında!,EMA100 Destek: 681.47 (%2.0 altta) | EMA55 Direnç: 703.68 (%1.2 üstte),555.60-568.05 (%18.3 altta),-,42.0,11.4,-0.65,6.95,,,
2026-07-20 15:58,SI=F,57.12,🔴 Düşüş Trendinde,⏳ BEKLE,-,-,🔴 Ayı Piyasası (EMA 50 En Altta),🚨 BB SIKIŞMA,⚪Fiyat Alt_Orta Bant Aralığında,EMA5 Destek: 57.08 (%0.1 altta) | EMA21 Direnç: 60.37 (%5.7 üstte),-,86.93-88.89 (%52.2 üstte),37.8,48.21,-0.8,-11.08,,,
2026-07-20 15:58,SOXX,521.81,🔴 Düşüş Trendinde,🔴 SAT,-,-,⚠️ Yükseliş Trendinde Düzeltme (SSL Negatif),⚪ Yelpaze Açık,⚪Fiyat Alt_Orta Bant Aralığında,EMA100 Destek: 493.18 (%5.5 altta) | EMA5 Direnç: 542.72 (%4.0 üstte),307.26-327.63 (%37.2 altta),-,41.04,1.96,-0.82,26.21,,,
2026-07-20 15:58,VNM,17.34,🔴 Düşüş Trendinde,🔴 SAT,-,-,🔴 Ayı Piyasası (EMA 50 En Altta),⚪ Yelpaze Açık,⚪Fiyat Alt_Orta Bant Aralığında,EMA5 Direnç: 17.52 (%1.0 üstte),-,19.58-19.78 (%12.9 üstte),35.77,7.33,-0.95,-4.61,,,
2026-07-20 15:58,WQTM,31.06,🔴 Düşüş Trendinde,🔴 SAT,-,🟢 POTANSİYEL DİP,⚠️ Yükseliş Trendinde Düzeltme (SSL Negatif),⚪ Yelpaze Açık,🚨Fiyat Bandın Altında!,EMA5 Direnç: 32.34 (%4.1 üstte),23.18-24.30 (%21.8 altta),-,32.03,0.0,-0.96,-,,,
2026-07-20 15:58,XBI,154.26,🔴 Düşüş Trendinde,🔴 SAT,-,-,⚠️ Yükseliş Trendinde Düzeltme (SSL Negatif),⚪ Yelpaze Açık,⚪Fiyat Alt_Orta Bant Aralığında,EMA21 Destek: 153.00 (%0.8 altta) | EMA5 Direnç: 155.14 (%0.6 üstte),-,-,55.33,6.01,-0.49,22.94,,,
2026-07-20 15:58,XLV,161.09,🟢 Yükseliş Trendinde,⏳ BEKLE,-,-,⚠️ Yükseliş Trendinde Düzeltme (SSL Negatif),⚪ Yelpaze Açık,🟡Fiyat Orta-Üst Bant Aralığında,EMA5 Destek: 160.66 (%0.3 altta),145.31-147.27 (%8.6 altta),-,58.15,20.75,-0.12,7.65,,,
2026-07-20 15:58,XU100.IS,14166.28,🟢 Yükseliş Trendinde,🔴 SAT,-,-,⚠️ Yükseliş Trendinde Düzeltme (SSL Negatif),🚨 BB SIKIŞMA,⚪Fiyat Alt_Orta Bant Aralığında,EMA5 Destek: 14139.79 (%0.2 altta) | EMA21 Direnç: 14227.14 (%0.4 üstte),10440.40-10607.40 (%25.1 altta),-,48.49,27.72,-0.56,10.15,,,
2026-07-20 19:05,AIQ,59.76,🔴 Düşüş Trendinde,⏳ BEKLE,🟢 POTANSİYEL DİP (0 Altı - Hacimsiz),-,⚠️ Yükseliş Trendinde Düzeltme (SSL Negatif),⚪ Yelpaze Açık,⚪Fiyat Alt_Orta Bant Aralığında,EMA100 Destek: 58.84 (%1.5 altta) | EMA5 Direnç: 60.11 (%0.6 üstte),44.46-45.83 (%23.3 altta),-,42.11,7.46,-0.84,8.39,,,
2026-07-20 19:05,ALUM.L,4.21,🔴 Düşüş Trendinde,🔴 SAT,🩸 SAT (Zirveden Dönüş),-,🟢 EMA Yükselişte (SSL Ok Bekleniyor),🚨 BB SIKIŞMA,🟡Fiyat Orta-Üst Bant Aralığında,EMA200 Destek: 4.16 (%1.3 altta) | EMA5 Direnç: 4.23 (%0.4 üstte),3.64-3.71 (%11.9 altta),-,40.45,86.17,0.72,1.31,,,
2026-07-20 19:05,BZ=F,88.12,🟢 Yükseliş Trendinde,🟢 AL (Trend Onaylı),-,-,"📉 Düşüş Hazırlığı (50<100 Kesti, 150 Bekleniyor)",⚪ Yelpaze Açık,🟡Fiyat Orta-Üst Bant Aralığında,EMA100 Destek: 87.22 (%1.0 altta),59.45-60.91 (%30.9 altta),106.87-112.69 (%21.3 üstte),60.52,98.39,0.95,10.78,,,
2026-07-20 19:05,CCJ,84.73,🔴 Düşüş Trendinde,🔴 SAT,-,-,🔴 Ayı Piyasası (EMA 50 En Altta),⚪ Yelpaze Açık,⚪Fiyat Alt_Orta Bant Aralığında,EMA5 Direnç: 87.64 (%3.4 üstte),-,-,27.33,0.0,-0.94,-15.31,,,
2026-07-20 19:05,CGW,65.31,🟢 Yükseliş Trendinde,⏳ BEKLE,🩸 SAT (Zirveden Dönüş),-,⚠️ Yükseliş Trendinde Düzeltme (SSL Negatif),🚨 BB SIKIŞMA,🟡Fiyat Orta-Üst Bant Aralığında,EMA21 Destek: 64.99 (%0.5 altta) | EMA5 Direnç: 65.52 (%0.3 üstte),-,-,54.09,45.5,0.01,1.63,,,
2026-07-20 19:05,COPA,45.22,🔴 Düşüş Trendinde,🔴 SAT,-,-,⚠️ Yükseliş Trendinde Düzeltme (SSL Negatif),🚨 BB SIKIŞMA,⚪Fiyat Alt_Orta Bant Aralığında,EMA200 Destek: 44.19 (%2.3 altta) | EMA5 Direnç: 46.06 (%1.9 üstte),-,-,40.7,32.36,-0.56,2.32,,,
2026-07-20 19:05,COPX,74.26,🔴 Düşüş Trendinde,🔴 SAT,-,-,⚠️ Yükseliş Trendinde Düzeltme (SSL Negatif),🚨 BB SIKIŞMA,⚪Fiyat Alt_Orta Bant Aralığında,EMA200 Destek: 73.44 (%1.1 altta) | EMA5 Direnç: 74.84 (%0.8 üstte),-,91.20-93.89 (%22.8 üstte),43.0,42.67,-0.3,1.11,,,
2026-07-20 19:05,EEM,64.11,🔴 Düşüş Trendinde,⏳ BEKLE,🟢 POTANSİYEL DİP (0 Altı - Hacimsiz),-,⚠️ Yükseliş Trendinde Düzeltme (SSL Negatif),⚪ Yelpaze Açık,⚪Fiyat Alt_Orta Bant Aralığında,EMA100 Destek: 64.02 (%0.1 altta) | EMA5 Direnç: 64.43 (%0.5 üstte),52.58-53.31 (%16.8 altta),-,42.53,8.05,-0.8,6.52,,,
2026-07-20 19:05,EWZ,35.62,🟢 Yükseliş Trendinde,⏳ BEKLE,-,-,"📉 Düşüş Hazırlığı (50<100 Kesti, 150 Bekleniyor)",🚨 BB SIKIŞMA,🟡Fiyat Orta-Üst Bant Aralığında,EMA5 Destek: 35.49 (%0.4 altta) | EMA55 Direnç: 35.70 (%0.2 üstte),-,-,54.23,61.2,0.77,4.12,,,
2026-07-20 19:05,GC=F,4018.8,🔴 Düşüş Trendinde,🔴 SAT,-,-,🔴 Ayı Piyasası (EMA 50 En Altta),🚨 BB SIKIŞMA,⚪Fiyat Alt_Orta Bant Aralığında,EMA5 Direnç: 4024.75 (%0.1 üstte),-,-,40.65,53.68,-0.53,-5.92,,,
2026-07-20 19:05,GLTR,179.39,🔴 Düşüş Trendinde,🔴 SAT,-,-,🔴 Ayı Piyasası (EMA 50 En Altta),🚨 BB SIKIŞMA,⚪Fiyat Alt_Orta Bant Aralığında,EMA5 Direnç: 179.81 (%0.2 üstte),-,-,38.88,46.12,-0.6,-8.36,,,
2026-07-20 19:05,HG=F,6.34,🔴 Düşüş Trendinde,⏳ BEKLE,📈 TREND DEVAMI (0 Üstü + Hacim),-,🟢 EMA Yükselişte (SSL Ok Bekleniyor),🚨 BB SIKIŞMA,🟡Fiyat Orta-Üst Bant Aralığında,EMA5 Destek: 6.28 (%0.9 altta),5.79-5.90 (%7.0 altta),-,55.29,79.83,0.75,11.1,,,
2026-07-20 19:05,IBB,188.43,🟢 Yükseliş Trendinde,🔴 SAT,-,-,⚠️ Yükseliş Trendinde Düzeltme (SSL Negatif),⚪ Yelpaze Açık,⚪Fiyat Alt_Orta Bant Aralığında,EMA21 Destek: 187.43 (%0.5 altta) | EMA5 Direnç: 189.62 (%0.6 üstte),163.90-167.80 (%10.9 altta),-,55.68,3.19,-0.5,12.56,,,
2026-07-20 19:05,ICLN,18.32,🔴 Düşüş Trendinde,🔴 SAT,-,-,⚠️ Yükseliş Trendinde Düzeltme (SSL Negatif),⚪ Yelpaze Açık,⚪Fiyat Alt_Orta Bant Aralığında,EMA200 Direnç: 18.42 (%0.6 üstte),17.38-18.05 (%1.4 altta),21.34-21.75 (%16.5 üstte),35.73,0.72,-0.93,-0.6,,,
2026-07-20 19:05,INDA,48.79,🟢 Yükseliş Trendinde,⏳ BEKLE,-,-,🔴 Ayı Piyasası (EMA 50 En Altta),🚨 BB SIKIŞMA,⚪Fiyat Alt_Orta Bant Aralığında,EMA5 Direnç: 48.83 (%0.1 üstte),47.28-47.85 (%1.9 altta),54.75-55.02 (%12.2 üstte),48.29,12.44,-0.71,-4.06,,,
2026-07-20 19:05,IWM,293.98,🟢 Yükseliş Trendinde,⏳ BEKLE,-,-,⚠️ Yükseliş Trendinde Düzeltme (SSL Negatif),🚨 BB SIKIŞMA,⚪Fiyat Alt_Orta Bant Aralığında,EMA55 Destek: 288.35 (%1.9 altta) | EMA5 Direnç: 294.64 (%0.2 üstte),238.69-245.37 (%16.5 altta),-,50.14,9.44,-0.78,10.67,,,
2026-07-20 19:05,MARS,24.24,🔴 Düşüş Trendinde,🔴 SAT,-,-,-,-,⚪Fiyat Alt_Orta Bant Aralığında,EMA5 Direnç: 25.25 (%4.2 üstte),-,-,28.36,0.0,-0.99,-,,,
2026-07-20 19:05,NASA,22.78,🔴 Düşüş Trendinde,🔴 SAT,-,-,-,-,⚪Fiyat Alt_Orta Bant Aralığında,EMA5 Direnç: 23.71 (%4.1 üstte),-,-,27.99,0.0,-0.99,-,,,
2026-07-20 19:05,PA=F,1270.5,🟢 Yükseliş Trendinde,⏳ BEKLE,-,-,🔴 Ayı Piyasası (EMA 50 En Altta),🚨 BB SIKIŞMA,🟡Fiyat Orta-Üst Bant Aralığında,EMA5 Destek: 1263.52 (%0.5 altta) | EMA55 Direnç: 1326.23 (%4.4 üstte),-,1774.50-1842.00 (%39.7 üstte),50.0,67.59,0.55,-10.11,,,
2026-07-20 19:05,PHO,68.35,🟢 Yükseliş Trendinde,🔴 SAT,🔴 ZAYIFLAMA (Zaten Dipte),-,🩸 ASIL SİNYAL: GÜÇLÜ SAT (EMA Çöktü + SSL Onay),🟡 Normal Genişlik,⚪Fiyat Alt_Orta Bant Aralığında,EMA55 Destek: 68.06 (%0.4 altta) | EMA100 Direnç: 68.47 (%0.2 üstte),-,72.60-73.56 (%6.2 üstte),50.08,32.45,-0.27,-2.04,,,
2026-07-20 19:05,PL=F,1606.4,🔴 Düşüş Trendinde,🔴 SAT,-,-,🔴 Ayı Piyasası (EMA 50 En Altta),🚨 BB SIKIŞMA,⚪Fiyat Alt_Orta Bant Aralığında,EMA5 Direnç: 1615.22 (%0.5 üstte),-,-,41.43,85.22,0.37,-10.37,,,
2026-07-20 19:05,QQQ,702.86,🔴 Düşüş Trendinde,🔴 SAT,-,-,⚠️ Yükseliş Trendinde Düzeltme (SSL Negatif),🟠 Daralıyor,⚪Fiyat Alt_Orta Bant Aralığında,EMA100 Destek: 681.90 (%3.0 altta) | EMA55 Direnç: 703.65 (%0.1 üstte),555.60-568.05 (%19.2 altta),-,45.28,7.45,-0.69,8.04,,,
2026-07-20 19:05,SI=F,57.29,🔴 Düşüş Trendinde,⏳ BEKLE,-,-,🔴 Ayı Piyasası (EMA 50 En Altta),🚨 BB SIKIŞMA,⚪Fiyat Alt_Orta Bant Aralığında,EMA5 Destek: 57.14 (%0.3 altta) | EMA21 Direnç: 60.38 (%5.4 üstte),-,86.93-88.89 (%51.7 üstte),38.34,50.74,-0.79,-10.81,,,
2026-07-20 19:05,SOXX,534.72,🔴 Düşüş Trendinde,🔴 SAT,🟢 POTANSİYEL DİP (0 Altı - Hacimsiz),-,⚠️ Yükseliş Trendinde Düzeltme (SSL Negatif),⚪ Yelpaze Açık,⚪Fiyat Alt_Orta Bant Aralığında,EMA100 Destek: 493.99 (%7.6 altta) | EMA5 Direnç: 540.05 (%1.0 üstte),307.26-327.63 (%38.7 altta),-,43.79,4.96,-0.81,29.06,,,
2026-07-20 19:05,VNM,16.89,🔴 Düşüş Trendinde,🔴 SAT,-,🟢 POTANSİYEL DİP,🔴 Ayı Piyasası (EMA 50 En Altta),⚪ Yelpaze Açık,🚨Fiyat Bandın Altında!,EMA5 Direnç: 17.31 (%2.5 üstte),-,19.58-19.78 (%16.0 üstte),30.15,7.33,-0.96,-7.06,,,
2026-07-20 19:05,WQTM,31.49,🔴 Düşüş Trendinde,⏳ BEKLE,🟢 POTANSİYEL DİP (0 Altı - Hacimsiz),-,⚠️ Yükseliş Trendinde Düzeltme (SSL Negatif),⚪ Yelpaze Açık,⚪Fiyat Alt_Orta Bant Aralığında,EMA5 Direnç: 32.06 (%1.8 üstte),23.18-24.30 (%22.8 altta),-,34.63,3.74,-0.96,-,,,
2026-07-20 19:05,XBI,152.88,🔴 Düşüş Trendinde,🔴 SAT,-,-,⚠️ Yükseliş Trendinde Düzeltme (SSL Negatif),⚪ Yelpaze Açık,⚪Fiyat Alt_Orta Bant Aralığında,EMA55 Destek: 144.50 (%5.5 altta) | EMA21 Direnç: 152.99 (%0.1 üstte),-,-,52.93,5.23,-0.63,21.56,,,
2026-07-20 19:05,XLV,160.18,🟢 Yükseliş Trendinde,⏳ BEKLE,-,-,⚠️ Yükseliş Trendinde Düzeltme (SSL Negatif),⚪ Yelpaze Açık,🟡Fiyat Orta-Üst Bant Aralığında,EMA21 Destek: 158.80 (%0.9 altta) | EMA5 Direnç: 160.50 (%0.2 üstte),145.31-147.27 (%8.1 altta),-,55.74,25.36,-0.2,6.93,,,
2026-07-20 19:05,XU100.IS,14070.98,🟢 Yükseliş Trendinde,🔴 SAT,-,-,⚠️ Yükseliş Trendinde Düzeltme (SSL Negatif),🚨 BB SIKIŞMA,⚪Fiyat Alt_Orta Bant Aralığında,EMA100 Destek: 13816.19 (%1.8 altta) | EMA5 Direnç: 14108.02 (%0.3 üstte),10440.40-10607.40 (%24.6 altta),-,46.12,21.29,-0.61,9.41,,,
2026-07-20 22:11,AIQ,59.27,🔴 Düşüş Trendinde,⏳ BEKLE,🟢 POTANSİYEL DİP (0 Altı - Hacimsiz),-,⚠️ Yükseliş Trendinde Düzeltme (SSL Negatif),⚪ Yelpaze Açık,⚪Fiyat Alt_Orta Bant Aralığında,EMA100 Destek: 58.83 (%0.7 altta) | EMA5 Direnç: 59.95 (%1.1 üstte),44.46-45.83 (%22.7 altta),-,40.48,4.13,-0.85,7.51,,,
2026-07-20 22:11,ALUM.L,4.21,🔴 Düşüş Trendinde,🔴 SAT,🩸 SAT (Zirveden Dönüş),-,🟢 EMA Yükselişte (SSL Ok Bekleniyor),🚨 BB SIKIŞMA,🟡Fiyat Orta-Üst Bant Aralığında,EMA200 Destek: 4.16 (%1.3 altta) | EMA5 Direnç: 4.23 (%0.4 üstte),3.64-3.71 (%11.9 altta),-,40.45,86.17,0.72,1.31,,,
2026-07-20 22:11,BZ=F,89.46,🟢 Yükseliş Trendinde,🟢 AL (Trend Onaylı),-,-,"📉 Düşüş Hazırlığı (50<100 Kesti, 150 Bekleniyor)",⚪ Yelpaze Açık,🚨Fiyat Bandın Üzerinde!,EMA100 Destek: 87.25 (%2.5 altta),59.45-60.91 (%31.9 altta),106.87-112.69 (%19.5 üstte),62.35,98.39,0.95,12.45,,,
2026-07-20 22:11,CCJ,84.69,🔴 Düşüş Trendinde,🔴 SAT,-,-,🔴 Ayı Piyasası (EMA 50 En Altta),⚪ Yelpaze Açık,⚪Fiyat Alt_Orta Bant Aralığında,EMA5 Direnç: 87.62 (%3.5 üstte),-,-,27.3,0.0,-0.94,-15.34,,,
2026-07-20 22:11,CGW,65.06,🟢 Yükseliş Trendinde,⏳ BEKLE,🩸 SAT (Zirveden Dönüş),-,⚠️ Yükseliş Trendinde Düzeltme (SSL Negatif),🚨 BB SIKIŞMA,⚪Fiyat Alt_Orta Bant Aralığında,EMA21 Destek: 64.96 (%0.1 altta) | EMA5 Direnç: 65.43 (%0.6 üstte),-,-,52.14,40.56,-0.06,1.23,,,
2026-07-20 22:11,COPA,45.22,🔴 Düşüş Trendinde,🔴 SAT,-,-,⚠️ Yükseliş Trendinde Düzeltme (SSL Negatif),🚨 BB SIKIŞMA,⚪Fiyat Alt_Orta Bant Aralığında,EMA200 Destek: 44.19 (%2.3 altta) | EMA5 Direnç: 46.06 (%1.9 üstte),-,-,40.7,32.36,-0.56,2.32,,,
2026-07-20 22:11,COPX,73.79,🔴 Düşüş Trendinde,🔴 SAT,-,-,⚠️ Yükseliş Trendinde Düzeltme (SSL Negatif),🚨 BB SIKIŞMA,⚪Fiyat Alt_Orta Bant Aralığında,EMA200 Destek: 73.44 (%0.5 altta) | EMA5 Direnç: 74.69 (%1.2 üstte),-,91.20-93.89 (%23.6 üstte),42.06,40.08,-0.32,0.48,,,
2026-07-20 22:11,EEM,63.63,🔴 Düşüş Trendinde,⏳ BEKLE,-,-,⚠️ Yükseliş Trendinde Düzeltme (SSL Negatif),⚪ Yelpaze Açık,⚪Fiyat Alt_Orta Bant Aralığında,EMA200 Destek: 60.18 (%5.4 altta) | EMA100 Direnç: 64.01 (%0.6 üstte),52.58-53.31 (%16.2 altta),-,40.64,3.5,-0.81,5.74,,,
2026-07-20 22:11,EWZ,35.54,🟢 Yükseliş Trendinde,⏳ BEKLE,-,-,"📉 Düşüş Hazırlığı (50<100 Kesti, 150 Bekleniyor)",🚨 BB SIKIŞMA,🟡Fiyat Orta-Üst Bant Aralığında,EMA5 Destek: 35.46 (%0.2 altta) | EMA55 Direnç: 35.70 (%0.4 üstte),-,-,53.6,60.03,0.76,3.9,,,
2026-07-20 22:11,GC=F,4011.8,🔴 Düşüş Trendinde,🔴 SAT,-,-,🔴 Ayı Piyasası (EMA 50 En Altta),🚨 BB SIKIŞMA,⚪Fiyat Alt_Orta Bant Aralığında,EMA5 Direnç: 4022.42 (%0.3 üstte),-,-,40.06,51.81,-0.55,-6.08,,,
2026-07-20 22:11,GLTR,178.43,🔴 Düşüş Trendinde,🔴 SAT,-,-,🔴 Ayı Piyasası (EMA 50 En Altta),🚨 BB SIKIŞMA,⚪Fiyat Alt_Orta Bant Aralığında,EMA5 Direnç: 179.49 (%0.6 üstte),-,-,37.42,41.38,-0.62,-8.85,,,
2026-07-20 22:11,HG=F,6.35,🔴 Düşüş Trendinde,⏳ BEKLE,📈 TREND DEVAMI (0 Üstü + Hacim),-,🟢 EMA Yükselişte (SSL Ok Bekleniyor),🚨 BB SIKIŞMA,🟡Fiyat Orta-Üst Bant Aralığında,EMA5 Destek: 6.29 (%1.0 altta),5.79-5.90 (%7.1 altta),-,55.72,79.83,0.75,11.27,,,
2026-07-20 22:11,IBB,187.65,🟢 Yükseliş Trendinde,🔴 SAT,-,-,⚠️ Yükseliş Trendinde Düzeltme (SSL Negatif),⚪ Yelpaze Açık,⚪Fiyat Alt_Orta Bant Aralığında,EMA21 Destek: 187.36 (%0.2 altta) | EMA5 Direnç: 189.37 (%0.9 üstte),163.90-167.80 (%10.6 altta),-,54.05,3.19,-0.52,12.1,,,
2026-07-20 22:11,ICLN,18.2,🔴 Düşüş Trendinde,🔴 SAT,-,-,⚠️ Yükseliş Trendinde Düzeltme (SSL Negatif),⚪ Yelpaze Açık,⚪Fiyat Alt_Orta Bant Aralığında,EMA200 Direnç: 18.42 (%1.2 üstte),17.38-18.05 (%0.8 altta),21.34-21.75 (%17.3 üstte),34.98,0.72,-0.93,-1.21,,,
2026-07-20 22:11,INDA,48.59,🟢 Yükseliş Trendinde,⏳ BEKLE,-,-,🔴 Ayı Piyasası (EMA 50 En Altta),🚨 BB SIKIŞMA,⚪Fiyat Alt_Orta Bant Aralığında,EMA5 Direnç: 48.76 (%0.3 üstte),47.28-47.85 (%1.5 altta),54.75-55.02 (%12.7 üstte),46.16,8.46,-0.74,-4.45,,,
2026-07-20 22:11,IWM,293.17,🟢 Yükseliş Trendinde,⏳ BEKLE,-,-,⚠️ Yükseliş Trendinde Düzeltme (SSL Negatif),🚨 BB SIKIŞMA,⚪Fiyat Alt_Orta Bant Aralığında,EMA55 Destek: 288.33 (%1.7 altta) | EMA5 Direnç: 294.37 (%0.4 üstte),238.69-245.37 (%16.3 altta),-,48.69,8.84,-0.8,10.37,,,
2026-07-20 22:11,MARS,24.08,🔴 Düşüş Trendinde,🔴 SAT,-,-,-,-,⚪Fiyat Alt_Orta Bant Aralığında,EMA5 Direnç: 25.19 (%4.6 üstte),-,-,28.03,0.0,-0.99,-,,,
2026-07-20 22:11,NASA,22.61,🔴 Düşüş Trendinde,🔴 SAT,-,-,-,-,⚪Fiyat Alt_Orta Bant Aralığında,EMA5 Direnç: 23.66 (%4.6 üstte),-,-,27.6,0.0,-0.99,-,,,
2026-07-20 22:11,PA=F,1260.0,🟢 Yükseliş Trendinde,⏳ BEKLE,-,-,🔴 Ayı Piyasası (EMA 50 En Altta),🚨 BB SIKIŞMA,🟡Fiyat Orta-Üst Bant Aralığında,EMA5 Direnç: 1260.02 (%0.0 üstte),-,1774.50-1842.00 (%40.8 üstte),48.57,64.58,0.51,-10.85,,,
2026-07-20 22:11,PHO,68.26,🟢 Yükseliş Trendinde,🔴 SAT,🔴 ZAYIFLAMA (Zaten Dipte),-,🩸 ASIL SİNYAL: GÜÇLÜ SAT (EMA Çöktü + SSL Onay),🟡 Normal Genişlik,⚪Fiyat Alt_Orta Bant Aralığında,EMA55 Destek: 68.06 (%0.3 altta) | EMA100 Direnç: 68.47 (%0.3 üstte),-,72.60-73.56 (%6.4 üstte),49.57,32.45,-0.28,-2.17,,,
2026-07-20 22:11,PL=F,1601.8,🔴 Düşüş Trendinde,🔴 SAT,-,-,🔴 Ayı Piyasası (EMA 50 En Altta),🚨 BB SIKIŞMA,⚪Fiyat Alt_Orta Bant Aralığında,EMA5 Direnç: 1613.68 (%0.7 üstte),-,-,40.91,84.01,0.35,-10.62,,,
2026-07-20 22:11,QQQ,698.19,🔴 Düşüş Trendinde,🔴 SAT,-,-,⚠️ Yükseliş Trendinde Düzeltme (SSL Negatif),🟠 Daralıyor,⚪Fiyat Alt_Orta Bant Aralığında,EMA100 Destek: 681.81 (%2.3 altta) | EMA55 Direnç: 703.48 (%0.8 üstte),555.60-568.05 (%18.6 altta),-,43.29,2.93,-0.71,7.33,,,
2026-07-20 22:11,SI=F,56.83,🔴 Düşüş Trendinde,⏳ BEKLE,-,-,🔴 Ayı Piyasası (EMA 50 En Altta),🚨 BB SIKIŞMA,⚪Fiyat Alt_Orta Bant Aralığında,EMA5 Direnç: 56.99 (%0.3 üstte),-,86.93-88.89 (%53.0 üstte),36.9,43.98,-0.81,-11.52,,,
2026-07-20 22:11,SOXX,527.55,🔴 Düşüş Trendinde,🔴 SAT,-,-,⚠️ Yükseliş Trendinde Düzeltme (SSL Negatif),⚪ Yelpaze Açık,⚪Fiyat Alt_Orta Bant Aralığında,EMA100 Destek: 493.85 (%6.4 altta) | EMA5 Direnç: 537.66 (%1.9 üstte),307.26-327.63 (%37.9 altta),-,42.29,2.26,-0.82,27.35,,,
2026-07-20 22:11,VNM,16.86,🔴 Düşüş Trendinde,🔴 SAT,-,🟢 POTANSİYEL DİP,🔴 Ayı Piyasası (EMA 50 En Altta),⚪ Yelpaze Açık,🚨Fiyat Bandın Altında!,EMA5 Direnç: 17.30 (%2.6 üstte),-,19.58-19.78 (%16.1 üstte),29.95,7.33,-0.96,-7.17,,,
2026-07-20 22:11,WQTM,31.25,🔴 Düşüş Trendinde,⏳ BEKLE,🟢 POTANSİYEL DİP (0 Altı - Hacimsiz),-,⚠️ Yükseliş Trendinde Düzeltme (SSL Negatif),⚪ Yelpaze Açık,⚪Fiyat Alt_Orta Bant Aralığında,EMA5 Direnç: 31.98 (%2.3 üstte),23.18-24.30 (%22.3 altta),-,33.24,1.73,-0.96,-,,,
2026-07-20 22:11,XBI,152.24,🔴 Düşüş Trendinde,🔴 SAT,-,-,⚠️ Yükseliş Trendinde Düzeltme (SSL Negatif),⚪ Yelpaze Açık,⚪Fiyat Alt_Orta Bant Aralığında,EMA55 Destek: 144.48 (%5.1 altta) | EMA21 Direnç: 152.93 (%0.5 üstte),-,-,51.88,4.09,-0.64,21.05,,,
2026-07-20 22:11,XLV,159.7,🟢 Yükseliş Trendinde,⏳ BEKLE,-,-,⚠️ Yükseliş Trendinde Düzeltme (SSL Negatif),⚪ Yelpaze Açık,🟡Fiyat Orta-Üst Bant Aralığında,EMA21 Destek: 158.76 (%0.6 altta) | EMA5 Direnç: 160.34 (%0.4 üstte),145.31-147.27 (%7.8 altta),-,54.54,23.28,-0.23,6.61,,,
2026-07-20 22:11,XU100.IS,14070.98,🟢 Yükseliş Trendinde,🔴 SAT,-,-,⚠️ Yükseliş Trendinde Düzeltme (SSL Negatif),🚨 BB SIKIŞMA,⚪Fiyat Alt_Orta Bant Aralığında,EMA100 Destek: 13816.19 (%1.8 altta) | EMA5 Direnç: 14108.02 (%0.3 üstte),10440.40-10607.40 (%24.6 altta),-,46.12,21.29,-0.61,9.41,,,
2026-07-21 15:05,AIQ,59.14,🔴 Düşüş Trendinde,⏳ BEKLE,🟢 POTANSİYEL DİP (0 Altı - Hacimsiz),-,⚠️ Yükseliş Trendinde Düzeltme (SSL Negatif),⚪ Yelpaze Açık,⚪Fiyat Alt_Orta Bant Aralığında,EMA100 Destek: 58.83 (%0.5 altta) | EMA5 Direnç: 59.91 (%1.3 üstte),44.46-45.83 (%22.5 altta),-,40.03,3.21,-0.85,7.28,,,
2026-07-21 15:05,ALUM.L,4.26,🔴 Düşüş Trendinde,⏳ BEKLE,-,-,🟢 EMA Yükselişte (SSL Ok Bekleniyor),🚨 BB SIKIŞMA,🟡Fiyat Orta-Üst Bant Aralığında,EMA5 Destek: 4.24 (%0.5 altta) | EMA21 Direnç: 4.28 (%0.5 üstte),3.64-3.71 (%12.9 altta),-,45.13,86.17,0.68,2.49,,,
2026-07-21 15:05,BZ=F,90.81,🟢 Yükseliş Trendinde,🟢 AL (Trend Onaylı),-,-,"📉 Düşüş Hazırlığı (50<100 Kesti, 150 Bekleniyor)",⚪ Yelpaze Açık,🟡Fiyat Orta-Üst Bant Aralığında,EMA5 Destek: 87.64 (%3.5 altta),59.45-60.91 (%32.9 altta),106.87-112.69 (%17.7 üstte),64.18,100.0,0.97,13.99,,,
2026-07-21 15:05,CCJ,84.85,🔴 Düşüş Trendinde,🔴 SAT,-,-,🔴 Ayı Piyasası (EMA 50 En Altta),⚪ Yelpaze Açık,⚪Fiyat Alt_Orta Bant Aralığında,EMA5 Direnç: 87.68 (%3.3 üstte),-,-,27.44,0.0,-0.94,-15.19,,,
2026-07-21 15:05,CGW,65.17,🟢 Yükseliş Trendinde,⏳ BEKLE,🩸 SAT (Zirveden Dönüş),-,⚠️ Yükseliş Trendinde Düzeltme (SSL Negatif),🚨 BB SIKIŞMA,🟡Fiyat Orta-Üst Bant Aralığında,EMA21 Destek: 64.97 (%0.3 altta) | EMA5 Direnç: 65.47 (%0.5 üstte),-,-,53.0,42.74,-0.03,1.41,,,
2026-07-21 15:05,COPA,45.32,🔴 Düşüş Trendinde,🔴 SAT,-,-,⚠️ Yükseliş Trendinde Düzeltme (SSL Negatif),🚨 BB SIKIŞMA,⚪Fiyat Alt_Orta Bant Aralığında,EMA200 Destek: 44.20 (%2.5 altta) | EMA5 Direnç: 46.10 (%1.7 üstte),-,-,40.95,33.05,-0.56,2.53,,,
2026-07-21 15:05,COPX,73.86,🔴 Düşüş Trendinde,🔴 SAT,-,-,⚠️ Yükseliş Trendinde Düzeltme (SSL Negatif),🚨 BB SIKIŞMA,⚪Fiyat Alt_Orta Bant Aralığında,EMA200 Destek: 73.44 (%0.6 altta) | EMA5 Direnç: 74.71 (%1.1 üstte),-,91.20-93.89 (%23.5 üstte),42.21,40.47,-0.32,0.57,,,
2026-07-21 15:05,EEM,63.56,🔴 Düşüş Trendinde,⏳ BEKLE,-,-,⚠️ Yükseliş Trendinde Düzeltme (SSL Negatif),⚪ Yelpaze Açık,⚪Fiyat Alt_Orta Bant Aralığında,EMA200 Destek: 60.18 (%5.3 altta) | EMA100 Direnç: 64.01 (%0.7 üstte),52.58-53.31 (%16.1 altta),-,40.33,2.75,-0.81,5.61,,,
2026-07-21 15:05,EWZ,35.48,🟢 Yükseliş Trendinde,⏳ BEKLE,-,-,"📉 Düşüş Hazırlığı (50<100 Kesti, 150 Bekleniyor)",🚨 BB SIKIŞMA,🟡Fiyat Orta-Üst Bant Aralığında,EMA5 Destek: 35.44 (%0.1 altta) | EMA55 Direnç: 35.70 (%0.6 üstte),-,-,53.04,58.98,0.75,3.71,,,
2026-07-21 15:05,GC=F,4060.7,🔴 Düşüş Trendinde,⏳ BEKLE,🚀 KUSURSUZ DÖNÜŞ (0 Altı + Hacim),-,🔴 Ayı Piyasası (EMA 50 En Altta),🚨 BB SIKIŞMA,⚪Fiyat Alt_Orta Bant Aralığında,EMA5 Destek: 4034.85 (%0.6 altta) | EMA21 Direnç: 4098.11 (%0.9 üstte),-,-,44.4,72.39,-0.68,-4.89,,,
2026-07-21 15:05,GLTR,178.56,🔴 Düşüş Trendinde,🔴 SAT,-,-,🔴 Ayı Piyasası (EMA 50 En Altta),🚨 BB SIKIŞMA,⚪Fiyat Alt_Orta Bant Aralığında,EMA5 Direnç: 179.54 (%0.5 üstte),-,-,37.57,41.89,-0.62,-8.78,,,
2026-07-21 15:05,HG=F,6.53,🔥 AL (Taze Kırılım),🟢 AL (Trend Onaylı),📈 TREND DEVAMI (0 Üstü + Hacim),-,🚀 ASIL SİNYAL: GÜÇLÜ AL (EMA Sıralı + SSL Onay),🟠 Daralıyor,🚨Fiyat Bandın Üzerinde!,EMA5 Destek: 6.36 (%2.6 altta),5.79-5.90 (%9.6 altta),-,62.69,79.6,0.8,14.19,,,
2026-07-21 15:05,IBB,186.53,🩸 SAT (Trend Kırıldı),🔴 SAT,-,-,⚠️ Yükseliş Trendinde Düzeltme (SSL Negatif),⚪ Yelpaze Açık,⚪Fiyat Alt_Orta Bant Aralığında,EMA55 Destek: 180.18 (%3.4 altta) | EMA21 Direnç: 187.26 (%0.4 üstte),163.90-167.80 (%10.0 altta),-,51.85,3.19,-0.54,11.44,,,
2026-07-21 15:05,ICLN,18.14,🔴 Düşüş Trendinde,🔴 SAT,-,-,⚠️ Yükseliş Trendinde Düzeltme (SSL Negatif),⚪ Yelpaze Açık,⚪Fiyat Alt_Orta Bant Aralığında,EMA200 Direnç: 18.42 (%1.6 üstte),17.38-18.05 (%0.5 altta),21.34-21.75 (%17.6 üstte),34.6,0.72,-0.93,-1.54,,,
2026-07-21 15:05,INDA,48.55,🟢 Yükseliş Trendinde,⏳ BEKLE,-,-,🔴 Ayı Piyasası (EMA 50 En Altta),🚨 BB SIKIŞMA,⚪Fiyat Alt_Orta Bant Aralığında,EMA5 Direnç: 48.75 (%0.4 üstte),47.28-47.85 (%1.4 altta),54.75-55.02 (%12.8 üstte),45.75,8.46,-0.75,-4.52,,,
2026-07-21 15:05,IWM,292.31,🟢 Yükseliş Trendinde,🔴 SAT,-,-,⚠️ Yükseliş Trendinde Düzeltme (SSL Negatif),🚨 BB SIKIŞMA,⚪Fiyat Alt_Orta Bant Aralığında,EMA55 Destek: 288.30 (%1.4 altta) | EMA5 Direnç: 294.08 (%0.6 üstte),238.69-245.37 (%16.1 altta),-,47.24,8.84,-0.81,10.05,,,
2026-07-21 15:05,MARS,23.97,🔴 Düşüş Trendinde,🔴 SAT,-,🟢 POTANSİYEL DİP,-,-,⚪Fiyat Alt_Orta Bant Aralığında,EMA5 Direnç: 25.16 (%5.0 üstte),-,-,27.79,0.0,-0.99,-,,,
2026-07-21 15:05,NASA,22.51,🔴 Düşüş Trendinde,🔴 SAT,-,🟢 POTANSİYEL DİP,-,-,⚪Fiyat Alt_Orta Bant Aralığında,EMA5 Direnç: 23.62 (%4.9 üstte),-,-,27.36,0.0,-0.99,-,,,
2026-07-21 15:05,PA=F,1280.0,🟢 Yükseliş Trendinde,⏳ BEKLE,-,-,🔴 Ayı Piyasası (EMA 50 En Altta),🚨 BB SIKIŞMA,🟡Fiyat Orta-Üst Bant Aralığında,EMA5 Destek: 1266.90 (%1.0 altta) | EMA55 Direnç: 1324.25 (%3.5 üstte),-,1774.50-1842.00 (%38.6 üstte),51.41,69.84,0.44,-9.35,,,
2026-07-21 15:05,PHO,68.22,🟢 Yükseliş Trendinde,🔴 SAT,🔴 ZAYIFLAMA (Zaten Dipte),-,🩸 ASIL SİNYAL: GÜÇLÜ SAT (EMA Çöktü + SSL Onay),🟡 Normal Genişlik,⚪Fiyat Alt_Orta Bant Aralığında,EMA55 Destek: 68.06 (%0.2 altta) | EMA100 Direnç: 68.47 (%0.4 üstte),-,72.60-73.56 (%6.4 üstte),49.34,32.45,-0.29,-2.22,,,
2026-07-21 15:05,PL=F,1636.8,🔴 Düşüş Trendinde,⏳ BEKLE,-,-,🔴 Ayı Piyasası (EMA 50 En Altta),🚨 BB SIKIŞMA,🟡Fiyat Orta-Üst Bant Aralığında,EMA5 Destek: 1619.26 (%1.1 altta) | EMA21 Direnç: 1643.81 (%0.4 üstte),-,-,46.39,81.71,0.13,-8.59,,,
2026-07-21 15:05,QQQ,696.06,🔴 Düşüş Trendinde,🔴 SAT,-,-,⚠️ Yükseliş Trendinde Düzeltme (SSL Negatif),🟠 Daralıyor,⚪Fiyat Alt_Orta Bant Aralığında,EMA100 Destek: 681.76 (%2.1 altta) | EMA55 Direnç: 703.40 (%1.1 üstte),555.60-568.05 (%18.4 altta),-,42.34,0.76,-0.71,7.0,,,
2026-07-21 15:05,SI=F,59.13,🔴 Düşüş Trendinde,🔥 GÜÇLÜ AL (Taze Kırılım),🚀 KUSURSUZ DÖNÜŞ (0 Altı + Hacim),-,🔴 Ayı Piyasası (EMA 50 En Altta),🚨 BB SIKIŞMA,🟡Fiyat Orta-Üst Bant Aralığında,EMA5 Destek: 57.69 (%2.4 altta) | EMA21 Direnç: 60.23 (%1.8 üstte),-,86.93-88.89 (%47.0 üstte),43.92,63.89,-0.74,-7.86,,,
2026-07-21 15:05,SOXX,524.14,🔴 Düşüş Trendinde,🔴 SAT,-,-,⚠️ Yükseliş Trendinde Düzeltme (SSL Negatif),⚪ Yelpaze Açık,⚪Fiyat Alt_Orta Bant Aralığında,EMA100 Destek: 493.78 (%5.8 altta) | EMA5 Direnç: 536.53 (%2.4 üstte),307.26-327.63 (%37.5 altta),-,41.55,0.93,-0.82,26.54,,,
2026-07-21 15:05,VNM,16.84,🔴 Düşüş Trendinde,🔴 SAT,-,🟢 POTANSİYEL DİP,🔴 Ayı Piyasası (EMA 50 En Altta),⚪ Yelpaze Açık,🚨Fiyat Bandın Altında!,EMA5 Direnç: 17.29 (%2.7 üstte),-,19.58-19.78 (%16.3 üstte),29.69,7.33,-0.96,-7.31,,,
2026-07-21 15:05,WQTM,31.19,🔴 Düşüş Trendinde,⏳ BEKLE,🟢 POTANSİYEL DİP (0 Altı - Hacimsiz),🚀 KUSURSUZ DİP,⚠️ Yükseliş Trendinde Düzeltme (SSL Negatif),⚪ Yelpaze Açık,⚪Fiyat Alt_Orta Bant Aralığında,EMA5 Direnç: 31.96 (%2.5 üstte),23.18-24.30 (%22.1 altta),-,32.84,1.16,-0.96,-,,,
2026-07-21 15:05,XBI,150.94,🔴 Düşüş Trendinde,🔴 SAT,-,-,⚠️ Yükseliş Trendinde Düzeltme (SSL Negatif),⚪ Yelpaze Açık,⚪Fiyat Alt_Orta Bant Aralığında,EMA55 Destek: 144.44 (%4.3 altta) | EMA21 Direnç: 152.82 (%1.2 üstte),-,-,49.87,4.09,-0.65,20.03,,,
2026-07-21 15:05,XLV,159.25,🟢 Yükseliş Trendinde,⏳ BEKLE,-,-,⚠️ Yükseliş Trendinde Düzeltme (SSL Negatif),⚪ Yelpaze Açık,⚪Fiyat Alt_Orta Bant Aralığında,EMA21 Destek: 158.72 (%0.3 altta) | EMA5 Direnç: 160.19 (%0.6 üstte),145.31-147.27 (%7.5 altta),-,53.48,21.46,-0.25,6.31,,,
2026-07-21 15:05,XU100.IS,14012.8,🟢 Yükseliş Trendinde,🔴 SAT,-,-,⚠️ Yükseliş Trendinde Düzeltme (SSL Negatif),🚨 BB SIKIŞMA,⚪Fiyat Alt_Orta Bant Aralığında,EMA100 Destek: 13820.09 (%1.4 altta) | EMA5 Direnç: 14076.29 (%0.5 üstte),10440.40-10607.40 (%24.3 altta),-,44.76,9.6,-0.82,8.87,,,
2026-07-21 18:58,AIQ,60.71,🔴 Düşüş Trendinde,⏳ BEKLE,-,-,⚠️ Yükseliş Trendinde Düzeltme (SSL Negatif),🟡 Normal Genişlik,⚪Fiyat Alt_Orta Bant Aralığında,EMA5 Destek: 60.17 (%0.9 altta) | EMA55 Direnç: 61.33 (%1.0 üstte),44.46-45.83 (%24.5 altta),-,45.38,22.05,-0.78,10.0,,,
2026-07-21 18:58,ALUM.L,4.23,🔴 Düşüş Trendinde,🔴 SAT,-,-,🟢 EMA Yükselişte (SSL Ok Bekleniyor),🚨 BB SIKIŞMA,🟡Fiyat Orta-Üst Bant Aralığında,EMA5 Destek: 4.23 (%0.1 altta) | EMA21 Direnç: 4.28 (%1.1 üstte),3.64-3.71 (%12.4 altta),-,42.6,82.35,0.63,1.82,,,
2026-07-21 18:58,BZ=F,91.6,🟢 Yükseliş Trendinde,🟢 AL (Trend Onaylı),-,-,"📉 Düşüş Hazırlığı (50<100 Kesti, 150 Bekleniyor)",⚪ Yelpaze Açık,🚨Fiyat Bandın Üzerinde!,EMA5 Destek: 87.90 (%4.0 altta),59.45-60.91 (%33.5 altta),106.87-112.69 (%16.7 üstte),65.16,100.0,0.97,14.97,,,
2026-07-21 18:58,CCJ,88.1,🔴 Düşüş Trendinde,⏳ BEKLE,🟢 POTANSİYEL DİP (0 Altı - Hacimsiz),-,🔴 Ayı Piyasası (EMA 50 En Altta),⚪ Yelpaze Açık,⚪Fiyat Alt_Orta Bant Aralığında,EMA5 Destek: 87.82 (%0.3 altta) | EMA21 Direnç: 94.76 (%7.6 üstte),-,-,35.09,23.04,-0.92,-11.83,,,
2026-07-21 18:58,CGW,64.57,🟢 Yükseliş Trendinde,🔴 SAT,-,-,⚠️ Yükseliş Trendinde Düzeltme (SSL Negatif),🚨 BB SIKIŞMA,⚪Fiyat Alt_Orta Bant Aralığında,EMA55 Destek: 64.43 (%0.2 altta) | EMA21 Direnç: 64.94 (%0.6 üstte),-,-,48.5,22.01,-0.15,0.47,,,
2026-07-21 18:58,COPA,45.32,🔴 Düşüş Trendinde,⏳ BEKLE,-,-,⚠️ Yükseliş Trendinde Düzeltme (SSL Negatif),🚨 BB SIKIŞMA,⚪Fiyat Alt_Orta Bant Aralığında,EMA200 Destek: 44.21 (%2.4 altta) | EMA5 Direnç: 45.84 (%1.1 üstte),-,-,40.95,28.42,-0.58,2.51,,,
2026-07-21 18:58,COPX,78.22,🔴 Düşüş Trendinde,🔥 GÜÇLÜ AL (Taze Kırılım),🟡 RİSKLİ AL (0 Üstü - Hacimsiz),-,🚀 ASIL SİNYAL: GÜÇLÜ AL (EMA Sıralı + SSL Onay),🚨 BB SIKIŞMA,🟡Fiyat Orta-Üst Bant Aralığında,EMA21 Destek: 77.28 (%1.2 altta) | EMA100 Direnç: 79.67 (%1.9 üstte),-,91.20-93.89 (%16.6 üstte),50.36,57.78,-0.05,6.44,,,
2026-07-21 18:58,EEM,65.25,🔴 Düşüş Trendinde,⏳ BEKLE,🟢 POTANSİYEL DİP (0 Altı - Hacimsiz),-,⚠️ Yükseliş Trendinde Düzeltme (SSL Negatif),🟠 Daralıyor,⚪Fiyat Alt_Orta Bant Aralığında,EMA5 Destek: 64.58 (%1.0 altta) | EMA55 Direnç: 65.72 (%0.7 üstte),52.58-53.31 (%18.3 altta),-,47.05,25.6,-0.71,8.34,,,
2026-07-21 18:58,EWZ,35.47,🟢 Yükseliş Trendinde,🔴 SAT,-,-,"📉 Düşüş Hazırlığı (50<100 Kesti, 150 Bekleniyor)",🚨 BB SIKIŞMA,🟡Fiyat Orta-Üst Bant Aralığında,EMA5 Destek: 35.45 (%0.1 altta) | EMA55 Direnç: 35.69 (%0.6 üstte),-,-,52.94,61.3,0.71,3.64,,,
2026-07-21 18:58,GC=F,4078.1,🔴 Düşüş Trendinde,🔥 GÜÇLÜ AL (Taze Kırılım),🚀 KUSURSUZ DÖNÜŞ (0 Altı + Hacim),-,🔴 Ayı Piyasası (EMA 50 En Altta),🚨 BB SIKIŞMA,🟡Fiyat Orta-Üst Bant Aralığında,EMA5 Destek: 4040.65 (%0.9 altta) | EMA21 Direnç: 4099.69 (%0.5 üstte),-,-,45.78,72.39,-0.64,-4.48,,,
2026-07-21 18:58,GLTR,183.26,🔴 Düşüş Trendinde,🔥 GÜÇLÜ AL (Taze Kırılım),🟢 POTANSİYEL DİP (0 Altı - Hacimsiz),-,🔴 Ayı Piyasası (EMA 50 En Altta),🚨 BB SIKIŞMA,🟡Fiyat Orta-Üst Bant Aralığında,EMA5 Destek: 180.78 (%1.4 altta) | EMA21 Direnç: 184.94 (%0.9 üstte),-,-,44.79,64.72,-0.65,-6.32,,,
2026-07-21 18:58,HG=F,6.54,🔥 AL (Taze Kırılım),🟢 AL (Trend Onaylı),📈 TREND DEVAMI (0 Üstü + Hacim),-,🚀 ASIL SİNYAL: GÜÇLÜ AL (EMA Sıralı + SSL Onay),🟡 Normal Genişlik,🚨Fiyat Bandın Üzerinde!,EMA5 Destek: 6.36 (%2.8 altta),5.79-5.90 (%9.8 altta),-,63.12,79.6,0.8,14.42,,,
2026-07-21 18:58,IBB,187.84,🔴 Düşüş Trendinde,🔴 SAT,-,-,⚠️ Yükseliş Trendinde Düzeltme (SSL Negatif),⚪ Yelpaze Açık,⚪Fiyat Alt_Orta Bant Aralığında,EMA21 Destek: 187.31 (%0.3 altta) | EMA5 Direnç: 188.61 (%0.4 üstte),163.90-167.80 (%10.7 altta),-,54.2,4.54,-0.72,12.08,,,
2026-07-21 18:58,ICLN,18.55,🔴 Düşüş Trendinde,🔴 SAT,🟢 POTANSİYEL DİP (0 Altı - Hacimsiz),-,⚠️ Yükseliş Trendinde Düzeltme (SSL Negatif),⚪ Yelpaze Açık,⚪Fiyat Alt_Orta Bant Aralığında,EMA5 Destek: 18.52 (%0.1 altta) | EMA21 Direnç: 19.40 (%4.6 üstte),17.38-18.05 (%2.7 altta),21.34-21.75 (%15.1 üstte),39.38,16.38,-0.9,0.65,,,
2026-07-21 18:58,INDA,48.83,🟢 Yükseliş Trendinde,🔴 SAT,🟢 POTANSİYEL DİP (0 Altı - Hacimsiz),-,🔴 Ayı Piyasası (EMA 50 En Altta),🚨 BB SIKIŞMA,⚪Fiyat Alt_Orta Bant Aralığında,EMA5 Destek: 48.77 (%0.1 altta) | EMA21 Direnç: 48.92 (%0.2 üstte),47.28-47.85 (%2.0 altta),54.75-55.02 (%12.1 üstte),49.06,15.97,-0.71,-3.95,,,
2026-07-21 18:58,IWM,295.45,🟢 Yükseliş Trendinde,⏳ BEKLE,🟢 POTANSİYEL DİP (0 Altı - Hacimsiz),-,⚠️ Yükseliş Trendinde Düzeltme (SSL Negatif),🚨 BB SIKIŞMA,⚪Fiyat Alt_Orta Bant Aralığında,EMA21 Destek: 294.68 (%0.3 altta),238.69-245.37 (%17.0 altta),-,52.76,14.16,-0.69,11.11,,,
2026-07-21 18:58,MARS,25.3,🔴 Düşüş Trendinde,⏳ BEKLE,🟢 POTANSİYEL DİP (0 Altı - Hacimsiz),-,-,-,⚪Fiyat Alt_Orta Bant Aralığında,EMA5 Destek: 25.20 (%0.4 altta) | EMA21 Direnç: 28.32 (%11.9 üstte),-,-,34.85,13.51,-0.97,-,,,
2026-07-21 18:58,NASA,23.9,🔴 Düşüş Trendinde,⏳ BEKLE,🟢 POTANSİYEL DİP (0 Altı - Hacimsiz),-,-,-,⚪Fiyat Alt_Orta Bant Aralığında,EMA5 Destek: 23.72 (%0.8 altta) | EMA21 Direnç: 26.65 (%11.5 üstte),-,-,35.22,15.5,-0.96,-,,,
2026-07-21 18:58,PA=F,1280.0,🟢 Yükseliş Trendinde,⏳ BEKLE,-,-,🔴 Ayı Piyasası (EMA 50 En Altta),🚨 BB SIKIŞMA,🟡Fiyat Orta-Üst Bant Aralığında,EMA5 Destek: 1266.90 (%1.0 altta) | EMA55 Direnç: 1324.25 (%3.5 üstte),-,1774.50-1842.00 (%38.6 üstte),51.41,69.84,0.44,-9.35,,,
2026-07-21 18:58,PHO,67.64,🟢 Yükseliş Trendinde,🔴 SAT,-,-,🔴 Ayı Piyasası (EMA 50 En Altta),🟠 Daralıyor,⚪Fiyat Alt_Orta Bant Aralığında,EMA55 Direnç: 68.04 (%0.6 üstte),-,72.60-73.56 (%7.3 üstte),46.06,8.14,-0.46,-3.03,,,
2026-07-21 18:58,PL=F,1637.2,🔴 Düşüş Trendinde,⏳ BEKLE,-,-,🔴 Ayı Piyasası (EMA 50 En Altta),🚨 BB SIKIŞMA,🟡Fiyat Orta-Üst Bant Aralığında,EMA5 Destek: 1619.39 (%1.1 altta) | EMA21 Direnç: 1643.85 (%0.4 üstte),-,-,46.45,81.71,0.14,-8.57,,,
2026-07-21 18:58,QQQ,707.87,🔴 Düşüş Trendinde,⏳ BEKLE,🟢 POTANSİYEL DİP (0 Altı - Hacimsiz),-,⚠️ Yükseliş Trendinde Düzeltme (SSL Negatif),🟠 Daralıyor,⚪Fiyat Alt_Orta Bant Aralığında,EMA5 Destek: 705.22 (%0.4 altta) | EMA21 Direnç: 713.47 (%0.8 üstte),555.60-568.05 (%19.8 altta),-,47.6,17.98,-0.63,8.72,,,
2026-07-21 18:58,SI=F,59.22,🔴 Düşüş Trendinde,🔥 GÜÇLÜ AL (Taze Kırılım),🚀 KUSURSUZ DÖNÜŞ (0 Altı + Hacim),-,🔴 Ayı Piyasası (EMA 50 En Altta),🚨 BB SIKIŞMA,🟡Fiyat Orta-Üst Bant Aralığında,EMA5 Destek: 57.72 (%2.5 altta) | EMA21 Direnç: 60.24 (%1.7 üstte),-,86.93-88.89 (%46.8 üstte),44.16,63.89,-0.74,-7.72,,,
2026-07-21 18:58,SOXX,549.86,🔴 Düşüş Trendinde,⏳ BEKLE,🟢 POTANSİYEL DİP (0 Altı - Hacimsiz),-,⚠️ Yükseliş Trendinde Düzeltme (SSL Negatif),⚪ Yelpaze Açık,⚪Fiyat Alt_Orta Bant Aralığında,EMA55 Destek: 542.47 (%1.3 altta) | EMA21 Direnç: 563.97 (%2.6 üstte),307.26-327.63 (%40.4 altta),-,47.07,18.75,-0.76,32.32,,,
2026-07-21 18:58,VNM,16.89,🔴 Düşüş Trendinde,🔴 SAT,-,🟢 POTANSİYEL DİP,🔴 Ayı Piyasası (EMA 50 En Altta),⚪ Yelpaze Açık,🚨Fiyat Bandın Altında!,EMA5 Direnç: 17.16 (%1.6 üstte),-,19.58-19.78 (%16.0 üstte),30.83,3.75,-0.97,-7.0,,,
2026-07-21 18:58,WQTM,32.21,🔴 Düşüş Trendinde,⏳ BEKLE,-,-,⚠️ Yükseliş Trendinde Düzeltme (SSL Negatif),⚪ Yelpaze Açık,⚪Fiyat Alt_Orta Bant Aralığında,EMA5 Destek: 32.04 (%0.5 altta) | EMA100 Direnç: 32.92 (%2.2 üstte),23.18-24.30 (%24.6 altta),-,38.95,13.54,-0.94,-,,,
2026-07-21 18:58,XBI,153.31,🔴 Düşüş Trendinde,🔴 SAT,-,-,⚠️ Yükseliş Trendinde Düzeltme (SSL Negatif),⚪ Yelpaze Açık,⚪Fiyat Alt_Orta Bant Aralığında,EMA21 Destek: 152.86 (%0.3 altta) | EMA5 Direnç: 153.60 (%0.2 üstte),-,-,53.41,8.13,-0.74,21.65,,,
2026-07-21 18:58,XLV,159.28,🟢 Yükseliş Trendinde,🔴 SAT,-,-,⚠️ Yükseliş Trendinde Düzeltme (SSL Negatif),⚪ Yelpaze Açık,⚪Fiyat Alt_Orta Bant Aralığında,EMA21 Destek: 158.77 (%0.3 altta) | EMA5 Direnç: 159.89 (%0.4 üstte),145.31-147.27 (%7.5 altta),-,53.55,10.29,-0.53,6.27,,,
2026-07-21 18:58,XU100.IS,13974.14,🟢 Yükseliş Trendinde,🔴 SAT,-,-,⚠️ Yükseliş Trendinde Düzeltme (SSL Negatif),🚨 BB SIKIŞMA,⚪Fiyat Alt_Orta Bant Aralığında,EMA100 Destek: 13819.32 (%1.1 altta) | EMA5 Direnç: 14063.40 (%0.6 üstte),10440.40-10607.40 (%24.1 altta),-,43.91,7.27,-0.83,8.57,,,
2026-07-21 21:46,AIQ,61.01,🔴 Düşüş Trendinde,⏳ BEKLE,-,-,⚠️ Yükseliş Trendinde Düzeltme (SSL Negatif),🟡 Normal Genişlik,⚪Fiyat Alt_Orta Bant Aralığında,EMA5 Destek: 60.28 (%1.2 altta) | EMA55 Direnç: 61.34 (%0.5 üstte),44.46-45.83 (%24.9 altta),-,46.31,24.6,-0.77,10.55,,,
2026-07-21 21:46,ALUM.L,4.23,🔴 Düşüş Trendinde,🔴 SAT,-,-,🟢 EMA Yükselişte (SSL Ok Bekleniyor),🚨 BB SIKIŞMA,🟡Fiyat Orta-Üst Bant Aralığında,EMA5 Destek: 4.23 (%0.1 altta) | EMA21 Direnç: 4.28 (%1.1 üstte),3.64-3.71 (%12.4 altta),-,42.6,82.35,0.63,1.82,,,
2026-07-21 21:46,BZ=F,91.0,🟢 Yükseliş Trendinde,🟢 AL (Trend Onaylı),-,-,"📉 Düşüş Hazırlığı (50<100 Kesti, 150 Bekleniyor)",⚪ Yelpaze Açık,🟡Fiyat Orta-Üst Bant Aralığında,EMA5 Destek: 87.70 (%3.6 altta),59.45-60.91 (%33.1 altta),106.87-112.69 (%17.4 üstte),64.42,100.0,0.97,14.22,,,
2026-07-21 21:46,CCJ,88.34,🔴 Düşüş Trendinde,⏳ BEKLE,🟢 POTANSİYEL DİP (0 Altı - Hacimsiz),-,🔴 Ayı Piyasası (EMA 50 En Altta),⚪ Yelpaze Açık,⚪Fiyat Alt_Orta Bant Aralığında,EMA5 Destek: 87.90 (%0.5 altta) | EMA21 Direnç: 94.79 (%7.3 üstte),-,-,35.59,24.55,-0.92,-11.59,,,
2026-07-21 21:46,CGW,64.7,🟢 Yükseliş Trendinde,🔴 SAT,-,-,⚠️ Yükseliş Trendinde Düzeltme (SSL Negatif),🚨 BB SIKIŞMA,⚪Fiyat Alt_Orta Bant Aralığında,EMA55 Destek: 64.43 (%0.4 altta) | EMA21 Direnç: 64.95 (%0.4 üstte),-,-,49.4,22.01,-0.12,0.67,,,
2026-07-21 21:46,COPA,48.09,🔴 Düşüş Trendinde,🔥 GÜÇLÜ AL (Taze Kırılım),🚀 KUSURSUZ DÖNÜŞ (0 Altı + Hacim),-,🚀 ASIL SİNYAL: GÜÇLÜ AL (EMA Sıralı + SSL Onay),🚨 BB SIKIŞMA,🟡Fiyat Orta-Üst Bant Aralığında,EMA100 Destek: 47.91 (%0.4 altta) | EMA55 Direnç: 48.61 (%1.1 üstte),-,-,49.98,52.23,-0.34,8.72,,,
2026-07-21 21:46,COPX,78.41,🔴 Düşüş Trendinde,🔥 GÜÇLÜ AL (Taze Kırılım),🟡 RİSKLİ AL (0 Üstü - Hacimsiz),-,🚀 ASIL SİNYAL: GÜÇLÜ AL (EMA Sıralı + SSL Onay),🚨 BB SIKIŞMA,🟡Fiyat Orta-Üst Bant Aralığında,EMA21 Destek: 77.30 (%1.4 altta) | EMA100 Direnç: 79.68 (%1.6 üstte),-,91.20-93.89 (%16.3 üstte),50.67,57.78,-0.03,6.7,,,
2026-07-21 21:46,EEM,65.39,🔴 Düşüş Trendinde,⏳ BEKLE,🟢 POTANSİYEL DİP (0 Altı - Hacimsiz),-,⚠️ Yükseliş Trendinde Düzeltme (SSL Negatif),🟠 Daralıyor,⚪Fiyat Alt_Orta Bant Aralığında,EMA5 Destek: 64.63 (%1.2 altta) | EMA55 Direnç: 65.72 (%0.5 üstte),52.58-53.31 (%18.5 altta),-,47.54,27.01,-0.7,8.57,,,
2026-07-21 21:46,EWZ,35.65,🟢 Yükseliş Trendinde,⏳ BEKLE,-,-,"📉 Düşüş Hazırlığı (50<100 Kesti, 150 Bekleniyor)",🚨 BB SIKIŞMA,🟡Fiyat Orta-Üst Bant Aralığında,EMA5 Destek: 35.51 (%0.4 altta) | EMA55 Direnç: 35.69 (%0.1 üstte),-,-,54.58,64.37,0.74,4.17,,,
2026-07-21 21:46,GC=F,4088.1,🔴 Düşüş Trendinde,🔥 GÜÇLÜ AL (Taze Kırılım),🚀 KUSURSUZ DÖNÜŞ (0 Altı + Hacim),-,🔴 Ayı Piyasası (EMA 50 En Altta),🚨 BB SIKIŞMA,🟡Fiyat Orta-Üst Bant Aralığında,EMA5 Destek: 4043.98 (%1.1 altta) | EMA21 Direnç: 4100.60 (%0.3 üstte),-,-,46.55,72.39,-0.62,-4.25,,,
2026-07-21 21:46,GLTR,183.32,🔴 Düşüş Trendinde,🔥 GÜÇLÜ AL (Taze Kırılım),🟢 POTANSİYEL DİP (0 Altı - Hacimsiz),-,🔴 Ayı Piyasası (EMA 50 En Altta),🚨 BB SIKIŞMA,🟡Fiyat Orta-Üst Bant Aralığında,EMA5 Destek: 180.80 (%1.4 altta) | EMA21 Direnç: 184.95 (%0.9 üstte),-,-,44.88,64.72,-0.65,-6.29,,,
2026-07-21 21:46,HG=F,6.52,🔥 AL (Taze Kırılım),🟢 AL (Trend Onaylı),📈 TREND DEVAMI (0 Üstü + Hacim),-,🚀 ASIL SİNYAL: GÜÇLÜ AL (EMA Sıralı + SSL Onay),🟠 Daralıyor,🚨Fiyat Bandın Üzerinde!,EMA5 Destek: 6.35 (%2.6 altta),5.79-5.90 (%9.6 altta),-,62.6,79.6,0.8,14.14,,,
2026-07-21 21:46,IBB,188.73,🔴 Düşüş Trendinde,🔴 SAT,-,-,⚠️ Yükseliş Trendinde Düzeltme (SSL Negatif),⚪ Yelpaze Açık,⚪Fiyat Alt_Orta Bant Aralığında,EMA21 Destek: 187.39 (%0.7 altta) | EMA5 Direnç: 188.90 (%0.1 üstte),163.90-167.80 (%11.1 altta),-,55.66,6.2,-0.7,12.61,,,
2026-07-21 21:46,ICLN,18.57,🔴 Düşüş Trendinde,⏳ BEKLE,🟢 POTANSİYEL DİP (0 Altı - Hacimsiz),-,⚠️ Yükseliş Trendinde Düzeltme (SSL Negatif),⚪ Yelpaze Açık,⚪Fiyat Alt_Orta Bant Aralığında,EMA5 Destek: 18.53 (%0.2 altta) | EMA21 Direnç: 19.40 (%4.5 üstte),17.38-18.05 (%2.8 altta),21.34-21.75 (%14.9 üstte),39.59,17.09,-0.9,0.76,,,
2026-07-21 21:46,INDA,48.81,🟢 Yükseliş Trendinde,🔴 SAT,-,-,🔴 Ayı Piyasası (EMA 50 En Altta),🚨 BB SIKIŞMA,⚪Fiyat Alt_Orta Bant Aralığında,EMA5 Destek: 48.77 (%0.1 altta) | EMA21 Direnç: 48.92 (%0.2 üstte),47.28-47.85 (%2.0 altta),54.75-55.02 (%12.2 üstte),48.83,15.4,-0.72,-3.98,,,
2026-07-21 21:46,IWM,296.11,🟢 Yükseliş Trendinde,⏳ BEKLE,🟢 POTANSİYEL DİP (0 Altı - Hacimsiz),-,⚠️ Yükseliş Trendinde Düzeltme (SSL Negatif),🚨 BB SIKIŞMA,⚪Fiyat Alt_Orta Bant Aralığında,EMA5 Destek: 294.76 (%0.5 altta),238.69-245.37 (%17.1 altta),-,53.77,16.61,-0.66,11.36,,,
2026-07-21 21:46,MARS,25.12,🔴 Düşüş Trendinde,⏳ BEKLE,🟢 POTANSİYEL DİP (0 Altı - Hacimsiz),-,-,-,⚪Fiyat Alt_Orta Bant Aralığında,EMA5 Direnç: 25.15 (%0.1 üstte),-,-,34.0,11.88,-0.97,-,,,
2026-07-21 21:46,NASA,23.78,🔴 Düşüş Trendinde,⏳ BEKLE,🟢 POTANSİYEL DİP (0 Altı - Hacimsiz),-,-,-,⚪Fiyat Alt_Orta Bant Aralığında,EMA5 Destek: 23.68 (%0.4 altta) | EMA21 Direnç: 26.63 (%12.0 üstte),-,-,34.61,14.29,-0.97,-,,,
2026-07-21 21:46,PA=F,1288.5,🟢 Yükseliş Trendinde,⏳ BEKLE,-,-,🔴 Ayı Piyasası (EMA 50 En Altta),🚨 BB SIKIŞMA,🟡Fiyat Orta-Üst Bant Aralığında,EMA5 Destek: 1269.73 (%1.5 altta) | EMA55 Direnç: 1324.55 (%2.8 üstte),-,1774.50-1842.00 (%37.7 üstte),52.53,72.56,0.46,-8.75,,,
2026-07-21 21:46,PHO,67.71,🟢 Yükseliş Trendinde,🔴 SAT,-,-,🔴 Ayı Piyasası (EMA 50 En Altta),🟠 Daralıyor,⚪Fiyat Alt_Orta Bant Aralığında,EMA55 Direnç: 68.05 (%0.5 üstte),-,72.60-73.56 (%7.2 üstte),46.43,8.14,-0.46,-2.93,,,
2026-07-21 21:46,PL=F,1638.4,🔴 Düşüş Trendinde,⏳ BEKLE,-,-,🔴 Ayı Piyasası (EMA 50 En Altta),🚨 BB SIKIŞMA,🟡Fiyat Orta-Üst Bant Aralığında,EMA5 Destek: 1619.79 (%1.1 altta) | EMA21 Direnç: 1643.96 (%0.3 üstte),-,-,46.6,81.71,0.14,-8.5,,,
2026-07-21 21:46,QQQ,709.81,🔴 Düşüş Trendinde,⏳ BEKLE,🟢 POTANSİYEL DİP (0 Altı - Hacimsiz),-,⚠️ Yükseliş Trendinde Düzeltme (SSL Negatif),🟠 Daralıyor,⚪Fiyat Alt_Orta Bant Aralığında,EMA5 Destek: 705.87 (%0.6 altta) | EMA21 Direnç: 713.65 (%0.5 üstte),555.60-568.05 (%20.0 altta),-,48.37,20.36,-0.61,9.02,,,
2026-07-21 21:46,SI=F,59.29,🔴 Düşüş Trendinde,🔥 GÜÇLÜ AL (Taze Kırılım),🚀 KUSURSUZ DÖNÜŞ (0 Altı + Hacim),-,🔴 Ayı Piyasası (EMA 50 En Altta),🚨 BB SIKIŞMA,🟡Fiyat Orta-Üst Bant Aralığında,EMA5 Destek: 57.75 (%2.6 altta) | EMA21 Direnç: 60.24 (%1.6 üstte),-,86.93-88.89 (%46.6 üstte),44.34,63.89,-0.73,-7.62,,,
2026-07-21 21:46,SOXX,554.4,🔴 Düşüş Trendinde,⏳ BEKLE,🟢 POTANSİYEL DİP (0 Altı - Hacimsiz),-,⚠️ Yükseliş Trendinde Düzeltme (SSL Negatif),⚪ Yelpaze Açık,⚪Fiyat Alt_Orta Bant Aralığında,EMA55 Destek: 542.63 (%2.1 altta) | EMA21 Direnç: 564.38 (%1.8 üstte),307.26-327.63 (%40.9 altta),-,47.93,21.31,-0.74,33.39,,,
2026-07-21 21:46,VNM,16.93,🔴 Düşüş Trendinde,🔴 SAT,-,🟢 POTANSİYEL DİP,🔴 Ayı Piyasası (EMA 50 En Altta),⚪ Yelpaze Açık,⚪Fiyat Alt_Orta Bant Aralığında,EMA5 Direnç: 17.17 (%1.4 üstte),-,19.58-19.78 (%15.7 üstte),31.93,5.32,-0.97,-6.75,,,
2026-07-21 21:46,WQTM,32.21,🔴 Düşüş Trendinde,⏳ BEKLE,-,-,⚠️ Yükseliş Trendinde Düzeltme (SSL Negatif),⚪ Yelpaze Açık,⚪Fiyat Alt_Orta Bant Aralığında,EMA5 Destek: 32.04 (%0.5 altta) | EMA100 Direnç: 32.92 (%2.2 üstte),23.18-24.30 (%24.6 altta),-,38.95,13.54,-0.94,-,,,
2026-07-21 21:46,XBI,154.14,🔴 Düşüş Trendinde,🔴 SAT,-,-,⚠️ Yükseliş Trendinde Düzeltme (SSL Negatif),⚪ Yelpaze Açık,⚪Fiyat Alt_Orta Bant Aralığında,EMA5 Destek: 153.87 (%0.2 altta),-,-,54.53,9.41,-0.72,22.3,,,
2026-07-21 21:46,XLV,159.65,🟢 Yükseliş Trendinde,🔴 SAT,-,-,⚠️ Yükseliş Trendinde Düzeltme (SSL Negatif),⚪ Yelpaze Açık,⚪Fiyat Alt_Orta Bant Aralığında,EMA21 Destek: 158.80 (%0.5 altta) | EMA5 Direnç: 160.01 (%0.2 üstte),145.31-147.27 (%7.8 altta),-,54.35,11.67,-0.52,6.52,,,
2026-07-21 21:46,XU100.IS,13974.14,🟢 Yükseliş Trendinde,🔴 SAT,-,-,⚠️ Yükseliş Trendinde Düzeltme (SSL Negatif),🚨 BB SIKIŞMA,⚪Fiyat Alt_Orta Bant Aralığında,EMA100 Destek: 13819.32 (%1.1 altta) | EMA5 Direnç: 14063.40 (%0.6 üstte),10440.40-10607.40 (%24.1 altta),-,43.91,7.27,-0.83,8.57,,,
2026-07-22 15:08,AIQ,61.0,🔴 Düşüş Trendinde,⏳ BEKLE,-,-,⚠️ Yükseliş Trendinde Düzeltme (SSL Negatif),🟡 Normal Genişlik,⚪Fiyat Alt_Orta Bant Aralığında,EMA5 Destek: 60.27 (%1.2 altta) | EMA55 Direnç: 61.34 (%0.6 üstte),44.46-45.83 (%24.9 altta),-,46.28,24.51,-0.77,10.57,,,
2026-07-22 15:08,ALUM.L,4.27,🔴 Düşüş Trendinde,🔥 GÜÇLÜ AL (Taze Kırılım),🟡 RİSKLİ AL (0 Üstü - Hacimsiz),-,"📉 Düşüş Hazırlığı (50<100 Kesti, 150 Bekleniyor)",🚨 BB SIKIŞMA,🟡Fiyat Orta-Üst Bant Aralığında,EMA5 Destek: 4.24 (%0.7 altta) | EMA21 Direnç: 4.28 (%0.2 üstte),3.64-3.71 (%13.2 altta),-,46.22,88.49,0.6,2.73,,,
2026-07-22 15:08,BZ=F,85.14,🟢 Yükseliş Trendinde,⏳ BEKLE,🩸 SAT (Zirveden Dönüş),-,"📉 Düşüş Hazırlığı (50<100 Kesti, 150 Bekleniyor)",⚪ Yelpaze Açık,🟡Fiyat Orta-Üst Bant Aralığında,EMA21 Destek: 83.06 (%2.4 altta) | EMA55 Direnç: 86.78 (%1.9 üstte),59.45-60.91 (%28.5 altta),106.87-112.69 (%25.5 üstte),52.69,89.39,0.93,6.88,,,
2026-07-22 15:08,CCJ,88.68,🔴 Düşüş Trendinde,⏳ BEKLE,🚀 KUSURSUZ DÖNÜŞ (0 Altı + Hacim),-,🔴 Ayı Piyasası (EMA 50 En Altta),⚪ Yelpaze Açık,⚪Fiyat Alt_Orta Bant Aralığında,EMA5 Destek: 88.01 (%0.8 altta) | EMA21 Direnç: 94.82 (%6.9 üstte),-,-,36.29,26.65,-0.91,-11.24,,,
2026-07-22 15:08,CGW,64.53,🟢 Yükseliş Trendinde,🔴 SAT,-,-,⚠️ Yükseliş Trendinde Düzeltme (SSL Negatif),🚨 BB SIKIŞMA,⚪Fiyat Alt_Orta Bant Aralığında,EMA55 Destek: 64.43 (%0.2 altta) | EMA21 Direnç: 64.93 (%0.6 üstte),-,-,48.22,22.01,-0.16,0.4,,,
2026-07-22 15:08,COPA,48.14,🔴 Düşüş Trendinde,🔥 GÜÇLÜ AL (Taze Kırılım),🚀 KUSURSUZ DÖNÜŞ (0 Altı + Hacim),-,🚀 ASIL SİNYAL: GÜÇLÜ AL (EMA Sıralı + SSL Onay),🚨 BB SIKIŞMA,🟡Fiyat Orta-Üst Bant Aralığında,EMA100 Destek: 47.91 (%0.5 altta) | EMA55 Direnç: 48.61 (%1.0 üstte),-,-,50.12,52.23,-0.34,8.81,,,
2026-07-22 15:08,COPX,78.24,🔴 Düşüş Trendinde,🔥 GÜÇLÜ AL (Taze Kırılım),📈 TREND DEVAMI (0 Üstü + Hacim),-,🚀 ASIL SİNYAL: GÜÇLÜ AL (EMA Sıralı + SSL Onay),🚨 BB SIKIŞMA,🟡Fiyat Orta-Üst Bant Aralığında,EMA21 Destek: 77.29 (%1.2 altta) | EMA100 Direnç: 79.67 (%1.8 üstte),-,91.20-93.89 (%16.6 üstte),50.39,57.78,-0.04,6.43,,,
2026-07-22 15:08,EEM,65.34,🔴 Düşüş Trendinde,⏳ BEKLE,🟢 POTANSİYEL DİP (0 Altı - Hacimsiz),-,⚠️ Yükseliş Trendinde Düzeltme (SSL Negatif),🟠 Daralıyor,⚪Fiyat Alt_Orta Bant Aralığında,EMA5 Destek: 64.61 (%1.1 altta) | EMA55 Direnç: 65.72 (%0.6 üstte),52.58-53.31 (%18.4 altta),-,47.35,26.46,-0.7,8.51,,,
2026-07-22 15:08,EWZ,35.62,🟢 Yükseliş Trendinde,⏳ BEKLE,-,-,"📉 Düşüş Hazırlığı (50<100 Kesti, 150 Bekleniyor)",🚨 BB SIKIŞMA,🟡Fiyat Orta-Üst Bant Aralığında,EMA5 Destek: 35.50 (%0.3 altta) | EMA55 Direnç: 35.69 (%0.2 üstte),-,-,54.31,63.88,0.73,4.08,,,
2026-07-22 15:08,GC=F,4127.1,🔴 Düşüş Trendinde,🟢 AL (Trend Onaylı),-,-,🔴 Ayı Piyasası (EMA 50 En Altta),🚨 BB SIKIŞMA,🟡Fiyat Orta-Üst Bant Aralığında,EMA21 Destek: 4101.60 (%0.6 altta) | EMA200 Direnç: 4269.34 (%3.4 üstte),-,4767.20-4879.70 (%15.5 üstte),49.62,85.94,-0.51,-3.33,,,
2026-07-22 15:08,GLTR,183.42,🔴 Düşüş Trendinde,🔥 GÜÇLÜ AL (Taze Kırılım),🟢 POTANSİYEL DİP (0 Altı - Hacimsiz),-,🔴 Ayı Piyasası (EMA 50 En Altta),🚨 BB SIKIŞMA,🟡Fiyat Orta-Üst Bant Aralığında,EMA5 Destek: 180.83 (%1.4 altta) | EMA21 Direnç: 184.96 (%0.8 üstte),-,248.82-257.80 (%35.7 üstte),45.0,64.72,-0.64,-6.27,,,
2026-07-22 15:08,HG=F,6.52,🟢 Yükseliş Trendinde,🟢 AL (Trend Onaylı),-,-,🟢 EMA Yükselişte (SSL Ok Bekleniyor),🟡 Normal Genişlik,🚨Fiyat Bandın Üzerinde!,EMA5 Destek: 6.41 (%1.7 altta),5.79-5.90 (%9.5 altta),-,62.33,95.06,0.84,13.9,,,
2026-07-22 15:08,IBB,189.31,🔴 Düşüş Trendinde,🔴 SAT,-,-,⚠️ Yükseliş Trendinde Düzeltme (SSL Negatif),⚪ Yelpaze Açık,⚪Fiyat Alt_Orta Bant Aralığında,EMA5 Destek: 189.10 (%0.1 altta),163.90-167.80 (%11.4 altta),-,56.57,7.23,-0.69,12.92,,,
2026-07-22 15:08,ICLN,18.52,🔴 Düşüş Trendinde,⏳ BEKLE,🟢 POTANSİYEL DİP (0 Altı - Hacimsiz),-,⚠️ Yükseliş Trendinde Düzeltme (SSL Negatif),⚪ Yelpaze Açık,⚪Fiyat Alt_Orta Bant Aralığında,EMA5 Destek: 18.51 (%0.0 altta) | EMA21 Direnç: 19.40 (%4.8 üstte),17.38-18.05 (%2.5 altta),21.34-21.75 (%15.2 üstte),39.1,15.48,-0.9,0.54,,,
2026-07-22 15:08,INDA,48.78,🟢 Yükseliş Trendinde,🔴 SAT,-,-,🔴 Ayı Piyasası (EMA 50 En Altta),🚨 BB SIKIŞMA,⚪Fiyat Alt_Orta Bant Aralığında,EMA5 Destek: 48.76 (%0.0 altta) | EMA21 Direnç: 48.91 (%0.3 üstte),47.28-47.85 (%1.9 altta),54.75-55.02 (%12.2 üstte),48.55,14.69,-0.72,-4.03,,,
2026-07-22 15:08,IWM,296.54,🟢 Yükseliş Trendinde,⏳ BEKLE,🟢 POTANSİYEL DİP (0 Altı - Hacimsiz),-,⚠️ Yükseliş Trendinde Düzeltme (SSL Negatif),🚨 BB SIKIŞMA,⚪Fiyat Alt_Orta Bant Aralığında,EMA5 Destek: 294.90 (%0.6 altta),238.69-245.37 (%17.3 altta),-,54.41,18.15,-0.63,11.53,,,
2026-07-22 15:08,MARS,24.97,🔴 Düşüş Trendinde,⏳ BEKLE,🟢 POTANSİYEL DİP (0 Altı - Hacimsiz),-,-,-,⚪Fiyat Alt_Orta Bant Aralığında,EMA5 Direnç: 25.09 (%0.5 üstte),-,-,33.23,10.41,-0.97,-,,,
2026-07-22 15:08,NASA,23.69,🔴 Düşüş Trendinde,⏳ BEKLE,🟢 POTANSİYEL DİP (0 Altı - Hacimsiz),-,-,-,⚪Fiyat Alt_Orta Bant Aralığında,EMA5 Destek: 23.65 (%0.2 altta) | EMA21 Direnç: 26.63 (%12.4 üstte),-,-,34.15,13.38,-0.97,-,,,
2026-07-22 15:08,PA=F,1315.5,🟢 Yükseliş Trendinde,🟢 AL (Trend Onaylı),📈 TREND DEVAMI (0 Üstü + Hacim),-,🔴 Ayı Piyasası (EMA 50 En Altta),🟠 Daralıyor,🟡Fiyat Orta-Üst Bant Aralığında,EMA5 Destek: 1282.99 (%2.5 altta) | EMA55 Direnç: 1323.92 (%0.6 üstte),-,1774.50-1842.00 (%34.9 üstte),56.08,84.89,0.45,-6.79,,,
2026-07-22 15:08,PHO,67.41,🟢 Yükseliş Trendinde,🔴 SAT,-,-,🔴 Ayı Piyasası (EMA 50 En Altta),🟠 Daralıyor,⚪Fiyat Alt_Orta Bant Aralığında,EMA55 Direnç: 68.04 (%0.9 üstte),-,72.60-73.56 (%7.7 üstte),44.92,8.14,-0.48,-3.37,,,
2026-07-22 15:08,PL=F,1659.8,🔴 Düşüş Trendinde,🔥 GÜÇLÜ AL (Taze Kırılım),📈 TREND DEVAMI (0 Üstü + Hacim),-,🔴 Ayı Piyasası (EMA 50 En Altta),🚨 BB SIKIŞMA,🟡Fiyat Orta-Üst Bant Aralığında,EMA21 Destek: 1644.38 (%0.9 altta) | EMA55 Direnç: 1753.59 (%5.7 üstte),-,2357.40-2365.60 (%42.0 üstte),49.52,89.21,0.14,-7.25,,,
2026-07-22 15:08,QQQ,708.97,🔴 Düşüş Trendinde,⏳ BEKLE,🟢 POTANSİYEL DİP (0 Altı - Hacimsiz),-,⚠️ Yükseliş Trendinde Düzeltme (SSL Negatif),🟠 Daralıyor,⚪Fiyat Alt_Orta Bant Aralığında,EMA5 Destek: 705.59 (%0.5 altta) | EMA21 Direnç: 713.57 (%0.6 üstte),555.60-568.05 (%19.9 altta),-,48.04,19.34,-0.62,8.92,,,
2026-07-22 15:08,SI=F,59.65,🔴 Düşüş Trendinde,🔥 GÜÇLÜ AL (Taze Kırılım),-,-,🔴 Ayı Piyasası (EMA 50 En Altta),🚨 BB SIKIŞMA,🟡Fiyat Orta-Üst Bant Aralığında,EMA5 Destek: 58.28 (%2.3 altta) | EMA21 Direnç: 60.15 (%0.8 üstte),-,86.93-88.89 (%45.7 üstte),45.44,82.9,-0.62,-7.03,,,
2026-07-22 15:08,SOXX,552.69,🔴 Düşüş Trendinde,⏳ BEKLE,🟢 POTANSİYEL DİP (0 Altı - Hacimsiz),-,⚠️ Yükseliş Trendinde Düzeltme (SSL Negatif),⚪ Yelpaze Açık,⚪Fiyat Alt_Orta Bant Aralığında,EMA55 Destek: 542.57 (%1.8 altta) | EMA21 Direnç: 564.23 (%2.1 üstte),-,-,47.61,20.36,-0.75,33.11,,,
2026-07-22 15:08,VNM,16.93,🔴 Düşüş Trendinde,🔴 SAT,-,🟢 POTANSİYEL DİP,🔴 Ayı Piyasası (EMA 50 En Altta),⚪ Yelpaze Açık,⚪Fiyat Alt_Orta Bant Aralığında,EMA5 Direnç: 17.17 (%1.4 üstte),-,19.58-19.78 (%15.7 üstte),31.93,5.32,-0.97,-6.77,,,
2026-07-22 15:08,WQTM,32.22,🔴 Düşüş Trendinde,⏳ BEKLE,-,-,⚠️ Yükseliş Trendinde Düzeltme (SSL Negatif),⚪ Yelpaze Açık,⚪Fiyat Alt_Orta Bant Aralığında,EMA5 Destek: 32.05 (%0.6 altta) | EMA100 Direnç: 32.92 (%2.1 üstte),23.18-24.30 (%24.6 altta),-,39.03,13.69,-0.94,-,,,
2026-07-22 15:08,XBI,154.5,🔴 Düşüş Trendinde,🔴 SAT,-,-,⚠️ Yükseliş Trendinde Düzeltme (SSL Negatif),⚪ Yelpaze Açık,⚪Fiyat Alt_Orta Bant Aralığında,EMA5 Destek: 153.99 (%0.3 altta),-,-,55.0,9.95,-0.72,22.57,,,
2026-07-22 15:08,XLV,160.25,🟢 Yükseliş Trendinde,🔴 SAT,-,-,⚠️ Yükseliş Trendinde Düzeltme (SSL Negatif),⚪ Yelpaze Açık,🟡Fiyat Orta-Üst Bant Aralığında,EMA5 Destek: 160.21 (%0.0 altta),145.31-147.27 (%8.1 altta),-,55.57,13.77,-0.49,6.87,,,
2026-07-22 15:08,XU100.IS,14010.98,🟢 Yükseliş Trendinde,🔴 SAT,-,-,⚠️ Yükseliş Trendinde Düzeltme (SSL Negatif),🚨 BB SIKIŞMA,⚪Fiyat Alt_Orta Bant Aralığında,EMA100 Destek: 13823.07 (%1.3 altta) | EMA5 Direnç: 14045.92 (%0.2 üstte),10373.80-10839.10 (%22.6 altta),-,44.99,10.84,-0.86,8.79,,,
2026-07-22 18:56,AIQ,60.62,🔴 Düşüş Trendinde,⏳ BEKLE,-,-,⚠️ Yükseliş Trendinde Düzeltme (SSL Negatif),🟡 Normal Genişlik,⚪Fiyat Alt_Orta Bant Aralığında,EMA5 Destek: 60.39 (%0.4 altta) | EMA55 Direnç: 61.31 (%1.1 üstte),44.46-45.83 (%24.4 altta),-,45.26,43.03,-0.72,9.78,,,
2026-07-22 18:56,ALUM.L,4.28,🔴 Düşüş Trendinde,🔥 GÜÇLÜ AL (Taze Kırılım),🟡 RİSKLİ AL (0 Üstü - Hacimsiz),-,"📉 Düşüş Hazırlığı (50<100 Kesti, 150 Bekleniyor)",🚨 BB SIKIŞMA,🟡Fiyat Orta-Üst Bant Aralığında,EMA21 Destek: 4.28 (%0.1 altta) | EMA100 Direnç: 4.41 (%2.9 üstte),3.64-3.71 (%13.4 altta),-,47.31,88.49,0.62,3.03,,,
2026-07-22 18:56,BZ=F,93.21,🟢 Yükseliş Trendinde,⏳ BEKLE,-,-,"📉 Düşüş Hazırlığı (50<100 Kesti, 150 Bekleniyor)",⚪ Yelpaze Açık,🟡Fiyat Orta-Üst Bant Aralığında,EMA5 Destek: 89.54 (%3.9 altta),59.45-60.91 (%34.7 altta),106.87-112.69 (%14.7 üstte),67.17,100.0,0.98,16.9,,,
2026-07-22 18:56,CCJ,91.85,🔴 Düşüş Trendinde,🔥 GÜÇLÜ AL (Taze Kırılım),-,-,🔴 Ayı Piyasası (EMA 50 En Altta),⚪ Yelpaze Açık,⚪Fiyat Alt_Orta Bant Aralığında,EMA5 Destek: 89.29 (%2.8 altta) | EMA21 Direnç: 94.55 (%2.9 üstte),-,-,42.54,59.99,-0.81,-8.0,,,
2026-07-22 18:56,CGW,64.87,🟢 Yükseliş Trendinde,🔴 SAT,-,-,⚠️ Yükseliş Trendinde Düzeltme (SSL Negatif),🚨 BB SIKIŞMA,⚪Fiyat Alt_Orta Bant Aralığında,EMA55 Destek: 64.44 (%0.7 altta) | EMA21 Direnç: 64.93 (%0.1 üstte),-,-,50.76,10.06,-0.26,0.92,,,
2026-07-22 18:56,COPA,49.25,🔴 Düşüş Trendinde,🟢 AL (Trend Onaylı),-,-,🟢 EMA Yükselişte (SSL Ok Bekleniyor),🚨 BB SIKIŞMA,🟡Fiyat Orta-Üst Bant Aralığında,EMA55 Destek: 48.63 (%1.2 altta),-,-,53.19,76.18,-0.07,11.19,,,
2026-07-22 18:56,COPX,80.29,🔴 Düşüş Trendinde,🟢 AL (Trend Onaylı),-,-,🟢 EMA Yükselişte (SSL Ok Bekleniyor),🚨 BB SIKIŞMA,🚨Fiyat Bandın Üzerinde!,EMA55 Destek: 79.90 (%0.5 altta),-,91.20-93.89 (%13.6 üstte),53.71,80.35,0.17,9.13,,,
2026-07-22 18:56,EEM,65.13,🔴 Düşüş Trendinde,⏳ BEKLE,-,-,⚠️ Yükseliş Trendinde Düzeltme (SSL Negatif),🟠 Daralıyor,⚪Fiyat Alt_Orta Bant Aralığında,EMA5 Destek: 64.78 (%0.5 altta) | EMA55 Direnç: 65.70 (%0.9 üstte),52.58-53.31 (%18.1 altta),-,46.65,48.14,-0.65,8.07,,,
2026-07-22 18:56,EWZ,36.19,🟢 Yükseliş Trendinde,🔥 GÜÇLÜ AL (Taze Kırılım),🟡 RİSKLİ AL (0 Üstü - Hacimsiz),-,"📉 Düşüş Hazırlığı (50<100 Kesti, 150 Bekleniyor)",🟠 Daralıyor,🟡Fiyat Orta-Üst Bant Aralığında,EMA100 Destek: 35.89 (%0.8 altta),-,-,59.16,79.55,0.73,5.68,,,
2026-07-22 18:56,GC=F,4165.5,🔴 Düşüş Trendinde,🟢 AL (Trend Onaylı),-,-,🔴 Ayı Piyasası (EMA 50 En Altta),🚨 BB SIKIŞMA,🟡Fiyat Orta-Üst Bant Aralığında,EMA21 Destek: 4105.09 (%1.5 altta) | EMA200 Direnç: 4269.72 (%2.5 üstte),-,4767.20-4879.70 (%14.4 üstte),52.24,85.94,-0.41,-2.44,,,
2026-07-22 18:56,GLTR,187.12,🔴 Düşüş Trendinde,🟢 AL (Trend Onaylı),-,-,🔴 Ayı Piyasası (EMA 50 En Altta),🚨 BB SIKIŞMA,🟡Fiyat Orta-Üst Bant Aralığında,EMA21 Destek: 185.15 (%1.1 altta) | EMA200 Direnç: 195.61 (%4.5 üstte),-,248.82-257.80 (%33.0 üstte),49.89,81.6,-0.48,-4.34,,,
2026-07-22 18:56,HG=F,6.5,🟢 Yükseliş Trendinde,🟢 AL (Trend Onaylı),-,-,🟢 EMA Yükselişte (SSL Ok Bekleniyor),🟡 Normal Genişlik,🚨Fiyat Bandın Üzerinde!,EMA5 Destek: 6.40 (%1.5 altta),5.79-5.90 (%9.2 altta),-,61.5,93.97,0.84,13.63,,,
2026-07-22 18:56,IBB,188.53,🔴 Düşüş Trendinde,⏳ BEKLE,-,-,⚠️ Yükseliş Trendinde Düzeltme (SSL Negatif),⚪ Yelpaze Açık,⚪Fiyat Alt_Orta Bant Aralığında,EMA21 Destek: 187.54 (%0.5 altta) | EMA5 Direnç: 188.91 (%0.2 üstte),163.90-167.80 (%11.0 altta),-,54.94,8.87,-0.85,12.31,,,
2026-07-22 18:56,ICLN,18.68,🔴 Düşüş Trendinde,⏳ BEKLE,-,-,⚠️ Yükseliş Trendinde Düzeltme (SSL Negatif),⚪ Yelpaze Açık,⚪Fiyat Alt_Orta Bant Aralığında,EMA5 Destek: 18.57 (%0.6 altta) | EMA21 Direnç: 19.34 (%3.5 üstte),17.38-18.05 (%3.4 altta),21.34-21.75 (%14.2 üstte),40.95,35.58,-0.84,1.4,,,
2026-07-22 18:56,INDA,48.4,🟢 Yükseliş Trendinde,🔴 SAT,-,-,🩸 ASIL SİNYAL: GÜÇLÜ SAT (EMA Çöktü + SSL Onay),🚨 BB SIKIŞMA,⚪Fiyat Alt_Orta Bant Aralığında,EMA5 Direnç: 48.64 (%0.5 üstte),47.28-47.85 (%1.1 altta),54.75-55.02 (%13.1 üstte),44.42,6.97,-0.79,-4.74,,,
2026-07-22 18:56,IWM,294.58,🟢 Yükseliş Trendinde,⏳ BEKLE,-,-,⚠️ Yükseliş Trendinde Düzeltme (SSL Negatif),🚨 BB SIKIŞMA,⚪Fiyat Alt_Orta Bant Aralığında,EMA55 Destek: 288.80 (%2.0 altta) | EMA21 Direnç: 294.76 (%0.1 üstte),238.69-245.37 (%16.7 altta),-,50.97,27.25,-0.52,10.67,,,
2026-07-22 18:56,MARS,25.25,🔴 Düşüş Trendinde,⏳ BEKLE,-,-,-,-,⚪Fiyat Alt_Orta Bant Aralığında,EMA5 Destek: 25.15 (%0.4 altta) | EMA21 Direnç: 28.01 (%10.9 üstte),-,-,34.71,23.66,-0.95,-,,,
2026-07-22 18:56,NASA,23.95,🔴 Düşüş Trendinde,⏳ BEKLE,-,-,-,-,⚪Fiyat Alt_Orta Bant Aralığında,EMA5 Destek: 23.75 (%0.9 altta) | EMA21 Direnç: 26.38 (%10.1 üstte),-,-,35.6,30.34,-0.93,-,,,
2026-07-22 18:56,PA=F,1316.0,🟢 Yükseliş Trendinde,🟢 AL (Trend Onaylı),📈 TREND DEVAMI (0 Üstü + Hacim),-,🔴 Ayı Piyasası (EMA 50 En Altta),🟠 Daralıyor,🟡Fiyat Orta-Üst Bant Aralığında,EMA5 Destek: 1283.16 (%2.5 altta) | EMA55 Direnç: 1323.93 (%0.6 üstte),-,1774.50-1842.00 (%34.8 üstte),56.14,84.89,0.45,-6.76,,,
2026-07-22 18:56,PHO,67.2,🟢 Yükseliş Trendinde,🔴 SAT,-,-,🔴 Ayı Piyasası (EMA 50 En Altta),🟠 Daralıyor,🚨Fiyat Bandın Altında!,EMA5 Direnç: 67.95 (%1.1 üstte),-,72.60-73.56 (%8.0 üstte),43.82,0.0,-0.64,-3.63,,,
2026-07-22 18:56,PL=F,1661.0,🔴 Düşüş Trendinde,🔥 GÜÇLÜ AL (Taze Kırılım),📈 TREND DEVAMI (0 Üstü + Hacim),-,🔴 Ayı Piyasası (EMA 50 En Altta),🚨 BB SIKIŞMA,🟡Fiyat Orta-Üst Bant Aralığında,EMA21 Destek: 1644.49 (%1.0 altta) | EMA55 Direnç: 1753.64 (%5.6 üstte),-,2357.40-2365.60 (%41.9 üstte),49.66,89.21,0.14,-7.18,,,
2026-07-22 18:56,QQQ,708.92,🔴 Düşüş Trendinde,⏳ BEKLE,-,-,⚠️ Yükseliş Trendinde Düzeltme (SSL Negatif),🟠 Daralıyor,⚪Fiyat Alt_Orta Bant Aralığında,EMA5 Destek: 706.70 (%0.3 altta) | EMA21 Direnç: 713.15 (%0.6 üstte),555.60-568.05 (%19.9 altta),-,48.02,37.86,-0.53,8.81,,,
2026-07-22 18:56,SI=F,60.6,🔴 Düşüş Trendinde,🔥 GÜÇLÜ AL (Taze Kırılım),-,-,🔴 Ayı Piyasası (EMA 50 En Altta),🚨 BB SIKIŞMA,🟡Fiyat Orta-Üst Bant Aralığında,EMA21 Destek: 60.24 (%0.6 altta) | EMA200 Direnç: 64.17 (%5.9 üstte),-,86.93-88.89 (%43.5 üstte),47.93,82.9,-0.55,-5.57,,,
2026-07-22 18:56,SOXX,558.11,🔴 Düşüş Trendinde,⏳ BEKLE,-,-,⚠️ Yükseliş Trendinde Düzeltme (SSL Negatif),⚪ Yelpaze Açık,⚪Fiyat Alt_Orta Bant Aralığında,EMA5 Destek: 547.31 (%1.9 altta) | EMA21 Direnç: 563.67 (%1.0 üstte),-,-,48.7,48.02,-0.59,33.96,,,
2026-07-22 18:56,VNM,16.5,🔴 Düşüş Trendinde,🔴 SAT,-,🟢 POTANSİYEL DİP,🔴 Ayı Piyasası (EMA 50 En Altta),⚪ Yelpaze Açık,🚨Fiyat Bandın Altında!,EMA5 Direnç: 16.95 (%2.7 üstte),-,19.58-19.78 (%18.6 üstte),27.48,3.18,-0.97,-9.03,,,
2026-07-22 18:56,WQTM,32.49,🔴 Düşüş Trendinde,⏳ BEKLE,-,-,⚠️ Yükseliş Trendinde Düzeltme (SSL Negatif),⚪ Yelpaze Açık,⚪Fiyat Alt_Orta Bant Aralığında,EMA5 Destek: 32.19 (%0.9 altta) | EMA100 Direnç: 32.91 (%1.3 üstte),23.18-24.30 (%25.2 altta),-,40.54,31.0,-0.89,-,,,
2026-07-22 18:56,XBI,152.95,🔴 Düşüş Trendinde,🔴 SAT,-,-,⚠️ Yükseliş Trendinde Düzeltme (SSL Negatif),⚪ Yelpaze Açık,⚪Fiyat Alt_Orta Bant Aralığında,EMA55 Destek: 145.09 (%5.1 altta) | EMA21 Direnç: 152.97 (%0.0 üstte),-,-,52.48,8.84,-0.85,21.08,,,
2026-07-22 18:56,XLV,160.26,🟢 Yükseliş Trendinde,🔥 GÜÇLÜ AL (Taze Kırılım),🟢 POTANSİYEL DİP (0 Altı - Hacimsiz),-,⚠️ Yükseliş Trendinde Düzeltme (SSL Negatif),⚪ Yelpaze Açık,🟡Fiyat Orta-Üst Bant Aralığında,EMA5 Destek: 160.23 (%0.0 altta),145.31-147.27 (%8.1 altta),-,55.59,9.36,-0.67,6.8,,,
2026-07-22 18:56,XU100.IS,14138.85,🟢 Yükseliş Trendinde,🔴 SAT,🟢 POTANSİYEL DİP (0 Altı - Hacimsiz),-,⚠️ Yükseliş Trendinde Düzeltme (SSL Negatif),🚨 BB SIKIŞMA,⚪Fiyat Alt_Orta Bant Aralığında,EMA55 Destek: 14124.08 (%0.1 altta) | EMA21 Direnç: 14191.04 (%0.4 üstte),10373.80-10839.10 (%23.3 altta),-,48.44,20.19,-0.81,9.77,,,
2026-07-22 21:38,AIQ,60.28,🔴 Düşüş Trendinde,⏳ BEKLE,-,-,⚠️ Yükseliş Trendinde Düzeltme (SSL Negatif),⚪ Yelpaze Açık,⚪Fiyat Alt_Orta Bant Aralığında,EMA5 Destek: 60.27 (%0.0 altta) | EMA55 Direnç: 61.30 (%1.7 üstte),44.46-45.83 (%24.0 altta),-,44.34,40.54,-0.74,9.15,,,
2026-07-22 21:38,ALUM.L,4.28,🔴 Düşüş Trendinde,🔥 GÜÇLÜ AL (Taze Kırılım),🟡 RİSKLİ AL (0 Üstü - Hacimsiz),-,"📉 Düşüş Hazırlığı (50<100 Kesti, 150 Bekleniyor)",🚨 BB SIKIŞMA,🟡Fiyat Orta-Üst Bant Aralığında,EMA21 Destek: 4.28 (%0.1 altta) | EMA100 Direnç: 4.41 (%2.9 üstte),3.64-3.71 (%13.4 altta),-,47.31,88.49,0.62,3.03,,,
2026-07-22 21:38,BZ=F,94.03,🟢 Yükseliş Trendinde,⏳ BEKLE,-,-,"📉 Düşüş Hazırlığı (50<100 Kesti, 150 Bekleniyor)",⚪ Yelpaze Açık,🚨Fiyat Bandın Üzerinde!,EMA5 Destek: 89.81 (%4.5 altta),59.45-60.91 (%35.2 altta),106.87-112.69 (%13.7 üstte),68.09,100.0,0.98,17.91,,,
2026-07-22 21:38,CCJ,90.78,🔴 Düşüş Trendinde,⏳ BEKLE,-,-,🔴 Ayı Piyasası (EMA 50 En Altta),⚪ Yelpaze Açık,⚪Fiyat Alt_Orta Bant Aralığında,EMA5 Destek: 88.93 (%2.0 altta) | EMA21 Direnç: 94.45 (%4.0 üstte),-,-,40.57,59.99,-0.84,-9.06,,,
2026-07-22 21:38,CGW,65.05,🟢 Yükseliş Trendinde,🔴 SAT,-,-,⚠️ Yükseliş Trendinde Düzeltme (SSL Negatif),🚨 BB SIKIŞMA,⚪Fiyat Alt_Orta Bant Aralığında,EMA21 Destek: 64.94 (%0.2 altta) | EMA5 Direnç: 65.12 (%0.1 üstte),-,-,52.0,12.65,-0.22,1.2,,,
2026-07-22 21:38,COPA,48.95,🔴 Düşüş Trendinde,🟢 AL (Trend Onaylı),-,-,🟢 EMA Yükselişte (SSL Ok Bekleniyor),🚨 BB SIKIŞMA,🟡Fiyat Orta-Üst Bant Aralığında,EMA55 Destek: 48.62 (%0.7 altta),-,-,52.4,76.18,-0.1,10.52,,,
2026-07-22 21:38,COPX,79.6,🔴 Düşüş Trendinde,🟢 AL (Trend Onaylı),-,-,🟢 EMA Yükselişte (SSL Ok Bekleniyor),🚨 BB SIKIŞMA,🟡Fiyat Orta-Üst Bant Aralığında,EMA21 Destek: 77.50 (%2.6 altta) | EMA100 Direnç: 79.67 (%0.1 üstte),-,91.20-93.89 (%14.6 üstte),52.63,80.35,0.14,8.19,,,
2026-07-22 21:38,EEM,64.97,🔴 Düşüş Trendinde,⏳ BEKLE,-,-,⚠️ Yükseliş Trendinde Düzeltme (SSL Negatif),🟠 Daralıyor,⚪Fiyat Alt_Orta Bant Aralığında,EMA5 Destek: 64.73 (%0.4 altta) | EMA55 Direnç: 65.69 (%1.1 üstte),52.58-53.31 (%18.0 altta),-,46.15,46.69,-0.66,7.82,,,
2026-07-22 21:38,EWZ,36.51,🟢 Yükseliş Trendinde,🔥 GÜÇLÜ AL (Taze Kırılım),🟡 RİSKLİ AL (0 Üstü - Hacimsiz),-,"📉 Düşüş Hazırlığı (50<100 Kesti, 150 Bekleniyor)",🟠 Daralıyor,🚨Fiyat Bandın Üzerinde!,EMA100 Destek: 35.89 (%1.7 altta),-,-,61.46,79.55,0.74,6.61,,,
2026-07-22 21:38,GC=F,4141.4,🔴 Düşüş Trendinde,🟢 AL (Trend Onaylı),-,-,🔴 Ayı Piyasası (EMA 50 En Altta),🚨 BB SIKIŞMA,🟡Fiyat Orta-Üst Bant Aralığında,EMA21 Destek: 4102.90 (%0.9 altta) | EMA200 Direnç: 4269.49 (%3.1 üstte),-,4767.20-4879.70 (%15.1 üstte),50.63,85.94,-0.47,-3.0,,,
2026-07-22 21:38,GLTR,185.65,🔴 Düşüş Trendinde,🟢 AL (Trend Onaylı),-,-,🔴 Ayı Piyasası (EMA 50 En Altta),🚨 BB SIKIŞMA,🟡Fiyat Orta-Üst Bant Aralığında,EMA21 Destek: 185.02 (%0.3 altta) | EMA200 Direnç: 195.60 (%5.4 üstte),-,248.82-257.80 (%34.0 üstte),48.06,81.6,-0.55,-5.08,,,
2026-07-22 21:38,HG=F,6.47,🟢 Yükseliş Trendinde,🟢 AL (Trend Onaylı),-,-,🟢 EMA Yükselişte (SSL Ok Bekleniyor),🟡 Normal Genişlik,🚨Fiyat Bandın Üzerinde!,EMA5 Destek: 6.39 (%1.3 altta),5.79-5.90 (%8.9 altta),-,60.07,91.58,0.84,13.2,,,
2026-07-22 21:38,IBB,187.96,🔴 Düşüş Trendinde,🔴 SAT,-,-,⚠️ Yükseliş Trendinde Düzeltme (SSL Negatif),⚪ Yelpaze Açık,⚪Fiyat Alt_Orta Bant Aralığında,EMA21 Destek: 187.49 (%0.2 altta) | EMA5 Direnç: 188.72 (%0.4 üstte),163.90-167.80 (%10.7 altta),-,53.81,7.58,-0.86,11.98,,,
2026-07-22 21:38,ICLN,18.57,🔴 Düşüş Trendinde,⏳ BEKLE,-,-,⚠️ Yükseliş Trendinde Düzeltme (SSL Negatif),⚪ Yelpaze Açık,⚪Fiyat Alt_Orta Bant Aralığında,EMA5 Destek: 18.53 (%0.2 altta) | EMA21 Direnç: 19.33 (%4.1 üstte),17.38-18.05 (%2.8 altta),21.34-21.75 (%14.9 üstte),39.69,31.45,-0.86,0.8,,,
2026-07-22 21:38,INDA,48.24,🟢 Yükseliş Trendinde,🔴 SAT,-,-,🩸 ASIL SİNYAL: GÜÇLÜ SAT (EMA Çöktü + SSL Onay),🚨 BB SIKIŞMA,⚪Fiyat Alt_Orta Bant Aralığında,EMA5 Direnç: 48.58 (%0.7 üstte),47.28-47.85 (%0.8 altta),54.75-55.02 (%13.5 üstte),42.91,6.97,-0.8,-5.06,,,
2026-07-22 21:38,IWM,294.08,🟢 Yükseliş Trendinde,⏳ BEKLE,-,-,⚠️ Yükseliş Trendinde Düzeltme (SSL Negatif),🚨 BB SIKIŞMA,⚪Fiyat Alt_Orta Bant Aralığında,EMA55 Destek: 288.79 (%1.8 altta) | EMA5 Direnç: 294.63 (%0.2 üstte),238.69-245.37 (%16.6 altta),-,50.14,25.03,-0.55,10.48,,,
2026-07-22 21:38,MARS,24.51,🔴 Düşüş Trendinde,⏳ BEKLE,-,-,-,-,⚪Fiyat Alt_Orta Bant Aralığında,EMA5 Direnç: 24.90 (%1.6 üstte),-,-,32.03,18.53,-0.96,-,,,
2026-07-22 21:38,NASA,23.39,🔴 Düşüş Trendinde,⏳ BEKLE,-,-,-,-,⚪Fiyat Alt_Orta Bant Aralığında,EMA5 Direnç: 23.56 (%0.7 üstte),-,-,33.28,25.56,-0.95,-,,,
2026-07-22 21:38,PA=F,1299.0,🟢 Yükseliş Trendinde,🟢 AL (Trend Onaylı),📈 TREND DEVAMI (0 Üstü + Hacim),-,🔴 Ayı Piyasası (EMA 50 En Altta),🟠 Daralıyor,🟡Fiyat Orta-Üst Bant Aralığında,EMA5 Destek: 1277.49 (%1.7 altta) | EMA55 Direnç: 1323.33 (%1.9 üstte),-,1774.50-1842.00 (%36.6 üstte),54.03,84.89,0.41,-7.95,,,
2026-07-22 21:38,PHO,67.14,🟢 Yükseliş Trendinde,🔴 SAT,-,-,🔴 Ayı Piyasası (EMA 50 En Altta),🟠 Daralıyor,🚨Fiyat Bandın Altında!,EMA5 Direnç: 67.93 (%1.2 üstte),-,72.60-73.56 (%8.1 üstte),43.52,0.0,-0.64,-3.72,,,
2026-07-22 21:38,PL=F,1647.0,🔴 Düşüş Trendinde,🔥 GÜÇLÜ AL (Taze Kırılım),-,-,🔴 Ayı Piyasası (EMA 50 En Altta),🚨 BB SIKIŞMA,🟡Fiyat Orta-Üst Bant Aralığında,EMA21 Destek: 1643.22 (%0.2 altta) | EMA55 Direnç: 1753.14 (%6.4 üstte),-,2357.40-2365.60 (%43.1 üstte),47.88,89.21,0.07,-7.95,,,
2026-07-22 21:38,QQQ,707.07,🔴 Düşüş Trendinde,⏳ BEKLE,-,-,⚠️ Yükseliş Trendinde Düzeltme (SSL Negatif),🟠 Daralıyor,⚪Fiyat Alt_Orta Bant Aralığında,EMA5 Destek: 706.08 (%0.1 altta) | EMA21 Direnç: 712.98 (%0.8 üstte),555.60-568.05 (%19.7 altta),-,47.3,35.64,-0.55,8.53,,,
2026-07-22 21:38,SI=F,60.22,🔴 Düşüş Trendinde,🔥 GÜÇLÜ AL (Taze Kırılım),-,-,🔴 Ayı Piyasası (EMA 50 En Altta),🚨 BB SIKIŞMA,🟡Fiyat Orta-Üst Bant Aralığında,EMA21 Destek: 60.20 (%0.0 altta) | EMA200 Direnç: 64.16 (%6.5 üstte),-,86.93-88.89 (%44.4 üstte),46.97,82.9,-0.58,-6.15,,,
2026-07-22 21:38,SOXX,557.98,🔴 Düşüş Trendinde,⏳ BEKLE,-,-,⚠️ Yükseliş Trendinde Düzeltme (SSL Negatif),⚪ Yelpaze Açık,⚪Fiyat Alt_Orta Bant Aralığında,EMA5 Destek: 547.27 (%1.9 altta) | EMA21 Direnç: 563.66 (%1.0 üstte),-,-,48.67,47.93,-0.59,33.93,,,
2026-07-22 21:38,VNM,16.5,🔴 Düşüş Trendinde,🔴 SAT,-,🟢 POTANSİYEL DİP,🔴 Ayı Piyasası (EMA 50 En Altta),⚪ Yelpaze Açık,🚨Fiyat Bandın Altında!,EMA5 Direnç: 16.95 (%2.7 üstte),-,19.58-19.78 (%18.7 üstte),27.39,3.18,-0.96,-9.08,,,
2026-07-22 21:38,WQTM,32.13,🔴 Düşüş Trendinde,⏳ BEKLE,-,-,⚠️ Yükseliş Trendinde Düzeltme (SSL Negatif),⚪ Yelpaze Açık,⚪Fiyat Alt_Orta Bant Aralığında,EMA5 Destek: 32.07 (%0.2 altta) | EMA100 Direnç: 32.90 (%2.4 üstte),23.18-24.30 (%24.4 altta),-,38.68,27.21,-0.91,-,,,
2026-07-22 21:38,XBI,152.54,🔴 Düşüş Trendinde,🔴 SAT,-,-,⚠️ Yükseliş Trendinde Düzeltme (SSL Negatif),⚪ Yelpaze Açık,⚪Fiyat Alt_Orta Bant Aralığında,EMA55 Destek: 145.07 (%4.9 altta) | EMA21 Direnç: 152.93 (%0.3 üstte),-,-,51.85,8.12,-0.85,20.76,,,
2026-07-22 21:38,XLV,159.84,🟢 Yükseliş Trendinde,⏳ BEKLE,-,-,⚠️ Yükseliş Trendinde Düzeltme (SSL Negatif),⚪ Yelpaze Açık,⚪Fiyat Alt_Orta Bant Aralığında,EMA21 Destek: 158.94 (%0.6 altta) | EMA5 Direnç: 160.09 (%0.2 üstte),145.31-147.27 (%7.9 altta),-,54.49,7.46,-0.69,6.53,,,
2026-07-22 21:38,XU100.IS,14138.85,🟢 Yükseliş Trendinde,🔴 SAT,🟢 POTANSİYEL DİP (0 Altı - Hacimsiz),-,⚠️ Yükseliş Trendinde Düzeltme (SSL Negatif),🚨 BB SIKIŞMA,⚪Fiyat Alt_Orta Bant Aralığında,EMA55 Destek: 14124.08 (%0.1 altta) | EMA21 Direnç: 14191.04 (%0.4 üstte),10373.80-10839.10 (%23.3 altta),-,48.44,20.19,-0.81,9.77,,,
2026-07-23 15:08,AIQ,60.14,🔴 Düşüş Trendinde,⏳ BEKLE,-,-,⚠️ Yükseliş Trendinde Düzeltme (SSL Negatif),⚪ Yelpaze Açık,⚪Fiyat Alt_Orta Bant Aralığında,EMA100 Destek: 58.90 (%2.1 altta) | EMA5 Direnç: 60.23 (%0.1 üstte),44.46-45.83 (%23.8 altta),-,44.0,39.6,-0.74,8.94,,,
2026-07-23 15:08,ALUM.L,4.27,🔴 Düşüş Trendinde,🟢 AL (Trend Onaylı),-,-,"📉 Düşüş Hazırlığı (50<100 Kesti, 150 Bekleniyor)",🚨 BB SIKIŞMA,🟡Fiyat Orta-Üst Bant Aralığında,EMA5 Destek: 4.26 (%0.4 altta) | EMA21 Direnç: 4.28 (%0.1 üstte),3.64-3.71 (%13.2 altta),-,46.62,94.72,0.56,2.81,,,
2026-07-23 15:08,BZ=F,93.03,🟢 Yükseliş Trendinde,⏳ BEKLE,-,-,"📉 Düşüş Hazırlığı (50<100 Kesti, 150 Bekleniyor)",⚪ Yelpaze Açık,🟡Fiyat Orta-Üst Bant Aralığında,EMA5 Destek: 90.89 (%2.3 altta),59.45-60.91 (%34.5 altta),106.87-112.69 (%14.9 üstte),65.63,97.92,0.97,16.55,,,
2026-07-23 15:08,CCJ,90.37,🔴 Düşüş Trendinde,⏳ BEKLE,-,-,🔴 Ayı Piyasası (EMA 50 En Altta),⚪ Yelpaze Açık,⚪Fiyat Alt_Orta Bant Aralığında,EMA5 Destek: 88.80 (%1.7 altta) | EMA21 Direnç: 94.41 (%4.5 üstte),-,-,39.78,59.99,-0.85,-9.47,,,
2026-07-23 15:08,CGW,65.11,🟢 Yükseliş Trendinde,🔴 SAT,-,-,⚠️ Yükseliş Trendinde Düzeltme (SSL Negatif),🚨 BB SIKIŞMA,⚪Fiyat Alt_Orta Bant Aralığında,EMA21 Destek: 64.95 (%0.2 altta) | EMA5 Direnç: 65.14 (%0.0 üstte),-,-,52.41,13.49,-0.21,1.28,,,
2026-07-23 15:08,COPA,49.05,🔴 Düşüş Trendinde,🟢 AL (Trend Onaylı),-,-,🟢 EMA Yükselişte (SSL Ok Bekleniyor),🚨 BB SIKIŞMA,🟡Fiyat Orta-Üst Bant Aralığında,EMA55 Destek: 48.63 (%0.9 altta),-,-,52.68,76.18,-0.09,10.73,,,
2026-07-23 15:08,COPX,79.99,🔴 Düşüş Trendinde,🟢 AL (Trend Onaylı),-,-,🟢 EMA Yükselişte (SSL Ok Bekleniyor),🚨 BB SIKIŞMA,🚨Fiyat Bandın Üzerinde!,EMA55 Destek: 79.89 (%0.1 altta),-,91.20-93.89 (%14.0 üstte),53.24,80.35,0.16,8.68,,,
2026-07-23 15:08,EEM,64.99,🔴 Düşüş Trendinde,⏳ BEKLE,-,-,⚠️ Yükseliş Trendinde Düzeltme (SSL Negatif),🟠 Daralıyor,⚪Fiyat Alt_Orta Bant Aralığında,EMA5 Destek: 64.74 (%0.4 altta) | EMA55 Direnç: 65.69 (%1.1 üstte),52.58-53.31 (%18.0 altta),-,46.2,46.83,-0.66,7.86,,,
2026-07-23 15:08,EWZ,36.62,🟢 Yükseliş Trendinde,🔥 GÜÇLÜ AL (Taze Kırılım),📈 TREND DEVAMI (0 Üstü + Hacim),-,"📉 Düşüş Hazırlığı (50<100 Kesti, 150 Bekleniyor)",🟠 Daralıyor,🚨Fiyat Bandın Üzerinde!,EMA100 Destek: 35.90 (%2.0 altta),-,-,62.19,79.55,0.74,6.92,,,
2026-07-23 15:08,GC=F,4086.6,🔴 Düşüş Trendinde,🟢 AL (Trend Onaylı),-,-,🔴 Ayı Piyasası (EMA 50 En Altta),🚨 BB SIKIŞMA,🟡Fiyat Orta-Üst Bant Aralığında,EMA5 Destek: 4078.54 (%0.2 altta) | EMA21 Direnç: 4101.87 (%0.4 üstte),-,4767.20-4879.70 (%16.7 üstte),46.78,90.09,-0.35,-4.27,,,
2026-07-23 15:08,GLTR,185.6,🔴 Düşüş Trendinde,🟢 AL (Trend Onaylı),-,-,🔴 Ayı Piyasası (EMA 50 En Altta),🚨 BB SIKIŞMA,🟡Fiyat Orta-Üst Bant Aralığında,EMA21 Destek: 185.02 (%0.3 altta) | EMA200 Direnç: 195.66 (%5.4 üstte),-,248.82-257.80 (%34.1 üstte),47.99,81.6,-0.55,-5.14,,,
2026-07-23 15:08,HG=F,6.46,🟢 Yükseliş Trendinde,🟢 AL (Trend Onaylı),-,-,🟢 EMA Yükselişte (SSL Ok Bekleniyor),🟡 Normal Genişlik,🟡Fiyat Orta-Üst Bant Aralığında,EMA5 Destek: 6.41 (%0.8 altta),5.79-5.90 (%8.7 altta),-,59.26,89.48,0.85,12.92,,,
2026-07-23 15:08,IBB,187.0,🔴 Düşüş Trendinde,🔴 SAT,-,-,⚠️ Yükseliş Trendinde Düzeltme (SSL Negatif),⚪ Yelpaze Açık,⚪Fiyat Alt_Orta Bant Aralığında,EMA55 Destek: 180.74 (%3.4 altta) | EMA21 Direnç: 187.40 (%0.2 üstte),163.90-167.80 (%10.3 altta),-,52.01,5.54,-0.87,11.38,,,
2026-07-23 15:08,ICLN,18.54,🔴 Düşüş Trendinde,⏳ BEKLE,-,-,⚠️ Yükseliş Trendinde Düzeltme (SSL Negatif),⚪ Yelpaze Açık,⚪Fiyat Alt_Orta Bant Aralığında,EMA5 Destek: 18.52 (%0.1 altta) | EMA21 Direnç: 19.32 (%4.2 üstte),17.38-18.05 (%2.6 altta),21.34-21.75 (%15.1 üstte),39.34,30.3,-0.86,0.66,,,
2026-07-23 15:08,INDA,48.22,🟢 Yükseliş Trendinde,🔴 SAT,-,-,🩸 ASIL SİNYAL: GÜÇLÜ SAT (EMA Çöktü + SSL Onay),🚨 BB SIKIŞMA,🚨Fiyat Bandın Altında!,EMA5 Direnç: 48.58 (%0.7 üstte),47.28-47.85 (%0.8 altta),54.75-55.02 (%13.5 üstte),42.77,6.97,-0.8,-5.09,,,
2026-07-23 15:08,IWM,293.79,🟢 Yükseliş Trendinde,⏳ BEKLE,-,-,⚠️ Yükseliş Trendinde Düzeltme (SSL Negatif),🚨 BB SIKIŞMA,⚪Fiyat Alt_Orta Bant Aralığında,EMA55 Destek: 288.78 (%1.7 altta) | EMA5 Direnç: 294.53 (%0.3 üstte),238.69-245.37 (%16.5 altta),-,49.69,23.82,-0.56,10.39,,,
2026-07-23 15:08,MARS,24.52,🔴 Düşüş Trendinde,⏳ BEKLE,-,-,-,-,⚪Fiyat Alt_Orta Bant Aralığında,EMA5 Direnç: 24.90 (%1.6 üstte),-,-,32.06,18.58,-0.96,-,,,
2026-07-23 15:08,NASA,23.27,🔴 Düşüş Trendinde,⏳ BEKLE,-,-,-,-,⚪Fiyat Alt_Orta Bant Aralığında,EMA5 Direnç: 23.52 (%1.1 üstte),-,-,32.97,24.91,-0.95,-,,,
2026-07-23 15:08,PA=F,1271.0,🟢 Yükseliş Trendinde,⏳ BEKLE,🩸 SAT (Zirveden Dönüş),-,🔴 Ayı Piyasası (EMA 50 En Altta),🚨 BB SIKIŞMA,🟡Fiyat Orta-Üst Bant Aralığında,EMA21 Destek: 1266.98 (%0.3 altta) | EMA5 Direnç: 1276.19 (%0.4 üstte),-,1774.50-1842.00 (%39.6 üstte),49.75,82.79,0.44,-9.88,,,
2026-07-23 15:08,PHO,67.16,🟢 Yükseliş Trendinde,🔴 SAT,-,-,🔴 Ayı Piyasası (EMA 50 En Altta),🟠 Daralıyor,🚨Fiyat Bandın Altında!,EMA5 Direnç: 67.94 (%1.2 üstte),-,72.60-73.56 (%8.1 üstte),43.62,0.0,-0.64,-3.7,,,
2026-07-23 15:08,PL=F,1627.7,🔴 Düşüş Trendinde,🟢 AL (Trend Onaylı),-,-,🔴 Ayı Piyasası (EMA 50 En Altta),🚨 BB SIKIŞMA,🟡Fiyat Orta-Üst Bant Aralığında,EMA5 Destek: 1625.81 (%0.1 altta) | EMA21 Direnç: 1641.50 (%0.8 üstte),-,2357.40-2365.60 (%44.8 üstte),45.44,93.93,0.07,-8.97,,,
2026-07-23 15:08,QQQ,705.35,🔴 Düşüş Trendinde,⏳ BEKLE,-,-,⚠️ Yükseliş Trendinde Düzeltme (SSL Negatif),🟠 Daralıyor,⚪Fiyat Alt_Orta Bant Aralığında,EMA55 Destek: 703.67 (%0.2 altta) | EMA5 Direnç: 705.51 (%0.0 üstte),555.60-568.05 (%19.5 altta),-,46.65,33.63,-0.57,8.29,,,
2026-07-23 15:08,SI=F,58.79,🔴 Düşüş Trendinde,🟢 AL (Trend Onaylı),-,-,🔴 Ayı Piyasası (EMA 50 En Altta),🚨 BB SIKIŞMA,⚪Fiyat Alt_Orta Bant Aralığında,EMA5 Destek: 58.53 (%0.4 altta) | EMA21 Direnç: 60.06 (%2.2 üstte),-,86.93-88.89 (%47.9 üstte),43.58,92.44,-0.48,-8.32,,,
2026-07-23 15:08,SOXX,555.52,🔴 Düşüş Trendinde,⏳ BEKLE,-,-,⚠️ Yükseliş Trendinde Düzeltme (SSL Negatif),⚪ Yelpaze Açık,⚪Fiyat Alt_Orta Bant Aralığında,EMA5 Destek: 546.45 (%1.6 altta) | EMA21 Direnç: 563.44 (%1.4 üstte),-,-,48.18,46.16,-0.61,33.45,,,
2026-07-23 15:08,VNM,16.48,🔴 Düşüş Trendinde,🔴 SAT,-,🟢 POTANSİYEL DİP,🔴 Ayı Piyasası (EMA 50 En Altta),⚪ Yelpaze Açık,🚨Fiyat Bandın Altında!,EMA5 Direnç: 16.94 (%2.8 üstte),-,19.58-19.78 (%18.8 üstte),27.25,3.18,-0.96,-9.18,,,
2026-07-23 15:08,WQTM,32.08,🔴 Düşüş Trendinde,⏳ BEKLE,-,-,⚠️ Yükseliş Trendinde Düzeltme (SSL Negatif),⚪ Yelpaze Açık,⚪Fiyat Alt_Orta Bant Aralığında,EMA5 Destek: 32.06 (%0.1 altta) | EMA100 Direnç: 32.90 (%2.6 üstte),23.18-24.30 (%24.3 altta),-,38.5,26.83,-0.91,-,,,
2026-07-23 15:08,XBI,152.11,🔴 Düşüş Trendinde,🔴 SAT,-,-,⚠️ Yükseliş Trendinde Düzeltme (SSL Negatif),⚪ Yelpaze Açık,⚪Fiyat Alt_Orta Bant Aralığında,EMA55 Destek: 145.06 (%4.6 altta) | EMA21 Direnç: 152.89 (%0.5 üstte),-,-,51.21,7.39,-0.86,20.4,,,
2026-07-23 15:08,XLV,159.43,🟢 Yükseliş Trendinde,🔴 SAT,-,-,⚠️ Yükseliş Trendinde Düzeltme (SSL Negatif),⚪ Yelpaze Açık,⚪Fiyat Alt_Orta Bant Aralığında,EMA21 Destek: 158.91 (%0.3 altta) | EMA5 Direnç: 159.95 (%0.3 üstte),145.31-147.27 (%7.6 altta),-,53.45,5.67,-0.71,6.22,,,
2026-07-23 15:08,XU100.IS,14148.17,🟢 Yükseliş Trendinde,⏳ BEKLE,-,-,⚠️ Yükseliş Trendinde Düzeltme (SSL Negatif),🚨 BB SIKIŞMA,⚪Fiyat Alt_Orta Bant Aralığında,EMA55 Destek: 14124.95 (%0.2 altta) | EMA21 Direnç: 14187.15 (%0.3 üstte),10373.80-10839.10 (%23.4 altta),-,48.69,27.17,-0.72,9.77,,,
2026-07-23 19:07,AIQ,59.2,🔴 Düşüş Trendinde,⏳ BEKLE,-,-,⚠️ Yükseliş Trendinde Düzeltme (SSL Negatif),⚪ Yelpaze Açık,⚪Fiyat Alt_Orta Bant Aralığında,EMA100 Destek: 58.90 (%0.5 altta) | EMA5 Direnç: 59.89 (%1.2 üstte),44.46-45.83 (%22.6 altta),-,41.58,44.91,-0.82,7.16,,,
2026-07-23 19:07,ALUM.L,4.27,🔴 Düşüş Trendinde,🟢 AL (Trend Onaylı),-,-,"📉 Düşüş Hazırlığı (50<100 Kesti, 150 Bekleniyor)",🚨 BB SIKIŞMA,🟡Fiyat Orta-Üst Bant Aralığında,EMA5 Destek: 4.26 (%0.4 altta) | EMA21 Direnç: 4.28 (%0.1 üstte),3.64-3.71 (%13.2 altta),-,46.62,94.72,0.56,2.81,,,
2026-07-23 19:07,BZ=F,100.4,🟢 Yükseliş Trendinde,⏳ BEKLE,-,🔴 ZİRVEDE,"📉 Düşüş Hazırlığı (50<100 Kesti, 150 Bekleniyor)",⚪ Yelpaze Açık,🚨Fiyat Bandın Üzerinde!,EMA5 Destek: 93.35 (%7.0 altta),59.45-60.91 (%39.3 altta),106.87-112.69 (%6.4 üstte),74.13,100.0,0.97,25.67,,,
2026-07-23 19:07,CCJ,88.96,🔴 Düşüş Trendinde,⏳ BEKLE,-,-,🔴 Ayı Piyasası (EMA 50 En Altta),⚪ Yelpaze Açık,⚪Fiyat Alt_Orta Bant Aralığında,EMA5 Destek: 88.85 (%0.1 altta) | EMA21 Direnç: 93.92 (%5.6 üstte),-,-,37.91,88.26,-0.81,-10.79,,,
2026-07-23 19:07,CGW,64.33,🟢 Yükseliş Trendinde,🔴 SAT,-,-,⚠️ Yükseliş Trendinde Düzeltme (SSL Negatif),🚨 BB SIKIŞMA,🚨Fiyat Bandın Altında!,EMA200 Destek: 64.29 (%0.1 altta) | EMA100 Direnç: 64.42 (%0.1 üstte),-,-,46.92,8.71,-0.29,0.07,,,
2026-07-23 19:07,COPA,48.64,🔴 Düşüş Trendinde,🟢 AL (Trend Onaylı),-,-,🟢 EMA Yükselişte (SSL Ok Bekleniyor),🚨 BB SIKIŞMA,🟡Fiyat Orta-Üst Bant Aralığında,EMA55 Destek: 48.63 (%0.0 altta),-,-,51.39,97.17,0.15,9.68,,,
2026-07-23 19:07,COPX,78.26,🔴 Düşüş Trendinde,🟢 AL (Trend Onaylı),-,-,🟢 EMA Yükselişte (SSL Ok Bekleniyor),🚨 BB SIKIŞMA,🟡Fiyat Orta-Üst Bant Aralığında,EMA21 Destek: 77.60 (%0.8 altta) | EMA100 Direnç: 79.65 (%1.8 üstte),-,91.20-93.89 (%16.5 üstte),50.17,93.59,0.3,6.27,,,
2026-07-23 19:07,EEM,64.43,🔴 Düşüş Trendinde,⏳ BEKLE,-,-,⚠️ Yükseliş Trendinde Düzeltme (SSL Negatif),🟠 Daralıyor,⚪Fiyat Alt_Orta Bant Aralığında,EMA100 Destek: 64.06 (%0.6 altta) | EMA5 Direnç: 64.64 (%0.3 üstte),52.58-53.31 (%17.3 altta),-,44.36,59.09,-0.71,6.87,,,
2026-07-23 19:07,EWZ,36.22,🟢 Yükseliş Trendinde,🟢 AL (Trend Onaylı),-,-,"📉 Düşüş Hazırlığı (50<100 Kesti, 150 Bekleniyor)",🟠 Daralıyor,🟡Fiyat Orta-Üst Bant Aralığında,EMA5 Destek: 35.99 (%0.6 altta),-,-,57.89,82.78,0.73,5.69,,,
2026-07-23 19:07,GC=F,4051.4,🔴 Düşüş Trendinde,🟢 AL (Trend Onaylı),-,-,🔴 Ayı Piyasası (EMA 50 En Altta),🚨 BB SIKIŞMA,⚪Fiyat Alt_Orta Bant Aralığında,EMA5 Direnç: 4066.81 (%0.4 üstte),-,4767.20-4879.70 (%17.7 üstte),44.63,85.02,-0.42,-5.09,,,
2026-07-23 19:07,GLTR,180.9,🔴 Düşüş Trendinde,🟢 AL (Trend Onaylı),-,-,🔴 Ayı Piyasası (EMA 50 En Altta),🚨 BB SIKIŞMA,⚪Fiyat Alt_Orta Bant Aralığında,EMA5 Direnç: 181.91 (%0.6 üstte),-,248.82-257.80 (%37.5 üstte),42.61,85.66,-0.5,-7.48,,,
2026-07-23 19:07,HG=F,6.35,🟢 Yükseliş Trendinde,🟢 AL (Trend Onaylı),🩸 SAT (Zirveden Dönüş),-,⚪ Karışık / Testere Piyasası,🟠 Daralıyor,🟡Fiyat Orta-Üst Bant Aralığında,EMA21 Destek: 6.29 (%0.9 altta) | EMA5 Direnç: 6.37 (%0.4 üstte),5.79-5.90 (%7.1 altta),-,53.31,79.5,0.8,10.9,,,
2026-07-23 19:07,IBB,188.52,🔴 Düşüş Trendinde,🔴 SAT,-,-,⚠️ Yükseliş Trendinde Düzeltme (SSL Negatif),⚪ Yelpaze Açık,⚪Fiyat Alt_Orta Bant Aralığında,EMA5 Destek: 188.44 (%0.0 altta),163.90-167.80 (%11.0 altta),-,54.6,8.66,-0.85,12.14,,,
2026-07-23 19:07,ICLN,18.33,🔴 Düşüş Trendinde,⏳ BEKLE,-,-,⚠️ Yükseliş Trendinde Düzeltme (SSL Negatif),⚪ Yelpaze Açık,⚪Fiyat Alt_Orta Bant Aralığında,EMA200 Direnç: 18.42 (%0.5 üstte),17.38-18.05 (%1.5 altta),21.34-21.75 (%16.5 üstte),37.64,40.29,-0.85,-0.51,,,
2026-07-23 19:07,INDA,47.64,🩸 SAT (Trend Kırıldı),🔴 SAT,-,-,🔴 Ayı Piyasası (EMA 50 En Altta),🚨 BB SIKIŞMA,🚨Fiyat Bandın Altında!,EMA5 Direnç: 48.27 (%1.3 üstte),47.28-47.85 (fiyat bandın içinde!),54.75-55.02 (%14.9 üstte),37.76,6.97,-0.8,-6.17,,,
2026-07-23 19:07,IWM,291.22,🟢 Yükseliş Trendinde,🔴 SAT,🔴 ZAYIFLAMA (Zaten Dipte),-,⚠️ Yükseliş Trendinde Düzeltme (SSL Negatif),🚨 BB SIKIŞMA,⚪Fiyat Alt_Orta Bant Aralığında,EMA55 Destek: 288.86 (%0.8 altta) | EMA5 Direnç: 293.43 (%0.8 üstte),238.69-245.37 (%15.7 altta),-,45.69,23.82,-0.61,9.32,,,
2026-07-23 19:07,MARS,24.17,🔴 Düşüş Trendinde,🔴 SAT,-,-,-,-,⚪Fiyat Alt_Orta Bant Aralığında,EMA5 Direnç: 24.66 (%2.0 üstte),-,-,31.14,25.27,-0.95,-,,,
2026-07-23 19:07,NASA,22.96,🔴 Düşüş Trendinde,⏳ BEKLE,-,-,-,-,⚪Fiyat Alt_Orta Bant Aralığında,EMA5 Direnç: 23.33 (%1.6 üstte),-,-,32.09,35.4,-0.93,-,,,
2026-07-23 19:07,PA=F,1263.5,🟢 Yükseliş Trendinde,⏳ BEKLE,🩸 SAT (Zirveden Dönüş),-,🔴 Ayı Piyasası (EMA 50 En Altta),🚨 BB SIKIŞMA,🟡Fiyat Orta-Üst Bant Aralığında,EMA21 Direnç: 1266.30 (%0.2 üstte),-,1774.50-1842.00 (%40.4 üstte),48.75,80.25,0.41,-10.4,,,
2026-07-23 19:07,PHO,67.58,🟢 Yükseliş Trendinde,🔴 SAT,-,-,🔴 Ayı Piyasası (EMA 50 En Altta),🟠 Daralıyor,⚪Fiyat Alt_Orta Bant Aralığında,EMA5 Direnç: 67.82 (%0.3 üstte),-,72.60-73.56 (%7.4 üstte),46.45,4.61,-0.64,-3.07,,,
2026-07-23 19:07,PL=F,1604.8,🔴 Düşüş Trendinde,⏳ BEKLE,🔴 ZAYIFLAMA (Zaten Dipte),-,🔴 Ayı Piyasası (EMA 50 En Altta),🚨 BB SIKIŞMA,⚪Fiyat Alt_Orta Bant Aralığında,EMA5 Direnç: 1618.17 (%0.8 üstte),-,2357.40-2365.60 (%46.9 üstte),42.85,85.81,-0.06,-10.24,,,
2026-07-23 19:07,QQQ,691.42,🔴 Düşüş Trendinde,🔴 SAT,🔴 ZAYIFLAMA (Zaten Dipte),-,⚠️ Yükseliş Trendinde Düzeltme (SSL Negatif),🟡 Normal Genişlik,⚪Fiyat Alt_Orta Bant Aralığında,EMA100 Destek: 682.93 (%1.2 altta) | EMA5 Direnç: 700.81 (%1.4 üstte),555.60-568.05 (%17.8 altta),-,41.64,32.87,-0.71,6.09,,,
2026-07-23 19:07,SI=F,57.89,🔴 Düşüş Trendinde,🟢 AL (Trend Onaylı),-,-,🔴 Ayı Piyasası (EMA 50 En Altta),🚨 BB SIKIŞMA,⚪Fiyat Alt_Orta Bant Aralığında,EMA5 Direnç: 58.23 (%0.6 üstte),-,86.93-88.89 (%50.2 üstte),41.69,87.47,-0.53,-9.71,,,
2026-07-23 19:07,SOXX,547.97,🔴 Düşüş Trendinde,⏳ BEKLE,-,-,⚠️ Yükseliş Trendinde Düzeltme (SSL Negatif),⚪ Yelpaze Açık,⚪Fiyat Alt_Orta Bant Aralığında,EMA5 Destek: 546.96 (%0.2 altta) | EMA21 Direnç: 562.03 (%2.6 üstte),-,-,46.72,65.74,-0.59,31.22,,,
2026-07-23 19:07,VNM,16.67,🔴 Düşüş Trendinde,⏳ BEKLE,🟢 POTANSİYEL DİP (0 Altı - Hacimsiz),🚀 KUSURSUZ DİP,🔴 Ayı Piyasası (EMA 50 En Altta),⚪ Yelpaze Açık,⚪Fiyat Alt_Orta Bant Aralığında,EMA5 Direnç: 16.85 (%1.1 üstte),-,19.58-19.78 (%17.4 üstte),31.91,10.83,-0.96,-8.03,,,
2026-07-23 19:07,WQTM,31.54,🔴 Düşüş Trendinde,⏳ BEKLE,-,-,⚠️ Yükseliş Trendinde Düzeltme (SSL Negatif),⚪ Yelpaze Açık,⚪Fiyat Alt_Orta Bant Aralığında,EMA5 Direnç: 31.89 (%1.1 üstte),23.18-24.30 (%23.0 altta),-,36.49,34.73,-0.9,-,,,
2026-07-23 19:07,XBI,152.41,🔴 Düşüş Trendinde,🔴 SAT,-,-,⚠️ Yükseliş Trendinde Düzeltme (SSL Negatif),⚪ Yelpaze Açık,⚪Fiyat Alt_Orta Bant Aralığında,EMA55 Destek: 145.32 (%4.7 altta) | EMA21 Direnç: 152.85 (%0.3 üstte),-,-,51.66,9.43,-0.87,20.39,,,
2026-07-23 19:07,XLV,161.14,🟢 Yükseliş Trendinde,🔥 GÜÇLÜ AL (Taze Kırılım),🟢 POTANSİYEL DİP (0 Altı - Hacimsiz),-,⚠️ Yükseliş Trendinde Düzeltme (SSL Negatif),🟡 Normal Genişlik,🟡Fiyat Orta-Üst Bant Aralığında,EMA5 Destek: 160.35 (%0.5 altta),145.31-147.27 (%8.6 altta),-,57.12,12.79,-0.55,7.28,,,
2026-07-23 19:07,XU100.IS,14077.67,🟢 Yükseliş Trendinde,⏳ BEKLE,-,-,⚠️ Yükseliş Trendinde Düzeltme (SSL Negatif),🚨 BB SIKIŞMA,⚪Fiyat Alt_Orta Bant Aralığında,EMA100 Destek: 13830.58 (%1.8 altta) | EMA5 Direnç: 14084.93 (%0.1 üstte),10373.80-10839.10 (%23.0 altta),-,46.92,22.37,-0.76,9.23,,,
2026-07-23 21:43,AIQ,59.2,🔴 Düşüş Trendinde,⏳ BEKLE,-,-,⚠️ Yükseliş Trendinde Düzeltme (SSL Negatif),⚪ Yelpaze Açık,⚪Fiyat Alt_Orta Bant Aralığında,EMA100 Destek: 58.90 (%0.5 altta) | EMA5 Direnç: 59.89 (%1.2 üstte),44.46-45.83 (%22.6 altta),-,41.58,44.91,-0.82,7.16,,,
2026-07-23 21:43,ALUM.L,4.27,🔴 Düşüş Trendinde,🟢 AL (Trend Onaylı),-,-,"📉 Düşüş Hazırlığı (50<100 Kesti, 150 Bekleniyor)",🚨 BB SIKIŞMA,🟡Fiyat Orta-Üst Bant Aralığında,EMA5 Destek: 4.26 (%0.4 altta) | EMA21 Direnç: 4.28 (%0.1 üstte),3.64-3.71 (%13.2 altta),-,46.62,94.72,0.56,2.81,,,
2026-07-23 21:43,BZ=F,100.81,🟢 Yükseliş Trendinde,🟢 AL (Trend Onaylı),-,🔴 ZİRVEDE,"📉 Düşüş Hazırlığı (50<100 Kesti, 150 Bekleniyor)",⚪ Yelpaze Açık,🚨Fiyat Bandın Üzerinde!,EMA5 Destek: 93.49 (%7.3 altta),59.45-60.91 (%39.6 altta),106.87-112.69 (%6.0 üstte),74.44,100.0,0.97,26.18,,,
2026-07-23 21:43,CCJ,89.31,🔴 Düşüş Trendinde,⏳ BEKLE,-,-,🔴 Ayı Piyasası (EMA 50 En Altta),⚪ Yelpaze Açık,⚪Fiyat Alt_Orta Bant Aralığında,EMA5 Destek: 88.97 (%0.4 altta) | EMA21 Direnç: 93.95 (%5.2 üstte),-,-,38.36,89.47,-0.8,-10.44,,,
2026-07-23 21:43,CGW,64.39,🟢 Yükseliş Trendinde,🔴 SAT,-,-,⚠️ Yükseliş Trendinde Düzeltme (SSL Negatif),🚨 BB SIKIŞMA,⚪Fiyat Alt_Orta Bant Aralığında,EMA200 Destek: 64.29 (%0.2 altta) | EMA100 Direnç: 64.42 (%0.0 üstte),-,-,47.33,8.71,-0.28,0.17,,,
2026-07-23 21:43,COPA,48.43,🔴 Düşüş Trendinde,🟢 AL (Trend Onaylı),-,-,🟢 EMA Yükselişte (SSL Ok Bekleniyor),🚨 BB SIKIŞMA,🟡Fiyat Orta-Üst Bant Aralığında,EMA100 Destek: 47.94 (%1.0 altta) | EMA55 Direnç: 48.62 (%0.4 üstte),-,-,50.75,95.77,0.13,9.21,,,
2026-07-23 21:43,COPX,78.19,🔴 Düşüş Trendinde,🟢 AL (Trend Onaylı),-,-,🟢 EMA Yükselişte (SSL Ok Bekleniyor),🚨 BB SIKIŞMA,🟡Fiyat Orta-Üst Bant Aralığında,EMA21 Destek: 77.59 (%0.8 altta) | EMA100 Direnç: 79.65 (%1.9 üstte),-,91.20-93.89 (%16.6 üstte),50.06,93.37,0.3,6.18,,,
2026-07-23 21:43,EEM,64.46,🔴 Düşüş Trendinde,⏳ BEKLE,-,-,⚠️ Yükseliş Trendinde Düzeltme (SSL Negatif),🟠 Daralıyor,⚪Fiyat Alt_Orta Bant Aralığında,EMA100 Destek: 64.06 (%0.6 altta) | EMA5 Direnç: 64.65 (%0.3 üstte),52.58-53.31 (%17.3 altta),-,44.44,59.32,-0.71,6.91,,,
2026-07-23 21:43,EWZ,36.15,🟢 Yükseliş Trendinde,🟢 AL (Trend Onaylı),-,-,"📉 Düşüş Hazırlığı (50<100 Kesti, 150 Bekleniyor)",🟠 Daralıyor,🟡Fiyat Orta-Üst Bant Aralığında,EMA5 Destek: 35.97 (%0.5 altta),-,-,57.25,81.55,0.72,5.5,,,
2026-07-23 21:43,GC=F,4048.0,🔴 Düşüş Trendinde,🟢 AL (Trend Onaylı),-,-,🔴 Ayı Piyasası (EMA 50 En Altta),🚨 BB SIKIŞMA,⚪Fiyat Alt_Orta Bant Aralığında,EMA5 Direnç: 4065.67 (%0.4 üstte),-,4767.20-4879.70 (%17.8 üstte),44.43,84.56,-0.43,-5.17,,,
2026-07-23 21:43,GLTR,180.43,🔴 Düşüş Trendinde,⏳ BEKLE,-,-,🔴 Ayı Piyasası (EMA 50 En Altta),🚨 BB SIKIŞMA,⚪Fiyat Alt_Orta Bant Aralığında,EMA5 Direnç: 181.76 (%0.7 üstte),-,248.82-257.80 (%37.9 üstte),42.14,84.41,-0.52,-7.71,,,
2026-07-23 21:43,HG=F,6.32,🟢 Yükseliş Trendinde,🟢 AL (Trend Onaylı),🩸 SAT (Zirveden Dönüş),-,⚪ Karışık / Testere Piyasası,🟠 Daralıyor,🟡Fiyat Orta-Üst Bant Aralığında,EMA21 Destek: 6.28 (%0.6 altta) | EMA5 Direnç: 6.36 (%0.7 üstte),5.79-5.90 (%6.7 altta),-,52.09,77.45,0.78,10.44,,,
2026-07-23 21:43,IBB,188.52,🔴 Düşüş Trendinde,🔴 SAT,-,-,⚠️ Yükseliş Trendinde Düzeltme (SSL Negatif),⚪ Yelpaze Açık,⚪Fiyat Alt_Orta Bant Aralığında,EMA5 Destek: 188.44 (%0.0 altta),163.90-167.80 (%11.0 altta),-,54.6,8.66,-0.85,12.14,,,
2026-07-23 21:43,ICLN,18.35,🔴 Düşüş Trendinde,⏳ BEKLE,-,-,⚠️ Yükseliş Trendinde Düzeltme (SSL Negatif),⚪ Yelpaze Açık,⚪Fiyat Alt_Orta Bant Aralığında,EMA200 Direnç: 18.42 (%0.4 üstte),17.38-18.05 (%1.6 altta),21.34-21.75 (%16.3 üstte),37.83,40.91,-0.84,-0.37,,,
2026-07-23 21:43,INDA,47.6,🩸 SAT (Trend Kırıldı),🔴 SAT,-,-,🔴 Ayı Piyasası (EMA 50 En Altta),🚨 BB SIKIŞMA,🚨Fiyat Bandın Altında!,EMA5 Direnç: 48.25 (%1.4 üstte),47.28-47.85 (fiyat bandın içinde!),54.75-55.02 (%15.0 üstte),37.49,6.97,-0.8,-6.24,,,
2026-07-23 21:43,IWM,291.26,🟢 Yükseliş Trendinde,🔴 SAT,🔴 ZAYIFLAMA (Zaten Dipte),-,⚠️ Yükseliş Trendinde Düzeltme (SSL Negatif),🚨 BB SIKIŞMA,⚪Fiyat Alt_Orta Bant Aralığında,EMA55 Destek: 288.86 (%0.8 altta) | EMA5 Direnç: 293.44 (%0.7 üstte),238.69-245.37 (%15.8 altta),-,45.74,23.82,-0.61,9.33,,,
2026-07-23 21:43,MARS,24.32,🔴 Düşüş Trendinde,🔴 SAT,-,-,-,-,⚪Fiyat Alt_Orta Bant Aralığında,EMA5 Direnç: 24.71 (%1.6 üstte),-,-,31.53,26.05,-0.95,-,,,
2026-07-23 21:43,NASA,23.15,🔴 Düşüş Trendinde,⏳ BEKLE,-,-,-,-,⚪Fiyat Alt_Orta Bant Aralığında,EMA5 Direnç: 23.40 (%1.1 üstte),-,-,32.62,36.6,-0.93,-,,,
2026-07-23 21:43,PA=F,1258.0,🟢 Yükseliş Trendinde,⏳ BEKLE,🩸 SAT (Zirveden Dönüş),-,🔴 Ayı Piyasası (EMA 50 En Altta),🚨 BB SIKIŞMA,🟡Fiyat Orta-Üst Bant Aralığında,EMA21 Direnç: 1265.80 (%0.6 üstte),-,1774.50-1842.00 (%41.1 üstte),48.04,78.45,0.38,-10.79,,,
2026-07-23 21:43,PHO,67.46,🟢 Yükseliş Trendinde,🔴 SAT,-,-,🔴 Ayı Piyasası (EMA 50 En Altta),🟠 Daralıyor,⚪Fiyat Alt_Orta Bant Aralığında,EMA5 Direnç: 67.78 (%0.5 üstte),-,72.60-73.56 (%7.6 üstte),45.65,3.31,-0.65,-3.24,,,
2026-07-23 21:43,PL=F,1602.3,🔴 Düşüş Trendinde,⏳ BEKLE,🔴 ZAYIFLAMA (Zaten Dipte),-,🔴 Ayı Piyasası (EMA 50 En Altta),🚨 BB SIKIŞMA,⚪Fiyat Alt_Orta Bant Aralığında,EMA5 Direnç: 1617.34 (%0.9 üstte),-,2357.40-2365.60 (%47.1 üstte),42.59,84.98,-0.07,-10.37,,,
2026-07-23 21:43,QQQ,690.56,🔴 Düşüş Trendinde,🔴 SAT,🔴 ZAYIFLAMA (Zaten Dipte),-,⚠️ Yükseliş Trendinde Düzeltme (SSL Negatif),🟡 Normal Genişlik,🚨Fiyat Bandın Altında!,EMA100 Destek: 682.91 (%1.1 altta) | EMA5 Direnç: 700.52 (%1.4 üstte),555.60-568.05 (%17.7 altta),-,41.37,32.87,-0.71,5.96,,,
2026-07-23 21:43,SI=F,57.82,🔴 Düşüş Trendinde,🟢 AL (Trend Onaylı),-,-,🔴 Ayı Piyasası (EMA 50 En Altta),🚨 BB SIKIŞMA,⚪Fiyat Alt_Orta Bant Aralığında,EMA5 Direnç: 58.21 (%0.7 üstte),-,86.93-88.89 (%50.3 üstte),41.55,87.1,-0.54,-9.82,,,
2026-07-23 21:43,SOXX,546.77,🔴 Düşüş Trendinde,⏳ BEKLE,-,-,⚠️ Yükseliş Trendinde Düzeltme (SSL Negatif),⚪ Yelpaze Açık,⚪Fiyat Alt_Orta Bant Aralığında,EMA5 Destek: 546.56 (%0.0 altta) | EMA21 Direnç: 561.92 (%2.8 üstte),-,-,46.49,64.92,-0.59,30.94,,,
2026-07-23 21:43,VNM,16.66,🔴 Düşüş Trendinde,⏳ BEKLE,🚀 KUSURSUZ DÖNÜŞ (0 Altı + Hacim),🚀 KUSURSUZ DİP,🔴 Ayı Piyasası (EMA 50 En Altta),⚪ Yelpaze Açık,⚪Fiyat Alt_Orta Bant Aralığında,EMA5 Direnç: 16.85 (%1.1 üstte),-,19.58-19.78 (%17.6 üstte),31.46,10.09,-0.96,-8.14,,,
2026-07-23 21:43,WQTM,31.43,🔴 Düşüş Trendinde,⏳ BEKLE,-,-,⚠️ Yükseliş Trendinde Düzeltme (SSL Negatif),⚪ Yelpaze Açık,⚪Fiyat Alt_Orta Bant Aralığında,EMA5 Direnç: 31.85 (%1.3 üstte),23.18-24.30 (%22.7 altta),-,36.1,33.95,-0.9,-,,,
2026-07-23 21:43,XBI,152.15,🔴 Düşüş Trendinde,🔴 SAT,-,-,⚠️ Yükseliş Trendinde Düzeltme (SSL Negatif),⚪ Yelpaze Açık,⚪Fiyat Alt_Orta Bant Aralığında,EMA55 Destek: 145.31 (%4.5 altta) | EMA21 Direnç: 152.82 (%0.4 üstte),-,-,51.27,8.98,-0.88,20.18,,,
2026-07-23 21:43,XLV,160.99,🟢 Yükseliş Trendinde,🔥 GÜÇLÜ AL (Taze Kırılım),🟢 POTANSİYEL DİP (0 Altı - Hacimsiz),-,⚠️ Yükseliş Trendinde Düzeltme (SSL Negatif),🟡 Normal Genişlik,🟡Fiyat Orta-Üst Bant Aralığında,EMA5 Destek: 160.30 (%0.4 altta),145.31-147.27 (%8.5 altta),-,56.83,12.23,-0.57,7.19,,,
2026-07-23 21:43,XU100.IS,14077.67,🟢 Yükseliş Trendinde,⏳ BEKLE,-,-,⚠️ Yükseliş Trendinde Düzeltme (SSL Negatif),🚨 BB SIKIŞMA,⚪Fiyat Alt_Orta Bant Aralığında,EMA100 Destek: 13830.58 (%1.8 altta) | EMA5 Direnç: 14084.93 (%0.1 üstte),10373.80-10839.10 (%23.0 altta),-,46.92,22.37,-0.76,9.23,,,
2026-07-24 14:59,AIQ,59.33,🔴 Düşüş Trendinde,⏳ BEKLE,-,-,⚠️ Yükseliş Trendinde Düzeltme (SSL Negatif),⚪ Yelpaze Açık,⚪Fiyat Alt_Orta Bant Aralığında,EMA100 Destek: 58.91 (%0.7 altta) | EMA5 Direnç: 59.93 (%1.0 üstte),44.46-45.83 (%22.7 altta),-,41.9,45.77,-0.82,7.43,,,
2026-07-24 14:59,ALUM.L,4.24,🔴 Düşüş Trendinde,🟢 AL (Trend Onaylı),-,-,"📉 Düşüş Hazırlığı (50<100 Kesti, 150 Bekleniyor)",🚨 BB SIKIŞMA,🟡Fiyat Orta-Üst Bant Aralığında,EMA200 Destek: 4.16 (%2.0 altta) | EMA5 Direnç: 4.25 (%0.2 üstte),3.64-3.71 (%12.6 altta),-,44.16,90.83,0.42,2.09,,,
2026-07-24 14:59,BZ=F,91.96,🟢 Yükseliş Trendinde,⏳ BEKLE,🩸 SAT (Zirveden Dönüş),-,"📉 Düşüş Hazırlığı (50<100 Kesti, 150 Bekleniyor)",⚪ Yelpaze Açık,🟡Fiyat Orta-Üst Bant Aralığında,EMA100 Destek: 87.80 (%4.5 altta) | EMA5 Direnç: 92.95 (%1.1 üstte),59.45-60.91 (%33.8 altta),106.87-112.69 (%16.2 üstte),58.22,86.7,0.94,15.02,,,
2026-07-24 14:59,CCJ,89.33,🔴 Düşüş Trendinde,⏳ BEKLE,-,-,🔴 Ayı Piyasası (EMA 50 En Altta),⚪ Yelpaze Açık,⚪Fiyat Alt_Orta Bant Aralığında,EMA5 Destek: 88.97 (%0.4 altta) | EMA21 Direnç: 93.95 (%5.2 üstte),-,-,38.39,89.56,-0.8,-10.42,,,
2026-07-24 14:59,CGW,64.61,🟢 Yükseliş Trendinde,🔴 SAT,-,-,⚠️ Yükseliş Trendinde Düzeltme (SSL Negatif),🚨 BB SIKIŞMA,⚪Fiyat Alt_Orta Bant Aralığında,EMA55 Destek: 64.46 (%0.2 altta) | EMA21 Direnç: 64.92 (%0.5 üstte),-,-,48.75,9.8,-0.24,0.49,,,
2026-07-24 14:59,COPA,48.11,🔴 Düşüş Trendinde,🟢 AL (Trend Onaylı),-,-,🟢 EMA Yükselişte (SSL Ok Bekleniyor),🚨 BB SIKIŞMA,🟡Fiyat Orta-Üst Bant Aralığında,EMA100 Destek: 47.93 (%0.4 altta) | EMA55 Direnç: 48.61 (%1.0 üstte),-,-,49.82,93.73,0.11,8.48,,,
2026-07-24 14:59,COPX,78.37,🔴 Düşüş Trendinde,🟢 AL (Trend Onaylı),-,-,🟢 EMA Yükselişte (SSL Ok Bekleniyor),🚨 BB SIKIŞMA,🟡Fiyat Orta-Üst Bant Aralığında,EMA5 Destek: 77.63 (%0.9 altta) | EMA100 Direnç: 79.65 (%1.6 üstte),-,91.20-93.89 (%16.4 üstte),50.36,93.98,0.31,6.39,,,
2026-07-24 14:59,EEM,64.6,🔴 Düşüş Trendinde,⏳ BEKLE,-,-,⚠️ Yükseliş Trendinde Düzeltme (SSL Negatif),🟠 Daralıyor,⚪Fiyat Alt_Orta Bant Aralığında,EMA100 Destek: 64.07 (%0.8 altta) | EMA5 Direnç: 64.69 (%0.1 üstte),52.58-53.31 (%17.5 altta),-,44.89,60.63,-0.7,7.17,,,
2026-07-24 14:59,EWZ,36.17,🟢 Yükseliş Trendinde,🟢 AL (Trend Onaylı),-,-,"📉 Düşüş Hazırlığı (50<100 Kesti, 150 Bekleniyor)",🟠 Daralıyor,🟡Fiyat Orta-Üst Bant Aralığında,EMA5 Destek: 35.97 (%0.5 altta),-,-,57.39,81.83,0.72,5.54,,,
2026-07-24 14:59,GC=F,4056.7,🔴 Düşüş Trendinde,🟢 AL (Trend Onaylı),-,-,🔴 Ayı Piyasası (EMA 50 En Altta),🚨 BB SIKIŞMA,⚪Fiyat Alt_Orta Bant Aralığında,EMA5 Direnç: 4062.37 (%0.1 üstte),-,4767.20-4879.70 (%17.5 üstte),45.13,70.56,-0.28,-4.95,,,
2026-07-24 14:59,GLTR,180.82,🔴 Düşüş Trendinde,🟢 AL (Trend Onaylı),-,-,🔴 Ayı Piyasası (EMA 50 En Altta),🚨 BB SIKIŞMA,⚪Fiyat Alt_Orta Bant Aralığında,EMA5 Direnç: 181.89 (%0.6 üstte),-,248.82-257.80 (%37.6 üstte),42.53,85.45,-0.5,-7.54,,,
2026-07-24 14:59,HG=F,6.35,🟢 Yükseliş Trendinde,⏳ BEKLE,-,-,🟢 EMA Yükselişte (SSL Ok Bekleniyor),🟠 Daralıyor,🟡Fiyat Orta-Üst Bant Aralığında,EMA21 Destek: 6.29 (%0.9 altta) | EMA5 Direnç: 6.35 (%0.1 üstte),5.79-5.90 (%7.1 altta),-,53.21,61.34,0.74,10.87,,,
2026-07-24 14:59,IBB,188.98,🔴 Düşüş Trendinde,🔴 SAT,-,-,⚠️ Yükseliş Trendinde Düzeltme (SSL Negatif),⚪ Yelpaze Açık,⚪Fiyat Alt_Orta Bant Aralığında,EMA5 Destek: 188.59 (%0.2 altta),163.90-167.80 (%11.2 altta),-,55.33,9.49,-0.84,12.38,,,
2026-07-24 14:59,ICLN,18.37,🔴 Düşüş Trendinde,⏳ BEKLE,-,-,⚠️ Yükseliş Trendinde Düzeltme (SSL Negatif),⚪ Yelpaze Açık,⚪Fiyat Alt_Orta Bant Aralığında,EMA200 Direnç: 18.42 (%0.2 üstte),17.38-18.05 (%1.7 altta),21.34-21.75 (%16.2 üstte),37.99,41.41,-0.84,-0.25,,,
2026-07-24 14:59,INDA,47.63,🩸 SAT (Trend Kırıldı),🔴 SAT,-,-,🔴 Ayı Piyasası (EMA 50 En Altta),🚨 BB SIKIŞMA,🚨Fiyat Bandın Altında!,EMA5 Direnç: 48.26 (%1.3 üstte),47.28-47.85 (fiyat bandın içinde!),54.75-55.02 (%14.9 üstte),37.68,6.97,-0.8,-6.19,,,
2026-07-24 14:59,IWM,292.09,🟢 Yükseliş Trendinde,🔴 SAT,🔴 ZAYIFLAMA (Zaten Dipte),-,⚠️ Yükseliş Trendinde Düzeltme (SSL Negatif),🚨 BB SIKIŞMA,⚪Fiyat Alt_Orta Bant Aralığında,EMA55 Destek: 288.89 (%1.1 altta) | EMA5 Direnç: 293.72 (%0.6 üstte),238.69-245.37 (%16.0 altta),-,46.97,23.82,-0.59,9.66,,,
2026-07-24 14:59,MARS,24.43,🔴 Düşüş Trendinde,🔴 SAT,-,-,-,-,⚪Fiyat Alt_Orta Bant Aralığında,EMA5 Direnç: 24.75 (%1.3 üstte),-,-,31.82,26.63,-0.94,-,,,
2026-07-24 14:59,NASA,23.23,🔴 Düşüş Trendinde,⏳ BEKLE,-,-,-,-,⚪Fiyat Alt_Orta Bant Aralığında,EMA5 Direnç: 23.42 (%0.8 üstte),-,-,32.85,37.1,-0.93,-,,,
2026-07-24 14:59,PA=F,1257.0,🟢 Yükseliş Trendinde,🔴 SAT,-,-,🔴 Ayı Piyasası (EMA 50 En Altta),🚨 BB SIKIŞMA,🟡Fiyat Orta-Üst Bant Aralığında,EMA21 Direnç: 1264.77 (%0.6 üstte),-,1774.50-1842.00 (%41.2 üstte),47.94,66.06,0.32,-10.8,,,
2026-07-24 14:59,PHO,67.59,🟢 Yükseliş Trendinde,🔴 SAT,-,-,🔴 Ayı Piyasası (EMA 50 En Altta),🟠 Daralıyor,⚪Fiyat Alt_Orta Bant Aralığında,EMA5 Direnç: 67.82 (%0.3 üstte),-,72.60-73.56 (%7.4 üstte),46.49,4.66,-0.64,-3.07,,,
2026-07-24 14:59,PL=F,1610.0,🔴 Düşüş Trendinde,🔴 SAT,-,-,🔴 Ayı Piyasası (EMA 50 En Altta),🚨 BB SIKIŞMA,⚪Fiyat Alt_Orta Bant Aralığında,EMA5 Direnç: 1614.18 (%0.3 üstte),-,2357.40-2365.60 (%46.4 üstte),43.87,72.93,-0.06,-9.87,,,
2026-07-24 14:59,QQQ,691.96,🔴 Düşüş Trendinde,🔴 SAT,🔴 ZAYIFLAMA (Zaten Dipte),-,⚠️ Yükseliş Trendinde Düzeltme (SSL Negatif),🟡 Normal Genişlik,⚪Fiyat Alt_Orta Bant Aralığında,EMA100 Destek: 682.95 (%1.3 altta) | EMA5 Direnç: 700.99 (%1.3 üstte),555.60-568.05 (%17.9 altta),-,41.82,32.87,-0.71,6.2,,,
2026-07-24 14:59,SI=F,58.54,🔴 Düşüş Trendinde,🟢 AL (Trend Onaylı),-,-,🔴 Ayı Piyasası (EMA 50 En Altta),🚨 BB SIKIŞMA,⚪Fiyat Alt_Orta Bant Aralığında,EMA5 Destek: 58.31 (%0.4 altta) | EMA21 Direnç: 59.84 (%2.2 üstte),-,86.93-88.89 (%48.5 üstte),43.66,79.66,-0.34,-8.64,,,
2026-07-24 14:59,SOXX,551.24,🔴 Düşüş Trendinde,⏳ BEKLE,-,-,⚠️ Yükseliş Trendinde Düzeltme (SSL Negatif),⚪ Yelpaze Açık,⚪Fiyat Alt_Orta Bant Aralığında,EMA5 Destek: 548.05 (%0.6 altta) | EMA21 Direnç: 562.33 (%2.0 üstte),-,-,47.34,67.99,-0.57,32.12,,,
2026-07-24 14:59,VNM,16.66,🔴 Düşüş Trendinde,⏳ BEKLE,🚀 KUSURSUZ DÖNÜŞ (0 Altı + Hacim),🚀 KUSURSUZ DİP,🔴 Ayı Piyasası (EMA 50 En Altta),⚪ Yelpaze Açık,⚪Fiyat Alt_Orta Bant Aralığında,EMA5 Direnç: 16.85 (%1.1 üstte),-,19.58-19.78 (%17.5 üstte),31.57,10.27,-0.96,-8.12,,,
2026-07-24 14:59,WQTM,31.5,🔴 Düşüş Trendinde,⏳ BEKLE,-,-,⚠️ Yükseliş Trendinde Düzeltme (SSL Negatif),⚪ Yelpaze Açık,⚪Fiyat Alt_Orta Bant Aralığında,EMA5 Direnç: 31.87 (%1.2 üstte),23.18-24.30 (%22.9 altta),-,36.35,34.44,-0.9,-,,,
2026-07-24 14:59,XBI,152.23,🔴 Düşüş Trendinde,🔴 SAT,-,-,⚠️ Yükseliş Trendinde Düzeltme (SSL Negatif),⚪ Yelpaze Açık,⚪Fiyat Alt_Orta Bant Aralığında,EMA55 Destek: 145.31 (%4.5 altta) | EMA21 Direnç: 152.83 (%0.4 üstte),-,-,51.39,9.13,-0.88,20.23,,,
2026-07-24 14:59,XLV,161.44,🟢 Yükseliş Trendinde,🔥 GÜÇLÜ AL (Taze Kırılım),🟢 POTANSİYEL DİP (0 Altı - Hacimsiz),-,⚠️ Yükseliş Trendinde Düzeltme (SSL Negatif),🟡 Normal Genişlik,🟡Fiyat Orta-Üst Bant Aralığında,EMA5 Destek: 160.45 (%0.6 altta),145.31-147.27 (%8.8 altta),-,57.7,13.92,-0.53,7.45,,,
2026-07-24 14:59,XU100.IS,13971.94,🟢 Yükseliş Trendinde,⏳ BEKLE,-,-,⚠️ Yükseliş Trendinde Düzeltme (SSL Negatif),🚨 BB SIKIŞMA,⚪Fiyat Alt_Orta Bant Aralığında,EMA100 Destek: 13833.37 (%1.0 altta) | EMA5 Direnç: 14047.27 (%0.5 üstte),10373.80-10839.10 (%22.4 altta),-,44.34,23.55,-0.74,8.36,,,
2026-07-24 18:49,AIQ,58.6,🔴 Düşüş Trendinde,🔴 SAT,-,-,⚠️ Yükseliş Trendinde Düzeltme (SSL Negatif),⚪ Yelpaze Açık,⚪Fiyat Alt_Orta Bant Aralığında,EMA200 Destek: 55.26 (%5.7 altta) | EMA100 Direnç: 58.90 (%0.5 üstte),44.46-45.83 (%21.8 altta),-,40.05,28.81,-0.81,6.05,,,
2026-07-24 18:49,ALUM.L,4.25,🔴 Düşüş Trendinde,🟢 AL (Trend Onaylı),-,-,"📉 Düşüş Hazırlığı (50<100 Kesti, 150 Bekleniyor)",🚨 BB SIKIŞMA,🟡Fiyat Orta-Üst Bant Aralığında,EMA200 Destek: 4.16 (%2.1 altta) | EMA5 Direnç: 4.25 (%0.1 üstte),3.64-3.71 (%12.7 altta),-,44.47,91.6,0.44,2.18,,,
2026-07-24 18:49,BZ=F,95.26,🟢 Yükseliş Trendinde,🟢 AL (Trend Onaylı),🩸 SAT (Zirveden Dönüş),-,"📉 Düşüş Hazırlığı (50<100 Kesti, 150 Bekleniyor)",⚪ Yelpaze Açık,🟡Fiyat Orta-Üst Bant Aralığında,EMA5 Destek: 94.05 (%1.3 altta),59.45-60.91 (%36.1 altta),106.87-112.69 (%12.2 üstte),63.42,90.99,0.96,19.1,,,
2026-07-24 18:49,CCJ,88.17,🔴 Düşüş Trendinde,⏳ BEKLE,-,-,🔴 Ayı Piyasası (EMA 50 En Altta),⚪ Yelpaze Açık,⚪Fiyat Alt_Orta Bant Aralığında,EMA5 Direnç: 88.71 (%0.6 üstte),-,-,36.84,88.3,-0.74,-11.47,,,
2026-07-24 18:49,CGW,64.82,🟢 Yükseliş Trendinde,🔴 SAT,-,-,⚠️ Yükseliş Trendinde Düzeltme (SSL Negatif),🚨 BB SIKIŞMA,⚪Fiyat Alt_Orta Bant Aralığında,EMA55 Destek: 64.47 (%0.5 altta) | EMA21 Direnç: 64.91 (%0.1 üstte),-,-,50.28,15.89,-0.17,0.8,,,
2026-07-24 18:49,COPA,48.11,🔴 Düşüş Trendinde,🟢 AL (Trend Onaylı),-,-,🟢 EMA Yükselişte (SSL Ok Bekleniyor),🚨 BB SIKIŞMA,🟡Fiyat Orta-Üst Bant Aralığında,EMA100 Destek: 47.94 (%0.4 altta) | EMA55 Direnç: 48.59 (%1.0 üstte),-,-,49.83,87.46,0.38,8.39,,,
2026-07-24 18:49,COPX,78.37,🔴 Düşüş Trendinde,🟢 AL (Trend Onaylı),-,-,"📉 Düşüş Hazırlığı (50<100 Kesti, 150 Bekleniyor)",🚨 BB SIKIŞMA,🟡Fiyat Orta-Üst Bant Aralığında,EMA5 Destek: 77.87 (%0.6 altta) | EMA100 Direnç: 79.62 (%1.6 üstte),-,91.20-93.89 (%16.4 üstte),50.36,87.95,0.56,6.33,,,
2026-07-24 18:49,EEM,63.91,🔴 Düşüş Trendinde,⏳ BEKLE,-,-,⚠️ Yükseliş Trendinde Düzeltme (SSL Negatif),🟠 Daralıyor,⚪Fiyat Alt_Orta Bant Aralığında,EMA200 Destek: 60.31 (%5.6 altta) | EMA100 Direnç: 64.06 (%0.2 üstte),52.58-53.31 (%16.6 altta),-,42.59,48.29,-0.66,5.96,,,
2026-07-24 18:49,EWZ,36.08,🟢 Yükseliş Trendinde,🟢 AL (Trend Onaylı),-,-,"📉 Düşüş Hazırlığı (50<100 Kesti, 150 Bekleniyor)",🟠 Daralıyor,🟡Fiyat Orta-Üst Bant Aralığında,EMA5 Destek: 36.01 (%0.2 altta),-,-,56.51,80.05,0.72,5.23,,,
2026-07-24 18:49,GC=F,4080.8,🔴 Düşüş Trendinde,🟢 AL (Trend Onaylı),-,-,🔴 Ayı Piyasası (EMA 50 En Altta),🚨 BB SIKIŞMA,🟡Fiyat Orta-Üst Bant Aralığında,EMA5 Destek: 4070.40 (%0.3 altta) | EMA21 Direnç: 4096.65 (%0.4 üstte),-,4767.20-4879.70 (%16.8 üstte),46.89,74.72,-0.23,-4.39,,,
2026-07-24 18:49,GLTR,182.6,🔴 Düşüş Trendinde,🟢 AL (Trend Onaylı),-,-,🔴 Ayı Piyasası (EMA 50 En Altta),🚨 BB SIKIŞMA,🟡Fiyat Orta-Üst Bant Aralığında,EMA5 Destek: 182.12 (%0.3 altta) | EMA21 Direnç: 184.45 (%1.0 üstte),-,248.82-257.80 (%36.3 üstte),45.04,77.59,-0.29,-6.57,,,
2026-07-24 18:49,HG=F,6.36,🟢 Yükseliş Trendinde,⏳ BEKLE,-,-,🟢 EMA Yükselişte (SSL Ok Bekleniyor),🟠 Daralıyor,🟡Fiyat Orta-Üst Bant Aralığında,EMA5 Destek: 6.36 (%0.1 altta),5.79-5.90 (%7.3 altta),-,53.92,62.54,0.75,11.17,,,
2026-07-24 18:49,IBB,189.63,🔴 Düşüş Trendinde,🔥 GÜÇLÜ AL (Taze Kırılım),🟢 POTANSİYEL DİP (0 Altı - Hacimsiz),-,⚠️ Yükseliş Trendinde Düzeltme (SSL Negatif),⚪ Yelpaze Açık,⚪Fiyat Alt_Orta Bant Aralığında,EMA5 Destek: 188.94 (%0.4 altta),163.90-167.80 (%11.5 altta),-,56.39,9.29,-0.79,12.62,,,
2026-07-24 18:49,ICLN,18.03,🔴 Düşüş Trendinde,🔴 SAT,-,-,⚠️ Yükseliş Trendinde Düzeltme (SSL Negatif),⚪ Yelpaze Açık,⚪Fiyat Alt_Orta Bant Aralığında,EMA5 Direnç: 18.32 (%1.6 üstte),17.38-18.05 (fiyat bandın içinde!),21.34-21.75 (%18.4 üstte),35.37,30.84,-0.85,-2.07,,,
2026-07-24 18:49,INDA,48.31,🔴 Düşüş Trendinde,⏳ BEKLE,🟢 POTANSİYEL DİP (0 Altı - Hacimsiz),-,🔴 Ayı Piyasası (EMA 50 En Altta),🚨 BB SIKIŞMA,⚪Fiyat Alt_Orta Bant Aralığında,EMA5 Destek: 48.28 (%0.1 altta) | EMA21 Direnç: 48.70 (%0.8 üstte),47.28-47.85 (%1.0 altta),54.75-55.02 (%13.3 üstte),45.7,17.29,-0.76,-4.8,,,
2026-07-24 18:49,IWM,293.33,🟢 Yükseliş Trendinde,🔴 SAT,-,-,⚠️ Yükseliş Trendinde Düzeltme (SSL Negatif),🚨 BB SIKIŞMA,⚪Fiyat Alt_Orta Bant Aralığında,EMA55 Destek: 289.05 (%1.5 altta) | EMA5 Direnç: 293.59 (%0.1 üstte),238.69-245.37 (%16.4 altta),-,49.15,14.76,-0.49,10.01,,,
2026-07-24 18:49,MARS,23.62,🔴 Düşüş Trendinde,🔴 SAT,🔴 ZAYIFLAMA (Zaten Dipte),-,-,-,⚪Fiyat Alt_Orta Bant Aralığında,EMA5 Direnç: 24.37 (%3.2 üstte),-,-,29.65,21.63,-0.95,-,,,
2026-07-24 18:49,NASA,22.38,🔴 Düşüş Trendinde,🔴 SAT,-,-,-,-,⚪Fiyat Alt_Orta Bant Aralığında,EMA5 Direnç: 23.08 (%3.1 üstte),-,-,30.39,33.52,-0.93,-,,,
2026-07-24 18:49,PA=F,1262.0,🟢 Yükseliş Trendinde,🔴 SAT,-,-,🔴 Ayı Piyasası (EMA 50 En Altta),🚨 BB SIKIŞMA,🟡Fiyat Orta-Üst Bant Aralığında,EMA21 Direnç: 1265.23 (%0.3 üstte),-,1774.50-1842.00 (%40.6 üstte),48.67,67.89,0.34,-10.44,,,
2026-07-24 18:49,PHO,68.56,🟢 Yükseliş Trendinde,⏳ BEKLE,🟢 POTANSİYEL DİP (0 Altı - Hacimsiz),-,🔴 Ayı Piyasası (EMA 50 En Altta),🟠 Daralıyor,⚪Fiyat Alt_Orta Bant Aralığında,EMA100 Destek: 68.41 (%0.2 altta) | EMA200 Direnç: 69.72 (%1.7 üstte),-,72.60-73.56 (%5.9 üstte),52.38,21.84,-0.49,-1.67,,,
2026-07-24 18:49,PL=F,1606.1,🔴 Düşüş Trendinde,🔴 SAT,-,-,🔴 Ayı Piyasası (EMA 50 En Altta),🚨 BB SIKIŞMA,⚪Fiyat Alt_Orta Bant Aralığında,EMA5 Direnç: 1612.88 (%0.4 üstte),-,2357.40-2365.60 (%46.8 üstte),43.3,71.15,-0.08,-10.09,,,
2026-07-24 18:49,QQQ,689.51,🔴 Düşüş Trendinde,🔴 SAT,-,-,⚠️ Yükseliş Trendinde Düzeltme (SSL Negatif),🟡 Normal Genişlik,⚪Fiyat Alt_Orta Bant Aralığında,EMA100 Destek: 683.08 (%0.9 altta) | EMA5 Direnç: 697.16 (%1.1 üstte),555.60-568.05 (%17.6 altta),-,40.98,14.29,-0.73,5.76,,,
2026-07-24 18:49,SI=F,59.21,🔴 Düşüş Trendinde,🟢 AL (Trend Onaylı),-,-,🔴 Ayı Piyasası (EMA 50 En Altta),🚨 BB SIKIŞMA,🟡Fiyat Orta-Üst Bant Aralığında,EMA5 Destek: 58.54 (%1.1 altta) | EMA21 Direnç: 59.90 (%1.2 üstte),-,86.93-88.89 (%46.8 üstte),45.46,84.4,-0.29,-7.61,,,
2026-07-24 18:49,SOXX,535.0,🔴 Düşüş Trendinde,⏳ BEKLE,-,-,⚠️ Yükseliş Trendinde Düzeltme (SSL Negatif),⚪ Yelpaze Açık,⚪Fiyat Alt_Orta Bant Aralığında,EMA100 Destek: 497.97 (%6.9 altta) | EMA55 Direnç: 543.02 (%1.5 üstte),-,-,44.18,59.92,-0.53,27.87,,,
2026-07-24 18:49,VNM,16.54,🔴 Düşüş Trendinde,⏳ BEKLE,-,🟢 POTANSİYEL DİP,🔴 Ayı Piyasası (EMA 50 En Altta),⚪ Yelpaze Açık,⚪Fiyat Alt_Orta Bant Aralığında,EMA5 Direnç: 16.74 (%1.2 üstte),-,19.58-19.78 (%18.4 üstte),30.28,12.07,-0.97,-8.7,,,
2026-07-24 18:49,WQTM,31.15,🔴 Düşüş Trendinde,⏳ BEKLE,-,-,⚠️ Yükseliş Trendinde Düzeltme (SSL Negatif),⚪ Yelpaze Açık,⚪Fiyat Alt_Orta Bant Aralığında,EMA5 Direnç: 31.63 (%1.5 üstte),23.18-24.30 (%22.0 altta),-,35.08,29.26,-0.88,-,,,
2026-07-24 18:49,XBI,151.85,🔴 Düşüş Trendinde,🔴 SAT,🟢 POTANSİYEL DİP (0 Altı - Hacimsiz),-,⚠️ Yükseliş Trendinde Düzeltme (SSL Negatif),⚪ Yelpaze Açık,⚪Fiyat Alt_Orta Bant Aralığında,EMA55 Destek: 145.55 (%4.2 altta) | EMA5 Direnç: 152.61 (%0.5 üstte),-,-,50.75,4.27,-0.88,19.69,,,
2026-07-24 18:49,XLV,162.96,🟢 Yükseliş Trendinde,🟢 AL (Trend Onaylı),-,-,⚠️ Yükseliş Trendinde Düzeltme (SSL Negatif),🟠 Daralıyor,🟡Fiyat Orta-Üst Bant Aralığında,EMA5 Destek: 161.29 (%1.0 altta),145.31-147.27 (%9.6 altta),-,60.64,24.26,-0.29,8.37,,,
2026-07-24 18:49,XU100.IS,13943.87,🟢 Yükseliş Trendinde,⏳ BEKLE,-,-,⚠️ Yükseliş Trendinde Düzeltme (SSL Negatif),🚨 BB SIKIŞMA,⚪Fiyat Alt_Orta Bant Aralığında,EMA100 Destek: 13832.81 (%0.8 altta) | EMA5 Direnç: 14037.92 (%0.7 üstte),10373.80-10839.10 (%22.3 altta),-,43.7,21.82,-0.75,8.15,,,
2026-07-24 21:49,AIQ,58.15,🔴 Düşüş Trendinde,🔴 SAT,🔴 ZAYIFLAMA (Zaten Dipte),-,⚠️ Yükseliş Trendinde Düzeltme (SSL Negatif),⚪ Yelpaze Açık,⚪Fiyat Alt_Orta Bant Aralığında,EMA200 Destek: 55.25 (%5.0 altta) | EMA100 Direnç: 58.89 (%1.3 üstte),44.46-45.83 (%21.2 altta),-,38.98,25.91,-0.82,5.24,,,
2026-07-24 21:49,ALUM.L,4.24,🔴 Düşüş Trendinde,⏳ BEKLE,-,-,"📉 Düşüş Hazırlığı (50<100 Kesti, 150 Bekleniyor)",🚨 BB SIKIŞMA,🟡Fiyat Orta-Üst Bant Aralığında,EMA200 Destek: 4.16 (%1.9 altta) | EMA5 Direnç: 4.25 (%0.3 üstte),3.64-3.71 (%12.5 altta),-,43.62,89.52,0.4,1.92,,,
2026-07-24 21:49,BZ=F,96.55,🟢 Yükseliş Trendinde,🟢 AL (Trend Onaylı),🩸 SAT (Zirveden Dönüş),-,"📉 Düşüş Hazırlığı (50<100 Kesti, 150 Bekleniyor)",⚪ Yelpaze Açık,🟡Fiyat Orta-Üst Bant Aralığında,EMA5 Destek: 94.48 (%2.1 altta),59.45-60.91 (%36.9 altta),106.87-112.69 (%10.7 üstte),65.71,92.88,0.96,20.69,,,
2026-07-24 21:49,CCJ,86.65,🔴 Düşüş Trendinde,⏳ BEKLE,-,-,🔴 Ayı Piyasası (EMA 50 En Altta),⚪ Yelpaze Açık,⚪Fiyat Alt_Orta Bant Aralığında,EMA5 Direnç: 88.20 (%1.8 üstte),-,-,34.99,83.28,-0.77,-12.99,,,
2026-07-24 21:49,CGW,64.6,🟢 Yükseliş Trendinde,🔴 SAT,-,-,⚠️ Yükseliş Trendinde Düzeltme (SSL Negatif),🚨 BB SIKIŞMA,⚪Fiyat Alt_Orta Bant Aralığında,EMA55 Destek: 64.46 (%0.2 altta) | EMA5 Direnç: 64.84 (%0.4 üstte),-,-,48.68,11.15,-0.21,0.47,,,
2026-07-24 21:49,COPA,48.11,🔴 Düşüş Trendinde,🟢 AL (Trend Onaylı),-,-,🟢 EMA Yükselişte (SSL Ok Bekleniyor),🚨 BB SIKIŞMA,🟡Fiyat Orta-Üst Bant Aralığında,EMA100 Destek: 47.94 (%0.4 altta) | EMA55 Direnç: 48.59 (%1.0 üstte),-,-,49.83,87.46,0.38,8.39,,,
2026-07-24 21:49,COPX,77.81,🔴 Düşüş Trendinde,🟢 AL (Trend Onaylı),-,-,"📉 Düşüş Hazırlığı (50<100 Kesti, 150 Bekleniyor)",🚨 BB SIKIŞMA,🟡Fiyat Orta-Üst Bant Aralığında,EMA5 Destek: 77.69 (%0.2 altta) | EMA100 Direnç: 79.61 (%2.3 üstte),-,91.20-93.89 (%17.2 üstte),49.36,85.88,0.54,5.57,,,
2026-07-24 21:49,EEM,63.46,🔴 Düşüş Trendinde,⏳ BEKLE,-,-,⚠️ Yükseliş Trendinde Düzeltme (SSL Negatif),🟠 Daralıyor,⚪Fiyat Alt_Orta Bant Aralığında,EMA200 Destek: 60.31 (%5.0 altta) | EMA100 Direnç: 64.05 (%0.9 üstte),52.58-53.31 (%16.0 altta),-,41.22,43.69,-0.68,5.23,,,
2026-07-24 21:49,EWZ,35.82,🟢 Yükseliş Trendinde,🟢 AL (Trend Onaylı),🩸 SAT (Zirveden Dönüş),-,"📉 Düşüş Hazırlığı (50<100 Kesti, 150 Bekleniyor)",🟠 Daralıyor,🟡Fiyat Orta-Üst Bant Aralığında,EMA55 Destek: 35.74 (%0.2 altta) | EMA100 Direnç: 35.90 (%0.2 üstte),-,-,53.92,75.11,0.68,4.47,,,
2026-07-24 21:49,GC=F,4057.9,🔴 Düşüş Trendinde,🟢 AL (Trend Onaylı),-,-,🔴 Ayı Piyasası (EMA 50 En Altta),🚨 BB SIKIŞMA,⚪Fiyat Alt_Orta Bant Aralığında,EMA5 Direnç: 4062.77 (%0.1 üstte),-,4767.20-4879.70 (%17.5 üstte),45.22,70.78,-0.28,-4.92,,,
2026-07-24 21:49,GLTR,181.61,🔴 Düşüş Trendinde,🟢 AL (Trend Onaylı),-,-,🔴 Ayı Piyasası (EMA 50 En Altta),🚨 BB SIKIŞMA,⚪Fiyat Alt_Orta Bant Aralığında,EMA5 Direnç: 181.79 (%0.1 üstte),-,248.82-257.80 (%37.0 üstte),43.67,73.94,-0.33,-7.07,,,
2026-07-24 21:49,HG=F,6.34,🟢 Yükseliş Trendinde,⏳ BEKLE,-,-,🟢 EMA Yükselişte (SSL Ok Bekleniyor),🟠 Daralıyor,🟡Fiyat Orta-Üst Bant Aralığında,EMA21 Destek: 6.29 (%0.9 altta) | EMA5 Direnç: 6.35 (%0.1 üstte),5.79-5.90 (%7.0 altta),-,53.08,61.13,0.74,10.82,,,
2026-07-24 21:49,IBB,188.57,🔴 Düşüş Trendinde,⏳ BEKLE,🟢 POTANSİYEL DİP (0 Altı - Hacimsiz),-,⚠️ Yükseliş Trendinde Düzeltme (SSL Negatif),⚪ Yelpaze Açık,⚪Fiyat Alt_Orta Bant Aralığında,EMA21 Destek: 187.64 (%0.5 altta) | EMA5 Direnç: 188.59 (%0.0 üstte),163.90-167.80 (%11.0 altta),-,54.49,7.13,-0.81,12.0,,,
2026-07-24 21:49,ICLN,17.78,🔴 Düşüş Trendinde,🔴 SAT,🔴 ZAYIFLAMA (Zaten Dipte),🟢 POTANSİYEL DİP,⚠️ Yükseliş Trendinde Düzeltme (SSL Negatif),⚪ Yelpaze Açık,⚪Fiyat Alt_Orta Bant Aralığında,EMA5 Direnç: 18.24 (%2.6 üstte),17.38-18.05 (fiyat bandın içinde!),21.34-21.75 (%20.0 üstte),33.7,26.65,-0.85,-3.39,,,
2026-07-24 21:49,INDA,48.04,🔴 Düşüş Trendinde,⏳ BEKLE,-,-,🔴 Ayı Piyasası (EMA 50 En Altta),🚨 BB SIKIŞMA,⚪Fiyat Alt_Orta Bant Aralığında,EMA5 Direnç: 48.19 (%0.3 üstte),47.28-47.85 (%0.4 altta),54.75-55.02 (%14.0 üstte),42.83,11.11,-0.79,-5.32,,,
2026-07-24 21:49,IWM,291.69,🟢 Yükseliş Trendinde,🔴 SAT,-,-,⚠️ Yükseliş Trendinde Düzeltme (SSL Negatif),🚨 BB SIKIŞMA,⚪Fiyat Alt_Orta Bant Aralığında,EMA55 Destek: 288.99 (%0.9 altta) | EMA5 Direnç: 293.04 (%0.5 üstte),238.69-245.37 (%15.9 altta),-,46.33,6.54,-0.56,9.4,,,
2026-07-24 21:49,MARS,23.49,🔴 Düşüş Trendinde,🔴 SAT,🔴 ZAYIFLAMA (Zaten Dipte),-,-,-,⚪Fiyat Alt_Orta Bant Aralığında,EMA5 Direnç: 24.33 (%3.6 üstte),-,-,29.32,20.69,-0.95,-,,,
2026-07-24 21:49,NASA,22.1,🔴 Düşüş Trendinde,🔴 SAT,-,-,-,-,⚪Fiyat Alt_Orta Bant Aralığında,EMA5 Direnç: 22.98 (%4.0 üstte),-,-,29.66,31.16,-0.93,-,,,
2026-07-24 21:49,PA=F,1248.0,🟢 Yükseliş Trendinde,🔴 SAT,-,-,🔴 Ayı Piyasası (EMA 50 En Altta),🚨 BB SIKIŞMA,⚪Fiyat Alt_Orta Bant Aralığında,EMA5 Direnç: 1263.31 (%1.2 üstte),-,1774.50-1842.00 (%42.2 üstte),46.73,62.98,0.27,-11.43,,,
2026-07-24 21:49,PHO,68.43,🟢 Yükseliş Trendinde,⏳ BEKLE,🚀 KUSURSUZ DÖNÜŞ (0 Altı + Hacim),-,🔴 Ayı Piyasası (EMA 50 En Altta),🟠 Daralıyor,⚪Fiyat Alt_Orta Bant Aralığında,EMA100 Destek: 68.41 (%0.0 altta) | EMA200 Direnç: 69.72 (%1.9 üstte),-,72.60-73.56 (%6.1 üstte),51.69,20.5,-0.51,-1.84,,,
2026-07-24 21:49,PL=F,1600.3,🔴 Düşüş Trendinde,🔴 SAT,-,-,🔴 Ayı Piyasası (EMA 50 En Altta),🚨 BB SIKIŞMA,⚪Fiyat Alt_Orta Bant Aralığında,EMA5 Direnç: 1610.95 (%0.7 üstte),-,2357.40-2365.60 (%47.3 üstte),42.43,68.44,-0.11,-10.41,,,
2026-07-24 21:49,QQQ,684.69,🔴 Düşüş Trendinde,🔴 SAT,-,-,⚠️ Yükseliş Trendinde Düzeltme (SSL Negatif),🟡 Normal Genişlik,🚨Fiyat Bandın Altında!,EMA100 Destek: 682.98 (%0.2 altta) | EMA5 Direnç: 695.56 (%1.6 üstte),555.60-568.05 (%17.0 altta),-,39.43,14.29,-0.74,5.03,,,
2026-07-24 21:49,SI=F,58.63,🔴 Düşüş Trendinde,🟢 AL (Trend Onaylı),-,-,🔴 Ayı Piyasası (EMA 50 En Altta),🚨 BB SIKIŞMA,⚪Fiyat Alt_Orta Bant Aralığında,EMA5 Destek: 58.35 (%0.5 altta) | EMA21 Direnç: 59.85 (%2.1 üstte),-,86.93-88.89 (%48.3 üstte),43.93,80.35,-0.34,-8.49,,,
2026-07-24 21:49,SOXX,527.26,🔴 Düşüş Trendinde,⏳ BEKLE,-,-,⚠️ Yükseliş Trendinde Düzeltme (SSL Negatif),⚪ Yelpaze Açık,⚪Fiyat Alt_Orta Bant Aralığında,EMA100 Destek: 497.82 (%5.6 altta) | EMA5 Direnç: 541.12 (%2.6 üstte),-,-,42.82,55.0,-0.56,26.04,,,
2026-07-24 21:49,VNM,16.49,🔴 Düşüş Trendinde,⏳ BEKLE,-,🟢 POTANSİYEL DİP,🔴 Ayı Piyasası (EMA 50 En Altta),⚪ Yelpaze Açık,⚪Fiyat Alt_Orta Bant Aralığında,EMA5 Direnç: 16.73 (%1.4 üstte),-,19.58-19.78 (%18.7 üstte),29.78,11.23,-0.97,-8.97,,,
2026-07-24 21:49,WQTM,30.69,🔴 Düşüş Trendinde,⏳ BEKLE,-,-,⚠️ Yükseliş Trendinde Düzeltme (SSL Negatif),⚪ Yelpaze Açık,⚪Fiyat Alt_Orta Bant Aralığında,EMA5 Direnç: 31.48 (%2.6 üstte),23.18-24.30 (%20.8 altta),-,33.53,25.53,-0.89,-,,,
2026-07-24 21:49,XBI,150.78,🔴 Düşüş Trendinde,🔴 SAT,-,-,⚠️ Yükseliş Trendinde Düzeltme (SSL Negatif),⚪ Yelpaze Açık,⚪Fiyat Alt_Orta Bant Aralığında,EMA55 Destek: 145.51 (%3.5 altta) | EMA5 Direnç: 152.25 (%1.0 üstte),-,-,49.03,3.27,-0.89,18.86,,,
2026-07-24 21:49,XLV,162.46,🟢 Yükseliş Trendinde,🟢 AL (Trend Onaylı),-,-,⚠️ Yükseliş Trendinde Düzeltme (SSL Negatif),🟠 Daralıyor,🟡Fiyat Orta-Üst Bant Aralığında,EMA5 Destek: 161.12 (%0.8 altta),145.31-147.27 (%9.3 altta),-,59.71,22.45,-0.33,8.04,,,
2026-07-24 21:49,XU100.IS,13943.87,🟢 Yükseliş Trendinde,⏳ BEKLE,-,-,⚠️ Yükseliş Trendinde Düzeltme (SSL Negatif),🚨 BB SIKIŞMA,⚪Fiyat Alt_Orta Bant Aralığında,EMA100 Destek: 13832.81 (%0.8 altta) | EMA5 Direnç: 14037.92 (%0.7 üstte),10373.80-10839.10 (%22.3 altta),-,43.7,21.82,-0.75,8.15,,,
2026-07-27 16:25,AIQ,57.98,🔴 Düşüş Trendinde,🔴 SAT,🔴 ZAYIFLAMA (Zaten Dipte),-,⚠️ Yükseliş Trendinde Düzeltme (SSL Negatif),⚪ Yelpaze Açık,⚪Fiyat Alt_Orta Bant Aralığında,EMA200 Destek: 55.23 (%4.7 altta) | EMA100 Direnç: 58.89 (%1.6 üstte),44.46-45.83 (%20.9 altta),-,38.6,24.85,-0.82,4.98,,,
2026-07-27 16:25,ALUM.L,4.26,🔴 Düşüş Trendinde,🔥 GÜÇLÜ AL (Taze Kırılım),-,-,"📉 Düşüş Hazırlığı (50<100 Kesti, 150 Bekleniyor)",🚨 BB SIKIŞMA,🟡Fiyat Orta-Üst Bant Aralığında,EMA5 Destek: 4.25 (%0.2 altta) | EMA21 Direnç: 4.27 (%0.3 üstte),3.64-3.71 (%13.0 altta),-,46.05,86.42,0.33,2.52,,,
2026-07-27 16:25,BZ=F,90.85,🟢 Yükseliş Trendinde,⏳ BEKLE,-,-,"📉 Düşüş Hazırlığı (50<100 Kesti, 150 Bekleniyor)",⚪ Yelpaze Açık,🟡Fiyat Orta-Üst Bant Aralığında,EMA55 Destek: 88.02 (%3.1 altta) | EMA5 Direnç: 93.32 (%2.7 üstte),59.45-60.91 (%33.0 altta),106.87-112.69 (%17.6 üstte),56.03,75.57,0.91,13.62,,,
2026-07-27 16:25,CCJ,87.86,🔴 Düşüş Trendinde,⏳ BEKLE,-,-,🔴 Ayı Piyasası (EMA 50 En Altta),⚪ Yelpaze Açık,⚪Fiyat Alt_Orta Bant Aralığında,EMA5 Direnç: 88.60 (%0.8 üstte),-,-,36.44,87.22,-0.75,-11.78,,,
2026-07-27 16:25,CGW,64.67,🟢 Yükseliş Trendinde,🔴 SAT,-,-,⚠️ Yükseliş Trendinde Düzeltme (SSL Negatif),🚨 BB SIKIŞMA,⚪Fiyat Alt_Orta Bant Aralığında,EMA55 Destek: 64.46 (%0.3 altta) | EMA5 Direnç: 64.87 (%0.3 üstte),-,-,49.21,12.72,-0.2,0.57,,,
2026-07-27 16:25,COPA,47.64,🔴 Düşüş Trendinde,🟢 AL (Trend Onaylı),-,-,🟢 EMA Yükselişte (SSL Ok Bekleniyor),🚨 BB SIKIŞMA,🟡Fiyat Orta-Üst Bant Aralığında,EMA200 Destek: 44.38 (%6.8 altta) | EMA5 Direnç: 47.70 (%0.1 üstte),-,-,48.43,84.39,0.34,7.34,,,
2026-07-27 16:25,COPX,77.72,🔴 Düşüş Trendinde,🟢 AL (Trend Onaylı),-,-,"📉 Düşüş Hazırlığı (50<100 Kesti, 150 Bekleniyor)",🚨 BB SIKIŞMA,🟡Fiyat Orta-Üst Bant Aralığında,EMA5 Destek: 77.66 (%0.1 altta) | EMA100 Direnç: 79.61 (%2.4 üstte),-,91.20-93.89 (%17.3 üstte),49.21,85.55,0.54,5.44,,,
2026-07-27 16:25,EEM,63.33,🔴 Düşüş Trendinde,⏳ BEKLE,-,-,⚠️ Yükseliş Trendinde Düzeltme (SSL Negatif),🟠 Daralıyor,⚪Fiyat Alt_Orta Bant Aralığında,EMA200 Destek: 60.29 (%4.8 altta) | EMA100 Direnç: 64.05 (%1.1 üstte),52.58-53.31 (%15.8 altta),-,40.83,42.41,-0.69,5.04,,,
2026-07-27 16:25,EWZ,35.73,🟢 Yükseliş Trendinde,⏳ BEKLE,🩸 SAT (Zirveden Dönüş),-,"📉 Düşüş Hazırlığı (50<100 Kesti, 150 Bekleniyor)",🚨 BB SIKIŞMA,🟡Fiyat Orta-Üst Bant Aralığında,EMA21 Destek: 35.41 (%0.9 altta) | EMA55 Direnç: 35.74 (%0.0 üstte),-,-,53.09,73.53,0.67,4.2,,,
2026-07-27 16:25,GC=F,4088.7,🔴 Düşüş Trendinde,🟢 AL (Trend Onaylı),-,-,🔴 Ayı Piyasası (EMA 50 En Altta),🚨 BB SIKIŞMA,🟡Fiyat Orta-Üst Bant Aralığında,EMA5 Destek: 4073.57 (%0.4 altta) | EMA21 Direnç: 4094.84 (%0.2 üstte),-,4767.20-4879.70 (%16.6 üstte),47.56,64.39,0.01,-4.23,,,
2026-07-27 16:25,GLTR,181.27,🔴 Düşüş Trendinde,🟢 AL (Trend Onaylı),-,-,🔴 Ayı Piyasası (EMA 50 En Altta),🚨 BB SIKIŞMA,⚪Fiyat Alt_Orta Bant Aralığında,EMA5 Direnç: 181.68 (%0.2 üstte),-,248.82-257.80 (%37.3 üstte),43.19,72.65,-0.34,-7.27,,,
2026-07-27 16:25,HG=F,6.4,🟢 Yükseliş Trendinde,⏳ BEKLE,-,-,🟢 EMA Yükselişte (SSL Ok Bekleniyor),🟠 Daralıyor,🟡Fiyat Orta-Üst Bant Aralığında,EMA5 Destek: 6.36 (%0.6 altta),5.79-5.90 (%7.9 altta),-,55.66,54.25,0.72,11.9,,,
2026-07-27 16:25,IBB,188.14,🔴 Düşüş Trendinde,⏳ BEKLE,🟢 POTANSİYEL DİP (0 Altı - Hacimsiz),-,⚠️ Yükseliş Trendinde Düzeltme (SSL Negatif),⚪ Yelpaze Açık,⚪Fiyat Alt_Orta Bant Aralığında,EMA21 Destek: 187.60 (%0.3 altta) | EMA5 Direnç: 188.44 (%0.2 üstte),163.90-167.80 (%10.8 altta),-,53.64,6.16,-0.82,11.72,,,
2026-07-27 16:25,ICLN,17.78,🔴 Düşüş Trendinde,🔴 SAT,🔴 ZAYIFLAMA (Zaten Dipte),🟢 POTANSİYEL DİP,⚠️ Yükseliş Trendinde Düzeltme (SSL Negatif),⚪ Yelpaze Açık,⚪Fiyat Alt_Orta Bant Aralığında,EMA5 Direnç: 18.24 (%2.6 üstte),17.38-18.05 (fiyat bandın içinde!),21.34-21.75 (%20.0 üstte),33.66,26.65,-0.85,-3.39,,,
2026-07-27 16:25,INDA,48.02,🔴 Düşüş Trendinde,⏳ BEKLE,-,-,🔴 Ayı Piyasası (EMA 50 En Altta),🚨 BB SIKIŞMA,⚪Fiyat Alt_Orta Bant Aralığında,EMA5 Direnç: 48.18 (%0.3 üstte),47.28-47.85 (%0.4 altta),54.75-55.02 (%14.0 üstte),42.55,10.49,-0.79,-5.38,,,
2026-07-27 16:25,IWM,291.17,🟢 Yükseliş Trendinde,🔴 SAT,-,-,⚠️ Yükseliş Trendinde Düzeltme (SSL Negatif),🚨 BB SIKIŞMA,⚪Fiyat Alt_Orta Bant Aralığında,EMA55 Destek: 288.98 (%0.8 altta) | EMA5 Direnç: 292.87 (%0.6 üstte),238.69-245.37 (%15.7 altta),-,45.52,6.54,-0.58,9.22,,,
2026-07-27 16:25,MARS,23.47,🔴 Düşüş Trendinde,🔴 SAT,🔴 ZAYIFLAMA (Zaten Dipte),-,-,-,⚪Fiyat Alt_Orta Bant Aralığında,EMA5 Direnç: 24.32 (%3.6 üstte),-,-,29.29,20.58,-0.95,-,,,
2026-07-27 16:25,NASA,22.14,🔴 Düşüş Trendinde,🔴 SAT,-,-,-,-,⚪Fiyat Alt_Orta Bant Aralığında,EMA5 Direnç: 23.00 (%3.9 üstte),-,-,29.77,31.49,-0.93,-,,,
2026-07-27 16:25,PA=F,1287.5,🟢 Yükseliş Trendinde,⏳ BEKLE,-,-,🔴 Ayı Piyasası (EMA 50 En Altta),🚨 BB SIKIŞMA,🟡Fiyat Orta-Üst Bant Aralığında,EMA5 Destek: 1271.08 (%1.3 altta) | EMA55 Direnç: 1317.25 (%2.3 üstte),-,1774.50-1842.00 (%37.8 üstte),52.35,57.05,0.42,-8.63,,,
2026-07-27 16:25,PHO,68.43,🟢 Yükseliş Trendinde,⏳ BEKLE,🚀 KUSURSUZ DÖNÜŞ (0 Altı + Hacim),-,🔴 Ayı Piyasası (EMA 50 En Altta),🟠 Daralıyor,⚪Fiyat Alt_Orta Bant Aralığında,EMA100 Destek: 68.41 (%0.0 altta) | EMA200 Direnç: 69.74 (%1.9 üstte),-,72.60-73.56 (%6.1 üstte),51.66,20.44,-0.51,-1.87,,,
2026-07-27 16:25,PL=F,1637.6,🔴 Düşüş Trendinde,🔥 GÜÇLÜ AL (Taze Kırılım),-,-,🔴 Ayı Piyasası (EMA 50 En Altta),🚨 BB SIKIŞMA,🟡Fiyat Orta-Üst Bant Aralığında,EMA21 Destek: 1635.02 (%0.2 altta) | EMA55 Direnç: 1738.26 (%6.1 üstte),-,2357.40-2365.60 (%44.0 üstte),48.06,65.9,0.21,-8.28,,,
2026-07-27 16:25,QQQ,684.23,🔴 Düşüş Trendinde,🔴 SAT,-,-,⚠️ Yükseliş Trendinde Düzeltme (SSL Negatif),🟡 Normal Genişlik,🚨Fiyat Bandın Altında!,EMA100 Destek: 682.98 (%0.2 altta) | EMA5 Direnç: 695.40 (%1.6 üstte),555.60-568.05 (%17.0 altta),-,39.29,14.29,-0.74,4.99,,,
2026-07-27 16:25,SI=F,59.23,🔴 Düşüş Trendinde,🟢 AL (Trend Onaylı),-,-,🔴 Ayı Piyasası (EMA 50 En Altta),🚨 BB SIKIŞMA,🟡Fiyat Orta-Üst Bant Aralığında,EMA5 Destek: 58.65 (%1.0 altta) | EMA21 Direnç: 59.79 (%0.9 üstte),-,86.93-88.89 (%46.8 üstte),45.64,78.39,-0.05,-7.51,,,
2026-07-27 16:25,SOXX,527.01,🔴 Düşüş Trendinde,⏳ BEKLE,-,-,⚠️ Yükseliş Trendinde Düzeltme (SSL Negatif),⚪ Yelpaze Açık,⚪Fiyat Alt_Orta Bant Aralığında,EMA100 Destek: 497.82 (%5.5 altta) | EMA5 Direnç: 541.03 (%2.7 üstte),-,-,42.77,54.84,-0.56,26.11,,,
2026-07-27 16:25,VNM,16.46,🔴 Düşüş Trendinde,⏳ BEKLE,-,🟢 POTANSİYEL DİP,🔴 Ayı Piyasası (EMA 50 En Altta),⚪ Yelpaze Açık,⚪Fiyat Alt_Orta Bant Aralığında,EMA5 Direnç: 16.72 (%1.6 üstte),-,19.58-19.78 (%19.0 üstte),29.48,10.75,-0.97,-9.15,,,
2026-07-27 16:25,WQTM,30.62,🔴 Düşüş Trendinde,⏳ BEKLE,-,-,⚠️ Yükseliş Trendinde Düzeltme (SSL Negatif),⚪ Yelpaze Açık,⚪Fiyat Alt_Orta Bant Aralığında,EMA5 Direnç: 31.45 (%2.7 üstte),23.18-24.30 (%20.6 altta),-,33.31,25.0,-0.89,-,,,
2026-07-27 16:25,XBI,150.48,🔴 Düşüş Trendinde,🔴 SAT,-,-,⚠️ Yükseliş Trendinde Düzeltme (SSL Negatif),⚪ Yelpaze Açık,⚪Fiyat Alt_Orta Bant Aralığında,EMA55 Destek: 145.50 (%3.3 altta) | EMA5 Direnç: 152.15 (%1.1 üstte),-,-,48.56,3.27,-0.89,18.61,,,
2026-07-27 16:25,XLV,162.57,🟢 Yükseliş Trendinde,🟢 AL (Trend Onaylı),-,-,⚠️ Yükseliş Trendinde Düzeltme (SSL Negatif),🟠 Daralıyor,🟡Fiyat Orta-Üst Bant Aralığında,EMA5 Destek: 161.15 (%0.9 altta),145.31-147.27 (%9.4 altta),-,59.92,22.87,-0.33,8.08,,,
2026-07-27 16:25,XU100.IS,13858.11,🟢 Yükseliş Trendinde,🔴 SAT,🔴 ZAYIFLAMA (Zaten Dipte),-,⚠️ Yükseliş Trendinde Düzeltme (SSL Negatif),🚨 BB SIKIŞMA,⚪Fiyat Alt_Orta Bant Aralığında,EMA100 Destek: 13833.08 (%0.2 altta) | EMA5 Direnç: 13977.99 (%0.9 üstte),10373.80-10839.10 (%21.8 altta),-,41.72,8.89,-0.75,7.49,,,
2026-07-27 19:37,AIQ,58.09,🔴 Düşüş Trendinde,🔴 SAT,🔴 ZAYIFLAMA (Zaten Dipte),-,⚠️ Yükseliş Trendinde Düzeltme (SSL Negatif),⚪ Yelpaze Açık,⚪Fiyat Alt_Orta Bant Aralığında,EMA200 Destek: 55.21 (%5.0 altta) | EMA100 Direnç: 58.89 (%1.4 üstte),44.46-45.83 (%21.1 altta),-,38.85,25.53,-0.82,5.21,,,
2026-07-27 19:37,ALUM.L,4.25,🔴 Düşüş Trendinde,⏳ BEKLE,🩸 SAT (Zirveden Dönüş),-,"📉 Düşüş Hazırlığı (50<100 Kesti, 150 Bekleniyor)",🚨 BB SIKIŞMA,🟡Fiyat Orta-Üst Bant Aralığında,EMA200 Destek: 4.16 (%2.2 altta) | EMA5 Direnç: 4.25 (%0.0 üstte),3.64-3.71 (%12.7 altta),-,44.76,83.27,0.28,2.21,,,
2026-07-27 19:37,BZ=F,89.55,🟢 Yükseliş Trendinde,⏳ BEKLE,-,-,"📉 Düşüş Hazırlığı (50<100 Kesti, 150 Bekleniyor)",⚪ Yelpaze Açık,🟡Fiyat Orta-Üst Bant Aralığında,EMA55 Destek: 87.97 (%1.8 altta) | EMA5 Direnç: 92.89 (%3.7 üstte),59.45-60.91 (%32.0 altta),106.87-112.69 (%19.3 üstte),54.22,73.82,0.9,12.02,,,
2026-07-27 19:37,CCJ,89.57,🔴 Düşüş Trendinde,🔥 GÜÇLÜ AL (Taze Kırılım),-,-,🔴 Ayı Piyasası (EMA 50 En Altta),⚪ Yelpaze Açık,⚪Fiyat Alt_Orta Bant Aralığında,EMA5 Destek: 89.17 (%0.4 altta) | EMA21 Direnç: 93.55 (%4.4 üstte),-,-,38.92,93.91,-0.71,-10.08,,,
2026-07-27 19:37,CGW,64.57,🟢 Yükseliş Trendinde,🔴 SAT,-,-,⚠️ Yükseliş Trendinde Düzeltme (SSL Negatif),🚨 BB SIKIŞMA,⚪Fiyat Alt_Orta Bant Aralığında,EMA55 Destek: 64.46 (%0.2 altta) | EMA5 Direnç: 64.83 (%0.4 üstte),-,-,48.46,10.5,-0.22,0.4,,,
2026-07-27 19:37,COPA,47.33,🔴 Düşüş Trendinde,🟢 AL (Trend Onaylı),-,-,🟢 EMA Yükselişte (SSL Ok Bekleniyor),🚨 BB SIKIŞMA,⚪Fiyat Alt_Orta Bant Aralığında,EMA200 Destek: 44.38 (%6.2 altta) | EMA5 Direnç: 47.59 (%0.6 üstte),-,-,47.55,82.45,0.32,6.65,,,
2026-07-27 19:37,COPX,78.04,🔴 Düşüş Trendinde,🟢 AL (Trend Onaylı),-,-,"📉 Düşüş Hazırlığı (50<100 Kesti, 150 Bekleniyor)",🚨 BB SIKIŞMA,🟡Fiyat Orta-Üst Bant Aralığında,EMA5 Destek: 77.76 (%0.4 altta) | EMA100 Direnç: 79.62 (%2.0 üstte),-,91.20-93.89 (%16.9 üstte),49.77,86.72,0.55,5.86,,,
2026-07-27 19:37,EEM,63.37,🔴 Düşüş Trendinde,⏳ BEKLE,-,-,⚠️ Yükseliş Trendinde Düzeltme (SSL Negatif),🟠 Daralıyor,⚪Fiyat Alt_Orta Bant Aralığında,EMA200 Destek: 60.28 (%4.9 altta) | EMA100 Direnç: 64.05 (%1.1 üstte),52.58-53.31 (%15.9 altta),-,40.95,42.8,-0.69,5.12,,,
2026-07-27 19:37,EWZ,35.87,🟢 Yükseliş Trendinde,⏳ BEKLE,🩸 SAT (Zirveden Dönüş),-,"📉 Düşüş Hazırlığı (50<100 Kesti, 150 Bekleniyor)",🟠 Daralıyor,🟡Fiyat Orta-Üst Bant Aralığında,EMA55 Destek: 35.75 (%0.3 altta) | EMA100 Direnç: 35.90 (%0.1 üstte),-,-,54.34,75.91,0.69,4.57,,,
2026-07-27 19:37,GC=F,4087.6,🔴 Düşüş Trendinde,🟢 AL (Trend Onaylı),-,-,🔴 Ayı Piyasası (EMA 50 En Altta),🚨 BB SIKIŞMA,🟡Fiyat Orta-Üst Bant Aralığında,EMA5 Destek: 4073.20 (%0.4 altta) | EMA21 Direnç: 4094.74 (%0.2 üstte),-,4767.20-4879.70 (%16.6 üstte),47.48,64.2,0.01,-4.26,,,
2026-07-27 19:37,GLTR,183.62,🔴 Düşüş Trendinde,🟢 AL (Trend Onaylı),-,-,🔴 Ayı Piyasası (EMA 50 En Altta),🚨 BB SIKIŞMA,🟡Fiyat Orta-Üst Bant Aralığında,EMA5 Destek: 182.47 (%0.6 altta) | EMA21 Direnç: 184.54 (%0.5 üstte),-,248.82-257.80 (%35.5 üstte),46.39,81.18,-0.24,-6.1,,,
2026-07-27 19:37,HG=F,6.4,🟢 Yükseliş Trendinde,⏳ BEKLE,-,-,🟢 EMA Yükselişte (SSL Ok Bekleniyor),🟠 Daralıyor,🟡Fiyat Orta-Üst Bant Aralığında,EMA5 Destek: 6.36 (%0.5 altta),5.79-5.90 (%7.8 altta),-,55.38,53.78,0.71,11.78,,,
2026-07-27 19:37,IBB,189.88,🔴 Düşüş Trendinde,🔥 GÜÇLÜ AL (Taze Kırılım),🟢 POTANSİYEL DİP (0 Altı - Hacimsiz),-,⚠️ Yükseliş Trendinde Düzeltme (SSL Negatif),⚪ Yelpaze Açık,⚪Fiyat Alt_Orta Bant Aralığında,EMA5 Destek: 189.02 (%0.5 altta),163.90-167.80 (%11.6 altta),-,56.8,9.75,-0.78,12.72,,,
2026-07-27 19:37,ICLN,17.76,🔴 Düşüş Trendinde,🔴 SAT,-,🟢 POTANSİYEL DİP,⚠️ Yükseliş Trendinde Düzeltme (SSL Negatif),⚪ Yelpaze Açık,⚪Fiyat Alt_Orta Bant Aralığında,EMA5 Direnç: 18.24 (%2.7 üstte),17.38-18.05 (fiyat bandın içinde!),21.34-21.75 (%20.1 üstte),33.57,26.65,-0.85,-3.45,,,
2026-07-27 19:37,INDA,48.85,🔴 Düşüş Trendinde,⏳ BEKLE,🟢 POTANSİYEL DİP (0 Altı - Hacimsiz),-,🔴 Ayı Piyasası (EMA 50 En Altta),🚨 BB SIKIŞMA,⚪Fiyat Alt_Orta Bant Aralığında,EMA21 Destek: 48.75 (%0.2 altta) | EMA55 Direnç: 48.86 (%0.0 üstte),47.28-47.85 (%2.1 altta),54.75-55.02 (%12.1 üstte),50.78,28.24,-0.63,-3.77,,,
2026-07-27 19:37,IWM,293.13,🟢 Yükseliş Trendinde,🔴 SAT,-,-,⚠️ Yükseliş Trendinde Düzeltme (SSL Negatif),🚨 BB SIKIŞMA,⚪Fiyat Alt_Orta Bant Aralığında,EMA55 Destek: 289.05 (%1.4 altta) | EMA5 Direnç: 293.52 (%0.1 üstte),238.69-245.37 (%16.3 altta),-,48.81,13.48,-0.5,9.96,,,
2026-07-27 19:37,MARS,23.65,🔴 Düşüş Trendinde,🔴 SAT,-,-,-,-,⚪Fiyat Alt_Orta Bant Aralığında,EMA5 Direnç: 24.38 (%3.1 üstte),-,-,29.73,21.88,-0.95,-,,,
2026-07-27 19:37,NASA,22.24,🔴 Düşüş Trendinde,🔴 SAT,-,-,-,-,⚪Fiyat Alt_Orta Bant Aralığında,EMA5 Direnç: 23.03 (%3.5 üstte),-,-,30.02,32.33,-0.93,-,,,
2026-07-27 19:37,PA=F,1300.0,🟢 Yükseliş Trendinde,⏳ BEKLE,-,-,🔴 Ayı Piyasası (EMA 50 En Altta),🚨 BB SIKIŞMA,🟡Fiyat Orta-Üst Bant Aralığında,EMA5 Destek: 1275.25 (%1.9 altta) | EMA55 Direnç: 1317.70 (%1.4 üstte),-,1774.50-1842.00 (%36.5 üstte),53.89,60.92,0.46,-7.75,,,
2026-07-27 19:37,PHO,69.25,🟢 Yükseliş Trendinde,🔥 GÜÇLÜ AL (Taze Kırılım),🟢 POTANSİYEL DİP (0 Altı - Hacimsiz),-,🔴 Ayı Piyasası (EMA 50 En Altta),🟠 Daralıyor,🟡Fiyat Orta-Üst Bant Aralığında,EMA100 Destek: 68.43 (%1.2 altta) | EMA200 Direnç: 69.76 (%0.7 üstte),-,72.60-73.56 (%4.8 üstte),55.81,28.58,-0.37,-0.74,,,
2026-07-27 19:37,PL=F,1640.5,🔴 Düşüş Trendinde,🔥 GÜÇLÜ AL (Taze Kırılım),-,-,🔴 Ayı Piyasası (EMA 50 En Altta),🚨 BB SIKIŞMA,🟡Fiyat Orta-Üst Bant Aralığında,EMA21 Destek: 1635.28 (%0.3 altta) | EMA55 Direnç: 1738.36 (%6.0 üstte),-,2357.40-2365.60 (%43.7 üstte),48.43,65.9,0.22,-8.12,,,
2026-07-27 19:37,QQQ,681.35,🔴 Düşüş Trendinde,🔴 SAT,-,-,⚠️ Yükseliş Trendinde Düzeltme (SSL Negatif),🟡 Normal Genişlik,🚨Fiyat Bandın Altında!,EMA200 Destek: 651.50 (%4.4 altta) | EMA100 Direnç: 682.93 (%0.2 üstte),555.60-568.05 (%16.6 altta),-,38.42,14.29,-0.74,4.58,,,
2026-07-27 19:37,SI=F,59.09,🔴 Düşüş Trendinde,🟢 AL (Trend Onaylı),-,-,🔴 Ayı Piyasası (EMA 50 En Altta),🚨 BB SIKIŞMA,🟡Fiyat Orta-Üst Bant Aralığında,EMA5 Destek: 58.60 (%0.8 altta) | EMA21 Direnç: 59.78 (%1.2 üstte),-,86.93-88.89 (%47.1 üstte),45.25,77.35,-0.06,-7.73,,,
2026-07-27 19:37,SOXX,510.16,🔴 Düşüş Trendinde,🔴 SAT,-,-,⚠️ Yükseliş Trendinde Düzeltme (SSL Negatif),⚪ Yelpaze Açık,⚪Fiyat Alt_Orta Bant Aralığında,EMA100 Destek: 497.49 (%2.5 altta) | EMA5 Direnç: 535.42 (%5.0 üstte),-,-,40.09,48.57,-0.6,22.23,,,
2026-07-27 19:37,VNM,16.3,🔴 Düşüş Trendinde,⏳ BEKLE,-,🟢 POTANSİYEL DİP,🔴 Ayı Piyasası (EMA 50 En Altta),⚪ Yelpaze Açık,⚪Fiyat Alt_Orta Bant Aralığında,EMA5 Direnç: 16.66 (%2.3 üstte),-,19.58-19.78 (%20.2 üstte),27.95,8.24,-0.97,-10.06,,,
2026-07-27 19:37,WQTM,31.06,🔴 Düşüş Trendinde,⏳ BEKLE,-,-,⚠️ Yükseliş Trendinde Düzeltme (SSL Negatif),⚪ Yelpaze Açık,⚪Fiyat Alt_Orta Bant Aralığında,EMA5 Direnç: 31.60 (%1.7 üstte),23.18-24.30 (%21.8 altta),-,34.76,28.51,-0.88,-,,,
2026-07-27 19:37,XBI,152.26,🔴 Düşüş Trendinde,⏳ BEKLE,🟢 POTANSİYEL DİP (0 Altı - Hacimsiz),-,⚠️ Yükseliş Trendinde Düzeltme (SSL Negatif),⚪ Yelpaze Açık,⚪Fiyat Alt_Orta Bant Aralığında,EMA55 Destek: 145.56 (%4.4 altta) | EMA5 Direnç: 152.74 (%0.3 üstte),-,-,51.44,5.06,-0.87,19.97,,,
2026-07-27 19:37,XLV,164.02,🟢 Yükseliş Trendinde,🟢 AL (Trend Onaylı),-,-,🟢 EMA Yükselişte (SSL Ok Bekleniyor),🟠 Daralıyor,🟡Fiyat Orta-Üst Bant Aralığında,EMA5 Destek: 161.64 (%1.5 altta),145.31-147.27 (%10.2 altta),-,62.44,27.74,-0.21,9.0,,,
2026-07-27 19:37,XU100.IS,13774.77,🩸 SAT (Trend Kırıldı),⏳ BEKLE,🔴 ZAYIFLAMA (Zaten Dipte),-,⚠️ Yükseliş Trendinde Düzeltme (SSL Negatif),🚨 BB SIKIŞMA,🚨Fiyat Bandın Altında!,EMA200 Destek: 12881.57 (%6.5 altta) | EMA100 Direnç: 13829.22 (%0.4 üstte),10373.80-10839.10 (%21.3 altta),-,40.21,21.74,-0.78,6.93,,,
2026-07-27 21:51,AIQ,57.95,🔴 Düşüş Trendinde,🔴 SAT,🔴 ZAYIFLAMA (Zaten Dipte),-,⚠️ Yükseliş Trendinde Düzeltme (SSL Negatif),⚪ Yelpaze Açık,⚪Fiyat Alt_Orta Bant Aralığında,EMA200 Destek: 55.21 (%4.7 altta) | EMA100 Direnç: 58.89 (%1.6 üstte),44.46-45.83 (%20.9 altta),-,38.52,24.65,-0.82,4.95,,,
2026-07-27 21:51,ALUM.L,4.25,🔴 Düşüş Trendinde,⏳ BEKLE,🩸 SAT (Zirveden Dönüş),-,"📉 Düşüş Hazırlığı (50<100 Kesti, 150 Bekleniyor)",🚨 BB SIKIŞMA,🟡Fiyat Orta-Üst Bant Aralığında,EMA200 Destek: 4.16 (%2.2 altta) | EMA5 Direnç: 4.25 (%0.0 üstte),3.64-3.71 (%12.7 altta),-,44.76,83.27,0.28,2.21,,,
2026-07-27 21:51,BZ=F,88.32,🟢 Yükseliş Trendinde,⏳ BEKLE,-,-,"📉 Düşüş Hazırlığı (50<100 Kesti, 150 Bekleniyor)",⚪ Yelpaze Açık,🟡Fiyat Orta-Üst Bant Aralığında,EMA55 Destek: 87.93 (%0.4 altta) | EMA5 Direnç: 92.48 (%4.7 üstte),59.45-60.91 (%31.0 altta),106.87-112.69 (%21.0 üstte),52.61,72.26,0.88,10.5,,,
2026-07-27 21:51,CCJ,88.28,🔴 Düşüş Trendinde,⏳ BEKLE,-,-,🔴 Ayı Piyasası (EMA 50 En Altta),⚪ Yelpaze Açık,⚪Fiyat Alt_Orta Bant Aralığında,EMA5 Direnç: 88.74 (%0.5 üstte),-,-,36.98,88.67,-0.74,-11.36,,,
2026-07-27 21:51,CGW,64.56,🟢 Yükseliş Trendinde,🔴 SAT,-,-,⚠️ Yükseliş Trendinde Düzeltme (SSL Negatif),🚨 BB SIKIŞMA,⚪Fiyat Alt_Orta Bant Aralığında,EMA55 Destek: 64.46 (%0.2 altta) | EMA5 Direnç: 64.83 (%0.4 üstte),-,-,48.39,10.29,-0.22,0.38,,,
2026-07-27 21:51,COPA,47.46,🔴 Düşüş Trendinde,🟢 AL (Trend Onaylı),-,-,🟢 EMA Yükselişte (SSL Ok Bekleniyor),🚨 BB SIKIŞMA,🟡Fiyat Orta-Üst Bant Aralığında,EMA200 Destek: 44.38 (%6.5 altta) | EMA5 Direnç: 47.64 (%0.4 üstte),-,-,47.91,83.25,0.33,6.94,,,
2026-07-27 21:51,COPX,77.15,🔴 Düşüş Trendinde,🟢 AL (Trend Onaylı),-,-,"📉 Düşüş Hazırlığı (50<100 Kesti, 150 Bekleniyor)",🚨 BB SIKIŞMA,🟡Fiyat Orta-Üst Bant Aralığında,EMA200 Destek: 73.71 (%4.5 altta) | EMA5 Direnç: 77.47 (%0.4 üstte),-,91.20-93.89 (%18.2 üstte),48.25,83.55,0.51,4.67,,,
2026-07-27 21:51,EEM,63.19,🔴 Düşüş Trendinde,⏳ BEKLE,-,-,⚠️ Yükseliş Trendinde Düzeltme (SSL Negatif),🟠 Daralıyor,⚪Fiyat Alt_Orta Bant Aralığında,EMA200 Destek: 60.28 (%4.6 altta) | EMA100 Direnç: 64.05 (%1.4 üstte),52.58-53.31 (%15.6 altta),-,40.43,41.07,-0.69,4.83,,,
2026-07-27 21:51,EWZ,35.76,🟢 Yükseliş Trendinde,⏳ BEKLE,🩸 SAT (Zirveden Dönüş),-,"📉 Düşüş Hazırlığı (50<100 Kesti, 150 Bekleniyor)",🚨 BB SIKIŞMA,🟡Fiyat Orta-Üst Bant Aralığında,EMA55 Destek: 35.74 (%0.0 altta) | EMA100 Direnç: 35.90 (%0.4 üstte),-,-,53.36,74.05,0.67,4.26,,,
2026-07-27 21:51,GC=F,4076.6,🔴 Düşüş Trendinde,🟢 AL (Trend Onaylı),-,-,🔴 Ayı Piyasası (EMA 50 En Altta),🚨 BB SIKIŞMA,🟡Fiyat Orta-Üst Bant Aralığında,EMA5 Destek: 4069.54 (%0.2 altta) | EMA21 Direnç: 4093.74 (%0.4 üstte),-,4767.20-4879.70 (%16.9 üstte),46.64,62.23,-0.02,-4.51,,,
2026-07-27 21:51,GLTR,182.36,🔴 Düşüş Trendinde,🟢 AL (Trend Onaylı),-,-,🔴 Ayı Piyasası (EMA 50 En Altta),🚨 BB SIKIŞMA,⚪Fiyat Alt_Orta Bant Aralığında,EMA5 Destek: 182.04 (%0.2 altta) | EMA21 Direnç: 184.43 (%1.1 üstte),-,248.82-257.80 (%36.4 üstte),44.72,76.72,-0.3,-6.74,,,
2026-07-27 21:51,HG=F,6.38,🟢 Yükseliş Trendinde,⏳ BEKLE,-,-,🟢 EMA Yükselişte (SSL Ok Bekleniyor),🟠 Daralıyor,🟡Fiyat Orta-Üst Bant Aralığında,EMA5 Destek: 6.36 (%0.4 altta),5.79-5.90 (%7.6 altta),-,54.87,52.92,0.7,11.56,,,
2026-07-27 21:51,IBB,189.15,🔴 Düşüş Trendinde,⏳ BEKLE,🟢 POTANSİYEL DİP (0 Altı - Hacimsiz),-,⚠️ Yükseliş Trendinde Düzeltme (SSL Negatif),⚪ Yelpaze Açık,⚪Fiyat Alt_Orta Bant Aralığında,EMA5 Destek: 188.78 (%0.2 altta),163.90-167.80 (%11.3 altta),-,55.61,8.4,-0.8,12.28,,,
2026-07-27 21:51,ICLN,17.65,🔴 Düşüş Trendinde,🔴 SAT,🔴 ZAYIFLAMA (Zaten Dipte),🟢 POTANSİYEL DİP,⚠️ Yükseliş Trendinde Düzeltme (SSL Negatif),⚪ Yelpaze Açık,⚪Fiyat Alt_Orta Bant Aralığında,EMA5 Direnç: 18.20 (%3.1 üstte),17.38-18.05 (fiyat bandın içinde!),21.34-21.75 (%20.9 üstte),32.81,26.65,-0.85,-4.1,,,
2026-07-27 21:51,INDA,48.82,🔴 Düşüş Trendinde,⏳ BEKLE,🟢 POTANSİYEL DİP (0 Altı - Hacimsiz),-,🔴 Ayı Piyasası (EMA 50 En Altta),🚨 BB SIKIŞMA,⚪Fiyat Alt_Orta Bant Aralığında,EMA21 Destek: 48.75 (%0.1 altta) | EMA55 Direnç: 48.86 (%0.1 üstte),47.28-47.85 (%2.0 altta),54.75-55.02 (%12.1 üstte),50.48,27.6,-0.64,-3.84,,,
2026-07-27 21:51,IWM,292.23,🟢 Yükseliş Trendinde,🔴 SAT,-,-,⚠️ Yükseliş Trendinde Düzeltme (SSL Negatif),🚨 BB SIKIŞMA,⚪Fiyat Alt_Orta Bant Aralığında,EMA55 Destek: 289.01 (%1.1 altta) | EMA5 Direnç: 293.22 (%0.3 üstte),238.69-245.37 (%16.0 altta),-,47.22,7.51,-0.54,9.62,,,
2026-07-27 21:51,MARS,23.5,🔴 Düşüş Trendinde,🔴 SAT,🔴 ZAYIFLAMA (Zaten Dipte),-,-,-,⚪Fiyat Alt_Orta Bant Aralığında,EMA5 Direnç: 24.33 (%3.5 üstte),-,-,29.36,20.8,-0.95,-,,,
2026-07-27 21:51,NASA,22.09,🔴 Düşüş Trendinde,🔴 SAT,-,-,-,-,⚪Fiyat Alt_Orta Bant Aralığında,EMA5 Direnç: 22.98 (%4.0 üstte),-,-,29.64,31.08,-0.93,-,,,
2026-07-27 21:51,PA=F,1289.0,🟢 Yükseliş Trendinde,⏳ BEKLE,-,-,🔴 Ayı Piyasası (EMA 50 En Altta),🚨 BB SIKIŞMA,🟡Fiyat Orta-Üst Bant Aralığında,EMA5 Destek: 1271.58 (%1.4 altta) | EMA55 Direnç: 1317.31 (%2.2 üstte),-,1774.50-1842.00 (%37.7 üstte),52.54,57.53,0.42,-8.52,,,
2026-07-27 21:51,PHO,69.12,🟢 Yükseliş Trendinde,🔥 GÜÇLÜ AL (Taze Kırılım),🟢 POTANSİYEL DİP (0 Altı - Hacimsiz),-,🔴 Ayı Piyasası (EMA 50 En Altta),🟠 Daralıyor,🟡Fiyat Orta-Üst Bant Aralığında,EMA100 Destek: 68.43 (%1.0 altta) | EMA200 Direnç: 69.76 (%0.9 üstte),-,72.60-73.56 (%5.0 üstte),55.22,27.42,-0.39,-0.91,,,
2026-07-27 21:51,PL=F,1626.9,🔴 Düşüş Trendinde,⏳ BEKLE,-,-,🔴 Ayı Piyasası (EMA 50 En Altta),🚨 BB SIKIŞMA,🟡Fiyat Orta-Üst Bant Aralığında,EMA5 Destek: 1614.73 (%0.7 altta) | EMA21 Direnç: 1634.04 (%0.4 üstte),-,2357.40-2365.60 (%44.9 üstte),46.63,63.57,0.15,-8.87,,,
2026-07-27 21:51,QQQ,679.6,🔴 Düşüş Trendinde,🔴 SAT,-,-,⚠️ Yükseliş Trendinde Düzeltme (SSL Negatif),🟡 Normal Genişlik,🚨Fiyat Bandın Altında!,EMA200 Destek: 651.49 (%4.1 altta) | EMA100 Direnç: 682.90 (%0.5 üstte),555.60-568.05 (%16.4 altta),-,37.91,14.29,-0.74,4.32,,,
2026-07-27 21:51,SI=F,58.54,🔴 Düşüş Trendinde,🟢 AL (Trend Onaylı),-,-,🔴 Ayı Piyasası (EMA 50 En Altta),🚨 BB SIKIŞMA,⚪Fiyat Alt_Orta Bant Aralığında,EMA5 Destek: 58.42 (%0.2 altta) | EMA21 Direnç: 59.73 (%2.0 üstte),-,86.93-88.89 (%48.5 üstte),43.73,73.34,-0.1,-8.57,,,
2026-07-27 21:51,SOXX,508.4,🔴 Düşüş Trendinde,🔴 SAT,-,-,⚠️ Yükseliş Trendinde Düzeltme (SSL Negatif),⚪ Yelpaze Açık,⚪Fiyat Alt_Orta Bant Aralığında,EMA100 Destek: 497.46 (%2.2 altta) | EMA5 Direnç: 534.83 (%5.2 üstte),-,-,39.82,48.57,-0.61,21.82,,,
2026-07-27 21:51,VNM,16.35,🔴 Düşüş Trendinde,⏳ BEKLE,-,🟢 POTANSİYEL DİP,🔴 Ayı Piyasası (EMA 50 En Altta),⚪ Yelpaze Açık,⚪Fiyat Alt_Orta Bant Aralığında,EMA5 Direnç: 16.68 (%2.0 üstte),-,19.58-19.78 (%19.7 üstte),28.49,9.12,-0.97,-9.73,,,
2026-07-27 21:51,WQTM,30.82,🔴 Düşüş Trendinde,⏳ BEKLE,-,-,⚠️ Yükseliş Trendinde Düzeltme (SSL Negatif),⚪ Yelpaze Açık,⚪Fiyat Alt_Orta Bant Aralığında,EMA5 Direnç: 31.52 (%2.3 üstte),23.18-24.30 (%21.1 altta),-,33.94,26.52,-0.89,-,,,
2026-07-27 21:51,XBI,151.64,🔴 Düşüş Trendinde,⏳ BEKLE,-,-,⚠️ Yükseliş Trendinde Düzeltme (SSL Negatif),⚪ Yelpaze Açık,⚪Fiyat Alt_Orta Bant Aralığında,EMA55 Destek: 145.54 (%4.0 altta) | EMA5 Direnç: 152.54 (%0.6 üstte),-,-,50.4,3.87,-0.88,19.49,,,
2026-07-27 21:51,XLV,163.97,🟢 Yükseliş Trendinde,🟢 AL (Trend Onaylı),-,-,🟢 EMA Yükselişte (SSL Ok Bekleniyor),🟠 Daralıyor,🟡Fiyat Orta-Üst Bant Aralığında,EMA5 Destek: 161.62 (%1.4 altta),145.31-147.27 (%10.2 altta),-,62.37,27.6,-0.21,8.97,,,
2026-07-27 21:51,XU100.IS,13774.77,🩸 SAT (Trend Kırıldı),⏳ BEKLE,🔴 ZAYIFLAMA (Zaten Dipte),-,⚠️ Yükseliş Trendinde Düzeltme (SSL Negatif),🚨 BB SIKIŞMA,🚨Fiyat Bandın Altında!,EMA200 Destek: 12881.57 (%6.5 altta) | EMA100 Direnç: 13829.22 (%0.4 üstte),10373.80-10839.10 (%21.3 altta),-,40.21,21.74,-0.78,6.93,,,
2026-07-28 15:17,AIQ,58.3,🔴 Düşüş Trendinde,🔴 SAT,-,-,⚠️ Yükseliş Trendinde Düzeltme (SSL Negatif),⚪ Yelpaze Açık,⚪Fiyat Alt_Orta Bant Aralığında,EMA200 Destek: 55.24 (%5.2 altta) | EMA100 Direnç: 58.88 (%1.0 üstte),44.46-45.83 (%21.4 altta),-,39.81,13.45,-0.86,5.53,,,
2026-07-28 15:17,ALUM.L,4.23,🔴 Düşüş Trendinde,🔴 SAT,-,-,"📉 Düşüş Hazırlığı (50<100 Kesti, 150 Bekleniyor)",🚨 BB SIKIŞMA,🟡Fiyat Orta-Üst Bant Aralığında,EMA200 Destek: 4.16 (%1.6 altta) | EMA5 Direnç: 4.24 (%0.4 üstte),3.64-3.71 (%12.2 altta),-,42.9,69.05,0.01,1.67,,,
2026-07-28 15:17,BZ=F,86.83,🟢 Yükseliş Trendinde,🔴 SAT,-,-,"📉 Düşüş Hazırlığı (50<100 Kesti, 150 Bekleniyor)",⚪ Yelpaze Açık,🟡Fiyat Orta-Üst Bant Aralığında,EMA21 Destek: 86.63 (%0.2 altta) | EMA100 Direnç: 87.89 (%1.2 üstte),59.45-60.91 (%29.9 altta),106.87-112.69 (%23.1 üstte),50.64,49.44,0.76,8.54,,,
2026-07-28 15:17,CCJ,89.35,🔴 Düşüş Trendinde,🔥 GÜÇLÜ AL (Taze Kırılım),-,-,🔴 Ayı Piyasası (EMA 50 En Altta),⚪ Yelpaze Açık,⚪Fiyat Alt_Orta Bant Aralığında,EMA5 Destek: 88.85 (%0.6 altta) | EMA21 Direnç: 93.03 (%4.1 üstte),-,-,39.77,87.2,-0.67,-10.19,,,
2026-07-28 15:17,CGW,64.65,🟢 Yükseliş Trendinde,🔴 SAT,-,-,⚠️ Yükseliş Trendinde Düzeltme (SSL Negatif),🚨 BB SIKIŞMA,⚪Fiyat Alt_Orta Bant Aralığında,EMA55 Destek: 64.47 (%0.3 altta) | EMA5 Direnç: 64.79 (%0.2 üstte),-,-,49.05,6.5,-0.24,0.51,,,
2026-07-28 15:17,COPA,47.84,🔴 Düşüş Trendinde,🟢 AL (Trend Onaylı),-,-,🟢 EMA Yükselişte (SSL Ok Bekleniyor),🚨 BB SIKIŞMA,🟡Fiyat Orta-Üst Bant Aralığında,EMA5 Destek: 47.75 (%0.2 altta) | EMA21 Direnç: 47.88 (%0.1 üstte),-,-,49.09,76.5,0.36,7.7,,,
2026-07-28 15:17,COPX,77.9,🔴 Düşüş Trendinde,🟢 AL (Trend Onaylı),-,-,"📉 Düşüş Hazırlığı (50<100 Kesti, 150 Bekleniyor)",🚨 BB SIKIŞMA,🟡Fiyat Orta-Üst Bant Aralığında,EMA5 Destek: 77.74 (%0.2 altta) | EMA100 Direnç: 79.58 (%2.2 üstte),-,91.20-93.89 (%17.1 üstte),49.55,77.84,0.54,5.61,,,
2026-07-28 15:17,EEM,63.62,🔴 Düşüş Trendinde,🔴 SAT,🔴 ZAYIFLAMA (Zaten Dipte),-,⚠️ Yükseliş Trendinde Düzeltme (SSL Negatif),🟠 Daralıyor,⚪Fiyat Alt_Orta Bant Aralığında,EMA200 Destek: 60.31 (%5.2 altta) | EMA5 Direnç: 64.03 (%0.6 üstte),52.58-53.31 (%16.2 altta),-,42.12,31.84,-0.73,5.48,,,
2026-07-28 15:17,EWZ,35.87,🟢 Yükseliş Trendinde,⏳ BEKLE,-,-,"📉 Düşüş Hazırlığı (50<100 Kesti, 150 Bekleniyor)",🚨 BB SIKIŞMA,🟡Fiyat Orta-Üst Bant Aralığında,EMA55 Destek: 35.75 (%0.3 altta) | EMA5 Direnç: 35.88 (%0.0 üstte),-,-,54.26,58.43,0.58,4.54,,,
2026-07-28 15:17,GC=F,4026.3,🔴 Düşüş Trendinde,⏳ BEKLE,🩸 SAT (Zirveden Dönüş),-,🔴 Ayı Piyasası (EMA 50 En Altta),🚨 BB SIKIŞMA,⚪Fiyat Alt_Orta Bant Aralığında,EMA5 Direnç: 4054.66 (%0.7 üstte),-,4767.20-4879.70 (%18.4 üstte),43.22,59.21,-0.07,-5.63,,,
2026-07-28 15:17,GLTR,182.9,🔴 Düşüş Trendinde,🟢 AL (Trend Onaylı),-,-,🔴 Ayı Piyasası (EMA 50 En Altta),🚨 BB SIKIŞMA,🟡Fiyat Orta-Üst Bant Aralığında,EMA5 Destek: 182.09 (%0.4 altta) | EMA21 Direnç: 184.20 (%0.7 üstte),-,248.82-257.80 (%36.0 üstte),45.61,66.3,-0.13,-6.4,,,
2026-07-28 15:17,HG=F,6.32,🟢 Yükseliş Trendinde,⏳ BEKLE,-,-,🟢 EMA Yükselişte (SSL Ok Bekleniyor),🚨 BB SIKIŞMA,🟡Fiyat Orta-Üst Bant Aralığında,EMA21 Destek: 6.29 (%0.5 altta) | EMA5 Direnç: 6.34 (%0.2 üstte),5.79-5.90 (%6.7 altta),-,52.2,42.05,0.52,10.44,,,
2026-07-28 15:17,IBB,188.33,🔴 Düşüş Trendinde,⏳ BEKLE,-,-,⚠️ Yükseliş Trendinde Düzeltme (SSL Negatif),⚪ Yelpaze Açık,⚪Fiyat Alt_Orta Bant Aralığında,EMA21 Destek: 187.67 (%0.4 altta) | EMA5 Direnç: 188.40 (%0.0 üstte),163.90-167.80 (%10.9 altta),-,53.98,8.81,-0.75,11.68,,,
2026-07-28 15:17,ICLN,17.81,🔴 Düşüş Trendinde,🔴 SAT,-,-,⚠️ Yükseliş Trendinde Düzeltme (SSL Negatif),⚪ Yelpaze Açık,⚪Fiyat Alt_Orta Bant Aralığında,EMA5 Direnç: 18.10 (%1.6 üstte),17.38-18.05 (fiyat bandın içinde!),21.34-21.75 (%19.8 üstte),34.07,13.05,-0.86,-3.18,,,
2026-07-28 15:17,INDA,48.89,🔴 Düşüş Trendinde,🔥 GÜÇLÜ AL (Taze Kırılım),🚀 KUSURSUZ DÖNÜŞ (0 Altı + Hacim),-,🔴 Ayı Piyasası (EMA 50 En Altta),🚨 BB SIKIŞMA,🟡Fiyat Orta-Üst Bant Aralığında,EMA55 Destek: 48.83 (%0.1 altta) | EMA100 Direnç: 49.28 (%0.8 üstte),47.28-47.85 (%2.1 altta),54.75-55.02 (%12.0 üstte),51.62,41.25,-0.58,-3.65,,,
2026-07-28 15:17,IWM,292.91,🟢 Yükseliş Trendinde,⏳ BEKLE,-,-,⚠️ Yükseliş Trendinde Düzeltme (SSL Negatif),🚨 BB SIKIŞMA,⚪Fiyat Alt_Orta Bant Aralığında,EMA5 Destek: 292.88 (%0.0 altta) | EMA21 Direnç: 294.04 (%0.4 üstte),238.69-245.37 (%16.2 altta),-,48.74,10.42,-0.55,9.78,,,
2026-07-28 15:17,MARS,23.84,🔴 Düşüş Trendinde,🔴 SAT,-,-,-,-,⚪Fiyat Alt_Orta Bant Aralığında,EMA5 Direnç: 24.16 (%1.3 üstte),-,-,31.55,24.06,-0.93,-,,,
2026-07-28 15:17,NASA,22.45,🔴 Düşüş Trendinde,🔴 SAT,🔴 ZAYIFLAMA (Zaten Dipte),-,-,-,⚪Fiyat Alt_Orta Bant Aralığında,EMA5 Direnç: 22.81 (%1.6 üstte),-,-,31.73,34.59,-0.92,-,,,
2026-07-28 15:17,PA=F,1259.0,🟢 Yükseliş Trendinde,🔴 SAT,-,-,🔴 Ayı Piyasası (EMA 50 En Altta),🚨 BB SIKIŞMA,🟡Fiyat Orta-Üst Bant Aralığında,EMA21 Direnç: 1265.53 (%0.5 üstte),-,1774.50-1842.00 (%40.9 üstte),48.4,51.18,0.16,-10.56,,,
2026-07-28 15:17,PHO,69.22,🟢 Yükseliş Trendinde,🔥 GÜÇLÜ AL (Taze Kırılım),-,-,🔴 Ayı Piyasası (EMA 50 En Altta),🟠 Daralıyor,🟡Fiyat Orta-Üst Bant Aralığında,EMA100 Destek: 68.43 (%1.1 altta) | EMA200 Direnç: 69.74 (%0.8 üstte),-,72.60-73.56 (%4.9 üstte),55.98,44.68,-0.24,-0.75,,,
2026-07-28 15:17,PL=F,1599.4,🔴 Düşüş Trendinde,🔴 SAT,-,-,🔴 Ayı Piyasası (EMA 50 En Altta),🚨 BB SIKIŞMA,⚪Fiyat Alt_Orta Bant Aralığında,EMA5 Direnç: 1608.22 (%0.6 üstte),-,2357.40-2365.60 (%47.4 üstte),43.19,58.18,-0.28,-10.32,,,
2026-07-28 15:17,QQQ,682.12,🔴 Düşüş Trendinde,🔴 SAT,-,-,⚠️ Yükseliş Trendinde Düzeltme (SSL Negatif),⚪ Yelpaze Açık,⚪Fiyat Alt_Orta Bant Aralığında,EMA200 Destek: 651.84 (%4.4 altta) | EMA100 Direnç: 682.97 (%0.1 üstte),555.60-568.05 (%16.7 altta),-,38.6,0.0,-0.85,4.65,,,
2026-07-28 15:17,SI=F,57.58,🔴 Düşüş Trendinde,⏳ BEKLE,-,-,🔴 Ayı Piyasası (EMA 50 En Altta),🚨 BB SIKIŞMA,⚪Fiyat Alt_Orta Bant Aralığında,EMA5 Direnç: 58.12 (%0.9 üstte),-,86.93-88.89 (%51.0 üstte),41.48,72.81,-0.16,-9.98,,,
2026-07-28 15:17,SOXX,516.23,🔴 Düşüş Trendinde,🔴 SAT,🔴 ZAYIFLAMA (Zaten Dipte),-,⚠️ Yükseliş Trendinde Düzeltme (SSL Negatif),⚪ Yelpaze Açık,⚪Fiyat Alt_Orta Bant Aralığında,EMA100 Destek: 498.19 (%3.5 altta) | EMA5 Direnç: 532.77 (%3.2 üstte),-,-,40.89,29.03,-0.7,23.35,,,
2026-07-28 15:17,VNM,16.34,🔴 Düşüş Trendinde,🔴 SAT,-,🟢 POTANSİYEL DİP,🔴 Ayı Piyasası (EMA 50 En Altta),⚪ Yelpaze Açık,⚪Fiyat Alt_Orta Bant Aralığında,EMA5 Direnç: 16.59 (%1.5 üstte),-,19.58-19.78 (%19.8 üstte),28.27,12.41,-0.98,-9.73,,,
2026-07-28 15:17,WQTM,31.27,🔴 Düşüş Trendinde,⏳ BEKLE,-,-,⚠️ Yükseliş Trendinde Düzeltme (SSL Negatif),⚪ Yelpaze Açık,⚪Fiyat Alt_Orta Bant Aralığında,EMA5 Direnç: 31.39 (%0.4 üstte),23.18-24.30 (%22.3 altta),-,37.47,24.98,-0.87,-,,,
2026-07-28 15:17,XBI,150.59,🔴 Düşüş Trendinde,⏳ BEKLE,-,-,⚠️ Yükseliş Trendinde Düzeltme (SSL Negatif),⚪ Yelpaze Açık,⚪Fiyat Alt_Orta Bant Aralığında,EMA55 Destek: 145.68 (%3.3 altta) | EMA5 Direnç: 151.63 (%0.7 üstte),-,-,48.76,1.96,-0.87,18.45,,,
2026-07-28 15:17,XLV,163.4,🟢 Yükseliş Trendinde,🟢 AL (Trend Onaylı),-,-,⚠️ Yükseliş Trendinde Düzeltme (SSL Negatif),🟠 Daralıyor,🟡Fiyat Orta-Üst Bant Aralığında,EMA5 Destek: 161.90 (%0.9 altta),145.31-147.27 (%9.9 altta),-,61.52,47.38,0.13,8.51,,,
2026-07-28 15:17,XU100.IS,13796.03,🔴 Düşüş Trendinde,🔴 SAT,-,-,⚠️ Yükseliş Trendinde Düzeltme (SSL Negatif),🚨 BB SIKIŞMA,⚪Fiyat Alt_Orta Bant Aralığında,EMA200 Destek: 12901.12 (%6.5 altta) | EMA100 Direnç: 13830.73 (%0.3 üstte),10373.80-10839.10 (%21.4 altta),-,40.65,2.12,-0.76,6.94,,,
2026-07-28 19:18,AIQ,57.54,🔴 Düşüş Trendinde,🔴 SAT,-,-,⚠️ Yükseliş Trendinde Düzeltme (SSL Negatif),⚪ Yelpaze Açık,⚪Fiyat Alt_Orta Bant Aralığında,EMA200 Destek: 55.27 (%4.0 altta) | EMA5 Direnç: 58.48 (%1.6 üstte),44.46-45.83 (%20.3 altta),-,37.9,4.07,-0.87,4.12,,,
2026-07-28 19:18,ALUM.L,4.22,🔴 Düşüş Trendinde,🔴 SAT,-,-,"📉 Düşüş Hazırlığı (50<100 Kesti, 150 Bekleniyor)",🚨 BB SIKIŞMA,🟡Fiyat Orta-Üst Bant Aralığında,EMA200 Destek: 4.16 (%1.6 altta) | EMA5 Direnç: 4.24 (%0.4 üstte),3.64-3.71 (%12.2 altta),-,42.65,68.2,-0.01,1.6,,,
2026-07-28 19:18,BZ=F,83.93,🩸 SAT (Trend Kırıldı),🔴 SAT,-,-,"📉 Düşüş Hazırlığı (50<100 Kesti, 150 Bekleniyor)",⚪ Yelpaze Açık,🟡Fiyat Orta-Üst Bant Aralığında,EMA200 Destek: 79.97 (%4.7 altta) | EMA21 Direnç: 86.37 (%2.9 üstte),59.45-60.91 (%27.4 altta),106.87-112.69 (%27.3 üstte),47.2,46.13,0.71,4.95,,,
2026-07-28 19:18,CCJ,86.71,🔴 Düşüş Trendinde,⏳ BEKLE,-,-,🔴 Ayı Piyasası (EMA 50 En Altta),🟡 Normal Genişlik,⚪Fiyat Alt_Orta Bant Aralığında,EMA5 Direnç: 88.14 (%1.6 üstte),-,-,36.16,81.18,-0.63,-12.74,,,
2026-07-28 19:18,CGW,65.96,🟢 Yükseliş Trendinde,🔥 GÜÇLÜ AL (Taze Kırılım),🟢 POTANSİYEL DİP (0 Altı - Hacimsiz),-,⚠️ Yükseliş Trendinde Düzeltme (SSL Negatif),🚨 BB SIKIŞMA,🟡Fiyat Orta-Üst Bant Aralığında,EMA5 Destek: 65.23 (%1.1 altta),-,-,57.93,32.79,0.06,2.53,,,
2026-07-28 19:18,COPA,46.19,🔴 Düşüş Trendinde,🔴 SAT,🩸 SAT (Zirveden Dönüş),-,⚪ Karışık / Testere Piyasası,🚨 BB SIKIŞMA,⚪Fiyat Alt_Orta Bant Aralığında,EMA200 Destek: 44.40 (%3.9 altta) | EMA5 Direnç: 47.24 (%2.3 üstte),-,-,44.27,67.18,0.22,4.03,,,
2026-07-28 19:18,COPX,76.74,🔴 Düşüş Trendinde,⏳ BEKLE,🩸 SAT (Zirveden Dönüş),-,"📉 Düşüş Hazırlığı (50<100 Kesti, 150 Bekleniyor)",🚨 BB SIKIŞMA,🟡Fiyat Orta-Üst Bant Aralığında,EMA200 Destek: 73.79 (%3.8 altta) | EMA5 Direnç: 77.41 (%0.9 üstte),-,91.20-93.89 (%18.8 üstte),47.33,67.59,0.39,4.0,,,
2026-07-28 19:18,EEM,62.65,🔴 Düşüş Trendinde,🔴 SAT,-,-,⚠️ Yükseliş Trendinde Düzeltme (SSL Negatif),🟠 Daralıyor,⚪Fiyat Alt_Orta Bant Aralığında,EMA200 Destek: 60.34 (%3.7 altta) | EMA5 Direnç: 63.57 (%1.5 üstte),52.58-53.31 (%14.9 altta),-,39.05,15.28,-0.75,3.83,,,
2026-07-28 19:18,EWZ,36.19,🟢 Yükseliş Trendinde,⏳ BEKLE,-,-,"📉 Düşüş Hazırlığı (50<100 Kesti, 150 Bekleniyor)",🟠 Daralıyor,🟡Fiyat Orta-Üst Bant Aralığında,EMA5 Destek: 35.98 (%0.6 altta),-,-,56.88,52.16,0.5,5.4,,,
2026-07-28 19:18,GC=F,4044.0,🔴 Düşüş Trendinde,⏳ BEKLE,🩸 SAT (Zirveden Dönüş),-,🔴 Ayı Piyasası (EMA 50 En Altta),🚨 BB SIKIŞMA,⚪Fiyat Alt_Orta Bant Aralığında,EMA5 Direnç: 4060.56 (%0.4 üstte),-,4767.20-4879.70 (%17.9 üstte),44.37,61.89,-0.03,-5.22,,,
2026-07-28 19:18,GLTR,180.56,🔴 Düşüş Trendinde,⏳ BEKLE,-,-,🔴 Ayı Piyasası (EMA 50 En Altta),🚨 BB SIKIŞMA,⚪Fiyat Alt_Orta Bant Aralığında,EMA5 Direnç: 181.67 (%0.6 üstte),-,248.82-257.80 (%37.8 üstte),42.82,64.86,-0.17,-7.6,,,
2026-07-28 19:18,HG=F,6.36,🟢 Yükseliş Trendinde,⏳ BEKLE,-,-,🟢 EMA Yükselişte (SSL Ok Bekleniyor),🟠 Daralıyor,🟡Fiyat Orta-Üst Bant Aralığında,EMA5 Destek: 6.35 (%0.2 altta),5.79-5.90 (%7.3 altta),-,54.19,47.18,0.57,11.13,,,
2026-07-28 19:18,IBB,189.04,🔴 Düşüş Trendinde,⏳ BEKLE,-,-,⚠️ Yükseliş Trendinde Düzeltme (SSL Negatif),⚪ Yelpaze Açık,⚪Fiyat Alt_Orta Bant Aralığında,EMA5 Destek: 188.68 (%0.2 altta),163.90-167.80 (%11.2 altta),-,55.27,10.96,-0.73,12.09,,,
2026-07-28 19:18,ICLN,17.25,🔴 Düşüş Trendinde,🔴 SAT,-,🟢 POTANSİYEL DİP,⚠️ Yükseliş Trendinde Düzeltme (SSL Negatif),⚪ Yelpaze Açık,⚪Fiyat Alt_Orta Bant Aralığında,EMA5 Direnç: 17.81 (%3.3 üstte),-,21.34-21.75 (%23.7 üstte),30.3,1.94,-0.89,-6.16,,,
2026-07-28 19:18,INDA,49.47,🔥 AL (Taze Kırılım),🔥 GÜÇLÜ AL (Taze Kırılım),-,-,🔴 Ayı Piyasası (EMA 50 En Altta),🚨 BB SIKIŞMA,🟡Fiyat Orta-Üst Bant Aralığında,EMA100 Destek: 49.31 (%0.3 altta) | EMA200 Direnç: 50.75 (%2.6 üstte),47.28-47.85 (%3.3 altta),54.75-55.02 (%10.7 üstte),55.74,62.2,-0.21,-2.54,,,
2026-07-28 19:18,IWM,292.71,🟢 Yükseliş Trendinde,🔴 SAT,-,-,⚠️ Yükseliş Trendinde Düzeltme (SSL Negatif),🚨 BB SIKIŞMA,⚪Fiyat Alt_Orta Bant Aralığında,EMA55 Destek: 289.24 (%1.2 altta) | EMA5 Direnç: 292.82 (%0.0 üstte),238.69-245.37 (%16.2 altta),-,48.39,19.7,-0.69,9.59,,,
2026-07-28 19:18,MARS,23.56,🔴 Düşüş Trendinde,🔴 SAT,🚀 KUSURSUZ DÖNÜŞ (0 Altı + Hacim),-,-,-,⚪Fiyat Alt_Orta Bant Aralığında,EMA5 Direnç: 23.96 (%1.7 üstte),-,-,30.75,25.58,-0.91,-,,,
2026-07-28 19:18,NASA,21.83,🔴 Düşüş Trendinde,🔴 SAT,🟢 POTANSİYEL DİP (0 Altı - Hacimsiz),-,-,-,⚪Fiyat Alt_Orta Bant Aralığında,EMA5 Direnç: 22.49 (%3.0 üstte),-,-,29.93,31.01,-0.91,-,,,
2026-07-28 19:18,PA=F,1277.5,🟢 Yükseliş Trendinde,⏳ BEKLE,-,-,🔴 Ayı Piyasası (EMA 50 En Altta),🚨 BB SIKIŞMA,🟡Fiyat Orta-Üst Bant Aralığında,EMA5 Destek: 1273.69 (%0.3 altta) | EMA55 Direnç: 1315.91 (%3.0 üstte),-,1774.50-1842.00 (%38.9 üstte),50.87,60.76,0.26,-9.26,,,
2026-07-28 19:18,PHO,71.31,🟢 Yükseliş Trendinde,🟢 AL (Trend Onaylı),-,-,🔴 Ayı Piyasası (EMA 50 En Altta),🟡 Normal Genişlik,🚨Fiyat Bandın Üzerinde!,EMA200 Destek: 69.77 (%2.2 altta),-,72.60-73.56 (%1.8 üstte),64.2,61.68,0.14,2.2,,,
2026-07-28 19:18,PL=F,1629.3,🔴 Düşüş Trendinde,⏳ BEKLE,🚀 KUSURSUZ DÖNÜŞ (0 Altı + Hacim),-,🔴 Ayı Piyasası (EMA 50 En Altta),🚨 BB SIKIŞMA,🟡Fiyat Orta-Üst Bant Aralığında,EMA5 Destek: 1618.19 (%0.7 altta) | EMA21 Direnç: 1633.09 (%0.2 üstte),-,2357.40-2365.60 (%44.7 üstte),47.05,75.44,-0.07,-8.66,,,
2026-07-28 19:18,QQQ,677.3,🔴 Düşüş Trendinde,🔴 SAT,-,-,⚠️ Yükseliş Trendinde Düzeltme (SSL Negatif),⚪ Yelpaze Açık,⚪Fiyat Alt_Orta Bant Aralığında,EMA200 Destek: 652.09 (%3.7 altta) | EMA100 Direnç: 682.86 (%0.8 üstte),555.60-568.05 (%16.1 altta),-,37.01,0.0,-0.92,3.87,,,
2026-07-28 19:18,SI=F,57.69,🔴 Düşüş Trendinde,⏳ BEKLE,-,-,🔴 Ayı Piyasası (EMA 50 En Altta),🚨 BB SIKIŞMA,⚪Fiyat Alt_Orta Bant Aralığında,EMA5 Direnç: 58.16 (%0.8 üstte),-,86.93-88.89 (%50.7 üstte),41.7,73.4,-0.15,-9.83,,,
2026-07-28 19:18,SOXX,493.23,🔴 Düşüş Trendinde,🔴 SAT,-,-,⚠️ Yükseliş Trendinde Düzeltme (SSL Negatif),⚪ Yelpaze Açık,⚪Fiyat Alt_Orta Bant Aralığında,EMA200 Destek: 419.26 (%15.0 altta) | EMA100 Direnç: 498.09 (%1.0 üstte),-,-,37.12,6.27,-0.77,17.64,,,
2026-07-28 19:18,VNM,16.53,🔴 Düşüş Trendinde,⏳ BEKLE,-,-,🔴 Ayı Piyasası (EMA 50 En Altta),⚪ Yelpaze Açık,⚪Fiyat Alt_Orta Bant Aralığında,EMA5 Direnç: 16.63 (%0.6 üstte),-,19.58-19.78 (%18.4 üstte),32.85,18.08,-0.97,-8.66,,,
2026-07-28 19:18,WQTM,30.27,🔴 Düşüş Trendinde,🔴 SAT,-,-,⚠️ Yükseliş Trendinde Düzeltme (SSL Negatif),⚪ Yelpaze Açık,⚪Fiyat Alt_Orta Bant Aralığında,EMA5 Direnç: 31.21 (%3.1 üstte),23.18-24.30 (%19.7 altta),-,32.03,17.15,-0.88,-,,,
2026-07-28 19:18,XBI,147.93,🔴 Düşüş Trendinde,🔴 SAT,-,-,⚠️ Yükseliş Trendinde Düzeltme (SSL Negatif),⚪ Yelpaze Açık,⚪Fiyat Alt_Orta Bant Aralığında,EMA55 Destek: 145.76 (%1.5 altta) | EMA5 Direnç: 150.40 (%1.7 üstte),-,-,44.46,0.22,-0.87,16.17,,,
2026-07-28 19:18,XLV,166.8,🟢 Yükseliş Trendinde,🟢 AL (Trend Onaylı),-,-,🟢 EMA Yükselişte (SSL Ok Bekleniyor),⚪ Yelpaze Açık,🚨Fiyat Bandın Üzerinde!,EMA5 Destek: 163.54 (%2.0 altta),145.31-147.27 (%11.7 altta),-,67.27,71.75,0.5,10.65,,,
2026-07-28 19:18,XU100.IS,13687.86,🔴 Düşüş Trendinde,🔴 SAT,-,-,⚠️ Yükseliş Trendinde Düzeltme (SSL Negatif),🚨 BB SIKIŞMA,🚨Fiyat Bandın Altında!,EMA200 Destek: 12889.60 (%5.8 altta) | EMA100 Direnç: 13826.42 (%1.0 üstte),10373.80-10839.10 (%20.8 altta),-,38.51,8.81,-0.79,6.19,,,
2026-07-28 21:51,AIQ,57.35,🔴 Düşüş Trendinde,🔴 SAT,-,-,⚠️ Yükseliş Trendinde Düzeltme (SSL Negatif),⚪ Yelpaze Açık,⚪Fiyat Alt_Orta Bant Aralığında,EMA200 Destek: 55.26 (%3.6 altta) | EMA5 Direnç: 58.42 (%1.9 üstte),44.46-45.83 (%20.1 altta),-,37.46,4.07,-0.87,3.78,,,
2026-07-28 21:51,ALUM.L,4.22,🔴 Düşüş Trendinde,🔴 SAT,-,-,"📉 Düşüş Hazırlığı (50<100 Kesti, 150 Bekleniyor)",🚨 BB SIKIŞMA,🟡Fiyat Orta-Üst Bant Aralığında,EMA200 Destek: 4.16 (%1.6 altta) | EMA5 Direnç: 4.24 (%0.4 üstte),3.64-3.71 (%12.2 altta),-,42.65,68.2,-0.01,1.6,,,
2026-07-28 21:51,BZ=F,84.01,🩸 SAT (Trend Kırıldı),🔴 SAT,-,-,"📉 Düşüş Hazırlığı (50<100 Kesti, 150 Bekleniyor)",⚪ Yelpaze Açık,🟡Fiyat Orta-Üst Bant Aralığında,EMA200 Destek: 79.97 (%4.8 altta) | EMA21 Direnç: 86.37 (%2.8 üstte),59.45-60.91 (%27.5 altta),106.87-112.69 (%27.2 üstte),47.29,46.22,0.71,5.05,,,
2026-07-28 21:51,CCJ,86.34,🔴 Düşüş Trendinde,⏳ BEKLE,-,-,🔴 Ayı Piyasası (EMA 50 En Altta),🟡 Normal Genişlik,⚪Fiyat Alt_Orta Bant Aralığında,EMA5 Direnç: 88.01 (%1.9 üstte),-,-,35.7,79.95,-0.64,-13.1,,,
2026-07-28 21:51,CGW,65.76,🟢 Yükseliş Trendinde,🔥 GÜÇLÜ AL (Taze Kırılım),🟢 POTANSİYEL DİP (0 Altı - Hacimsiz),-,⚠️ Yükseliş Trendinde Düzeltme (SSL Negatif),🚨 BB SIKIŞMA,🟡Fiyat Orta-Üst Bant Aralığında,EMA5 Destek: 65.16 (%0.9 altta),-,-,56.78,29.33,0.01,2.22,,,
2026-07-28 21:51,COPA,46.9,🔴 Düşüş Trendinde,⏳ BEKLE,-,-,⚪ Karışık / Testere Piyasası,🚨 BB SIKIŞMA,⚪Fiyat Alt_Orta Bant Aralığında,EMA200 Destek: 44.41 (%5.3 altta) | EMA5 Direnç: 47.48 (%1.2 üstte),-,-,46.2,71.44,0.29,5.62,,,
2026-07-28 21:51,COPX,76.33,🔴 Düşüş Trendinde,⏳ BEKLE,🩸 SAT (Zirveden Dönüş),-,"📉 Düşüş Hazırlığı (50<100 Kesti, 150 Bekleniyor)",🚨 BB SIKIŞMA,⚪Fiyat Alt_Orta Bant Aralığında,EMA200 Destek: 73.79 (%3.3 altta) | EMA5 Direnç: 77.27 (%1.2 üstte),-,91.20-93.89 (%19.5 üstte),46.59,65.56,0.36,3.45,,,
2026-07-28 21:51,EEM,62.44,🔴 Düşüş Trendinde,🔴 SAT,-,-,⚠️ Yükseliş Trendinde Düzeltme (SSL Negatif),🟠 Daralıyor,⚪Fiyat Alt_Orta Bant Aralığında,EMA200 Destek: 60.33 (%3.4 altta) | EMA5 Direnç: 63.50 (%1.7 üstte),52.58-53.31 (%14.6 altta),-,38.46,15.28,-0.76,3.49,,,
2026-07-28 21:51,EWZ,36.01,🟢 Yükseliş Trendinde,⏳ BEKLE,-,-,"📉 Düşüş Hazırlığı (50<100 Kesti, 150 Bekleniyor)",🚨 BB SIKIŞMA,🟡Fiyat Orta-Üst Bant Aralığında,EMA5 Destek: 35.93 (%0.2 altta),-,-,55.47,48.05,0.46,4.89,,,
2026-07-28 21:51,GC=F,4023.9,🔴 Düşüş Trendinde,⏳ BEKLE,🩸 SAT (Zirveden Dönüş),-,🔴 Ayı Piyasası (EMA 50 En Altta),🚨 BB SIKIŞMA,⚪Fiyat Alt_Orta Bant Aralığında,EMA5 Direnç: 4053.86 (%0.7 üstte),-,4767.20-4879.70 (%18.5 üstte),43.07,58.86,-0.08,-5.69,,,
2026-07-28 21:51,GLTR,179.51,🔴 Düşüş Trendinde,⏳ BEKLE,-,-,🔴 Ayı Piyasası (EMA 50 En Altta),🚨 BB SIKIŞMA,⚪Fiyat Alt_Orta Bant Aralığında,EMA5 Direnç: 181.32 (%1.0 üstte),-,248.82-257.80 (%38.6 üstte),41.73,61.98,-0.22,-8.13,,,
2026-07-28 21:51,HG=F,6.34,🟢 Yükseliş Trendinde,⏳ BEKLE,-,-,🟢 EMA Yükselişte (SSL Ok Bekleniyor),🚨 BB SIKIŞMA,🟡Fiyat Orta-Üst Bant Aralığında,EMA21 Destek: 6.30 (%0.6 altta) | EMA5 Direnç: 6.34 (%0.1 üstte),5.79-5.90 (%6.9 altta),-,52.79,43.58,0.53,10.63,,,
2026-07-28 21:51,IBB,189.76,🔴 Düşüş Trendinde,🔥 GÜÇLÜ AL (Taze Kırılım),-,-,⚠️ Yükseliş Trendinde Düzeltme (SSL Negatif),⚪ Yelpaze Açık,⚪Fiyat Alt_Orta Bant Aralığında,EMA5 Destek: 188.92 (%0.4 altta),163.90-167.80 (%11.6 altta),-,56.48,12.56,-0.7,12.51,,,
2026-07-28 21:51,ICLN,17.16,🔴 Düşüş Trendinde,🔴 SAT,-,🟢 POTANSİYEL DİP,⚠️ Yükseliş Trendinde Düzeltme (SSL Negatif),⚪ Yelpaze Açık,🚨Fiyat Bandın Altında!,EMA5 Direnç: 17.78 (%3.6 üstte),-,21.34-21.75 (%24.4 üstte),29.77,1.94,-0.89,-6.65,,,
2026-07-28 21:51,INDA,49.41,🔥 AL (Taze Kırılım),🔥 GÜÇLÜ AL (Taze Kırılım),-,-,🔴 Ayı Piyasası (EMA 50 En Altta),🚨 BB SIKIŞMA,🟡Fiyat Orta-Üst Bant Aralığında,EMA100 Destek: 49.31 (%0.2 altta) | EMA200 Direnç: 50.75 (%2.7 üstte),47.28-47.85 (%3.2 altta),54.75-55.02 (%10.8 üstte),55.33,62.2,-0.22,-2.65,,,
2026-07-28 21:51,IWM,293.24,🟢 Yükseliş Trendinde,🔴 SAT,🟢 POTANSİYEL DİP (0 Altı - Hacimsiz),-,⚠️ Yükseliş Trendinde Düzeltme (SSL Negatif),🚨 BB SIKIŞMA,⚪Fiyat Alt_Orta Bant Aralığında,EMA5 Destek: 293.00 (%0.1 altta) | EMA21 Direnç: 293.97 (%0.2 üstte),238.69-245.37 (%16.3 altta),-,49.35,22.82,-0.67,9.79,,,
2026-07-28 21:51,MARS,23.4,🔴 Düşüş Trendinde,🔴 SAT,🚀 KUSURSUZ DÖNÜŞ (0 Altı + Hacim),-,-,-,⚪Fiyat Alt_Orta Bant Aralığında,EMA5 Direnç: 23.91 (%2.2 üstte),-,-,30.29,24.11,-0.92,-,,,
2026-07-28 21:51,NASA,21.77,🔴 Düşüş Trendinde,🔴 SAT,-,-,-,-,⚪Fiyat Alt_Orta Bant Aralığında,EMA5 Direnç: 22.47 (%3.2 üstte),-,-,29.76,30.46,-0.91,-,,,
2026-07-28 21:51,PA=F,1267.5,🟢 Yükseliş Trendinde,⏳ BEKLE,-,-,🔴 Ayı Piyasası (EMA 50 En Altta),🚨 BB SIKIŞMA,🟡Fiyat Orta-Üst Bant Aralığında,EMA21 Destek: 1266.30 (%0.1 altta) | EMA5 Direnç: 1270.35 (%0.2 üstte),-,1774.50-1842.00 (%40.0 üstte),49.5,55.47,0.21,-9.96,,,
2026-07-28 21:51,PHO,71.34,🟢 Yükseliş Trendinde,🟢 AL (Trend Onaylı),-,-,🔴 Ayı Piyasası (EMA 50 En Altta),🟡 Normal Genişlik,🚨Fiyat Bandın Üzerinde!,EMA200 Destek: 69.77 (%2.2 altta),-,72.60-73.56 (%1.8 üstte),64.28,61.68,0.14,2.24,,,
2026-07-28 21:51,PL=F,1615.1,🔴 Düşüş Trendinde,⏳ BEKLE,-,-,🔴 Ayı Piyasası (EMA 50 En Altta),🚨 BB SIKIŞMA,🟡Fiyat Orta-Üst Bant Aralığında,EMA5 Destek: 1613.45 (%0.1 altta) | EMA21 Direnç: 1631.80 (%1.0 üstte),-,2357.40-2365.60 (%46.0 üstte),45.06,66.56,-0.18,-9.45,,,
2026-07-28 21:51,QQQ,676.7,🔴 Düşüş Trendinde,🔴 SAT,-,-,⚠️ Yükseliş Trendinde Düzeltme (SSL Negatif),⚪ Yelpaze Açık,🚨Fiyat Bandın Altında!,EMA200 Destek: 652.08 (%3.6 altta) | EMA100 Direnç: 682.85 (%0.9 üstte),555.60-568.05 (%16.1 altta),-,36.82,0.0,-0.92,3.77,,,
2026-07-28 21:51,SI=F,57.37,🔴 Düşüş Trendinde,⏳ BEKLE,-,-,🔴 Ayı Piyasası (EMA 50 En Altta),🚨 BB SIKIŞMA,⚪Fiyat Alt_Orta Bant Aralığında,EMA5 Direnç: 58.05 (%1.2 üstte),-,86.93-88.89 (%51.5 üstte),40.99,71.53,-0.18,-10.32,,,
2026-07-28 21:51,SOXX,491.8,🔴 Düşüş Trendinde,🔴 SAT,-,-,⚠️ Yükseliş Trendinde Düzeltme (SSL Negatif),⚪ Yelpaze Açık,⚪Fiyat Alt_Orta Bant Aralığında,EMA200 Destek: 419.25 (%14.8 altta) | EMA100 Direnç: 498.06 (%1.3 üstte),-,-,36.91,6.27,-0.77,17.3,,,
2026-07-28 21:51,VNM,16.57,🔴 Düşüş Trendinde,⏳ BEKLE,-,-,🔴 Ayı Piyasası (EMA 50 En Altta),⚪ Yelpaze Açık,⚪Fiyat Alt_Orta Bant Aralığında,EMA5 Direnç: 16.64 (%0.4 üstte),-,19.58-19.78 (%18.2 üstte),33.6,19.31,-0.97,-8.46,,,
2026-07-28 21:51,WQTM,30.17,🔴 Düşüş Trendinde,🔴 SAT,🔴 ZAYIFLAMA (Zaten Dipte),-,⚠️ Yükseliş Trendinde Düzeltme (SSL Negatif),⚪ Yelpaze Açık,⚪Fiyat Alt_Orta Bant Aralığında,EMA5 Direnç: 31.17 (%3.3 üstte),23.18-24.30 (%19.5 altta),-,31.7,17.15,-0.89,-,,,
2026-07-28 21:51,XBI,149.02,🔴 Düşüş Trendinde,🔴 SAT,-,-,⚠️ Yükseliş Trendinde Düzeltme (SSL Negatif),⚪ Yelpaze Açık,⚪Fiyat Alt_Orta Bant Aralığında,EMA55 Destek: 145.80 (%2.2 altta) | EMA5 Direnç: 150.76 (%1.2 üstte),-,-,46.12,0.22,-0.86,17.02,,,
2026-07-28 21:51,XLV,167.31,🟢 Yükseliş Trendinde,🟢 AL (Trend Onaylı),-,-,🟢 EMA Yükselişte (SSL Ok Bekleniyor),⚪ Yelpaze Açık,🚨Fiyat Bandın Üzerinde!,EMA5 Destek: 163.71 (%2.2 altta),145.31-147.27 (%12.0 altta),-,67.99,71.75,0.5,10.99,,,
2026-07-28 21:51,XU100.IS,13687.86,🔴 Düşüş Trendinde,🔴 SAT,-,-,⚠️ Yükseliş Trendinde Düzeltme (SSL Negatif),🚨 BB SIKIŞMA,🚨Fiyat Bandın Altında!,EMA200 Destek: 12889.60 (%5.8 altta) | EMA100 Direnç: 13826.42 (%1.0 üstte),10373.80-10839.10 (%20.8 altta),-,38.51,8.81,-0.79,6.19,,,
2026-07-29 15:25,AIQ,58.3,🔴 Düşüş Trendinde,🔴 SAT,-,-,⚠️ Yükseliş Trendinde Düzeltme (SSL Negatif),⚪ Yelpaze Açık,⚪Fiyat Alt_Orta Bant Aralığında,EMA200 Destek: 55.22 (%5.3 altta) | EMA100 Direnç: 58.88 (%1.0 üstte),44.46-45.83 (%21.4 altta),-,39.81,13.45,-0.86,5.57,,,
2026-07-29 15:25,ALUM.L,4.26,🔴 Düşüş Trendinde,⏳ BEKLE,-,-,"📉 Düşüş Hazırlığı (50<100 Kesti, 150 Bekleniyor)",🚨 BB SIKIŞMA,🟡Fiyat Orta-Üst Bant Aralığında,EMA5 Destek: 4.25 (%0.4 altta) | EMA21 Direnç: 4.27 (%0.1 üstte),3.64-3.71 (%13.1 altta),-,47.15,76.65,0.34,2.61,,,
2026-07-29 15:25,BZ=F,88.53,🔴 Düşüş Trendinde,🔴 SAT,-,-,"📉 Düşüş Hazırlığı (50<100 Kesti, 150 Bekleniyor)",⚪ Yelpaze Açık,🟡Fiyat Orta-Üst Bant Aralığında,EMA100 Destek: 87.85 (%0.8 altta) | EMA5 Direnç: 89.30 (%0.9 üstte),59.45-60.91 (%31.2 altta),106.87-112.69 (%20.7 üstte),52.69,32.18,0.58,10.69,,,
2026-07-29 15:25,CCJ,89.35,🔴 Düşüş Trendinde,🔥 GÜÇLÜ AL (Taze Kırılım),-,-,🔴 Ayı Piyasası (EMA 50 En Altta),⚪ Yelpaze Açık,⚪Fiyat Alt_Orta Bant Aralığında,EMA5 Destek: 88.85 (%0.6 altta) | EMA21 Direnç: 93.03 (%4.1 üstte),-,-,39.77,87.2,-0.67,-10.2,,,
2026-07-29 15:25,CGW,64.65,🟢 Yükseliş Trendinde,🔴 SAT,-,-,⚠️ Yükseliş Trendinde Düzeltme (SSL Negatif),🚨 BB SIKIŞMA,⚪Fiyat Alt_Orta Bant Aralığında,EMA55 Destek: 64.46 (%0.3 altta) | EMA5 Direnç: 64.86 (%0.3 üstte),-,-,49.06,12.27,-0.2,0.5,,,
2026-07-29 15:25,COPA,47.84,🔴 Düşüş Trendinde,🟢 AL (Trend Onaylı),-,-,🟢 EMA Yükselişte (SSL Ok Bekleniyor),🚨 BB SIKIŞMA,🟡Fiyat Orta-Üst Bant Aralığında,EMA5 Destek: 47.76 (%0.2 altta) | EMA21 Direnç: 47.90 (%0.1 üstte),-,-,49.02,85.68,0.36,7.79,,,
2026-07-29 15:25,COPX,77.9,🔴 Düşüş Trendinde,🟢 AL (Trend Onaylı),-,-,"📉 Düşüş Hazırlığı (50<100 Kesti, 150 Bekleniyor)",🚨 BB SIKIŞMA,🟡Fiyat Orta-Üst Bant Aralığında,EMA5 Destek: 77.74 (%0.2 altta) | EMA100 Direnç: 79.58 (%2.2 üstte),-,91.20-93.89 (%17.1 üstte),49.55,77.84,0.54,5.6,,,
2026-07-29 15:25,EEM,63.62,🔴 Düşüş Trendinde,🔴 SAT,🔴 ZAYIFLAMA (Zaten Dipte),-,⚠️ Yükseliş Trendinde Düzeltme (SSL Negatif),🟠 Daralıyor,⚪Fiyat Alt_Orta Bant Aralığında,EMA200 Destek: 60.30 (%5.2 altta) | EMA5 Direnç: 64.03 (%0.6 üstte),52.58-53.31 (%16.2 altta),-,42.12,31.84,-0.73,5.5,,,
2026-07-29 15:25,EWZ,35.87,🟢 Yükseliş Trendinde,⏳ BEKLE,-,-,"📉 Düşüş Hazırlığı (50<100 Kesti, 150 Bekleniyor)",🚨 BB SIKIŞMA,🟡Fiyat Orta-Üst Bant Aralığında,EMA55 Destek: 35.75 (%0.3 altta) | EMA5 Direnç: 35.88 (%0.0 üstte),-,-,54.26,58.43,0.58,4.5,,,
2026-07-29 15:25,GC=F,4085.5,🔴 Düşüş Trendinde,⏳ BEKLE,📈 TREND DEVAMI (0 Üstü + Hacim),-,🔴 Ayı Piyasası (EMA 50 En Altta),🚨 BB SIKIŞMA,🟡Fiyat Orta-Üst Bant Aralığında,EMA5 Destek: 4067.16 (%0.4 altta) | EMA21 Direnç: 4088.09 (%0.1 üstte),-,4767.20-4879.70 (%16.7 üstte),47.93,65.39,0.26,-4.25,,,
2026-07-29 15:25,GLTR,182.9,🔴 Düşüş Trendinde,🟢 AL (Trend Onaylı),-,-,🔴 Ayı Piyasası (EMA 50 En Altta),🚨 BB SIKIŞMA,🟡Fiyat Orta-Üst Bant Aralığında,EMA5 Destek: 182.22 (%0.4 altta) | EMA21 Direnç: 184.48 (%0.9 üstte),-,248.82-257.80 (%36.0 üstte),45.44,78.66,-0.27,-6.5,,,
2026-07-29 15:25,HG=F,6.3,🟢 Yükseliş Trendinde,🔴 SAT,-,-,🟢 EMA Yükselişte (SSL Ok Bekleniyor),🚨 BB SIKIŞMA,🟡Fiyat Orta-Üst Bant Aralığında,EMA21 Destek: 6.29 (%0.1 altta) | EMA5 Direnç: 6.33 (%0.3 üstte),5.79-5.90 (%6.4 altta),-,51.0,29.79,0.36,10.05,,,
2026-07-29 15:25,IBB,188.33,🔴 Düşüş Trendinde,⏳ BEKLE,🟢 POTANSİYEL DİP (0 Altı - Hacimsiz),-,⚠️ Yükseliş Trendinde Düzeltme (SSL Negatif),⚪ Yelpaze Açık,⚪Fiyat Alt_Orta Bant Aralığında,EMA21 Destek: 187.62 (%0.4 altta) | EMA5 Direnç: 188.51 (%0.1 üstte),163.90-167.80 (%10.9 altta),-,54.01,6.58,-0.82,11.77,,,
2026-07-29 15:25,ICLN,17.81,🔴 Düşüş Trendinde,🔴 SAT,-,-,⚠️ Yükseliş Trendinde Düzeltme (SSL Negatif),⚪ Yelpaze Açık,⚪Fiyat Alt_Orta Bant Aralığında,EMA5 Direnç: 18.10 (%1.6 üstte),17.38-18.05 (fiyat bandın içinde!),21.34-21.75 (%19.8 üstte),34.07,13.05,-0.86,-3.15,,,
2026-07-29 15:25,INDA,48.89,🔴 Düşüş Trendinde,⏳ BEKLE,🚀 KUSURSUZ DÖNÜŞ (0 Altı + Hacim),-,🔴 Ayı Piyasası (EMA 50 En Altta),🚨 BB SIKIŞMA,⚪Fiyat Alt_Orta Bant Aralığında,EMA55 Destek: 48.86 (%0.1 altta) | EMA100 Direnç: 49.31 (%0.9 üstte),47.28-47.85 (%2.1 altta),54.75-55.02 (%12.0 üstte),51.07,28.87,-0.62,-3.72,,,
2026-07-29 15:25,IWM,292.91,🟢 Yükseliş Trendinde,⏳ BEKLE,-,-,⚠️ Yükseliş Trendinde Düzeltme (SSL Negatif),🚨 BB SIKIŞMA,⚪Fiyat Alt_Orta Bant Aralığında,EMA5 Destek: 292.88 (%0.0 altta) | EMA21 Direnç: 294.04 (%0.4 üstte),238.69-245.37 (%16.2 altta),-,48.74,10.42,-0.55,9.78,,,
2026-07-29 15:25,MARS,23.84,🔴 Düşüş Trendinde,🔴 SAT,-,-,-,-,⚪Fiyat Alt_Orta Bant Aralığında,EMA5 Direnç: 24.16 (%1.3 üstte),-,-,31.55,24.06,-0.93,-,,,
2026-07-29 15:25,NASA,22.45,🔴 Düşüş Trendinde,🔴 SAT,🔴 ZAYIFLAMA (Zaten Dipte),-,-,-,⚪Fiyat Alt_Orta Bant Aralığında,EMA5 Direnç: 22.81 (%1.6 üstte),-,-,31.73,34.59,-0.92,-,,,
2026-07-29 15:25,PA=F,1251.5,🟢 Yükseliş Trendinde,🔴 SAT,-,-,🔴 Ayı Piyasası (EMA 50 En Altta),🚨 BB SIKIŞMA,⚪Fiyat Alt_Orta Bant Aralığında,EMA5 Direnç: 1263.85 (%1.0 üstte),-,1774.50-1842.00 (%41.8 üstte),47.33,46.77,-0.05,-11.03,,,
2026-07-29 15:25,PHO,69.22,🟢 Yükseliş Trendinde,🔥 GÜÇLÜ AL (Taze Kırılım),🟢 POTANSİYEL DİP (0 Altı - Hacimsiz),-,🔴 Ayı Piyasası (EMA 50 En Altta),🟠 Daralıyor,🟡Fiyat Orta-Üst Bant Aralığında,EMA100 Destek: 68.43 (%1.1 altta) | EMA200 Direnç: 69.78 (%0.8 üstte),-,72.60-73.56 (%4.9 üstte),55.69,28.35,-0.38,-0.8,,,
2026-07-29 15:25,PL=F,1597.5,🔴 Düşüş Trendinde,🔴 SAT,-,-,🔴 Ayı Piyasası (EMA 50 En Altta),🚨 BB SIKIŞMA,⚪Fiyat Alt_Orta Bant Aralığında,EMA5 Direnç: 1607.49 (%0.6 üstte),-,2357.40-2365.60 (%47.6 üstte),42.85,62.74,-0.3,-10.35,,,
2026-07-29 15:25,QQQ,682.12,🔴 Düşüş Trendinde,🔴 SAT,-,-,⚠️ Yükseliş Trendinde Düzeltme (SSL Negatif),⚪ Yelpaze Açık,⚪Fiyat Alt_Orta Bant Aralığında,EMA200 Destek: 651.64 (%4.5 altta) | EMA100 Direnç: 682.99 (%0.1 üstte),555.60-568.05 (%16.7 altta),-,38.6,0.0,-0.85,4.68,,,
2026-07-29 15:25,SI=F,57.82,🔴 Düşüş Trendinde,⏳ BEKLE,🩸 SAT (Zirveden Dönüş),-,🔴 Ayı Piyasası (EMA 50 En Altta),🚨 BB SIKIŞMA,⚪Fiyat Alt_Orta Bant Aralığında,EMA5 Direnç: 57.96 (%0.2 üstte),-,86.93-88.89 (%50.3 üstte),42.56,67.37,0.01,-9.52,,,
2026-07-29 15:25,SOXX,516.23,🔴 Düşüş Trendinde,🔴 SAT,🔴 ZAYIFLAMA (Zaten Dipte),-,⚠️ Yükseliş Trendinde Düzeltme (SSL Negatif),⚪ Yelpaze Açık,⚪Fiyat Alt_Orta Bant Aralığında,EMA100 Destek: 498.20 (%3.5 altta) | EMA5 Direnç: 532.77 (%3.2 üstte),-,-,40.89,29.03,-0.7,23.47,,,
2026-07-29 15:25,VNM,16.34,🔴 Düşüş Trendinde,⏳ BEKLE,-,🟢 POTANSİYEL DİP,🔴 Ayı Piyasası (EMA 50 En Altta),⚪ Yelpaze Açık,⚪Fiyat Alt_Orta Bant Aralığında,EMA5 Direnç: 16.68 (%2.1 üstte),-,19.58-19.78 (%19.8 üstte),28.35,8.89,-0.97,-9.82,,,
2026-07-29 15:25,WQTM,31.27,🔴 Düşüş Trendinde,⏳ BEKLE,-,-,⚠️ Yükseliş Trendinde Düzeltme (SSL Negatif),⚪ Yelpaze Açık,⚪Fiyat Alt_Orta Bant Aralığında,EMA5 Direnç: 31.67 (%1.3 üstte),23.18-24.30 (%22.3 altta),-,35.5,30.29,-0.88,-,,,
2026-07-29 15:25,XBI,150.59,🔴 Düşüş Trendinde,⏳ BEKLE,-,-,⚠️ Yükseliş Trendinde Düzeltme (SSL Negatif),⚪ Yelpaze Açık,⚪Fiyat Alt_Orta Bant Aralığında,EMA55 Destek: 145.68 (%3.3 altta) | EMA5 Direnç: 151.63 (%0.7 üstte),-,-,48.76,1.96,-0.87,18.43,,,
2026-07-29 15:25,XLV,163.4,🟢 Yükseliş Trendinde,🟢 AL (Trend Onaylı),-,-,⚠️ Yükseliş Trendinde Düzeltme (SSL Negatif),🟠 Daralıyor,🟡Fiyat Orta-Üst Bant Aralığında,EMA5 Destek: 161.90 (%0.9 altta),145.31-147.27 (%9.9 altta),-,61.52,47.38,0.13,8.48,,,
2026-07-29 15:25,XU100.IS,13580.86,🔴 Düşüş Trendinde,🔴 SAT,-,-,⚠️ Yükseliş Trendinde Düzeltme (SSL Negatif),🚨 BB SIKIŞMA,🚨Fiyat Bandın Altında!,EMA200 Destek: 12884.99 (%5.1 altta) | EMA100 Direnç: 13824.28 (%1.8 üstte),10373.80-10839.10 (%20.2 altta),-,36.6,8.81,-0.78,5.4,,,
2026-07-29 19:01,AIQ,56.24,🔴 Düşüş Trendinde,🔴 SAT,-,🟢 POTANSİYEL DİP,⚠️ Yükseliş Trendinde Düzeltme (SSL Negatif),⚪ Yelpaze Açık,⚪Fiyat Alt_Orta Bant Aralığında,EMA200 Destek: 55.25 (%1.8 altta) | EMA5 Direnç: 57.67 (%2.5 üstte),44.46-45.83 (%18.5 altta),-,34.86,3.68,-0.88,1.79,,,
2026-07-29 19:01,ALUM.L,4.26,🔴 Düşüş Trendinde,⏳ BEKLE,-,-,"📉 Düşüş Hazırlığı (50<100 Kesti, 150 Bekleniyor)",🚨 BB SIKIŞMA,🟡Fiyat Orta-Üst Bant Aralığında,EMA5 Destek: 4.25 (%0.4 altta) | EMA21 Direnç: 4.27 (%0.1 üstte),3.64-3.71 (%13.0 altta),-,47.0,76.12,0.34,2.57,,,
2026-07-29 19:01,BZ=F,90.27,🔴 Düşüş Trendinde,🔴 SAT,-,-,"📉 Düşüş Hazırlığı (50<100 Kesti, 150 Bekleniyor)",⚪ Yelpaze Açık,🟡Fiyat Orta-Üst Bant Aralığında,EMA5 Destek: 89.88 (%0.4 altta),59.45-60.91 (%32.5 altta),106.87-112.69 (%18.4 üstte),54.49,33.91,0.61,12.84,,,
2026-07-29 19:01,CCJ,84.16,🔴 Düşüş Trendinde,🔴 SAT,🔴 ZAYIFLAMA (Zaten Dipte),-,🩸 ASIL SİNYAL: GÜÇLÜ SAT (EMA Çöktü + SSL Onay),🟡 Normal Genişlik,⚪Fiyat Alt_Orta Bant Aralığında,EMA5 Direnç: 86.87 (%3.2 üstte),-,-,33.02,72.77,-0.61,-15.18,,,
2026-07-29 19:01,CGW,65.01,🟢 Yükseliş Trendinde,⏳ BEKLE,-,-,⚠️ Yükseliş Trendinde Düzeltme (SSL Negatif),🚨 BB SIKIŞMA,⚪Fiyat Alt_Orta Bant Aralığında,EMA21 Destek: 64.95 (%0.1 altta) | EMA5 Direnç: 65.05 (%0.1 üstte),-,-,51.38,36.08,-0.54,1.02,,,
2026-07-29 19:01,COPA,46.14,🔴 Düşüş Trendinde,🔴 SAT,-,-,🟢 EMA Yükselişte (SSL Ok Bekleniyor),🚨 BB SIKIŞMA,⚪Fiyat Alt_Orta Bant Aralığında,EMA200 Destek: 44.46 (%3.6 altta) | EMA5 Direnç: 47.04 (%2.0 üstte),-,-,43.79,49.07,0.04,3.78,,,
2026-07-29 19:01,COPX,75.2,🔴 Düşüş Trendinde,🔴 SAT,-,-,"📉 Düşüş Hazırlığı (50<100 Kesti, 150 Bekleniyor)",🚨 BB SIKIŞMA,⚪Fiyat Alt_Orta Bant Aralığında,EMA200 Destek: 73.81 (%1.9 altta) | EMA5 Direnç: 76.62 (%1.9 üstte),-,91.20-93.89 (%21.3 üstte),44.5,50.87,0.2,1.89,,,
2026-07-29 19:01,EEM,61.06,🔴 Düşüş Trendinde,🔴 SAT,-,🟢 POTANSİYEL DİP,⚠️ Yükseliş Trendinde Düzeltme (SSL Negatif),🟡 Normal Genişlik,🚨Fiyat Bandın Altında!,EMA200 Destek: 60.33 (%1.2 altta) | EMA5 Direnç: 62.67 (%2.6 üstte),52.58-53.31 (%12.7 altta),-,34.68,9.79,-0.77,1.21,,,
2026-07-29 19:01,EWZ,35.61,🟢 Yükseliş Trendinde,🔴 SAT,-,-,"📉 Düşüş Hazırlığı (50<100 Kesti, 150 Bekleniyor)",🚨 BB SIKIŞMA,🟡Fiyat Orta-Üst Bant Aralığında,EMA21 Destek: 35.52 (%0.3 altta) | EMA55 Direnç: 35.75 (%0.4 üstte),-,-,51.27,34.46,0.22,3.65,,,
2026-07-29 19:01,GC=F,4070.3,🔴 Düşüş Trendinde,⏳ BEKLE,-,-,🔴 Ayı Piyasası (EMA 50 En Altta),🚨 BB SIKIŞMA,⚪Fiyat Alt_Orta Bant Aralığında,EMA5 Destek: 4062.09 (%0.2 altta) | EMA21 Direnç: 4086.70 (%0.4 üstte),-,4767.20-4879.70 (%17.1 üstte),46.74,62.59,0.22,-4.6,,,
2026-07-29 19:01,GLTR,179.03,🔴 Düşüş Trendinde,🔴 SAT,-,-,🔴 Ayı Piyasası (EMA 50 En Altta),🚨 BB SIKIŞMA,⚪Fiyat Alt_Orta Bant Aralığında,EMA5 Direnç: 180.55 (%0.8 üstte),-,248.82-257.80 (%39.0 üstte),41.07,58.93,-0.12,-8.26,,,
2026-07-29 19:01,HG=F,6.3,🟢 Yükseliş Trendinde,🔴 SAT,-,-,🟢 EMA Yükselişte (SSL Ok Bekleniyor),🚨 BB SIKIŞMA,🟡Fiyat Orta-Üst Bant Aralığında,EMA21 Destek: 6.29 (%0.1 altta) | EMA5 Direnç: 6.32 (%0.3 üstte),5.79-5.90 (%6.4 altta),-,50.98,29.72,0.36,10.04,,,
2026-07-29 19:01,IBB,189.15,🔴 Düşüş Trendinde,🟢 AL (Trend Onaylı),-,-,⚠️ Yükseliş Trendinde Düzeltme (SSL Negatif),⚪ Yelpaze Açık,⚪Fiyat Alt_Orta Bant Aralığında,EMA5 Destek: 189.12 (%0.0 altta),163.90-167.80 (%11.3 altta),-,54.74,18.68,-0.34,11.85,,,
2026-07-29 19:01,ICLN,16.87,🔴 Düşüş Trendinde,🔴 SAT,-,🟢 POTANSİYEL DİP,⚠️ Yükseliş Trendinde Düzeltme (SSL Negatif),⚪ Yelpaze Açık,🚨Fiyat Bandın Altında!,EMA5 Direnç: 17.49 (%3.7 üstte),-,21.34-21.75 (%26.5 üstte),28.05,1.94,-0.89,-8.13,,,
2026-07-29 19:01,INDA,49.16,🟢 Yükseliş Trendinde,🟢 AL (Trend Onaylı),-,-,🔴 Ayı Piyasası (EMA 50 En Altta),🚨 BB SIKIŞMA,🟡Fiyat Orta-Üst Bant Aralığında,EMA5 Destek: 48.88 (%0.6 altta) | EMA100 Direnç: 49.28 (%0.2 üstte),47.28-47.85 (%2.7 altta),54.75-55.02 (%11.4 üstte),53.59,93.27,-0.11,-3.08,,,
2026-07-29 19:01,IWM,289.22,🟢 Yükseliş Trendinde,🔴 SAT,🔴 ZAYIFLAMA (Zaten Dipte),-,⚠️ Yükseliş Trendinde Düzeltme (SSL Negatif),🚨 BB SIKIŞMA,🚨Fiyat Bandın Altında!,EMA100 Destek: 281.58 (%2.6 altta) | EMA55 Direnç: 289.27 (%0.0 üstte),238.69-245.37 (%15.2 altta),-,42.71,23.59,-0.68,8.2,,,
2026-07-29 19:01,MARS,22.63,🔴 Düşüş Trendinde,🔴 SAT,🔴 ZAYIFLAMA (Zaten Dipte),-,-,-,⚪Fiyat Alt_Orta Bant Aralığında,EMA5 Direnç: 23.51 (%3.9 üstte),-,-,28.19,22.46,-0.92,-,,,
2026-07-29 19:01,NASA,20.67,🔴 Düşüş Trendinde,🔴 SAT,🔴 ZAYIFLAMA (Zaten Dipte),-,-,-,⚪Fiyat Alt_Orta Bant Aralığında,EMA5 Direnç: 21.91 (%6.0 üstte),-,-,26.85,24.27,-0.91,-,,,
2026-07-29 19:01,PA=F,1250.0,🟢 Yükseliş Trendinde,🔴 SAT,-,-,🔴 Ayı Piyasası (EMA 50 En Altta),🚨 BB SIKIŞMA,⚪Fiyat Alt_Orta Bant Aralığında,EMA5 Direnç: 1263.35 (%1.1 üstte),-,1774.50-1842.00 (%42.0 üstte),47.13,46.0,-0.06,-11.14,,,
2026-07-29 19:01,PHO,71.15,🟢 Yükseliş Trendinde,🟢 AL (Trend Onaylı),-,-,🔴 Ayı Piyasası (EMA 50 En Altta),⚪ Yelpaze Açık,🚨Fiyat Bandın Üzerinde!,EMA5 Destek: 70.01 (%1.6 altta),-,72.60-73.56 (%2.0 üstte),63.29,87.54,0.31,1.94,,,
2026-07-29 19:01,PL=F,1594.3,🔴 Düşüş Trendinde,🔴 SAT,-,-,🔴 Ayı Piyasası (EMA 50 En Altta),🚨 BB SIKIŞMA,⚪Fiyat Alt_Orta Bant Aralığında,EMA5 Direnç: 1606.43 (%0.8 üstte),-,2357.40-2365.60 (%47.9 üstte),42.46,61.02,-0.32,-10.52,,,
2026-07-29 19:01,QQQ,665.33,🔴 Düşüş Trendinde,🔴 SAT,-,🟢 POTANSİYEL DİP,⚠️ Yükseliş Trendinde Düzeltme (SSL Negatif),⚪ Yelpaze Açık,🚨Fiyat Bandın Altında!,EMA200 Destek: 652.01 (%2.0 altta) | EMA5 Direnç: 678.99 (%2.1 üstte),555.60-568.05 (%14.6 altta),-,33.37,0.0,-0.92,2.04,,,
2026-07-29 19:01,SI=F,57.26,🔴 Düşüş Trendinde,🔴 SAT,🩸 SAT (Zirveden Dönüş),-,🔴 Ayı Piyasası (EMA 50 En Altta),🚨 BB SIKIŞMA,⚪Fiyat Alt_Orta Bant Aralığında,EMA5 Direnç: 57.77 (%0.9 üstte),-,86.93-88.89 (%51.8 üstte),40.77,62.64,-0.04,-10.38,,,
2026-07-29 19:01,SOXX,469.33,🔴 Düşüş Trendinde,🔴 SAT,-,🟢 POTANSİYEL DİP,⚠️ Yükseliş Trendinde Düzeltme (SSL Negatif),⚪ Yelpaze Açık,🚨Fiyat Bandın Altında!,EMA200 Destek: 419.35 (%10.7 altta) | EMA100 Direnç: 497.50 (%6.0 üstte),-,-,33.67,0.0,-0.78,11.92,,,
2026-07-29 19:01,VNM,16.58,🔴 Düşüş Trendinde,⏳ BEKLE,-,-,🔴 Ayı Piyasası (EMA 50 En Altta),⚪ Yelpaze Açık,⚪Fiyat Alt_Orta Bant Aralığında,EMA5 Direnç: 16.59 (%0.0 üstte),-,19.58-19.78 (%18.1 üstte),34.22,29.22,-0.93,-8.23,,,
2026-07-29 19:01,WQTM,29.3,🔴 Düşüş Trendinde,🔴 SAT,-,-,⚠️ Yükseliş Trendinde Düzeltme (SSL Negatif),⚪ Yelpaze Açık,⚪Fiyat Alt_Orta Bant Aralığında,EMA200 Direnç: 29.74 (%1.5 üstte),23.18-24.30 (%17.1 altta),-,30.95,17.09,-0.87,-1.48,,,
2026-07-29 19:01,XBI,147.35,🔴 Düşüş Trendinde,🔴 SAT,🔴 ZAYIFLAMA (Zaten Dipte),-,⚠️ Yükseliş Trendinde Düzeltme (SSL Negatif),⚪ Yelpaze Açık,⚪Fiyat Alt_Orta Bant Aralığında,EMA55 Destek: 145.88 (%1.0 altta) | EMA5 Direnç: 149.79 (%1.7 üstte),-,-,43.36,0.22,-0.89,15.5,,,
2026-07-29 19:01,XLV,167.99,🟢 Yükseliş Trendinde,🟢 AL (Trend Onaylı),-,-,🟢 EMA Yükselişte (SSL Ok Bekleniyor),⚪ Yelpaze Açık,🚨Fiyat Bandın Üzerinde!,EMA5 Destek: 165.12 (%1.7 altta),145.31-147.27 (%12.3 altta),-,68.97,91.83,0.71,11.28,,,
2026-07-29 19:01,XU100.IS,13501.55,🔴 Düşüş Trendinde,🔴 SAT,-,🟢 POTANSİYEL DİP,⚠️ Yükseliş Trendinde Düzeltme (SSL Negatif),🟠 Daralıyor,🚨Fiyat Bandın Altında!,EMA200 Destek: 12902.55 (%4.4 altta) | EMA5 Direnç: 13742.37 (%1.8 üstte),10373.80-10839.10 (%19.7 altta),-,34.55,0.0,-0.8,4.64,,,
2026-07-29 20:45,AIQ,56.69,🔴 Düşüş Trendinde,🔴 SAT,-,-,⚠️ Yükseliş Trendinde Düzeltme (SSL Negatif),⚪ Yelpaze Açık,⚪Fiyat Alt_Orta Bant Aralığında,EMA200 Destek: 55.24 (%2.6 altta) | EMA5 Direnç: 58.20 (%2.7 üstte),44.46-45.83 (%19.2 altta),-,35.98,4.07,-0.88,2.64,0.0,,
2026-07-29 20:45,ALUM.L,4.26,🔴 Düşüş Trendinde,⏳ BEKLE,-,-,"📉 Düşüş Hazırlığı (50<100 Kesti, 150 Bekleniyor)",🚨 BB SIKIŞMA,🟡Fiyat Orta-Üst Bant Aralığında,EMA5 Destek: 4.25 (%0.4 altta) | EMA21 Direnç: 4.27 (%0.1 üstte),3.64-3.71 (%13.0 altta),-,47.0,76.12,0.34,2.57,0.0,,
2026-07-29 20:45,BZ=F,90.5,🔴 Düşüş Trendinde,🔴 SAT,-,-,"📉 Düşüş Hazırlığı (50<100 Kesti, 150 Bekleniyor)",⚪ Yelpaze Açık,🟡Fiyat Orta-Üst Bant Aralığında,EMA5 Destek: 89.96 (%0.6 altta),59.45-60.91 (%32.7 altta),106.87-112.69 (%18.1 üstte),54.72,34.13,0.61,13.12,0.0,,
2026-07-29 20:45,CCJ,84.8,🔴 Düşüş Trendinde,🔴 SAT,-,-,🩸 ASIL SİNYAL: GÜÇLÜ SAT (EMA Çöktü + SSL Onay),⚪ Yelpaze Açık,⚪Fiyat Alt_Orta Bant Aralığında,EMA5 Direnç: 87.50 (%3.2 üstte),-,-,33.93,75.15,-0.67,-14.65,0.0,,
2026-07-29 20:45,CGW,64.63,🟢 Yükseliş Trendinde,🔴 SAT,-,-,⚠️ Yükseliş Trendinde Düzeltme (SSL Negatif),🚨 BB SIKIŞMA,⚪Fiyat Alt_Orta Bant Aralığında,EMA55 Destek: 64.47 (%0.2 altta) | EMA5 Direnç: 64.78 (%0.2 üstte),-,-,48.9,5.6,-0.25,0.46,0.0,,
2026-07-29 20:45,COPA,46.14,🔴 Düşüş Trendinde,🔴 SAT,🩸 SAT (Zirveden Dönüş),-,⚪ Karışık / Testere Piyasası,🚨 BB SIKIŞMA,⚪Fiyat Alt_Orta Bant Aralığında,EMA200 Destek: 44.40 (%3.8 altta) | EMA5 Direnç: 47.22 (%2.3 üstte),-,-,44.12,66.87,0.21,3.91,0.0,,
2026-07-29 20:45,COPX,76.33,🔴 Düşüş Trendinde,⏳ BEKLE,🩸 SAT (Zirveden Dönüş),-,"📉 Düşüş Hazırlığı (50<100 Kesti, 150 Bekleniyor)",🚨 BB SIKIŞMA,⚪Fiyat Alt_Orta Bant Aralığında,EMA200 Destek: 73.79 (%3.3 altta) | EMA5 Direnç: 77.27 (%1.2 üstte),-,91.20-93.89 (%19.5 üstte),46.59,65.58,0.36,3.45,0.0,,
2026-07-29 20:45,EEM,61.47,🔴 Düşüş Trendinde,🔴 SAT,-,-,⚠️ Yükseliş Trendinde Düzeltme (SSL Negatif),🟡 Normal Genişlik,🚨Fiyat Bandın Altında!,EMA200 Destek: 60.31 (%1.9 altta) | EMA5 Direnç: 63.18 (%2.8 üstte),52.58-53.31 (%13.3 altta),-,35.89,15.28,-0.76,1.92,0.76,,
2026-07-29 20:45,EWZ,35.53,🟢 Yükseliş Trendinde,⏳ BEKLE,-,-,"📉 Düşüş Hazırlığı (50<100 Kesti, 150 Bekleniyor)",🚨 BB SIKIŞMA,🟡Fiyat Orta-Üst Bant Aralığında,EMA21 Destek: 35.46 (%0.2 altta) | EMA55 Direnç: 35.74 (%0.6 üstte),-,-,50.92,34.86,0.34,3.47,0.0,,
2026-07-29 20:45,GC=F,4096.7,🔴 Düşüş Trendinde,🔥 GÜÇLÜ AL (Taze Kırılım),📈 TREND DEVAMI (0 Üstü + Hacim),-,🔴 Ayı Piyasası (EMA 50 En Altta),🚨 BB SIKIŞMA,🟡Fiyat Orta-Üst Bant Aralığında,EMA21 Destek: 4089.10 (%0.2 altta) | EMA55 Direnç: 4236.80 (%3.4 üstte),-,4767.20-4879.70 (%16.4 üstte),48.78,67.37,0.29,-3.99,0.0,,
2026-07-29 20:45,GLTR,181.0,🔴 Düşüş Trendinde,⏳ BEKLE,-,-,🔴 Ayı Piyasası (EMA 50 En Altta),🚨 BB SIKIŞMA,⚪Fiyat Alt_Orta Bant Aralığında,EMA5 Direnç: 181.82 (%0.5 üstte),-,248.82-257.80 (%37.5 üstte),43.29,66.12,-0.15,-7.4,0.0,,
2026-07-29 20:45,HG=F,6.32,🟢 Yükseliş Trendinde,🔴 SAT,-,-,🟢 EMA Yükselişte (SSL Ok Bekleniyor),🚨 BB SIKIŞMA,🟡Fiyat Orta-Üst Bant Aralığında,EMA21 Destek: 6.30 (%0.4 altta) | EMA5 Direnç: 6.33 (%0.2 üstte),5.79-5.90 (%6.7 altta),-,51.93,32.16,0.39,10.33,0.0,,
2026-07-29 20:45,IBB,189.1,🔴 Düşüş Trendinde,⏳ BEKLE,-,-,⚠️ Yükseliş Trendinde Düzeltme (SSL Negatif),⚪ Yelpaze Açık,⚪Fiyat Alt_Orta Bant Aralığında,EMA5 Destek: 188.70 (%0.2 altta),163.90-167.80 (%11.3 altta),-,55.37,11.09,-0.72,12.1,0.0,,
2026-07-29 20:45,ICLN,17.0,🔴 Düşüş Trendinde,🔴 SAT,-,🟢 POTANSİYEL DİP,⚠️ Yükseliş Trendinde Düzeltme (SSL Negatif),⚪ Yelpaze Açık,🚨Fiyat Bandın Altında!,EMA5 Direnç: 17.73 (%4.3 üstte),-,21.34-21.75 (%25.6 üstte),28.85,1.94,-0.88,-7.51,0.86,,
2026-07-29 20:45,INDA,49.26,🔥 AL (Taze Kırılım),🔥 GÜÇLÜ AL (Taze Kırılım),-,-,🔴 Ayı Piyasası (EMA 50 En Altta),🚨 BB SIKIŞMA,🟡Fiyat Orta-Üst Bant Aralığında,EMA55 Destek: 48.88 (%0.8 altta) | EMA100 Direnç: 49.31 (%0.1 üstte),47.28-47.85 (%2.9 altta),54.75-55.02 (%11.1 üstte),54.18,62.2,-0.28,-2.96,0.0,,
2026-07-29 20:45,IWM,289.66,🟢 Yükseliş Trendinde,🔴 SAT,-,-,⚠️ Yükseliş Trendinde Düzeltme (SSL Negatif),🚨 BB SIKIŞMA,⚪Fiyat Alt_Orta Bant Aralığında,EMA55 Destek: 289.13 (%0.2 altta) | EMA5 Direnç: 291.81 (%0.7 üstte),238.69-245.37 (%15.3 altta),-,43.56,10.42,-0.76,8.47,0.0,,
2026-07-29 20:45,MARS,22.79,🔴 Düşüş Trendinde,🔴 SAT,-,-,-,-,⚪Fiyat Alt_Orta Bant Aralığında,EMA5 Direnç: 23.70 (%4.0 üstte),-,-,28.74,19.08,-0.93,-,0.0,,
2026-07-29 20:45,NASA,20.97,🔴 Düşüş Trendinde,🔴 SAT,-,-,-,-,⚪Fiyat Alt_Orta Bant Aralığında,EMA5 Direnç: 22.20 (%5.9 üstte),-,-,27.74,23.67,-0.92,-,0.0,,
2026-07-29 20:45,PA=F,1253.5,🟢 Yükseliş Trendinde,🔴 SAT,-,-,🔴 Ayı Piyasası (EMA 50 En Altta),🚨 BB SIKIŞMA,⚪Fiyat Alt_Orta Bant Aralığında,EMA5 Direnç: 1264.51 (%0.9 üstte),-,1774.50-1842.00 (%41.6 üstte),47.59,47.81,-0.04,-10.89,0.0,,
2026-07-29 20:45,PHO,70.95,🟢 Yükseliş Trendinde,🟢 AL (Trend Onaylı),-,-,🔴 Ayı Piyasası (EMA 50 En Altta),🟡 Normal Genişlik,🚨Fiyat Bandın Üzerinde!,EMA200 Destek: 69.79 (%1.6 altta),-,72.60-73.56 (%2.3 üstte),62.97,61.68,0.1,1.66,0.49,,
2026-07-29 20:45,PL=F,1603.9,🔴 Düşüş Trendinde,🔴 SAT,-,-,🔴 Ayı Piyasası (EMA 50 En Altta),🚨 BB SIKIŞMA,⚪Fiyat Alt_Orta Bant Aralığında,EMA5 Direnç: 1609.63 (%0.4 üstte),-,2357.40-2365.60 (%47.0 üstte),43.64,66.27,-0.27,-9.99,0.0,,
2026-07-29 20:45,QQQ,669.66,🔴 Düşüş Trendinde,🔴 SAT,-,🟢 POTANSİYEL DİP,⚠️ Yükseliş Trendinde Düzeltme (SSL Negatif),⚪ Yelpaze Açık,🚨Fiyat Bandın Altında!,EMA200 Destek: 651.82 (%2.7 altta) | EMA100 Direnç: 682.72 (%2.0 üstte),555.60-568.05 (%15.2 altta),-,34.74,0.0,-0.91,2.74,0.77,,
2026-07-29 20:45,SI=F,57.94,🔴 Düşüş Trendinde,⏳ BEKLE,-,-,🔴 Ayı Piyasası (EMA 50 En Altta),🚨 BB SIKIŞMA,⚪Fiyat Alt_Orta Bant Aralığında,EMA5 Direnç: 58.00 (%0.1 üstte),-,86.93-88.89 (%50.0 üstte),42.94,68.37,0.03,-9.34,0.0,,
2026-07-29 20:45,SOXX,474.18,🔴 Düşüş Trendinde,🔴 SAT,-,🟢 POTANSİYEL DİP,⚠️ Yükseliş Trendinde Düzeltme (SSL Negatif),⚪ Yelpaze Açık,🚨Fiyat Bandın Altında!,EMA200 Destek: 418.67 (%11.7 altta) | EMA100 Direnç: 497.72 (%5.0 üstte),-,-,34.49,6.27,-0.76,13.26,2.53,,
2026-07-29 20:45,VNM,16.6,🔴 Düşüş Trendinde,⏳ BEKLE,-,-,🔴 Ayı Piyasası (EMA 50 En Altta),⚪ Yelpaze Açık,⚪Fiyat Alt_Orta Bant Aralığında,EMA5 Direnç: 16.65 (%0.3 üstte),-,19.58-19.78 (%17.9 üstte),34.31,20.48,-0.97,-8.28,0.0,,
2026-07-29 20:45,WQTM,29.49,🔴 Düşüş Trendinde,🔴 SAT,🔴 ZAYIFLAMA (Zaten Dipte),-,⚠️ Yükseliş Trendinde Düzeltme (SSL Negatif),⚪ Yelpaze Açık,⚪Fiyat Alt_Orta Bant Aralığında,EMA5 Direnç: 30.94 (%4.9 üstte),23.18-24.30 (%17.6 altta),-,29.72,17.15,-0.89,-,0.0,,
2026-07-29 20:45,XBI,148.02,🔴 Düşüş Trendinde,🔴 SAT,-,-,⚠️ Yükseliş Trendinde Düzeltme (SSL Negatif),⚪ Yelpaze Açık,⚪Fiyat Alt_Orta Bant Aralığında,EMA55 Destek: 145.76 (%1.5 altta) | EMA5 Direnç: 150.43 (%1.6 üstte),-,-,44.59,0.22,-0.86,16.22,0.0,,
2026-07-29 20:45,XLV,167.07,🟢 Yükseliş Trendinde,🟢 AL (Trend Onaylı),-,-,🟢 EMA Yükselişte (SSL Ok Bekleniyor),⚪ Yelpaze Açık,🚨Fiyat Bandın Üzerinde!,EMA5 Destek: 163.62 (%2.1 altta),145.31-147.27 (%11.8 altta),-,67.64,71.75,0.5,10.8,0.8,,
2026-07-29 20:45,XU100.IS,13501.55,🔴 Düşüş Trendinde,🔴 SAT,-,-,⚠️ Yükseliş Trendinde Düzeltme (SSL Negatif),🟠 Daralıyor,🚨Fiyat Bandın Altında!,EMA200 Destek: 12884.20 (%4.6 altta) | EMA5 Direnç: 13821.56 (%2.4 üstte),10373.80-10839.10 (%19.7 altta),-,35.3,8.81,-0.77,4.79,1.34,,
2026-07-29 21:18,AIQ,57.08,🔴 Düşüş Trendinde,🔴 SAT,-,-,⚠️ Yükseliş Trendinde Düzeltme (SSL Negatif),⚪ Yelpaze Açık,⚪Fiyat Alt_Orta Bant Aralığında,EMA200 Destek: 55.26 (%3.2 altta) | EMA5 Direnç: 57.95 (%1.5 üstte),44.46-45.83 (%19.7 altta),-,36.81,3.68,-0.87,3.3,0.0,,
2026-07-29 21:18,ALUM.L,4.26,🔴 Düşüş Trendinde,⏳ BEKLE,-,-,"📉 Düşüş Hazırlığı (50<100 Kesti, 150 Bekleniyor)",🚨 BB SIKIŞMA,🟡Fiyat Orta-Üst Bant Aralığında,EMA5 Destek: 4.25 (%0.4 altta) | EMA21 Direnç: 4.27 (%0.1 üstte),3.64-3.71 (%13.0 altta),-,47.0,76.12,0.34,2.57,0.0,,
2026-07-29 21:18,BZ=F,90.57,🔴 Düşüş Trendinde,🔴 SAT,-,-,"📉 Düşüş Hazırlığı (50<100 Kesti, 150 Bekleniyor)",⚪ Yelpaze Açık,🟡Fiyat Orta-Üst Bant Aralığında,EMA5 Destek: 89.98 (%0.6 altta),59.45-60.91 (%32.7 altta),106.87-112.69 (%18.0 üstte),54.78,34.2,0.61,13.21,0.0,,
2026-07-29 21:18,CCJ,85.52,🔴 Düşüş Trendinde,🔴 SAT,🔴 ZAYIFLAMA (Zaten Dipte),-,🩸 ASIL SİNYAL: GÜÇLÜ SAT (EMA Çöktü + SSL Onay),🟡 Normal Genişlik,⚪Fiyat Alt_Orta Bant Aralığında,EMA5 Direnç: 87.32 (%2.1 üstte),-,-,34.61,77.07,-0.58,-13.82,0.0,,
2026-07-29 21:18,CGW,64.89,🟢 Yükseliş Trendinde,⏳ BEKLE,-,-,⚠️ Yükseliş Trendinde Düzeltme (SSL Negatif),🚨 BB SIKIŞMA,⚪Fiyat Alt_Orta Bant Aralığında,EMA55 Destek: 64.53 (%0.6 altta) | EMA21 Direnç: 64.94 (%0.1 üstte),-,-,50.54,33.53,-0.57,0.85,0.0,,
2026-07-29 21:18,COPA,46.98,🔴 Düşüş Trendinde,⏳ BEKLE,-,-,🟢 EMA Yükselişte (SSL Ok Bekleniyor),🚨 BB SIKIŞMA,⚪Fiyat Alt_Orta Bant Aralığında,EMA200 Destek: 44.47 (%5.3 altta) | EMA5 Direnç: 47.32 (%0.7 üstte),-,-,46.35,56.33,0.13,5.65,0.0,,
2026-07-29 21:18,COPX,77.24,🔴 Düşüş Trendinde,⏳ BEKLE,-,-,"📉 Düşüş Hazırlığı (50<100 Kesti, 150 Bekleniyor)",🚨 BB SIKIŞMA,🟡Fiyat Orta-Üst Bant Aralığında,EMA200 Destek: 73.83 (%4.4 altta) | EMA5 Direnç: 77.30 (%0.1 üstte),-,91.20-93.89 (%18.1 üstte),48.46,61.77,0.33,4.62,0.0,,
2026-07-29 21:18,EEM,61.87,🔴 Düşüş Trendinde,🔴 SAT,-,-,⚠️ Yükseliş Trendinde Düzeltme (SSL Negatif),🟠 Daralıyor,⚪Fiyat Alt_Orta Bant Aralığında,EMA200 Destek: 60.34 (%2.5 altta) | EMA5 Direnç: 62.94 (%1.7 üstte),52.58-53.31 (%13.8 altta),-,36.81,9.79,-0.76,2.54,0.0,,
2026-07-29 21:18,EWZ,35.65,🟢 Yükseliş Trendinde,⏳ BEKLE,-,-,"📉 Düşüş Hazırlığı (50<100 Kesti, 150 Bekleniyor)",🚨 BB SIKIŞMA,🟡Fiyat Orta-Üst Bant Aralığında,EMA21 Destek: 35.47 (%0.5 altta) | EMA55 Direnç: 35.74 (%0.2 üstte),-,-,52.1,38.28,0.37,3.83,0.0,,
2026-07-29 21:18,GC=F,4139.3,🔴 Düşüş Trendinde,🔥 GÜÇLÜ AL (Taze Kırılım),📈 TREND DEVAMI (0 Üstü + Hacim),-,🔴 Ayı Piyasası (EMA 50 En Altta),🚨 BB SIKIŞMA,🟡Fiyat Orta-Üst Bant Aralığında,EMA21 Destek: 4092.98 (%1.1 altta) | EMA55 Direnç: 4238.32 (%2.4 üstte),-,4767.20-4879.70 (%15.2 üstte),51.75,72.61,0.36,-3.0,0.0,,
2026-07-29 21:18,GLTR,182.61,🔴 Düşüş Trendinde,⏳ BEKLE,🟡 RİSKLİ AL (0 Üstü - Hacimsiz),-,🔴 Ayı Piyasası (EMA 50 En Altta),🚨 BB SIKIŞMA,🟡Fiyat Orta-Üst Bant Aralığında,EMA5 Destek: 181.74 (%0.5 altta) | EMA21 Direnç: 183.69 (%0.6 üstte),-,248.82-257.80 (%36.3 üstte),46.18,72.54,0.05,-6.44,0.0,,
2026-07-29 21:18,HG=F,6.39,🟢 Yükseliş Trendinde,⏳ BEKLE,-,-,🟢 EMA Yükselişte (SSL Ok Bekleniyor),🟠 Daralıyor,🟡Fiyat Orta-Üst Bant Aralığında,EMA5 Destek: 6.35 (%0.6 altta),5.79-5.90 (%7.7 altta),-,55.32,40.91,0.48,11.52,0.0,,
2026-07-29 21:18,IBB,189.54,🔴 Düşüş Trendinde,🟢 AL (Trend Onaylı),-,-,⚠️ Yükseliş Trendinde Düzeltme (SSL Negatif),⚪ Yelpaze Açık,⚪Fiyat Alt_Orta Bant Aralığında,EMA5 Destek: 189.25 (%0.2 altta),163.90-167.80 (%11.5 altta),-,55.6,21.02,-0.3,12.08,0.0,,
2026-07-29 21:18,ICLN,17.08,🔴 Düşüş Trendinde,🔴 SAT,-,🟢 POTANSİYEL DİP,⚠️ Yükseliş Trendinde Düzeltme (SSL Negatif),⚪ Yelpaze Açık,⚪Fiyat Alt_Orta Bant Aralığında,EMA5 Direnç: 17.56 (%2.8 üstte),-,21.34-21.75 (%24.9 üstte),29.26,1.94,-0.89,-7.0,0.0,,
2026-07-29 21:18,INDA,49.38,🟢 Yükseliş Trendinde,🟢 AL (Trend Onaylı),-,-,🔴 Ayı Piyasası (EMA 50 En Altta),🚨 BB SIKIŞMA,🟡Fiyat Orta-Üst Bant Aralığında,EMA100 Destek: 49.29 (%0.2 altta) | EMA200 Direnç: 50.72 (%2.7 üstte),47.28-47.85 (%3.1 altta),54.75-55.02 (%10.9 üstte),55.85,97.42,-0.06,-2.65,0.0,,
2026-07-29 21:18,IWM,290.96,🟢 Yükseliş Trendinde,🔴 SAT,🔴 ZAYIFLAMA (Zaten Dipte),-,⚠️ Yükseliş Trendinde Düzeltme (SSL Negatif),🚨 BB SIKIŞMA,⚪Fiyat Alt_Orta Bant Aralığında,EMA55 Destek: 289.33 (%0.6 altta) | EMA5 Direnç: 292.35 (%0.5 üstte),238.69-245.37 (%15.7 altta),-,45.35,23.59,-0.66,8.85,0.0,,
2026-07-29 21:18,MARS,23.04,🔴 Düşüş Trendinde,🔴 SAT,-,-,-,-,⚪Fiyat Alt_Orta Bant Aralığında,EMA5 Direnç: 23.65 (%2.6 üstte),-,-,29.27,26.56,-0.91,-,0.0,,
2026-07-29 21:18,NASA,21.11,🔴 Düşüş Trendinde,🔴 SAT,-,-,-,-,⚪Fiyat Alt_Orta Bant Aralığında,EMA5 Direnç: 22.05 (%4.5 üstte),-,-,27.92,26.43,-0.91,-,0.0,,
2026-07-29 21:18,PA=F,1274.5,🟢 Yükseliş Trendinde,⏳ BEKLE,-,-,🔴 Ayı Piyasası (EMA 50 En Altta),🚨 BB SIKIŞMA,🟡Fiyat Orta-Üst Bant Aralığında,EMA5 Destek: 1271.51 (%0.2 altta) | EMA55 Direnç: 1314.04 (%3.1 üstte),-,1774.50-1842.00 (%39.2 üstte),50.51,59.29,0.09,-9.41,0.0,,
2026-07-29 21:18,PHO,71.15,🟢 Yükseliş Trendinde,🟢 AL (Trend Onaylı),-,-,🔴 Ayı Piyasası (EMA 50 En Altta),⚪ Yelpaze Açık,🚨Fiyat Bandın Üzerinde!,EMA5 Destek: 70.02 (%1.6 altta),-,72.60-73.56 (%2.0 üstte),63.32,87.59,0.31,1.95,0.05,,
2026-07-29 21:18,PL=F,1624.4,🔴 Düşüş Trendinde,⏳ BEKLE,🚀 KUSURSUZ DÖNÜŞ (0 Altı + Hacim),-,🔴 Ayı Piyasası (EMA 50 En Altta),🚨 BB SIKIŞMA,🟡Fiyat Orta-Üst Bant Aralığında,EMA5 Destek: 1616.46 (%0.5 altta) | EMA21 Direnç: 1630.89 (%0.4 üstte),-,2357.40-2365.60 (%45.1 üstte),46.63,79.64,-0.12,-8.85,0.0,,
2026-07-29 21:18,QQQ,672.01,🔴 Düşüş Trendinde,🔴 SAT,-,-,⚠️ Yükseliş Trendinde Düzeltme (SSL Negatif),⚪ Yelpaze Açık,🚨Fiyat Bandın Altında!,EMA200 Destek: 652.08 (%3.0 altta) | EMA5 Direnç: 681.21 (%1.4 üstte),555.60-568.05 (%15.5 altta),-,35.33,0.0,-0.92,3.06,-0.04,,
2026-07-29 21:18,SI=F,58.75,🔴 Düşüş Trendinde,⏳ BEKLE,-,-,🔴 Ayı Piyasası (EMA 50 En Altta),🚨 BB SIKIŞMA,🟡Fiyat Orta-Üst Bant Aralığında,EMA5 Destek: 58.27 (%0.8 altta) | EMA21 Direnç: 59.43 (%1.2 üstte),-,86.93-88.89 (%48.0 üstte),45.38,74.81,0.1,-8.08,0.0,,
2026-07-29 21:18,SOXX,476.52,🔴 Düşüş Trendinde,🔴 SAT,-,🟢 POTANSİYEL DİP,⚠️ Yükseliş Trendinde Düzeltme (SSL Negatif),⚪ Yelpaze Açık,🚨Fiyat Bandın Altında!,EMA200 Destek: 419.42 (%12.0 altta) | EMA100 Direnç: 497.64 (%4.4 üstte),-,-,34.64,0.0,-0.78,13.61,-2.08,,
2026-07-29 21:18,VNM,16.61,🔴 Düşüş Trendinde,⏳ BEKLE,-,-,🔴 Ayı Piyasası (EMA 50 En Altta),⚪ Yelpaze Açık,⚪Fiyat Alt_Orta Bant Aralığında,EMA5 Destek: 16.60 (%0.1 altta) | EMA21 Direnç: 17.23 (%3.7 üstte),-,19.58-19.78 (%17.8 üstte),34.93,30.72,-0.92,-8.06,0.0,,
2026-07-29 21:18,WQTM,29.78,🔴 Düşüş Trendinde,🔴 SAT,-,-,⚠️ Yükseliş Trendinde Düzeltme (SSL Negatif),⚪ Yelpaze Açık,⚪Fiyat Alt_Orta Bant Aralığında,EMA200 Destek: 29.75 (%0.1 altta) | EMA5 Direnç: 30.59 (%2.7 üstte),23.18-24.30 (%18.4 altta),-,32.4,18.14,-0.87,0.13,0.0,,
2026-07-29 21:18,XBI,148.66,🔴 Düşüş Trendinde,🔴 SAT,-,-,⚠️ Yükseliş Trendinde Düzeltme (SSL Negatif),⚪ Yelpaze Açık,⚪Fiyat Alt_Orta Bant Aralığında,EMA55 Destek: 145.93 (%1.8 altta) | EMA5 Direnç: 150.23 (%1.1 üstte),-,-,45.43,0.22,-0.89,16.52,0.0,,
2026-07-29 21:18,XLV,166.76,🟢 Yükseliş Trendinde,🟢 AL (Trend Onaylı),-,-,🟢 EMA Yükselişte (SSL Ok Bekleniyor),⚪ Yelpaze Açık,🚨Fiyat Bandın Üzerinde!,EMA5 Destek: 164.71 (%1.2 altta),145.31-147.27 (%11.7 altta),-,66.38,88.37,0.71,10.48,0.1,,
2026-07-29 21:18,XU100.IS,13501.55,🔴 Düşüş Trendinde,🔴 SAT,-,-,⚠️ Yükseliş Trendinde Düzeltme (SSL Negatif),🟠 Daralıyor,🚨Fiyat Bandın Altında!,EMA200 Destek: 12884.20 (%4.6 altta) | EMA5 Direnç: 13821.56 (%2.4 üstte),10373.80-10839.10 (%19.7 altta),-,35.3,8.81,-0.77,4.79,-1.34,,
2026-07-30 15:07,AIQ,55.98,🔴 Düşüş Trendinde,🔴 SAT,-,🟢 POTANSİYEL DİP,⚠️ Yükseliş Trendinde Düzeltme (SSL Negatif),⚪ Yelpaze Açık,🚨Fiyat Bandın Altında!,EMA200 Destek: 55.23 (%1.3 altta) | EMA5 Direnç: 57.58 (%2.9 üstte),44.46-45.83 (%18.1 altta),-,34.3,3.68,-0.88,1.36,-0.23,,
2026-07-30 15:07,ALUM.L,4.29,🔴 Düşüş Trendinde,🔥 GÜÇLÜ AL (Taze Kırılım),🟡 RİSKLİ AL (0 Üstü - Hacimsiz),-,"📉 Düşüş Hazırlığı (50<100 Kesti, 150 Bekleniyor)",🚨 BB SIKIŞMA,🟡Fiyat Orta-Üst Bant Aralığında,EMA21 Destek: 4.27 (%0.5 altta) | EMA55 Direnç: 4.38 (%2.2 üstte),3.64-3.71 (%13.6 altta),-,49.69,82.37,0.37,3.21,0.0,,
2026-07-30 15:07,BZ=F,89.66,🔴 Düşüş Trendinde,🔴 SAT,-,-,"📉 Düşüş Hazırlığı (50<100 Kesti, 150 Bekleniyor)",⚪ Yelpaze Açık,🟡Fiyat Orta-Üst Bant Aralığında,EMA55 Destek: 87.96 (%1.9 altta) | EMA5 Direnç: 89.91 (%0.3 üstte),59.45-60.91 (%32.1 altta),106.87-112.69 (%19.2 üstte),53.6,29.64,0.45,12.05,0.0,,
2026-07-30 15:07,CCJ,84.57,🔴 Düşüş Trendinde,🔴 SAT,🔴 ZAYIFLAMA (Zaten Dipte),-,🩸 ASIL SİNYAL: GÜÇLÜ SAT (EMA Çöktü + SSL Onay),🟡 Normal Genişlik,⚪Fiyat Alt_Orta Bant Aralığında,EMA5 Direnç: 87.00 (%2.9 üstte),-,-,33.48,74.02,-0.6,-14.79,0.0,,
2026-07-30 15:07,CGW,64.66,🟢 Yükseliş Trendinde,⏳ BEKLE,-,-,⚠️ Yükseliş Trendinde Düzeltme (SSL Negatif),🚨 BB SIKIŞMA,⚪Fiyat Alt_Orta Bant Aralığında,EMA55 Destek: 64.52 (%0.2 altta) | EMA21 Direnç: 64.91 (%0.4 üstte),-,-,48.89,28.57,-0.6,0.46,0.0,,
2026-07-30 15:07,COPA,46.5,🔴 Düşüş Trendinde,🔴 SAT,-,-,🟢 EMA Yükselişte (SSL Ok Bekleniyor),🚨 BB SIKIŞMA,⚪Fiyat Alt_Orta Bant Aralığında,EMA200 Destek: 44.47 (%4.4 altta) | EMA5 Direnç: 47.16 (%1.4 üstte),-,-,44.84,52.05,0.08,4.56,0.0,,
2026-07-30 15:07,COPX,76.14,🔴 Düşüş Trendinde,⏳ BEKLE,-,-,"📉 Düşüş Hazırlığı (50<100 Kesti, 150 Bekleniyor)",🚨 BB SIKIŞMA,⚪Fiyat Alt_Orta Bant Aralığında,EMA200 Destek: 73.83 (%3.0 altta) | EMA5 Direnç: 76.93 (%1.0 üstte),-,91.20-93.89 (%19.8 üstte),46.2,55.55,0.26,3.12,0.0,,
2026-07-30 15:07,EEM,61.07,🔴 Düşüş Trendinde,🔴 SAT,-,🟢 POTANSİYEL DİP,⚠️ Yükseliş Trendinde Düzeltme (SSL Negatif),🟡 Normal Genişlik,🚨Fiyat Bandın Altında!,EMA200 Destek: 60.32 (%1.2 altta) | EMA5 Direnç: 62.67 (%2.6 üstte),52.58-53.31 (%12.7 altta),-,34.7,9.79,-0.77,1.25,-0.95,,
2026-07-30 15:07,EWZ,35.47,🟢 Yükseliş Trendinde,🔴 SAT,-,-,"📉 Düşüş Hazırlığı (50<100 Kesti, 150 Bekleniyor)",🚨 BB SIKIŞMA,🟡Fiyat Orta-Üst Bant Aralığında,EMA200 Destek: 34.37 (%3.1 altta) | EMA21 Direnç: 35.51 (%0.1 üstte),-,-,49.98,33.02,0.18,3.22,0.0,,
2026-07-30 15:07,GC=F,4136.9,🔴 Düşüş Trendinde,🔥 GÜÇLÜ AL (Taze Kırılım),📈 TREND DEVAMI (0 Üstü + Hacim),-,🔴 Ayı Piyasası (EMA 50 En Altta),🚨 BB SIKIŞMA,🟡Fiyat Orta-Üst Bant Aralığında,EMA21 Destek: 4088.32 (%1.2 altta) | EMA55 Direnç: 4231.10 (%2.3 üstte),-,4767.20-4879.70 (%15.2 üstte),52.1,66.2,0.5,-3.04,0.0,,
2026-07-30 15:07,GLTR,180.46,🔴 Düşüş Trendinde,🔴 SAT,-,-,🔴 Ayı Piyasası (EMA 50 En Altta),🚨 BB SIKIŞMA,⚪Fiyat Alt_Orta Bant Aralığında,EMA5 Direnç: 181.02 (%0.3 üstte),-,248.82-257.80 (%37.9 üstte),43.03,64.13,-0.05,-7.57,0.0,,
2026-07-30 15:07,HG=F,6.45,🟢 Yükseliş Trendinde,⏳ BEKLE,📈 TREND DEVAMI (0 Üstü + Hacim),-,🚀 ASIL SİNYAL: GÜÇLÜ AL (EMA Sıralı + SSL Onay),🟠 Daralıyor,🟡Fiyat Orta-Üst Bant Aralığında,EMA5 Destek: 6.36 (%1.4 altta),5.79-5.90 (%8.6 altta),-,57.96,30.3,0.36,12.64,0.0,,
2026-07-30 15:07,IBB,188.53,🔴 Düşüş Trendinde,🟢 AL (Trend Onaylı),-,-,⚠️ Yükseliş Trendinde Düzeltme (SSL Negatif),⚪ Yelpaze Açık,⚪Fiyat Alt_Orta Bant Aralığında,EMA21 Destek: 187.98 (%0.3 altta) | EMA5 Direnç: 188.92 (%0.2 üstte),163.90-167.80 (%11.0 altta),-,53.45,15.18,-0.39,11.46,0.0,,
2026-07-30 15:07,ICLN,16.87,🔴 Düşüş Trendinde,🔴 SAT,-,🟢 POTANSİYEL DİP,⚠️ Yükseliş Trendinde Düzeltme (SSL Negatif),⚪ Yelpaze Açık,🚨Fiyat Bandın Altında!,EMA5 Direnç: 17.49 (%3.7 üstte),-,21.34-21.75 (%26.5 üstte),28.05,1.94,-0.89,-8.11,-0.62,,
2026-07-30 15:07,INDA,49.17,🟢 Yükseliş Trendinde,🟢 AL (Trend Onaylı),-,-,🔴 Ayı Piyasası (EMA 50 En Altta),🚨 BB SIKIŞMA,🟡Fiyat Orta-Üst Bant Aralığında,EMA5 Destek: 48.88 (%0.6 altta) | EMA100 Direnç: 49.28 (%0.2 üstte),47.28-47.85 (%2.7 altta),54.75-55.02 (%11.3 üstte),53.69,93.45,-0.11,-3.07,0.0,,
2026-07-30 15:07,IWM,288.57,🟢 Yükseliş Trendinde,🔴 SAT,🔴 ZAYIFLAMA (Zaten Dipte),-,⚠️ Yükseliş Trendinde Düzeltme (SSL Negatif),🚨 BB SIKIŞMA,🚨Fiyat Bandın Altında!,EMA100 Destek: 281.57 (%2.4 altta) | EMA55 Direnç: 289.24 (%0.2 üstte),238.69-245.37 (%15.0 altta),-,41.81,23.59,-0.68,7.97,-0.3,,
2026-07-30 15:07,MARS,22.39,🔴 Düşüş Trendinde,🔴 SAT,🔴 ZAYIFLAMA (Zaten Dipte),-,-,-,⚪Fiyat Alt_Orta Bant Aralığında,EMA5 Direnç: 23.43 (%4.6 üstte),-,-,27.6,20.94,-0.92,-,0.0,,
2026-07-30 15:07,NASA,20.54,🔴 Düşüş Trendinde,🔴 SAT,🔴 ZAYIFLAMA (Zaten Dipte),-,-,-,⚪Fiyat Alt_Orta Bant Aralığında,EMA5 Direnç: 21.86 (%6.4 üstte),-,-,26.53,24.27,-0.91,-,0.0,,
2026-07-30 15:07,PA=F,1283.5,🟢 Yükseliş Trendinde,⏳ BEKLE,-,-,🔴 Ayı Piyasası (EMA 50 En Altta),🚨 BB SIKIŞMA,🟡Fiyat Orta-Üst Bant Aralığında,EMA5 Destek: 1269.11 (%1.1 altta) | EMA55 Direnç: 1311.95 (%2.2 üstte),-,1774.50-1842.00 (%38.3 üstte),51.9,38.32,0.0,-8.72,0.0,,
2026-07-30 15:07,PHO,71.03,🟢 Yükseliş Trendinde,🟢 AL (Trend Onaylı),-,-,🔴 Ayı Piyasası (EMA 50 En Altta),⚪ Yelpaze Açık,🟡Fiyat Orta-Üst Bant Aralığında,EMA5 Destek: 69.97 (%1.5 altta),-,72.60-73.56 (%2.2 üstte),62.55,86.41,0.3,1.74,0.0,,
2026-07-30 15:07,PL=F,1629.0,🔴 Düşüş Trendinde,⏳ BEKLE,🚀 KUSURSUZ DÖNÜŞ (0 Altı + Hacim),-,🔴 Ayı Piyasası (EMA 50 En Altta),🚨 BB SIKIŞMA,🟡Fiyat Orta-Üst Bant Aralığında,EMA21 Destek: 1627.88 (%0.1 altta) | EMA55 Direnç: 1724.52 (%5.9 üstte),-,2357.40-2365.60 (%44.7 üstte),48.0,63.88,-0.21,-8.52,0.0,,
2026-07-30 15:07,QQQ,661.73,🔴 Düşüş Trendinde,🔴 SAT,-,🟢 POTANSİYEL DİP,⚠️ Yükseliş Trendinde Düzeltme (SSL Negatif),⚪ Yelpaze Açık,🚨Fiyat Bandın Altında!,EMA200 Destek: 651.78 (%1.5 altta) | EMA5 Direnç: 677.79 (%2.4 üstte),555.60-568.05 (%14.2 altta),-,32.4,0.0,-0.92,1.53,-1.16,,
2026-07-30 15:07,SI=F,58.35,🔴 Düşüş Trendinde,🔴 SAT,-,-,🔴 Ayı Piyasası (EMA 50 En Altta),🚨 BB SIKIŞMA,⚪Fiyat Alt_Orta Bant Aralığında,EMA5 Destek: 58.10 (%0.4 altta) | EMA21 Direnç: 59.26 (%1.6 üstte),-,86.93-88.89 (%49.0 üstte),44.3,69.68,0.29,-8.64,0.0,,
2026-07-30 15:07,SOXX,465.0,🔴 Düşüş Trendinde,🔴 SAT,-,🟢 POTANSİYEL DİP,⚠️ Yükseliş Trendinde Düzeltme (SSL Negatif),⚪ Yelpaze Açık,🚨Fiyat Bandın Altında!,EMA200 Destek: 418.90 (%9.9 altta) | EMA100 Direnç: 497.42 (%7.0 üstte),-,-,33.1,0.0,-0.78,11.0,-3.77,,
2026-07-30 15:07,VNM,16.54,🔴 Düşüş Trendinde,⏳ BEKLE,-,-,🔴 Ayı Piyasası (EMA 50 En Altta),⚪ Yelpaze Açık,⚪Fiyat Alt_Orta Bant Aralığında,EMA5 Direnç: 16.57 (%0.2 üstte),-,19.58-19.78 (%18.4 üstte),33.61,27.93,-0.93,-8.49,0.0,,
2026-07-30 15:07,WQTM,29.14,🔴 Düşüş Trendinde,🔴 SAT,-,-,⚠️ Yükseliş Trendinde Düzeltme (SSL Negatif),⚪ Yelpaze Açık,⚪Fiyat Alt_Orta Bant Aralığında,EMA200 Direnç: 29.74 (%2.1 üstte),23.18-24.30 (%16.6 altta),-,30.51,17.09,-0.87,-2.01,0.0,,
2026-07-30 15:07,XBI,147.91,🔴 Düşüş Trendinde,🔴 SAT,🔴 ZAYIFLAMA (Zaten Dipte),-,⚠️ Yükseliş Trendinde Düzeltme (SSL Negatif),⚪ Yelpaze Açık,⚪Fiyat Alt_Orta Bant Aralığında,EMA55 Destek: 145.90 (%1.4 altta) | EMA5 Direnç: 149.98 (%1.4 üstte),-,-,44.22,0.22,-0.89,15.9,0.0,,
2026-07-30 15:07,XLV,166.24,🟢 Yükseliş Trendinde,🟢 AL (Trend Onaylı),-,-,🟢 EMA Yükselişte (SSL Ok Bekleniyor),⚪ Yelpaze Açık,🟡Fiyat Orta-Üst Bant Aralığında,EMA5 Destek: 164.54 (%1.0 altta),145.31-147.27 (%11.4 altta),-,64.85,84.94,0.71,10.11,0.0,,
2026-07-30 15:07,XU100.IS,13361.27,🔴 Düşüş Trendinde,🔴 SAT,-,🟢 POTANSİYEL DİP,⚠️ Yükseliş Trendinde Düzeltme (SSL Negatif),🟡 Normal Genişlik,🚨Fiyat Bandın Altında!,EMA200 Destek: 12904.47 (%3.4 altta) | EMA5 Direnç: 13615.35 (%1.9 üstte),10373.80-10839.10 (%18.9 altta),-,32.1,0.0,-0.86,3.54,-0.8,,
2026-07-30 19:04,AIQ,58.27,🔴 Düşüş Trendinde,⏳ BEKLE,-,-,⚠️ Yükseliş Trendinde Düzeltme (SSL Negatif),⚪ Yelpaze Açık,⚪Fiyat Alt_Orta Bant Aralığında,EMA5 Destek: 57.81 (%0.8 altta) | EMA100 Direnç: 58.78 (%0.9 üstte),44.46-45.83 (%21.3 altta),-,42.98,24.15,-0.82,5.46,0.0,,
2026-07-30 19:04,ALUM.L,4.29,🔴 Düşüş Trendinde,🔥 GÜÇLÜ AL (Taze Kırılım),🟡 RİSKLİ AL (0 Üstü - Hacimsiz),-,"📉 Düşüş Hazırlığı (50<100 Kesti, 150 Bekleniyor)",🚨 BB SIKIŞMA,🟡Fiyat Orta-Üst Bant Aralığında,EMA21 Destek: 4.27 (%0.5 altta) | EMA55 Direnç: 4.38 (%2.2 üstte),3.64-3.71 (%13.5 altta),-,49.6,82.37,0.37,3.18,0.0,,
2026-07-30 19:04,BZ=F,89.22,🔴 Düşüş Trendinde,🔴 SAT,-,-,"📉 Düşüş Hazırlığı (50<100 Kesti, 150 Bekleniyor)",⚪ Yelpaze Açık,🟡Fiyat Orta-Üst Bant Aralığında,EMA55 Destek: 87.95 (%1.4 altta) | EMA5 Direnç: 89.77 (%0.6 üstte),59.45-60.91 (%31.7 altta),106.87-112.69 (%19.8 üstte),53.07,28.98,0.44,11.51,0.0,,
2026-07-30 19:04,CCJ,87.5,🔴 Düşüş Trendinde,🔴 SAT,-,-,🔴 Ayı Piyasası (EMA 50 En Altta),🟡 Normal Genişlik,⚪Fiyat Alt_Orta Bant Aralığında,EMA5 Destek: 87.17 (%0.4 altta) | EMA21 Direnç: 91.37 (%4.4 üstte),-,-,39.97,74.05,-0.45,-11.74,0.0,,
2026-07-30 19:04,CGW,64.78,🟢 Yükseliş Trendinde,⏳ BEKLE,🔴 ZAYIFLAMA (Zaten Dipte),-,⚠️ Yükseliş Trendinde Düzeltme (SSL Negatif),🚨 BB SIKIŞMA,⚪Fiyat Alt_Orta Bant Aralığında,EMA55 Destek: 64.53 (%0.4 altta) | EMA5 Direnç: 64.88 (%0.2 üstte),-,-,49.79,30.8,-0.59,0.64,0.0,,
2026-07-30 19:04,COPA,46.5,🔴 Düşüş Trendinde,🔴 SAT,-,-,🟢 EMA Yükselişte (SSL Ok Bekleniyor),🚨 BB SIKIŞMA,⚪Fiyat Alt_Orta Bant Aralığında,EMA200 Destek: 44.49 (%4.3 altta) | EMA5 Direnç: 46.94 (%1.0 üstte),-,-,44.84,37.76,0.05,4.52,0.0,,
2026-07-30 19:04,COPX,79.17,🔴 Düşüş Trendinde,🔥 GÜÇLÜ AL (Taze Kırılım),🟡 RİSKLİ AL (0 Üstü - Hacimsiz),-,"📉 Düşüş Hazırlığı (50<100 Kesti, 150 Bekleniyor)",🚨 BB SIKIŞMA,🟡Fiyat Orta-Üst Bant Aralığında,EMA5 Destek: 77.68 (%1.9 altta) | EMA100 Direnç: 79.44 (%0.3 üstte),-,91.20-93.89 (%15.2 üstte),52.51,61.24,0.38,7.15,0.0,,
2026-07-30 19:04,EEM,63.31,🔴 Düşüş Trendinde,🔴 SAT,-,-,⚠️ Yükseliş Trendinde Düzeltme (SSL Negatif),🟡 Normal Genişlik,⚪Fiyat Alt_Orta Bant Aralığında,EMA5 Destek: 62.89 (%0.7 altta) | EMA100 Direnç: 63.94 (%1.0 üstte),52.58-53.31 (%15.8 altta),-,44.34,25.4,-0.68,4.92,0.0,,
2026-07-30 19:04,EWZ,36.15,🟢 Yükseliş Trendinde,⏳ BEKLE,-,-,"📉 Düşüş Hazırlığı (50<100 Kesti, 150 Bekleniyor)",🚨 BB SIKIŞMA,🟡Fiyat Orta-Üst Bant Aralığında,EMA5 Destek: 35.91 (%0.7 altta),-,-,55.8,30.68,0.34,5.14,0.0,,
2026-07-30 19:04,GC=F,4164.3,🔴 Düşüş Trendinde,🔥 GÜÇLÜ AL (Taze Kırılım),📈 TREND DEVAMI (0 Üstü + Hacim),-,🔴 Ayı Piyasası (EMA 50 En Altta),🚨 BB SIKIŞMA,🟡Fiyat Orta-Üst Bant Aralığında,EMA21 Destek: 4090.82 (%1.8 altta) | EMA55 Direnç: 4232.07 (%1.6 üstte),-,4767.20-4879.70 (%14.5 üstte),53.94,66.2,0.52,-2.41,0.0,,
2026-07-30 19:04,GLTR,183.75,🔴 Düşüş Trendinde,🔥 GÜÇLÜ AL (Taze Kırılım),🟡 RİSKLİ AL (0 Üstü - Hacimsiz),-,🔴 Ayı Piyasası (EMA 50 En Altta),🚨 BB SIKIŞMA,🟡Fiyat Orta-Üst Bant Aralığında,EMA21 Destek: 183.51 (%0.1 altta) | EMA55 Direnç: 193.15 (%5.1 üstte),-,248.82-257.80 (%35.4 üstte),48.05,70.49,0.28,-5.83,0.0,,
2026-07-30 19:04,HG=F,6.47,🟢 Yükseliş Trendinde,🔥 GÜÇLÜ AL (Taze Kırılım),📈 TREND DEVAMI (0 Üstü + Hacim),-,🚀 ASIL SİNYAL: GÜÇLÜ AL (EMA Sıralı + SSL Onay),🟠 Daralıyor,🟡Fiyat Orta-Üst Bant Aralığında,EMA5 Destek: 6.37 (%1.6 altta),5.79-5.90 (%8.8 altta),-,58.45,31.55,0.37,12.86,0.0,,
2026-07-30 19:04,IBB,187.23,🔴 Düşüş Trendinde,🔴 SAT,-,-,⚠️ Yükseliş Trendinde Düzeltme (SSL Negatif),⚪ Yelpaze Açık,⚪Fiyat Alt_Orta Bant Aralığında,EMA55 Destek: 182.28 (%2.6 altta) | EMA21 Direnç: 187.91 (%0.4 üstte),163.90-167.80 (%10.4 altta),-,50.73,12.34,-0.29,10.57,0.0,,
2026-07-30 19:04,ICLN,17.62,🔴 Düşüş Trendinde,⏳ BEKLE,🚀 KUSURSUZ DÖNÜŞ (0 Altı + Hacim),-,"📉 Düşüş Hazırlığı (50<100 Kesti, 150 Bekleniyor)",⚪ Yelpaze Açık,⚪Fiyat Alt_Orta Bant Aralığında,EMA5 Destek: 17.53 (%0.5 altta) | EMA200 Direnç: 18.35 (%4.1 üstte),-,21.34-21.75 (%21.1 üstte),37.99,26.15,-0.86,-3.96,0.0,,
2026-07-30 19:04,INDA,49.72,🟢 Yükseliş Trendinde,🟢 AL (Trend Onaylı),-,-,🔴 Ayı Piyasası (EMA 50 En Altta),🟠 Daralıyor,🟡Fiyat Orta-Üst Bant Aralığında,EMA100 Destek: 49.29 (%0.9 altta) | EMA200 Direnç: 50.72 (%2.0 üstte),47.28-47.85 (%3.8 altta),54.75-55.02 (%10.1 üstte),58.29,96.03,0.29,-1.96,0.0,,
2026-07-30 19:04,IWM,290.72,🟢 Yükseliş Trendinde,🔴 SAT,-,-,⚠️ Yükseliş Trendinde Düzeltme (SSL Negatif),🚨 BB SIKIŞMA,⚪Fiyat Alt_Orta Bant Aralığında,EMA55 Destek: 289.30 (%0.5 altta) | EMA5 Direnç: 291.28 (%0.2 üstte),238.69-245.37 (%15.6 altta),-,45.9,24.0,-0.68,8.68,0.0,,
2026-07-30 19:04,MARS,23.2,🔴 Düşüş Trendinde,⏳ BEKLE,🟢 POTANSİYEL DİP (0 Altı - Hacimsiz),-,-,-,⚪Fiyat Alt_Orta Bant Aralığında,EMA5 Direnç: 23.35 (%0.7 üstte),-,-,32.74,34.5,-0.9,-,0.0,,
2026-07-30 19:04,NASA,21.37,🔴 Düşüş Trendinde,⏳ BEKLE,🟢 POTANSİYEL DİP (0 Altı - Hacimsiz),-,-,-,⚪Fiyat Alt_Orta Bant Aralığında,EMA5 Direnç: 21.70 (%1.5 üstte),-,-,31.88,33.05,-0.9,-,0.0,,
2026-07-30 19:04,PA=F,1305.0,🟢 Yükseliş Trendinde,⏳ BEKLE,🚀 KUSURSUZ DÖNÜŞ (0 Altı + Hacim),-,🔴 Ayı Piyasası (EMA 50 En Altta),🚨 BB SIKIŞMA,🟡Fiyat Orta-Üst Bant Aralığında,EMA5 Destek: 1276.28 (%2.2 altta) | EMA55 Direnç: 1312.72 (%0.6 üstte),-,1774.50-1842.00 (%36.0 üstte),54.48,48.46,0.11,-7.21,0.0,,
2026-07-30 19:04,PHO,69.57,🟢 Yükseliş Trendinde,🟢 AL (Trend Onaylı),-,-,🔴 Ayı Piyasası (EMA 50 En Altta),⚪ Yelpaze Açık,🟡Fiyat Orta-Üst Bant Aralığında,EMA21 Destek: 68.91 (%1.0 altta) | EMA200 Direnç: 69.81 (%0.3 üstte),-,72.60-73.56 (%4.4 üstte),54.2,78.28,0.38,-0.34,0.0,,
2026-07-30 19:04,PL=F,1660.5,🔴 Düşüş Trendinde,🔥 GÜÇLÜ AL (Taze Kırılım),🚀 KUSURSUZ DÖNÜŞ (0 Altı + Hacim),-,🔴 Ayı Piyasası (EMA 50 En Altta),🚨 BB SIKIŞMA,🚨Fiyat Bandın Üzerinde!,EMA21 Destek: 1630.75 (%1.8 altta) | EMA55 Direnç: 1725.64 (%3.9 üstte),-,2357.40-2365.60 (%42.0 üstte),52.04,63.88,-0.0,-6.77,0.01,,
2026-07-30 19:04,QQQ,680.78,🔴 Düşüş Trendinde,⏳ BEKLE,🟢 POTANSİYEL DİP (0 Altı - Hacimsiz),-,⚠️ Yükseliş Trendinde Düzeltme (SSL Negatif),⚪ Yelpaze Açık,⚪Fiyat Alt_Orta Bant Aralığında,EMA5 Destek: 678.78 (%0.3 altta) | EMA100 Direnç: 682.40 (%0.2 üstte),555.60-568.05 (%16.6 altta),-,41.99,17.48,-0.89,4.4,0.0,,
2026-07-30 19:04,SI=F,58.81,🔴 Düşüş Trendinde,⏳ BEKLE,-,-,🔴 Ayı Piyasası (EMA 50 En Altta),🚨 BB SIKIŞMA,🟡Fiyat Orta-Üst Bant Aralığında,EMA5 Destek: 58.25 (%0.9 altta) | EMA21 Direnç: 59.30 (%0.8 üstte),-,86.93-88.89 (%47.8 üstte),45.75,73.5,0.33,-7.93,0.0,,
2026-07-30 19:04,SOXX,503.86,🔴 Düşüş Trendinde,🔴 SAT,-,-,⚠️ Yükseliş Trendinde Düzeltme (SSL Negatif),⚪ Yelpaze Açık,⚪Fiyat Alt_Orta Bant Aralığında,EMA5 Destek: 501.95 (%0.4 altta) | EMA55 Direnç: 536.12 (%6.4 üstte),-,-,42.38,20.38,-0.74,20.04,0.0,,
2026-07-30 19:04,VNM,17.32,🔥 AL (Taze Kırılım),🔥 GÜÇLÜ AL (Taze Kırılım),-,-,🔴 Ayı Piyasası (EMA 50 En Altta),⚪ Yelpaze Açık,⚪Fiyat Alt_Orta Bant Aralığında,EMA21 Destek: 17.23 (%0.5 altta) | EMA55 Direnç: 17.79 (%2.8 üstte),-,19.58-19.78 (%13.1 üstte),48.94,59.6,-0.7,-4.16,0.0,,
2026-07-30 19:04,WQTM,31.05,🔴 Düşüş Trendinde,⏳ BEKLE,🟢 POTANSİYEL DİP (0 Altı - Hacimsiz),-,⚠️ Yükseliş Trendinde Düzeltme (SSL Negatif),⚪ Yelpaze Açık,⚪Fiyat Alt_Orta Bant Aralığında,EMA5 Destek: 30.60 (%1.5 altta) | EMA21 Direnç: 32.50 (%4.7 üstte),23.18-24.30 (%21.7 altta),-,41.42,37.3,-0.8,4.36,0.0,,
2026-07-30 19:04,XBI,149.37,🔴 Düşüş Trendinde,🔴 SAT,🟢 POTANSİYEL DİP (0 Altı - Hacimsiz),-,⚠️ Yükseliş Trendinde Düzeltme (SSL Negatif),⚪ Yelpaze Açık,⚪Fiyat Alt_Orta Bant Aralığında,EMA55 Destek: 146.02 (%2.2 altta) | EMA5 Direnç: 149.78 (%0.3 üstte),-,-,47.17,6.35,-0.88,16.85,0.0,,
2026-07-30 19:04,XLV,162.94,🟢 Yükseliş Trendinde,⏳ BEKLE,🩸 SAT (Zirveden Dönüş),-,⚠️ Yükseliş Trendinde Düzeltme (SSL Negatif),⚪ Yelpaze Açık,🟡Fiyat Orta-Üst Bant Aralığında,EMA21 Destek: 161.18 (%1.1 altta) | EMA5 Direnç: 164.01 (%0.7 üstte),145.31-147.27 (%9.6 altta),-,56.03,66.42,0.73,7.83,0.0,,
2026-07-30 19:04,XU100.IS,13292.93,🔴 Düşüş Trendinde,🔴 SAT,-,🟢 POTANSİYEL DİP,⚠️ Yükseliş Trendinde Düzeltme (SSL Negatif),🟡 Normal Genişlik,🚨Fiyat Bandın Altında!,EMA200 Destek: 12903.79 (%2.9 altta) | EMA5 Direnç: 13592.57 (%2.3 üstte),10373.80-10839.10 (%18.5 altta),-,31.02,0.0,-0.86,3.02,-1.16,,
2026-07-30 21:51,AIQ,58.42,🔴 Düşüş Trendinde,⏳ BEKLE,-,-,⚠️ Yükseliş Trendinde Düzeltme (SSL Negatif),⚪ Yelpaze Açık,⚪Fiyat Alt_Orta Bant Aralığında,EMA5 Destek: 57.86 (%1.0 altta) | EMA100 Direnç: 58.79 (%0.6 üstte),44.46-45.83 (%21.5 altta),-,43.46,25.47,-0.81,5.72,0.0,,
2026-07-30 21:51,ALUM.L,4.29,🔴 Düşüş Trendinde,🔥 GÜÇLÜ AL (Taze Kırılım),🟡 RİSKLİ AL (0 Üstü - Hacimsiz),-,"📉 Düşüş Hazırlığı (50<100 Kesti, 150 Bekleniyor)",🚨 BB SIKIŞMA,🟡Fiyat Orta-Üst Bant Aralığında,EMA21 Destek: 4.27 (%0.5 altta) | EMA55 Direnç: 4.38 (%2.2 üstte),3.64-3.71 (%13.5 altta),-,49.6,82.37,0.37,3.18,0.0,,
2026-07-30 21:51,BZ=F,88.99,🔴 Düşüş Trendinde,🔴 SAT,-,-,"📉 Düşüş Hazırlığı (50<100 Kesti, 150 Bekleniyor)",⚪ Yelpaze Açık,🟡Fiyat Orta-Üst Bant Aralığında,EMA55 Destek: 87.94 (%1.2 altta) | EMA5 Direnç: 89.69 (%0.8 üstte),59.45-60.91 (%31.6 altta),106.87-112.69 (%20.1 üstte),52.8,28.64,0.43,11.22,0.0,,
2026-07-30 21:51,CCJ,87.2,🔴 Düşüş Trendinde,🔴 SAT,-,-,🔴 Ayı Piyasası (EMA 50 En Altta),🟡 Normal Genişlik,⚪Fiyat Alt_Orta Bant Aralığında,EMA5 Destek: 87.07 (%0.1 altta) | EMA21 Direnç: 91.34 (%4.8 üstte),-,-,39.37,72.95,-0.46,-12.04,0.0,,
2026-07-30 21:51,CGW,64.93,🟢 Yükseliş Trendinde,🔥 GÜÇLÜ AL (Taze Kırılım),🔴 ZAYIFLAMA (Zaten Dipte),-,⚠️ Yükseliş Trendinde Düzeltme (SSL Negatif),🚨 BB SIKIŞMA,⚪Fiyat Alt_Orta Bant Aralığında,EMA5 Destek: 64.93 (%0.0 altta),-,-,50.87,34.05,-0.56,0.87,0.0,,
2026-07-30 21:51,COPA,48.29,🔴 Düşüş Trendinde,⏳ BEKLE,-,-,🚀 ASIL SİNYAL: GÜÇLÜ AL (EMA Sıralı + SSL Onay),🚨 BB SIKIŞMA,🟡Fiyat Orta-Üst Bant Aralığında,EMA100 Destek: 47.89 (%0.8 altta) | EMA55 Direnç: 48.42 (%0.3 üstte),-,-,51.2,55.76,0.23,8.5,0.0,,
2026-07-30 21:51,COPX,79.23,🔴 Düşüş Trendinde,🔥 GÜÇLÜ AL (Taze Kırılım),🟡 RİSKLİ AL (0 Üstü - Hacimsiz),-,"📉 Düşüş Hazırlığı (50<100 Kesti, 150 Bekleniyor)",🚨 BB SIKIŞMA,🟡Fiyat Orta-Üst Bant Aralığında,EMA5 Destek: 77.70 (%1.9 altta) | EMA100 Direnç: 79.44 (%0.3 üstte),-,91.20-93.89 (%15.1 üstte),52.62,61.54,0.38,7.23,0.0,,
2026-07-30 21:51,EEM,63.38,🔴 Düşüş Trendinde,🔴 SAT,-,-,⚠️ Yükseliş Trendinde Düzeltme (SSL Negatif),🟡 Normal Genişlik,⚪Fiyat Alt_Orta Bant Aralığında,EMA5 Destek: 62.91 (%0.7 altta) | EMA100 Direnç: 63.94 (%0.9 üstte),52.58-53.31 (%15.9 altta),-,44.55,25.98,-0.68,5.02,0.0,,
2026-07-30 21:51,EWZ,36.32,🟢 Yükseliş Trendinde,⏳ BEKLE,-,-,"📉 Düşüş Hazırlığı (50<100 Kesti, 150 Bekleniyor)",🚨 BB SIKIŞMA,🟡Fiyat Orta-Üst Bant Aralığında,EMA5 Destek: 35.96 (%1.0 altta),-,-,57.05,34.09,0.38,5.63,0.0,,
2026-07-30 21:51,GC=F,4164.3,🔴 Düşüş Trendinde,🔥 GÜÇLÜ AL (Taze Kırılım),📈 TREND DEVAMI (0 Üstü + Hacim),-,🔴 Ayı Piyasası (EMA 50 En Altta),🚨 BB SIKIŞMA,🟡Fiyat Orta-Üst Bant Aralığında,EMA21 Destek: 4090.82 (%1.8 altta) | EMA55 Direnç: 4232.07 (%1.6 üstte),-,4767.20-4879.70 (%14.5 üstte),53.94,66.2,0.52,-2.41,0.0,,
2026-07-30 21:51,GLTR,184.07,🔴 Düşüş Trendinde,🔥 GÜÇLÜ AL (Taze Kırılım),🟡 RİSKLİ AL (0 Üstü - Hacimsiz),-,🔴 Ayı Piyasası (EMA 50 En Altta),🚨 BB SIKIŞMA,🟡Fiyat Orta-Üst Bant Aralığında,EMA21 Destek: 183.54 (%0.3 altta) | EMA55 Direnç: 193.16 (%4.9 üstte),-,248.82-257.80 (%35.2 üstte),48.49,70.49,0.3,-5.67,0.0,,
2026-07-30 21:51,HG=F,6.48,🟢 Yükseliş Trendinde,🔥 GÜÇLÜ AL (Taze Kırılım),📈 TREND DEVAMI (0 Üstü + Hacim),-,🚀 ASIL SİNYAL: GÜÇLÜ AL (EMA Sıralı + SSL Onay),🟠 Daralıyor,🟡Fiyat Orta-Üst Bant Aralığında,EMA5 Destek: 6.37 (%1.7 altta),5.79-5.90 (%9.0 altta),-,59.01,33.01,0.38,13.11,0.0,,
2026-07-30 21:51,IBB,188.55,🔴 Düşüş Trendinde,⏳ BEKLE,-,-,⚠️ Yükseliş Trendinde Düzeltme (SSL Negatif),⚪ Yelpaze Açık,⚪Fiyat Alt_Orta Bant Aralığında,EMA21 Destek: 188.03 (%0.3 altta) | EMA5 Direnç: 188.80 (%0.1 üstte),163.90-167.80 (%11.0 altta),-,53.5,19.85,-0.17,11.35,0.0,,
2026-07-30 21:51,ICLN,17.61,🔴 Düşüş Trendinde,⏳ BEKLE,🚀 KUSURSUZ DÖNÜŞ (0 Altı + Hacim),-,"📉 Düşüş Hazırlığı (50<100 Kesti, 150 Bekleniyor)",⚪ Yelpaze Açık,⚪Fiyat Alt_Orta Bant Aralığında,EMA5 Destek: 17.53 (%0.5 altta) | EMA200 Direnç: 18.35 (%4.2 üstte),-,21.34-21.75 (%21.1 üstte),37.88,25.85,-0.86,-4.01,0.0,,
2026-07-30 21:51,INDA,49.69,🟢 Yükseliş Trendinde,🟢 AL (Trend Onaylı),-,-,🔴 Ayı Piyasası (EMA 50 En Altta),🟠 Daralıyor,🟡Fiyat Orta-Üst Bant Aralığında,EMA100 Destek: 49.29 (%0.8 altta) | EMA200 Direnç: 50.72 (%2.1 üstte),47.28-47.85 (%3.7 altta),54.75-55.02 (%10.2 üstte),57.99,96.03,0.28,-2.04,0.0,,
2026-07-30 21:51,IWM,291.62,🟢 Yükseliş Trendinde,🔴 SAT,-,-,⚠️ Yükseliş Trendinde Düzeltme (SSL Negatif),🚨 BB SIKIŞMA,⚪Fiyat Alt_Orta Bant Aralığında,EMA5 Destek: 291.58 (%0.0 altta) | EMA21 Direnç: 293.32 (%0.6 üstte),238.69-245.37 (%15.9 altta),-,47.45,28.09,-0.65,9.01,0.0,,
2026-07-30 21:51,MARS,23.12,🔴 Düşüş Trendinde,⏳ BEKLE,🟢 POTANSİYEL DİP (0 Altı - Hacimsiz),-,-,-,⚪Fiyat Alt_Orta Bant Aralığında,EMA5 Direnç: 23.33 (%0.9 üstte),-,-,32.27,32.17,-0.91,-,0.0,,
2026-07-30 21:51,NASA,21.42,🔴 Düşüş Trendinde,⏳ BEKLE,🟢 POTANSİYEL DİP (0 Altı - Hacimsiz),-,-,-,⚪Fiyat Alt_Orta Bant Aralığında,EMA5 Direnç: 21.71 (%1.4 üstte),-,-,32.15,34.23,-0.9,-,0.0,,
2026-07-30 21:51,PA=F,1309.5,🟢 Yükseliş Trendinde,🔥 GÜÇLÜ AL (Taze Kırılım),🚀 KUSURSUZ DÖNÜŞ (0 Altı + Hacim),-,🔴 Ayı Piyasası (EMA 50 En Altta),🚨 BB SIKIŞMA,🟡Fiyat Orta-Üst Bant Aralığında,EMA5 Destek: 1277.78 (%2.4 altta) | EMA55 Direnç: 1312.88 (%0.3 üstte),-,1774.50-1842.00 (%35.5 üstte),54.98,48.67,0.13,-6.89,0.0,,
2026-07-30 21:51,PHO,69.77,🟢 Yükseliş Trendinde,🟢 AL (Trend Onaylı),-,-,🔴 Ayı Piyasası (EMA 50 En Altta),⚪ Yelpaze Açık,🟡Fiyat Orta-Üst Bant Aralığında,EMA21 Destek: 68.92 (%1.2 altta) | EMA200 Direnç: 69.81 (%0.1 üstte),-,72.60-73.56 (%4.1 üstte),55.2,79.82,0.39,-0.06,0.0,,
2026-07-30 21:51,PL=F,1666.1,🔴 Düşüş Trendinde,🔥 GÜÇLÜ AL (Taze Kırılım),🚀 KUSURSUZ DÖNÜŞ (0 Altı + Hacim),-,🔴 Ayı Piyasası (EMA 50 En Altta),🚨 BB SIKIŞMA,🚨Fiyat Bandın Üzerinde!,EMA21 Destek: 1631.26 (%2.1 altta) | EMA55 Direnç: 1725.84 (%3.6 üstte),-,2357.40-2365.60 (%41.5 üstte),52.69,63.88,0.03,-6.46,0.26,,
2026-07-30 21:51,QQQ,681.99,🔴 Düşüş Trendinde,⏳ BEKLE,🚀 KUSURSUZ DÖNÜŞ (0 Altı + Hacim),-,⚠️ Yükseliş Trendinde Düzeltme (SSL Negatif),⚪ Yelpaze Açık,⚪Fiyat Alt_Orta Bant Aralığında,EMA5 Destek: 679.19 (%0.4 altta) | EMA100 Direnç: 682.42 (%0.1 üstte),555.60-568.05 (%16.7 altta),-,42.51,18.43,-0.89,4.59,0.0,,
2026-07-30 21:51,SI=F,59.14,🔴 Düşüş Trendinde,⏳ BEKLE,-,-,🔴 Ayı Piyasası (EMA 50 En Altta),🚨 BB SIKIŞMA,🟡Fiyat Orta-Üst Bant Aralığında,EMA5 Destek: 58.36 (%1.3 altta) | EMA21 Direnç: 59.33 (%0.3 üstte),-,86.93-88.89 (%47.0 üstte),46.75,75.34,0.36,-7.41,0.0,,
2026-07-30 21:51,SOXX,501.72,🔴 Düşüş Trendinde,🔴 SAT,-,-,⚠️ Yükseliş Trendinde Düzeltme (SSL Negatif),⚪ Yelpaze Açık,⚪Fiyat Alt_Orta Bant Aralığında,EMA5 Destek: 501.24 (%0.1 altta) | EMA55 Direnç: 536.04 (%6.8 üstte),-,-,41.94,19.4,-0.75,19.54,0.0,,
2026-07-30 21:51,VNM,17.37,🔥 AL (Taze Kırılım),🔥 GÜÇLÜ AL (Taze Kırılım),-,-,🔴 Ayı Piyasası (EMA 50 En Altta),⚪ Yelpaze Açık,🟡Fiyat Orta-Üst Bant Aralığında,EMA21 Destek: 17.24 (%0.8 altta) | EMA55 Direnç: 17.79 (%2.4 üstte),-,19.58-19.78 (%12.7 üstte),49.76,59.6,-0.68,-3.86,0.0,,
2026-07-30 21:51,WQTM,31.13,🔴 Düşüş Trendinde,⏳ BEKLE,🚀 KUSURSUZ DÖNÜŞ (0 Altı + Hacim),-,⚠️ Yükseliş Trendinde Düzeltme (SSL Negatif),⚪ Yelpaze Açık,⚪Fiyat Alt_Orta Bant Aralığında,EMA5 Destek: 30.63 (%1.6 altta) | EMA21 Direnç: 32.51 (%4.4 üstte),23.18-24.30 (%21.9 altta),-,41.8,37.3,-0.79,4.63,0.0,,
2026-07-30 21:51,XBI,150.12,🔴 Düşüş Trendinde,🔴 SAT,🟢 POTANSİYEL DİP (0 Altı - Hacimsiz),-,⚠️ Yükseliş Trendinde Düzeltme (SSL Negatif),⚪ Yelpaze Açık,⚪Fiyat Alt_Orta Bant Aralığında,EMA5 Destek: 150.02 (%0.1 altta) | EMA21 Direnç: 151.65 (%1.0 üstte),-,-,48.55,9.33,-0.87,17.42,0.0,,
2026-07-30 21:51,XLV,163.63,🟢 Yükseliş Trendinde,⏳ BEKLE,-,-,⚠️ Yükseliş Trendinde Düzeltme (SSL Negatif),⚪ Yelpaze Açık,🟡Fiyat Orta-Üst Bant Aralığında,EMA21 Destek: 161.25 (%1.5 altta) | EMA5 Direnç: 164.24 (%0.4 üstte),145.31-147.27 (%10.0 altta),-,57.68,70.13,0.75,8.29,0.0,,
2026-07-30 21:51,XU100.IS,13292.93,🔴 Düşüş Trendinde,🔴 SAT,-,🟢 POTANSİYEL DİP,⚠️ Yükseliş Trendinde Düzeltme (SSL Negatif),🟡 Normal Genişlik,🚨Fiyat Bandın Altında!,EMA200 Destek: 12903.79 (%2.9 altta) | EMA5 Direnç: 13592.57 (%2.3 üstte),10373.80-10839.10 (%18.5 altta),-,31.02,0.0,-0.86,3.02,-1.16,,
2026-07-31 15:21,AIQ,58.69,🔴 Düşüş Trendinde,⏳ BEKLE,🟢 POTANSİYEL DİP (0 Altı - Hacimsiz),-,⚠️ Yükseliş Trendinde Düzeltme (SSL Negatif),⚪ Yelpaze Açık,⚪Fiyat Alt_Orta Bant Aralığında,EMA5 Destek: 57.95 (%1.3 altta) | EMA100 Direnç: 58.79 (%0.2 üstte),44.46-45.83 (%21.9 altta),-,44.32,27.86,-0.8,6.23,0.0,,
2026-07-31 15:21,ALUM.L,4.26,🔴 Düşüş Trendinde,🟢 AL (Trend Onaylı),-,-,"📉 Düşüş Hazırlığı (50<100 Kesti, 150 Bekleniyor)",🚨 BB SIKIŞMA,🟡Fiyat Orta-Üst Bant Aralığında,EMA200 Destek: 4.16 (%2.4 altta) | EMA5 Direnç: 4.26 (%0.0 üstte),3.64-3.71 (%13.0 altta),-,46.88,90.28,0.4,2.5,0.0,,
2026-07-31 15:21,BZ=F,90.37,🔴 Düşüş Trendinde,🔴 SAT,-,-,"📉 Düşüş Hazırlığı (50<100 Kesti, 150 Bekleniyor)",⚪ Yelpaze Açık,🟡Fiyat Orta-Üst Bant Aralığında,EMA5 Destek: 89.93 (%0.5 altta),59.45-60.91 (%32.6 altta),106.87-112.69 (%18.3 üstte),54.32,29.96,0.32,12.94,0.0,,
2026-07-31 15:21,CCJ,88.23,🔴 Düşüş Trendinde,🔴 SAT,🚀 KUSURSUZ DÖNÜŞ (0 Altı + Hacim),-,🔴 Ayı Piyasası (EMA 50 En Altta),🟡 Normal Genişlik,⚪Fiyat Alt_Orta Bant Aralığında,EMA5 Destek: 87.41 (%0.9 altta) | EMA21 Direnç: 91.44 (%3.6 üstte),-,-,41.41,74.05,-0.41,-11.04,0.0,,
2026-07-31 15:21,CGW,65.0,🟢 Yükseliş Trendinde,🔥 GÜÇLÜ AL (Taze Kırılım),-,-,⚠️ Yükseliş Trendinde Düzeltme (SSL Negatif),🚨 BB SIKIŞMA,⚪Fiyat Alt_Orta Bant Aralığında,EMA5 Destek: 64.95 (%0.1 altta),-,-,51.36,35.52,-0.55,0.95,0.0,,
2026-07-31 15:21,COPA,48.48,🔴 Düşüş Trendinde,⏳ BEKLE,🟡 RİSKLİ AL (0 Üstü - Hacimsiz),-,🚀 ASIL SİNYAL: GÜÇLÜ AL (EMA Sıralı + SSL Onay),🚨 BB SIKIŞMA,🟡Fiyat Orta-Üst Bant Aralığında,EMA55 Destek: 48.42 (%0.1 altta),-,-,51.8,57.45,0.24,8.89,0.0,,
2026-07-31 15:21,COPX,79.5,🔴 Düşüş Trendinde,🔥 GÜÇLÜ AL (Taze Kırılım),📈 TREND DEVAMI (0 Üstü + Hacim),-,"📉 Düşüş Hazırlığı (50<100 Kesti, 150 Bekleniyor)",🚨 BB SIKIŞMA,🟡Fiyat Orta-Üst Bant Aralığında,EMA55 Destek: 79.46 (%0.1 altta),-,91.20-93.89 (%14.7 üstte),53.11,62.89,0.39,7.54,0.0,,
2026-07-31 15:21,EEM,63.59,🔴 Düşüş Trendinde,⏳ BEKLE,-,-,⚠️ Yükseliş Trendinde Düzeltme (SSL Negatif),🟡 Normal Genişlik,⚪Fiyat Alt_Orta Bant Aralığında,EMA5 Destek: 62.98 (%1.0 altta) | EMA100 Direnç: 63.95 (%0.6 üstte),52.58-53.31 (%16.2 altta),-,45.32,28.01,-0.66,5.38,0.0,,
2026-07-31 15:21,EWZ,36.53,🟢 Yükseliş Trendinde,⏳ BEKLE,🟡 RİSKLİ AL (0 Üstü - Hacimsiz),-,"📉 Düşüş Hazırlığı (50<100 Kesti, 150 Bekleniyor)",🚨 BB SIKIŞMA,🟡Fiyat Orta-Üst Bant Aralığında,EMA5 Destek: 36.03 (%1.4 altta),-,-,58.5,38.05,0.42,6.19,0.0,,
2026-07-31 15:21,GC=F,4112.9,🔴 Düşüş Trendinde,🟢 AL (Trend Onaylı),-,-,🔴 Ayı Piyasası (EMA 50 En Altta),🚨 BB SIKIŞMA,🟡Fiyat Orta-Üst Bant Aralığında,EMA21 Destek: 4087.52 (%0.6 altta) | EMA55 Direnç: 4225.60 (%2.7 üstte),-,4767.20-4879.70 (%15.9 üstte),50.45,77.78,0.45,-3.62,0.0,,
2026-07-31 15:21,GLTR,184.64,🔴 Düşüş Trendinde,🔥 GÜÇLÜ AL (Taze Kırılım),🟡 RİSKLİ AL (0 Üstü - Hacimsiz),-,🔴 Ayı Piyasası (EMA 50 En Altta),🚨 BB SIKIŞMA,🟡Fiyat Orta-Üst Bant Aralığında,EMA21 Destek: 183.59 (%0.6 altta) | EMA55 Direnç: 193.18 (%4.6 üstte),-,248.82-257.80 (%34.8 üstte),49.26,70.49,0.32,-5.44,0.0,,
2026-07-31 15:21,HG=F,6.49,🟢 Yükseliş Trendinde,🟢 AL (Trend Onaylı),-,-,🟢 EMA Yükselişte (SSL Ok Bekleniyor),🟠 Daralıyor,🟡Fiyat Orta-Üst Bant Aralığında,EMA5 Destek: 6.40 (%1.3 altta),5.79-5.90 (%9.1 altta),-,59.28,47.89,0.39,13.11,0.0,,
2026-07-31 15:21,IBB,189.96,🔴 Düşüş Trendinde,⏳ BEKLE,-,-,⚠️ Yükseliş Trendinde Düzeltme (SSL Negatif),⚪ Yelpaze Açık,⚪Fiyat Alt_Orta Bant Aralığında,EMA5 Destek: 189.26 (%0.4 altta),163.90-167.80 (%11.7 altta),-,56.04,31.45,-0.02,12.12,0.0,,
2026-07-31 15:21,ICLN,17.67,🔴 Düşüş Trendinde,⏳ BEKLE,🚀 KUSURSUZ DÖNÜŞ (0 Altı + Hacim),-,"📉 Düşüş Hazırlığı (50<100 Kesti, 150 Bekleniyor)",⚪ Yelpaze Açık,⚪Fiyat Alt_Orta Bant Aralığında,EMA5 Destek: 17.55 (%0.7 altta) | EMA200 Direnç: 18.35 (%3.8 üstte),-,21.34-21.75 (%20.8 üstte),38.5,27.48,-0.85,-3.7,0.0,,
2026-07-31 15:21,INDA,49.7,🟢 Yükseliş Trendinde,🟢 AL (Trend Onaylı),-,-,🔴 Ayı Piyasası (EMA 50 En Altta),🟠 Daralıyor,🟡Fiyat Orta-Üst Bant Aralığında,EMA100 Destek: 49.29 (%0.8 altta) | EMA200 Direnç: 50.73 (%2.1 üstte),47.28-47.85 (%3.7 altta),54.75-55.02 (%10.2 üstte),58.1,96.03,0.28,-2.03,0.0,,
2026-07-31 15:21,IWM,292.59,🟢 Yükseliş Trendinde,🔴 SAT,🚀 KUSURSUZ DÖNÜŞ (0 Altı + Hacim),-,⚠️ Yükseliş Trendinde Düzeltme (SSL Negatif),🚨 BB SIKIŞMA,⚪Fiyat Alt_Orta Bant Aralığında,EMA5 Destek: 291.90 (%0.2 altta) | EMA21 Direnç: 293.40 (%0.3 üstte),238.69-245.37 (%16.1 altta),-,49.02,32.25,-0.61,9.37,0.0,,
2026-07-31 15:21,MARS,23.47,🔴 Düşüş Trendinde,⏳ BEKLE,🟢 POTANSİYEL DİP (0 Altı - Hacimsiz),-,-,-,⚪Fiyat Alt_Orta Bant Aralığında,EMA5 Destek: 23.44 (%0.1 altta) | EMA21 Direnç: 25.99 (%10.7 üstte),-,-,34.3,42.12,-0.89,-,0.0,,
2026-07-31 15:21,NASA,21.6,🔴 Düşüş Trendinde,⏳ BEKLE,🟢 POTANSİYEL DİP (0 Altı - Hacimsiz),-,-,-,⚪Fiyat Alt_Orta Bant Aralığında,EMA5 Direnç: 21.77 (%0.8 üstte),-,-,33.2,38.81,-0.89,-,0.0,,
2026-07-31 15:21,PA=F,1289.5,🟢 Yükseliş Trendinde,🟢 AL (Trend Onaylı),-,-,🔴 Ayı Piyasası (EMA 50 En Altta),🚨 BB SIKIŞMA,🟡Fiyat Orta-Üst Bant Aralığında,EMA5 Destek: 1280.06 (%0.7 altta) | EMA55 Direnç: 1311.79 (%1.7 üstte),-,1774.50-1842.00 (%37.6 üstte),52.36,58.55,0.04,-8.29,0.0,,
2026-07-31 15:21,PHO,69.98,🟢 Yükseliş Trendinde,🟢 AL (Trend Onaylı),-,-,🔴 Ayı Piyasası (EMA 50 En Altta),⚪ Yelpaze Açık,🟡Fiyat Orta-Üst Bant Aralığında,EMA5 Destek: 69.98 (%0.0 altta),-,72.60-73.56 (%3.7 üstte),56.31,81.5,0.41,0.2,0.0,,
2026-07-31 15:21,PL=F,1643.7,🔴 Düşüş Trendinde,🟢 AL (Trend Onaylı),-,-,🔴 Ayı Piyasası (EMA 50 En Altta),🚨 BB SIKIŞMA,🟡Fiyat Orta-Üst Bant Aralığında,EMA21 Destek: 1631.21 (%0.8 altta) | EMA55 Direnç: 1722.42 (%4.8 üstte),-,2357.40-2365.60 (%43.4 üstte),49.89,72.48,0.01,-7.69,0.0,,
2026-07-31 15:21,QQQ,683.55,🔴 Düşüş Trendinde,⏳ BEKLE,🚀 KUSURSUZ DÖNÜŞ (0 Altı + Hacim),-,⚠️ Yükseliş Trendinde Düzeltme (SSL Negatif),⚪ Yelpaze Açık,⚪Fiyat Alt_Orta Bant Aralığında,EMA100 Destek: 682.46 (%0.2 altta) | EMA21 Direnç: 698.08 (%2.1 üstte),555.60-568.05 (%16.9 altta),-,43.17,19.62,-0.88,4.85,0.0,,
2026-07-31 15:21,SI=F,57.97,🔴 Düşüş Trendinde,🔴 SAT,-,-,🔴 Ayı Piyasası (EMA 50 En Altta),🚨 BB SIKIŞMA,⚪Fiyat Alt_Orta Bant Aralığında,EMA5 Direnç: 58.16 (%0.3 üstte),-,86.93-88.89 (%50.0 üstte),43.54,80.71,0.32,-9.2,0.0,,
2026-07-31 15:21,SOXX,504.53,🔴 Düşüş Trendinde,🔴 SAT,-,-,⚠️ Yükseliş Trendinde Düzeltme (SSL Negatif),⚪ Yelpaze Açık,⚪Fiyat Alt_Orta Bant Aralığında,EMA5 Destek: 502.18 (%0.5 altta) | EMA55 Direnç: 536.14 (%6.3 üstte),-,-,42.52,20.68,-0.74,20.29,0.0,,
2026-07-31 15:21,VNM,17.37,🔥 AL (Taze Kırılım),🔥 GÜÇLÜ AL (Taze Kırılım),-,-,🔴 Ayı Piyasası (EMA 50 En Altta),⚪ Yelpaze Açık,🟡Fiyat Orta-Üst Bant Aralığında,EMA21 Destek: 17.24 (%0.8 altta) | EMA55 Direnç: 17.79 (%2.4 üstte),-,19.58-19.78 (%12.7 üstte),49.76,59.6,-0.68,-3.88,0.0,,
2026-07-31 15:21,WQTM,31.38,🔴 Düşüş Trendinde,⏳ BEKLE,🚀 KUSURSUZ DÖNÜŞ (0 Altı + Hacim),-,⚠️ Yükseliş Trendinde Düzeltme (SSL Negatif),⚪ Yelpaze Açık,⚪Fiyat Alt_Orta Bant Aralığında,EMA5 Destek: 30.71 (%2.1 altta) | EMA21 Direnç: 32.53 (%3.7 üstte),23.18-24.30 (%22.6 altta),-,42.96,37.3,-0.77,5.46,0.0,,
2026-07-31 15:21,XBI,151.46,🔴 Düşüş Trendinde,🔴 SAT,🟢 POTANSİYEL DİP (0 Altı - Hacimsiz),-,⚠️ Yükseliş Trendinde Düzeltme (SSL Negatif),⚪ Yelpaze Açık,⚪Fiyat Alt_Orta Bant Aralığında,EMA5 Destek: 150.47 (%0.7 altta) | EMA21 Direnç: 151.77 (%0.2 üstte),-,-,50.88,14.35,-0.82,18.42,0.0,,
2026-07-31 15:21,XLV,163.52,🟢 Yükseliş Trendinde,⏳ BEKLE,-,-,⚠️ Yükseliş Trendinde Düzeltme (SSL Negatif),⚪ Yelpaze Açık,🟡Fiyat Orta-Üst Bant Aralığında,EMA21 Destek: 161.24 (%1.4 altta) | EMA5 Direnç: 164.20 (%0.4 üstte),145.31-147.27 (%9.9 altta),-,57.4,69.5,0.75,8.18,0.0,,
2026-07-31 15:21,XU100.IS,13266.28,🔴 Düşüş Trendinde,🔴 SAT,-,🟢 POTANSİYEL DİP,⚠️ Yükseliş Trendinde Düzeltme (SSL Negatif),🟡 Normal Genişlik,🚨Fiyat Bandın Altında!,EMA200 Destek: 12904.34 (%2.7 altta) | EMA5 Direnç: 13483.80 (%1.6 üstte),10373.80-10839.10 (%18.3 altta),-,30.59,0.0,-0.87,2.8,-0.45,,
2026-07-31 19:17,AIQ,58.67,🔴 Düşüş Trendinde,⏳ BEKLE,-,-,⚠️ Yükseliş Trendinde Düzeltme (SSL Negatif),⚪ Yelpaze Açık,⚪Fiyat Alt_Orta Bant Aralığında,EMA5 Destek: 58.19 (%0.8 altta) | EMA100 Direnç: 58.79 (%0.2 üstte),44.46-45.83 (%21.9 altta),-,44.25,55.54,-0.72,6.12,0.0,,
2026-07-31 19:17,ALUM.L,4.27,🔴 Düşüş Trendinde,🟢 AL (Trend Onaylı),-,-,"📉 Düşüş Hazırlığı (50<100 Kesti, 150 Bekleniyor)",🚨 BB SIKIŞMA,🟡Fiyat Orta-Üst Bant Aralığında,EMA21 Destek: 4.27 (%0.0 altta) | EMA55 Direnç: 4.38 (%2.6 üstte),3.64-3.71 (%13.2 altta),-,47.82,93.25,0.44,2.74,0.0,,
2026-07-31 19:17,BZ=F,89.93,🔴 Düşüş Trendinde,🔴 SAT,-,-,"📉 Düşüş Hazırlığı (50<100 Kesti, 150 Bekleniyor)",⚪ Yelpaze Açık,🟡Fiyat Orta-Üst Bant Aralığında,EMA5 Destek: 89.78 (%0.2 altta),59.45-60.91 (%32.3 altta),106.87-112.69 (%18.8 üstte),53.85,29.37,0.31,12.39,0.0,,
2026-07-31 19:17,CCJ,86.44,🔴 Düşüş Trendinde,⏳ BEKLE,-,-,🔴 Ayı Piyasası (EMA 50 En Altta),🟠 Daralıyor,⚪Fiyat Alt_Orta Bant Aralığında,EMA5 Direnç: 87.09 (%0.8 üstte),-,-,38.96,77.14,-0.39,-12.74,0.0,,
2026-07-31 19:17,CGW,65.03,🟢 Yükseliş Trendinde,🟢 AL (Trend Onaylı),-,-,⚠️ Yükseliş Trendinde Düzeltme (SSL Negatif),🚨 BB SIKIŞMA,⚪Fiyat Alt_Orta Bant Aralığında,EMA5 Destek: 64.98 (%0.1 altta),-,-,51.58,21.56,-0.54,0.99,0.0,,
2026-07-31 19:17,COPA,48.48,🔴 Düşüş Trendinde,🔥 GÜÇLÜ AL (Taze Kırılım),-,-,🟢 EMA Yükselişte (SSL Ok Bekleniyor),🚨 BB SIKIŞMA,🟡Fiyat Orta-Üst Bant Aralığında,EMA55 Destek: 48.43 (%0.1 altta),-,-,51.8,72.83,0.23,8.79,0.0,,
2026-07-31 19:17,COPX,78.39,🔴 Düşüş Trendinde,⏳ BEKLE,-,-,"📉 Düşüş Hazırlığı (50<100 Kesti, 150 Bekleniyor)",🚨 BB SIKIŞMA,🟡Fiyat Orta-Üst Bant Aralığında,EMA5 Destek: 77.99 (%0.5 altta) | EMA55 Direnç: 79.42 (%1.3 üstte),-,91.20-93.89 (%16.3 üstte),50.8,73.51,0.33,5.98,0.0,,
2026-07-31 19:17,EEM,64.0,🔴 Düşüş Trendinde,⏳ BEKLE,🟢 POTANSİYEL DİP (0 Altı - Hacimsiz),-,⚠️ Yükseliş Trendinde Düzeltme (SSL Negatif),🟡 Normal Genişlik,⚪Fiyat Alt_Orta Bant Aralığında,EMA100 Destek: 63.95 (%0.1 altta) | EMA21 Direnç: 64.54 (%0.8 üstte),52.58-53.31 (%16.7 altta),-,46.86,60.05,-0.61,6.0,0.0,,
2026-07-31 19:17,EWZ,36.56,🟢 Yükseliş Trendinde,🟢 AL (Trend Onaylı),-,-,"📉 Düşüş Hazırlığı (50<100 Kesti, 150 Bekleniyor)",🚨 BB SIKIŞMA,🟡Fiyat Orta-Üst Bant Aralığında,EMA5 Destek: 36.21 (%1.0 altta),-,-,58.71,47.11,0.46,6.21,0.0,,
2026-07-31 19:17,GC=F,4098.5,🔴 Düşüş Trendinde,🟢 AL (Trend Onaylı),-,-,🔴 Ayı Piyasası (EMA 50 En Altta),🚨 BB SIKIŞMA,🟡Fiyat Orta-Üst Bant Aralığında,EMA21 Destek: 4086.21 (%0.3 altta) | EMA55 Direnç: 4225.09 (%3.1 üstte),-,4767.20-4879.70 (%16.3 üstte),49.27,74.8,0.42,-3.95,0.0,,
2026-07-31 19:17,GLTR,180.82,🔴 Düşüş Trendinde,⏳ BEKLE,🩸 SAT (Zirveden Dönüş),-,🔴 Ayı Piyasası (EMA 50 En Altta),🚨 BB SIKIŞMA,⚪Fiyat Alt_Orta Bant Aralığında,EMA5 Direnç: 181.76 (%0.5 üstte),-,248.82-257.80 (%37.6 üstte),44.46,75.17,0.21,-7.33,0.0,,
2026-07-31 19:17,HG=F,6.48,🟢 Yükseliş Trendinde,🟢 AL (Trend Onaylı),-,-,🟢 EMA Yükselişte (SSL Ok Bekleniyor),🟠 Daralıyor,🟡Fiyat Orta-Üst Bant Aralığında,EMA5 Destek: 6.40 (%1.2 altta),5.79-5.90 (%8.9 altta),-,58.88,46.87,0.38,12.94,0.0,,
2026-07-31 19:17,IBB,185.22,🔴 Düşüş Trendinde,🔴 SAT,🔴 ZAYIFLAMA (Zaten Dipte),-,⚠️ Yükseliş Trendinde Düzeltme (SSL Negatif),⚪ Yelpaze Açık,⚪Fiyat Alt_Orta Bant Aralığında,EMA55 Destek: 182.48 (%1.5 altta) | EMA21 Direnç: 187.89 (%1.4 üstte),163.90-167.80 (%9.4 altta),-,46.76,23.44,-0.25,9.22,0.0,,
2026-07-31 19:17,ICLN,17.55,🔴 Düşüş Trendinde,⏳ BEKLE,-,-,"📉 Düşüş Hazırlığı (50<100 Kesti, 150 Bekleniyor)",⚪ Yelpaze Açık,⚪Fiyat Alt_Orta Bant Aralığında,EMA5 Destek: 17.55 (%0.0 altta) | EMA200 Direnç: 18.34 (%4.5 üstte),-,21.34-21.75 (%21.6 üstte),37.62,52.64,-0.86,-4.31,0.0,,
2026-07-31 19:17,INDA,49.77,🟢 Yükseliş Trendinde,🟢 AL (Trend Onaylı),-,-,🔴 Ayı Piyasası (EMA 50 En Altta),🟠 Daralıyor,🟡Fiyat Orta-Üst Bant Aralığında,EMA5 Destek: 49.36 (%0.8 altta) | EMA200 Direnç: 50.72 (%1.9 üstte),47.28-47.85 (%3.9 altta),54.75-55.02 (%10.0 üstte),58.66,96.03,0.47,-1.87,0.0,,
2026-07-31 19:17,IWM,289.87,🟢 Yükseliş Trendinde,🔴 SAT,🔴 ZAYIFLAMA (Zaten Dipte),-,⚠️ Yükseliş Trendinde Düzeltme (SSL Negatif),🚨 BB SIKIŞMA,⚪Fiyat Alt_Orta Bant Aralığında,EMA55 Destek: 289.38 (%0.2 altta) | EMA5 Direnç: 291.22 (%0.5 üstte),238.69-245.37 (%15.4 altta),-,44.96,27.42,-0.73,8.26,0.0,,
2026-07-31 19:17,MARS,23.1,🔴 Düşüş Trendinde,⏳ BEKLE,-,-,-,-,⚪Fiyat Alt_Orta Bant Aralığında,EMA5 Direnç: 23.33 (%1.0 üstte),-,-,33.16,60.12,-0.87,-,0.0,,
2026-07-31 19:17,NASA,21.35,🔴 Düşüş Trendinde,⏳ BEKLE,-,-,-,-,⚪Fiyat Alt_Orta Bant Aralığında,EMA5 Direnç: 21.63 (%1.3 üstte),-,-,32.47,55.16,-0.88,-,0.0,,
2026-07-31 19:17,PA=F,1283.5,🟢 Yükseliş Trendinde,🟢 AL (Trend Onaylı),-,-,🔴 Ayı Piyasası (EMA 50 En Altta),🚨 BB SIKIŞMA,🟡Fiyat Orta-Üst Bant Aralığında,EMA5 Destek: 1278.06 (%0.4 altta) | EMA55 Direnç: 1311.58 (%2.2 üstte),-,1774.50-1842.00 (%38.3 üstte),51.55,55.3,0.0,-8.71,0.0,,
2026-07-31 19:17,PHO,70.1,🟢 Yükseliş Trendinde,🟢 AL (Trend Onaylı),-,-,🔴 Ayı Piyasası (EMA 50 En Altta),⚪ Yelpaze Açık,🟡Fiyat Orta-Üst Bant Aralığında,EMA5 Destek: 70.02 (%0.1 altta),-,72.60-73.56 (%3.6 üstte),56.84,68.3,0.5,0.37,0.0,,
2026-07-31 19:17,PL=F,1656.4,🔴 Düşüş Trendinde,🟢 AL (Trend Onaylı),-,-,🔴 Ayı Piyasası (EMA 50 En Altta),🚨 BB SIKIŞMA,🟡Fiyat Orta-Üst Bant Aralığında,EMA5 Destek: 1632.57 (%1.4 altta) | EMA55 Direnç: 1722.87 (%4.0 üstte),-,2357.40-2365.60 (%42.3 üstte),51.59,75.82,0.07,-6.98,0.0,,
2026-07-31 19:17,QQQ,684.91,🔴 Düşüş Trendinde,⏳ BEKLE,-,-,⚠️ Yükseliş Trendinde Düzeltme (SSL Negatif),⚪ Yelpaze Açık,⚪Fiyat Alt_Orta Bant Aralığında,EMA100 Destek: 682.51 (%0.4 altta) | EMA21 Direnç: 696.89 (%1.7 üstte),555.60-568.05 (%17.1 altta),-,43.77,40.34,-0.85,5.01,0.0,,
2026-07-31 19:17,SI=F,57.56,🔴 Düşüş Trendinde,🔴 SAT,🩸 SAT (Zirveden Dönüş),-,🔴 Ayı Piyasası (EMA 50 En Altta),🚨 BB SIKIŞMA,⚪Fiyat Alt_Orta Bant Aralığında,EMA5 Direnç: 58.02 (%0.8 üstte),-,86.93-88.89 (%51.0 üstte),42.53,78.05,0.28,-9.84,0.0,,
2026-07-31 19:17,SOXX,507.11,🔴 Düşüş Trendinde,⏳ BEKLE,🟢 POTANSİYEL DİP (0 Altı - Hacimsiz),-,⚠️ Yükseliş Trendinde Düzeltme (SSL Negatif),⚪ Yelpaze Açık,⚪Fiyat Alt_Orta Bant Aralığında,EMA5 Destek: 503.82 (%0.6 altta) | EMA55 Direnç: 535.11 (%5.5 üstte),-,-,43.08,42.59,-0.73,20.66,0.0,,
2026-07-31 19:17,VNM,17.0,🟢 Yükseliş Trendinde,🟢 AL (Trend Onaylı),-,-,🔴 Ayı Piyasası (EMA 50 En Altta),⚪ Yelpaze Açık,⚪Fiyat Alt_Orta Bant Aralığında,EMA5 Destek: 16.89 (%0.7 altta) | EMA21 Direnç: 17.21 (%1.2 üstte),-,19.58-19.78 (%15.1 üstte),44.62,72.5,-0.54,-5.84,0.0,,
2026-07-31 19:17,WQTM,31.4,🔴 Düşüş Trendinde,⏳ BEKLE,-,-,⚠️ Yükseliş Trendinde Düzeltme (SSL Negatif),⚪ Yelpaze Açık,⚪Fiyat Alt_Orta Bant Aralığında,EMA5 Destek: 30.94 (%1.5 altta) | EMA21 Direnç: 32.43 (%3.3 üstte),23.18-24.30 (%22.6 altta),-,43.04,66.67,-0.64,5.45,0.0,,
2026-07-31 19:17,XBI,146.13,🔴 Düşüş Trendinde,🔴 SAT,🔴 ZAYIFLAMA (Zaten Dipte),-,⚠️ Yükseliş Trendinde Düzeltme (SSL Negatif),⚪ Yelpaze Açık,⚪Fiyat Alt_Orta Bant Aralığında,EMA55 Destek: 146.10 (%0.0 altta) | EMA5 Direnç: 149.03 (%2.0 üstte),-,-,42.64,14.35,-0.84,14.09,0.0,,
2026-07-31 19:17,XLV,162.47,🟢 Yükseliş Trendinde,⏳ BEKLE,🩸 SAT (Zirveden Dönüş),-,⚠️ Yükseliş Trendinde Düzeltme (SSL Negatif),⚪ Yelpaze Açık,🟡Fiyat Orta-Üst Bant Aralığında,EMA21 Destek: 161.35 (%0.7 altta) | EMA5 Direnç: 163.62 (%0.7 üstte),145.31-147.27 (%9.4 altta),-,54.78,40.01,0.76,7.41,0.0,,
2026-07-31 19:17,XU100.IS,13458.1,🔴 Düşüş Trendinde,🔴 SAT,🟢 POTANSİYEL DİP (0 Altı - Hacimsiz),-,⚠️ Yükseliş Trendinde Düzeltme (SSL Negatif),🟡 Normal Genişlik,⚪Fiyat Alt_Orta Bant Aralığında,EMA200 Destek: 12906.25 (%4.1 altta) | EMA5 Direnç: 13547.74 (%0.7 üstte),10373.80-10839.10 (%19.5 altta),-,36.55,9.71,-0.86,4.28,0.0,,
2026-07-31 21:49,AIQ,59.05,🔴 Düşüş Trendinde,⏳ BEKLE,-,-,⚠️ Yükseliş Trendinde Düzeltme (SSL Negatif),⚪ Yelpaze Açık,⚪Fiyat Alt_Orta Bant Aralığında,EMA100 Destek: 58.80 (%0.4 altta) | EMA21 Direnç: 60.01 (%1.6 üstte),44.46-45.83 (%22.4 altta),-,45.5,59.03,-0.69,6.81,0.0,,
2026-07-31 21:49,ALUM.L,4.27,🔴 Düşüş Trendinde,🟢 AL (Trend Onaylı),-,-,"📉 Düşüş Hazırlığı (50<100 Kesti, 150 Bekleniyor)",🚨 BB SIKIŞMA,🟡Fiyat Orta-Üst Bant Aralığında,EMA21 Destek: 4.27 (%0.0 altta) | EMA55 Direnç: 4.38 (%2.6 üstte),3.64-3.71 (%13.2 altta),-,47.82,93.25,0.44,2.74,0.0,,
2026-07-31 21:49,BZ=F,90.12,🔴 Düşüş Trendinde,🔴 SAT,-,-,"📉 Düşüş Hazırlığı (50<100 Kesti, 150 Bekleniyor)",⚪ Yelpaze Açık,🟡Fiyat Orta-Üst Bant Aralığında,EMA5 Destek: 89.84 (%0.3 altta),59.45-60.91 (%32.4 altta),106.87-112.69 (%18.6 üstte),54.05,29.62,0.31,12.63,0.0,,
2026-07-31 21:49,CCJ,86.65,🔴 Düşüş Trendinde,⏳ BEKLE,-,-,🔴 Ayı Piyasası (EMA 50 En Altta),🟠 Daralıyor,⚪Fiyat Alt_Orta Bant Aralığında,EMA5 Direnç: 87.16 (%0.6 üstte),-,-,39.24,77.81,-0.38,-12.52,0.0,,
2026-07-31 21:49,CGW,65.18,🟢 Yükseliş Trendinde,🟢 AL (Trend Onaylı),-,-,⚠️ Yükseliş Trendinde Düzeltme (SSL Negatif),🚨 BB SIKIŞMA,🟡Fiyat Orta-Üst Bant Aralığında,EMA5 Destek: 65.03 (%0.2 altta),-,-,52.63,24.71,-0.5,1.21,0.0,,
2026-07-31 21:49,COPA,48.48,🔴 Düşüş Trendinde,🔥 GÜÇLÜ AL (Taze Kırılım),-,-,🟢 EMA Yükselişte (SSL Ok Bekleniyor),🚨 BB SIKIŞMA,🟡Fiyat Orta-Üst Bant Aralığında,EMA55 Destek: 48.43 (%0.1 altta),-,-,51.8,72.83,0.23,8.79,0.0,,
2026-07-31 21:49,COPX,78.9,🔴 Düşüş Trendinde,⏳ BEKLE,-,-,"📉 Düşüş Hazırlığı (50<100 Kesti, 150 Bekleniyor)",🚨 BB SIKIŞMA,🟡Fiyat Orta-Üst Bant Aralığında,EMA5 Destek: 78.16 (%0.9 altta) | EMA55 Direnç: 79.44 (%0.7 üstte),-,91.20-93.89 (%15.6 üstte),51.84,76.38,0.35,6.66,0.0,,
2026-07-31 21:49,EEM,64.16,🔴 Düşüş Trendinde,⏳ BEKLE,🟢 POTANSİYEL DİP (0 Altı - Hacimsiz),-,⚠️ Yükseliş Trendinde Düzeltme (SSL Negatif),🟡 Normal Genişlik,⚪Fiyat Alt_Orta Bant Aralığında,EMA100 Destek: 63.95 (%0.3 altta) | EMA21 Direnç: 64.55 (%0.6 üstte),52.58-53.31 (%16.9 altta),-,47.41,61.34,-0.59,6.25,0.0,,
2026-07-31 21:49,EWZ,36.68,🟢 Yükseliş Trendinde,🟢 AL (Trend Onaylı),-,-,"📉 Düşüş Hazırlığı (50<100 Kesti, 150 Bekleniyor)",🚨 BB SIKIŞMA,🟡Fiyat Orta-Üst Bant Aralığında,EMA5 Destek: 36.25 (%1.2 altta),-,-,59.55,49.39,0.48,6.56,0.0,,
2026-07-31 21:49,GC=F,4106.5,🔴 Düşüş Trendinde,🟢 AL (Trend Onaylı),-,-,🔴 Ayı Piyasası (EMA 50 En Altta),🚨 BB SIKIŞMA,🟡Fiyat Orta-Üst Bant Aralığında,EMA21 Destek: 4086.94 (%0.5 altta) | EMA55 Direnç: 4225.37 (%2.9 üstte),-,4767.20-4879.70 (%16.1 üstte),49.93,76.47,0.44,-3.77,0.0,,
2026-07-31 21:49,GLTR,181.43,🔴 Düşüş Trendinde,⏳ BEKLE,-,-,🔴 Ayı Piyasası (EMA 50 En Altta),🚨 BB SIKIŞMA,⚪Fiyat Alt_Orta Bant Aralığında,EMA5 Direnç: 181.96 (%0.3 üstte),-,248.82-257.80 (%37.1 üstte),45.18,76.89,0.24,-7.02,0.0,,
2026-07-31 21:49,HG=F,6.52,🟢 Yükseliş Trendinde,🟢 AL (Trend Onaylı),-,-,🟢 EMA Yükselişte (SSL Ok Bekleniyor),🟠 Daralıyor,🟡Fiyat Orta-Üst Bant Aralığında,EMA5 Destek: 6.41 (%1.7 altta),5.79-5.90 (%9.5 altta),-,60.6,51.3,0.41,13.7,0.0,,
2026-07-31 21:49,IBB,186.61,🔴 Düşüş Trendinde,🔴 SAT,-,-,⚠️ Yükseliş Trendinde Düzeltme (SSL Negatif),🟡 Normal Genişlik,⚪Fiyat Alt_Orta Bant Aralığında,EMA55 Destek: 182.53 (%2.2 altta) | EMA21 Direnç: 188.02 (%0.8 üstte),163.90-167.80 (%10.1 altta),-,49.14,23.44,-0.16,10.03,0.0,,
2026-07-31 21:49,ICLN,17.62,🔴 Düşüş Trendinde,⏳ BEKLE,-,-,"📉 Düşüş Hazırlığı (50<100 Kesti, 150 Bekleniyor)",⚪ Yelpaze Açık,⚪Fiyat Alt_Orta Bant Aralığında,EMA5 Destek: 17.57 (%0.3 altta) | EMA200 Direnç: 18.34 (%4.1 üstte),-,21.34-21.75 (%21.1 üstte),38.16,54.07,-0.85,-3.9,0.0,,
2026-07-31 21:49,INDA,49.85,🟢 Yükseliş Trendinde,🟢 AL (Trend Onaylı),-,-,🔴 Ayı Piyasası (EMA 50 En Altta),🟠 Daralıyor,🟡Fiyat Orta-Üst Bant Aralığında,EMA5 Destek: 49.38 (%0.9 altta) | EMA200 Direnç: 50.72 (%1.8 üstte),47.28-47.85 (%4.0 altta),54.75-55.02 (%9.8 üstte),59.25,96.03,0.48,-1.72,0.0,,
2026-07-31 21:49,IWM,291.69,🟢 Yükseliş Trendinde,🔴 SAT,-,-,⚠️ Yükseliş Trendinde Düzeltme (SSL Negatif),🚨 BB SIKIŞMA,⚪Fiyat Alt_Orta Bant Aralığında,EMA55 Destek: 289.45 (%0.8 altta) | EMA5 Direnç: 291.83 (%0.0 üstte),238.69-245.37 (%15.9 altta),-,47.6,34.41,-0.68,8.93,0.0,,
2026-07-31 21:49,MARS,23.35,🔴 Düşüş Trendinde,⏳ BEKLE,-,-,-,-,⚪Fiyat Alt_Orta Bant Aralığında,EMA5 Direnç: 23.41 (%0.3 üstte),-,-,33.92,63.83,-0.85,-,0.0,,
2026-07-31 21:49,NASA,21.62,🔴 Düşüş Trendinde,⏳ BEKLE,-,-,-,-,⚪Fiyat Alt_Orta Bant Aralığında,EMA5 Direnç: 21.72 (%0.5 üstte),-,-,33.32,58.91,-0.87,-,0.0,,
2026-07-31 21:49,PA=F,1288.5,🟢 Yükseliş Trendinde,🟢 AL (Trend Onaylı),-,-,🔴 Ayı Piyasası (EMA 50 En Altta),🚨 BB SIKIŞMA,🟡Fiyat Orta-Üst Bant Aralığında,EMA5 Destek: 1279.73 (%0.7 altta) | EMA55 Direnç: 1311.75 (%1.8 üstte),-,1774.50-1842.00 (%37.7 üstte),52.22,58.0,0.03,-8.36,0.0,,
2026-07-31 21:49,PHO,70.25,🟢 Yükseliş Trendinde,🟢 AL (Trend Onaylı),-,-,🔴 Ayı Piyasası (EMA 50 En Altta),⚪ Yelpaze Açık,🟡Fiyat Orta-Üst Bant Aralığında,EMA5 Destek: 70.07 (%0.3 altta),-,72.60-73.56 (%3.3 üstte),57.48,69.28,0.51,0.59,0.0,,
2026-07-31 21:49,PL=F,1666.7,🔴 Düşüş Trendinde,🟢 AL (Trend Onaylı),-,-,🔴 Ayı Piyasası (EMA 50 En Altta),🚨 BB SIKIŞMA,🚨Fiyat Bandın Üzerinde!,EMA5 Destek: 1636.00 (%1.8 altta) | EMA55 Direnç: 1723.24 (%3.4 üstte),-,2357.40-2365.60 (%41.4 üstte),52.89,75.82,0.12,-6.41,0.03,,
2026-07-31 21:49,QQQ,688.76,🔴 Düşüş Trendinde,⏳ BEKLE,-,-,⚠️ Yükseliş Trendinde Düzeltme (SSL Negatif),⚪ Yelpaze Açık,⚪Fiyat Alt_Orta Bant Aralığında,EMA5 Destek: 682.72 (%0.9 altta) | EMA21 Direnç: 697.24 (%1.2 üstte),555.60-568.05 (%17.5 altta),-,45.4,43.32,-0.83,5.59,0.0,,
2026-07-31 21:49,SI=F,58.09,🔴 Düşüş Trendinde,⏳ BEKLE,-,-,🔴 Ayı Piyasası (EMA 50 En Altta),🚨 BB SIKIŞMA,⚪Fiyat Alt_Orta Bant Aralığında,EMA5 Direnç: 58.20 (%0.2 üstte),-,86.93-88.89 (%49.6 üstte),43.84,81.51,0.33,-9.02,0.0,,
2026-07-31 21:49,SOXX,510.77,🔴 Düşüş Trendinde,⏳ BEKLE,🟢 POTANSİYEL DİP (0 Altı - Hacimsiz),-,⚠️ Yükseliş Trendinde Düzeltme (SSL Negatif),⚪ Yelpaze Açık,⚪Fiyat Alt_Orta Bant Aralığında,EMA5 Destek: 505.04 (%1.1 altta) | EMA55 Direnç: 535.24 (%4.8 üstte),-,-,43.86,44.3,-0.72,21.52,0.0,,
2026-07-31 21:49,VNM,16.99,🟢 Yükseliş Trendinde,🟢 AL (Trend Onaylı),-,-,🔴 Ayı Piyasası (EMA 50 En Altta),⚪ Yelpaze Açık,⚪Fiyat Alt_Orta Bant Aralığında,EMA5 Destek: 16.89 (%0.6 altta) | EMA21 Direnç: 17.21 (%1.3 üstte),-,19.58-19.78 (%15.3 üstte),44.37,72.13,-0.54,-5.95,0.0,,
2026-07-31 21:49,WQTM,31.67,🔴 Düşüş Trendinde,⏳ BEKLE,-,-,🟢 EMA Yükselişte (SSL Ok Bekleniyor),⚪ Yelpaze Açık,⚪Fiyat Alt_Orta Bant Aralığında,EMA5 Destek: 31.03 (%2.0 altta) | EMA21 Direnç: 32.45 (%2.5 üstte),23.18-24.30 (%23.3 altta),-,44.33,66.67,-0.61,6.35,0.0,,
2026-07-31 21:49,XBI,147.3,🔴 Düşüş Trendinde,🔴 SAT,-,-,⚠️ Yükseliş Trendinde Düzeltme (SSL Negatif),⚪ Yelpaze Açık,⚪Fiyat Alt_Orta Bant Aralığında,EMA55 Destek: 146.14 (%0.8 altta) | EMA5 Direnç: 149.42 (%1.4 üstte),-,-,44.22,14.35,-0.84,15.0,0.0,,
2026-07-31 21:49,XLV,162.86,🟢 Yükseliş Trendinde,⏳ BEKLE,🩸 SAT (Zirveden Dönüş),-,⚠️ Yükseliş Trendinde Düzeltme (SSL Negatif),⚪ Yelpaze Açık,🟡Fiyat Orta-Üst Bant Aralığında,EMA21 Destek: 161.38 (%0.9 altta) | EMA5 Direnç: 163.75 (%0.6 üstte),145.31-147.27 (%9.6 altta),-,55.72,42.1,0.78,7.66,0.0,,
2026-07-31 21:49,XU100.IS,13458.1,🔴 Düşüş Trendinde,🔴 SAT,🟢 POTANSİYEL DİP (0 Altı - Hacimsiz),-,⚠️ Yükseliş Trendinde Düzeltme (SSL Negatif),🟡 Normal Genişlik,⚪Fiyat Alt_Orta Bant Aralığında,EMA200 Destek: 12906.25 (%4.1 altta) | EMA5 Direnç: 13547.74 (%0.7 üstte),10373.80-10839.10 (%19.5 altta),-,36.55,9.71,-0.86,4.28,0.0,,
2026-08-03 16:23,AIQ,58.89,🔴 Düşüş Trendinde,⏳ BEKLE,-,-,⚠️ Yükseliş Trendinde Düzeltme (SSL Negatif),⚪ Yelpaze Açık,⚪Fiyat Alt_Orta Bant Aralığında,EMA100 Destek: 58.80 (%0.2 altta) | EMA21 Direnç: 60.00 (%1.9 üstte),44.46-45.83 (%22.2 altta),-,44.98,57.58,-0.7,6.55,0.0,,
2026-08-03 16:23,ALUM.L,4.31,🔴 Düşüş Trendinde,🟢 AL (Trend Onaylı),-,-,"📉 Düşüş Hazırlığı (50<100 Kesti, 150 Bekleniyor)",🚨 BB SIKIŞMA,🟡Fiyat Orta-Üst Bant Aralığında,EMA5 Destek: 4.28 (%0.6 altta) | EMA55 Direnç: 4.38 (%1.7 üstte),3.64-3.71 (%13.9 altta),-,51.46,94.35,0.6,3.57,0.0,,
2026-08-03 16:23,BZ=F,83.41,🔴 Düşüş Trendinde,🔴 SAT,-,-,"📉 Düşüş Hazırlığı (50<100 Kesti, 150 Bekleniyor)",⚪ Yelpaze Açık,⚪Fiyat Alt_Orta Bant Aralığında,EMA200 Destek: 79.86 (%4.3 altta) | EMA21 Direnç: 86.92 (%4.2 üstte),59.45-60.91 (%27.0 altta),106.87-112.69 (%28.1 üstte),46.2,15.0,0.02,4.44,0.0,,
2026-08-03 16:23,CCJ,86.38,🔴 Düşüş Trendinde,⏳ BEKLE,-,-,🔴 Ayı Piyasası (EMA 50 En Altta),🟠 Daralıyor,⚪Fiyat Alt_Orta Bant Aralığında,EMA5 Direnç: 87.07 (%0.8 üstte),-,-,38.88,76.96,-0.39,-12.84,0.0,,
2026-08-03 16:23,CGW,64.97,🟢 Yükseliş Trendinde,🟢 AL (Trend Onaylı),-,-,⚠️ Yükseliş Trendinde Düzeltme (SSL Negatif),🚨 BB SIKIŞMA,⚪Fiyat Alt_Orta Bant Aralığında,EMA5 Destek: 64.96 (%0.0 altta),-,-,51.12,20.18,-0.55,0.88,0.0,,
2026-08-03 16:23,COPA,48.03,🔴 Düşüş Trendinde,⏳ BEKLE,-,-,🟢 EMA Yükselişte (SSL Ok Bekleniyor),🚨 BB SIKIŞMA,🟡Fiyat Orta-Üst Bant Aralığında,EMA100 Destek: 47.90 (%0.3 altta) | EMA55 Direnç: 48.41 (%0.8 üstte),-,-,50.22,68.38,0.19,7.72,0.0,,
2026-08-03 16:23,COPX,78.86,🔴 Düşüş Trendinde,🟢 AL (Trend Onaylı),-,-,"📉 Düşüş Hazırlığı (50<100 Kesti, 150 Bekleniyor)",🚨 BB SIKIŞMA,🟡Fiyat Orta-Üst Bant Aralığında,EMA5 Destek: 78.15 (%0.9 altta) | EMA55 Direnç: 79.44 (%0.7 üstte),-,91.20-93.89 (%15.6 üstte),51.74,76.13,0.35,6.54,0.0,,
2026-08-03 16:23,EEM,64.09,🔴 Düşüş Trendinde,⏳ BEKLE,🚀 KUSURSUZ DÖNÜŞ (0 Altı + Hacim),-,⚠️ Yükseliş Trendinde Düzeltme (SSL Negatif),🟡 Normal Genişlik,⚪Fiyat Alt_Orta Bant Aralığında,EMA100 Destek: 63.95 (%0.2 altta) | EMA21 Direnç: 64.54 (%0.7 üstte),52.58-53.31 (%16.8 altta),-,47.16,60.85,-0.6,6.14,0.0,,
2026-08-03 16:23,EWZ,36.65,🟢 Yükseliş Trendinde,🟢 AL (Trend Onaylı),-,-,"📉 Düşüş Hazırlığı (50<100 Kesti, 150 Bekleniyor)",🚨 BB SIKIŞMA,🟡Fiyat Orta-Üst Bant Aralığında,EMA5 Destek: 36.24 (%1.1 altta),-,-,59.34,48.82,0.47,6.43,0.0,,
2026-08-03 16:23,GC=F,4096.4,🔴 Düşüş Trendinde,🔥 GÜÇLÜ AL (Taze Kırılım),📈 TREND DEVAMI (0 Üstü + Hacim),-,🔴 Ayı Piyasası (EMA 50 En Altta),🚨 BB SIKIŞMA,🟡Fiyat Orta-Üst Bant Aralığında,EMA21 Destek: 4083.05 (%0.3 altta) | EMA55 Direnç: 4218.78 (%3.0 üstte),-,4767.20-4879.70 (%16.4 üstte),49.48,78.61,0.43,-4.06,0.0,,
2026-08-03 16:23,GLTR,181.56,🔴 Düşüş Trendinde,⏳ BEKLE,-,-,🔴 Ayı Piyasası (EMA 50 En Altta),🚨 BB SIKIŞMA,⚪Fiyat Alt_Orta Bant Aralığında,EMA5 Direnç: 182.01 (%0.2 üstte),-,248.82-257.80 (%37.0 üstte),45.32,77.25,0.25,-7.01,0.0,,
2026-08-03 16:23,HG=F,6.46,🟢 Yükseliş Trendinde,🟢 AL (Trend Onaylı),-,-,🟢 EMA Yükselişte (SSL Ok Bekleniyor),🚨 BB SIKIŞMA,🟡Fiyat Orta-Üst Bant Aralığında,EMA5 Destek: 6.41 (%0.8 altta),5.79-5.90 (%8.7 altta),-,58.17,64.72,0.45,12.51,0.0,,
2026-08-03 16:23,IBB,186.41,🔴 Düşüş Trendinde,🔴 SAT,-,-,⚠️ Yükseliş Trendinde Düzeltme (SSL Negatif),🟡 Normal Genişlik,⚪Fiyat Alt_Orta Bant Aralığında,EMA55 Destek: 182.52 (%2.1 altta) | EMA21 Direnç: 188.00 (%0.9 üstte),163.90-167.80 (%10.0 altta),-,48.78,23.44,-0.18,9.87,0.0,,
2026-08-03 16:23,ICLN,17.55,🔴 Düşüş Trendinde,⏳ BEKLE,-,-,"📉 Düşüş Hazırlığı (50<100 Kesti, 150 Bekleniyor)",⚪ Yelpaze Açık,⚪Fiyat Alt_Orta Bant Aralığında,EMA5 Destek: 17.55 (%0.0 altta) | EMA200 Direnç: 18.34 (%4.5 üstte),-,21.34-21.75 (%21.6 üstte),37.62,52.64,-0.86,-4.3,0.0,,
2026-08-03 16:23,INDA,49.8,🟢 Yükseliş Trendinde,🟢 AL (Trend Onaylı),-,-,🔴 Ayı Piyasası (EMA 50 En Altta),🟠 Daralıyor,🟡Fiyat Orta-Üst Bant Aralığında,EMA5 Destek: 49.37 (%0.9 altta) | EMA200 Direnç: 50.73 (%1.9 üstte),47.28-47.85 (%3.9 altta),54.75-55.02 (%9.9 üstte),58.9,96.03,0.48,-1.83,0.0,,
2026-08-03 16:23,IWM,291.2,🟢 Yükseliş Trendinde,🔴 SAT,-,-,⚠️ Yükseliş Trendinde Düzeltme (SSL Negatif),🚨 BB SIKIŞMA,⚪Fiyat Alt_Orta Bant Aralığında,EMA55 Destek: 289.43 (%0.6 altta) | EMA5 Direnç: 291.67 (%0.2 üstte),238.69-245.37 (%15.7 altta),-,46.86,32.45,-0.7,8.74,0.0,,
2026-08-03 16:23,MARS,23.43,🔴 Düşüş Trendinde,⏳ BEKLE,-,-,-,-,⚪Fiyat Alt_Orta Bant Aralığında,EMA5 Direnç: 23.44 (%0.0 üstte),-,-,34.17,65.05,-0.85,-,0.0,,
2026-08-03 16:23,NASA,21.62,🔴 Düşüş Trendinde,⏳ BEKLE,-,-,-,-,⚪Fiyat Alt_Orta Bant Aralığında,EMA5 Direnç: 21.72 (%0.5 üstte),-,-,33.32,58.91,-0.87,-,0.0,,
2026-08-03 16:23,PA=F,1245.0,🟢 Yükseliş Trendinde,⏳ BEKLE,🔴 ZAYIFLAMA (Zaten Dipte),-,🔴 Ayı Piyasası (EMA 50 En Altta),🚨 BB SIKIŞMA,⚪Fiyat Alt_Orta Bant Aralığında,EMA5 Direnç: 1265.29 (%1.6 üstte),-,1774.50-1842.00 (%42.5 üstte),46.65,50.83,-0.03,-11.49,0.0,,
2026-08-03 16:23,PHO,70.17,🟢 Yükseliş Trendinde,🟢 AL (Trend Onaylı),-,-,🔴 Ayı Piyasası (EMA 50 En Altta),⚪ Yelpaze Açık,🟡Fiyat Orta-Üst Bant Aralığında,EMA5 Destek: 70.04 (%0.2 altta),-,72.60-73.56 (%3.5 üstte),57.14,68.76,0.5,0.44,0.0,,
2026-08-03 16:23,PL=F,1623.0,🔴 Düşüş Trendinde,🟢 AL (Trend Onaylı),-,-,🔴 Ayı Piyasası (EMA 50 En Altta),🚨 BB SIKIŞMA,🟡Fiyat Orta-Üst Bant Aralığında,EMA5 Direnç: 1628.02 (%0.3 üstte),-,2357.40-2365.60 (%45.2 üstte),47.05,87.44,0.13,-8.91,0.0,,
2026-08-03 16:23,QQQ,687.99,🔴 Düşüş Trendinde,⏳ BEKLE,-,-,⚠️ Yükseliş Trendinde Düzeltme (SSL Negatif),⚪ Yelpaze Açık,⚪Fiyat Alt_Orta Bant Aralığında,EMA100 Destek: 682.57 (%0.8 altta) | EMA21 Direnç: 697.17 (%1.3 üstte),555.60-568.05 (%17.4 altta),-,45.09,42.73,-0.83,5.5,0.0,,
2026-08-03 16:23,SI=F,57.07,🔴 Düşüş Trendinde,🔴 SAT,-,-,🔴 Ayı Piyasası (EMA 50 En Altta),🚨 BB SIKIŞMA,⚪Fiyat Alt_Orta Bant Aralığında,EMA5 Direnç: 57.71 (%1.1 üstte),-,86.93-88.89 (%52.3 üstte),41.3,74.54,0.31,-10.64,0.0,,
2026-08-03 16:23,SOXX,504.89,🔴 Düşüş Trendinde,⏳ BEKLE,🚀 KUSURSUZ DÖNÜŞ (0 Altı + Hacim),-,⚠️ Yükseliş Trendinde Düzeltme (SSL Negatif),⚪ Yelpaze Açık,⚪Fiyat Alt_Orta Bant Aralığında,EMA5 Destek: 503.08 (%0.4 altta) | EMA55 Direnç: 535.03 (%6.0 üstte),-,-,42.6,41.53,-0.73,20.21,0.0,,
2026-08-03 16:23,VNM,16.98,🟢 Yükseliş Trendinde,🟢 AL (Trend Onaylı),-,-,🔴 Ayı Piyasası (EMA 50 En Altta),⚪ Yelpaze Açık,⚪Fiyat Alt_Orta Bant Aralığında,EMA5 Destek: 16.89 (%0.6 altta) | EMA21 Direnç: 17.21 (%1.4 üstte),-,19.58-19.78 (%15.3 üstte),44.31,72.04,-0.55,-6.0,0.0,,
2026-08-03 16:23,WQTM,31.43,🔴 Düşüş Trendinde,⏳ BEKLE,-,-,⚠️ Yükseliş Trendinde Düzeltme (SSL Negatif),⚪ Yelpaze Açık,⚪Fiyat Alt_Orta Bant Aralığında,EMA5 Destek: 30.95 (%1.5 altta) | EMA21 Direnç: 32.43 (%3.2 üstte),23.18-24.30 (%22.7 altta),-,43.21,66.67,-0.64,5.57,0.0,,
2026-08-03 16:23,XBI,147.01,🔴 Düşüş Trendinde,🔴 SAT,-,-,⚠️ Yükseliş Trendinde Düzeltme (SSL Negatif),⚪ Yelpaze Açık,⚪Fiyat Alt_Orta Bant Aralığında,EMA55 Destek: 146.13 (%0.6 altta) | EMA5 Direnç: 149.32 (%1.6 üstte),-,-,43.82,14.35,-0.84,14.72,0.0,,
2026-08-03 16:23,XLV,162.55,🟢 Yükseliş Trendinde,⏳ BEKLE,🩸 SAT (Zirveden Dönüş),-,⚠️ Yükseliş Trendinde Düzeltme (SSL Negatif),⚪ Yelpaze Açık,🟡Fiyat Orta-Üst Bant Aralığında,EMA21 Destek: 161.36 (%0.7 altta) | EMA5 Direnç: 163.65 (%0.7 üstte),145.31-147.27 (%9.4 altta),-,54.98,40.44,0.76,7.42,0.0,,
2026-08-03 16:23,XU100.IS,13422.91,🔴 Düşüş Trendinde,⏳ BEKLE,-,-,⚠️ Yükseliş Trendinde Düzeltme (SSL Negatif),🟡 Normal Genişlik,⚪Fiyat Alt_Orta Bant Aralığında,EMA200 Destek: 12907.51 (%3.8 altta) | EMA5 Direnç: 13506.13 (%0.6 üstte),10373.80-10839.10 (%19.2 altta),-,35.89,18.26,-0.9,3.99,0.0,,
2026-08-03 19:44,AIQ,60.31,🔴 Düşüş Trendinde,🔥 GÜÇLÜ AL (Taze Kırılım),-,-,🟢 EMA Yükselişte (SSL Ok Bekleniyor),⚪ Yelpaze Açık,🟡Fiyat Orta-Üst Bant Aralığında,EMA21 Destek: 60.03 (%0.5 altta) | EMA55 Direnç: 60.56 (%0.4 üstte),44.46-45.83 (%24.0 altta),-,49.61,90.91,-0.41,9.05,0.0,,
2026-08-03 19:44,ALUM.L,4.33,🔴 Düşüş Trendinde,🟢 AL (Trend Onaylı),-,-,"📉 Düşüş Hazırlığı (50<100 Kesti, 150 Bekleniyor)",🚨 BB SIKIŞMA,🚨Fiyat Bandın Üzerinde!,EMA5 Destek: 4.29 (%1.0 altta) | EMA55 Direnç: 4.38 (%1.2 üstte),3.64-3.71 (%14.3 altta),-,53.5,94.35,0.62,4.09,0.27,,
2026-08-03 19:44,BZ=F,83.69,🔴 Düşüş Trendinde,🔴 SAT,-,-,"📉 Düşüş Hazırlığı (50<100 Kesti, 150 Bekleniyor)",⚪ Yelpaze Açık,⚪Fiyat Alt_Orta Bant Aralığında,EMA200 Destek: 79.86 (%4.6 altta) | EMA21 Direnç: 86.94 (%3.9 üstte),59.45-60.91 (%27.2 altta),106.87-112.69 (%27.7 üstte),46.49,15.0,0.02,4.79,0.0,,
2026-08-03 19:44,CCJ,89.13,🔴 Düşüş Trendinde,🔥 GÜÇLÜ AL (Taze Kırılım),-,-,🔴 Ayı Piyasası (EMA 50 En Altta),🟠 Daralıyor,⚪Fiyat Alt_Orta Bant Aralığında,EMA5 Destek: 87.76 (%1.5 altta) | EMA21 Direnç: 90.81 (%1.9 üstte),-,-,44.31,93.98,-0.12,-10.04,0.0,,
2026-08-03 19:44,CGW,65.09,🟢 Yükseliş Trendinde,🟢 AL (Trend Onaylı),-,-,⚠️ Yükseliş Trendinde Düzeltme (SSL Negatif),🚨 BB SIKIŞMA,⚪Fiyat Alt_Orta Bant Aralığında,EMA5 Destek: 65.00 (%0.1 altta),-,-,52.07,29.76,-0.41,1.03,0.0,,
2026-08-03 19:44,COPA,47.84,🔴 Düşüş Trendinde,⏳ BEKLE,-,-,🟢 EMA Yükselişte (SSL Ok Bekleniyor),🚨 BB SIKIŞMA,🟡Fiyat Orta-Üst Bant Aralığında,EMA21 Destek: 47.78 (%0.1 altta) | EMA100 Direnç: 47.90 (%0.1 üstte),-,-,49.57,81.76,0.38,7.17,0.0,,
2026-08-03 19:44,COPX,79.11,🔴 Düşüş Trendinde,🟢 AL (Trend Onaylı),-,-,"📉 Düşüş Hazırlığı (50<100 Kesti, 150 Bekleniyor)",🚨 BB SIKIŞMA,🟡Fiyat Orta-Üst Bant Aralığında,EMA5 Destek: 78.47 (%0.8 altta) | EMA55 Direnç: 79.43 (%0.4 üstte),-,91.20-93.89 (%15.3 üstte),52.25,92.77,0.55,6.72,0.0,,
2026-08-03 19:44,EEM,64.02,🔴 Düşüş Trendinde,⏳ BEKLE,-,-,🟢 EMA Yükselişte (SSL Ok Bekleniyor),🟠 Daralıyor,⚪Fiyat Alt_Orta Bant Aralığında,EMA100 Destek: 63.96 (%0.1 altta) | EMA21 Direnç: 64.50 (%0.7 üstte),52.58-53.31 (%16.7 altta),-,46.92,93.07,-0.44,5.96,0.0,,
2026-08-03 19:44,EWZ,36.37,🟢 Yükseliş Trendinde,🟢 AL (Trend Onaylı),-,-,"📉 Düşüş Hazırlığı (50<100 Kesti, 150 Bekleniyor)",🚨 BB SIKIŞMA,🟡Fiyat Orta-Üst Bant Aralığında,EMA5 Destek: 36.28 (%0.2 altta),-,-,56.41,66.38,0.61,5.49,0.0,,
2026-08-03 19:44,GC=F,4093.1,🔴 Düşüş Trendinde,🔥 GÜÇLÜ AL (Taze Kırılım),📈 TREND DEVAMI (0 Üstü + Hacim),-,🔴 Ayı Piyasası (EMA 50 En Altta),🚨 BB SIKIŞMA,🟡Fiyat Orta-Üst Bant Aralığında,EMA21 Destek: 4082.75 (%0.3 altta) | EMA55 Direnç: 4218.66 (%3.1 üstte),-,4767.20-4879.70 (%16.5 üstte),49.22,77.96,0.43,-4.13,0.0,,
2026-08-03 19:44,GLTR,180.43,🔴 Düşüş Trendinde,🔴 SAT,🔴 ZAYIFLAMA (Zaten Dipte),-,🔴 Ayı Piyasası (EMA 50 En Altta),🚨 BB SIKIŞMA,⚪Fiyat Alt_Orta Bant Aralığında,EMA5 Direnç: 181.48 (%0.6 üstte),-,248.82-257.80 (%37.9 üstte),43.94,77.61,0.28,-7.58,0.0,,
2026-08-03 19:44,HG=F,6.53,🟢 Yükseliş Trendinde,🟢 AL (Trend Onaylı),-,-,🟢 EMA Yükselişte (SSL Ok Bekleniyor),🟠 Daralıyor,🟡Fiyat Orta-Üst Bant Aralığında,EMA5 Destek: 6.43 (%1.5 altta),5.79-5.90 (%9.6 altta),-,60.96,71.93,0.5,13.68,0.0,,
2026-08-03 19:44,IBB,185.6,🔴 Düşüş Trendinde,🔴 SAT,🔴 ZAYIFLAMA (Zaten Dipte),-,⚠️ Yükseliş Trendinde Düzeltme (SSL Negatif),🟡 Normal Genişlik,⚪Fiyat Alt_Orta Bant Aralığında,EMA55 Destek: 182.63 (%1.6 altta) | EMA5 Direnç: 187.41 (%1.0 üstte),163.90-167.80 (%9.6 altta),-,47.28,19.1,-0.39,9.24,0.0,,
2026-08-03 19:44,ICLN,17.91,🔴 Düşüş Trendinde,⏳ BEKLE,-,-,"📉 Düşüş Hazırlığı (50<100 Kesti, 150 Bekleniyor)",⚪ Yelpaze Açık,⚪Fiyat Alt_Orta Bant Aralığında,EMA5 Destek: 17.67 (%1.3 altta) | EMA200 Direnç: 18.34 (%2.4 üstte),-,21.34-21.75 (%19.2 üstte),41.92,85.97,-0.76,-2.32,0.0,,
2026-08-03 19:44,INDA,50.08,🟢 Yükseliş Trendinde,🟢 AL (Trend Onaylı),-,-,🔴 Ayı Piyasası (EMA 50 En Altta),🟠 Daralıyor,🚨Fiyat Bandın Üzerinde!,EMA5 Destek: 49.61 (%0.9 altta) | EMA200 Direnç: 50.74 (%1.3 üstte),47.28-47.85 (%4.5 altta),54.75-55.02 (%9.3 üstte),61.13,100.0,0.62,-1.29,0.01,,
2026-08-03 19:44,IWM,295.42,🟢 Yükseliş Trendinde,🔥 GÜÇLÜ AL (Taze Kırılım),-,-,⚠️ Yükseliş Trendinde Düzeltme (SSL Negatif),🚨 BB SIKIŞMA,🟡Fiyat Orta-Üst Bant Aralığında,EMA21 Destek: 293.41 (%0.7 altta),238.69-245.37 (%16.9 altta),-,53.56,63.53,-0.47,10.19,0.0,,
2026-08-03 19:44,MARS,24.34,🔴 Düşüş Trendinde,🔥 GÜÇLÜ AL (Taze Kırılım),-,-,-,-,⚪Fiyat Alt_Orta Bant Aralığında,EMA5 Destek: 23.74 (%2.5 altta) | EMA21 Direnç: 25.63 (%5.3 üstte),-,-,39.61,98.38,-0.7,-,0.0,,
2026-08-03 19:44,NASA,22.56,🔴 Düşüş Trendinde,⏳ BEKLE,-,-,-,-,⚪Fiyat Alt_Orta Bant Aralığında,EMA5 Destek: 22.00 (%2.5 altta) | EMA21 Direnç: 23.99 (%6.3 üstte),-,-,39.0,92.24,-0.75,-,0.0,,
2026-08-03 19:44,PA=F,1255.0,🟢 Yükseliş Trendinde,⏳ BEKLE,🔴 ZAYIFLAMA (Zaten Dipte),-,🔴 Ayı Piyasası (EMA 50 En Altta),🚨 BB SIKIŞMA,⚪Fiyat Alt_Orta Bant Aralığında,EMA21 Direnç: 1267.27 (%1.0 üstte),-,1774.50-1842.00 (%41.4 üstte),47.85,55.64,0.03,-10.79,0.0,,
2026-08-03 19:44,PHO,71.06,🟢 Yükseliş Trendinde,🟢 AL (Trend Onaylı),-,-,🔴 Ayı Piyasası (EMA 50 En Altta),⚪ Yelpaze Açık,🟡Fiyat Orta-Üst Bant Aralığında,EMA5 Destek: 70.38 (%1.0 altta),-,72.60-73.56 (%2.2 üstte),60.9,66.26,0.61,1.66,0.0,,
2026-08-03 19:44,PL=F,1629.1,🔴 Düşüş Trendinde,🟢 AL (Trend Onaylı),-,-,🔴 Ayı Piyasası (EMA 50 En Altta),🚨 BB SIKIŞMA,🟡Fiyat Orta-Üst Bant Aralığında,EMA5 Direnç: 1630.06 (%0.1 üstte),-,2357.40-2365.60 (%44.7 üstte),47.83,89.8,0.16,-8.57,0.0,,
2026-08-03 19:44,QQQ,698.39,🔴 Düşüş Trendinde,🔥 GÜÇLÜ AL (Taze Kırılım),-,-,🟢 EMA Yükselişte (SSL Ok Bekleniyor),⚪ Yelpaze Açık,⚪Fiyat Alt_Orta Bant Aralığında,EMA21 Destek: 697.28 (%0.2 altta) | EMA55 Direnç: 698.53 (%0.0 üstte),555.60-568.05 (%18.7 altta),-,49.39,75.01,-0.65,7.03,0.0,,
2026-08-03 19:44,SI=F,57.76,🔴 Düşüş Trendinde,🔴 SAT,-,-,🔴 Ayı Piyasası (EMA 50 En Altta),🚨 BB SIKIŞMA,⚪Fiyat Alt_Orta Bant Aralığında,EMA5 Direnç: 57.94 (%0.3 üstte),-,86.93-88.89 (%50.5 üstte),43.21,79.59,0.39,-9.57,0.0,,
2026-08-03 19:44,SOXX,503.06,🔴 Düşüş Trendinde,⏳ BEKLE,-,-,⚠️ Yükseliş Trendinde Düzeltme (SSL Negatif),⚪ Yelpaze Açık,⚪Fiyat Alt_Orta Bant Aralığında,EMA100 Destek: 497.82 (%1.0 altta) | EMA5 Direnç: 503.07 (%0.0 üstte),-,-,42.28,61.81,-0.68,19.61,0.0,,
2026-08-03 19:44,VNM,17.5,🟢 Yükseliş Trendinde,🟢 AL (Trend Onaylı),-,-,🔴 Ayı Piyasası (EMA 50 En Altta),⚪ Yelpaze Açık,🟡Fiyat Orta-Üst Bant Aralığında,EMA21 Destek: 17.24 (%1.5 altta) | EMA55 Direnç: 17.76 (%1.4 üstte),-,19.58-19.78 (%11.9 üstte),51.94,91.92,-0.16,-3.08,0.0,,
2026-08-03 19:44,WQTM,32.56,🔴 Düşüş Trendinde,🔥 GÜÇLÜ AL (Taze Kırılım),-,-,🟢 EMA Yükselişte (SSL Ok Bekleniyor),⚪ Yelpaze Açık,🟡Fiyat Orta-Üst Bant Aralığında,EMA21 Destek: 32.44 (%0.4 altta) | EMA100 Direnç: 32.62 (%0.2 üstte),23.18-24.30 (%25.4 altta),-,48.58,100.0,-0.26,9.26,0.0,,
2026-08-03 19:44,XBI,146.83,🔴 Düşüş Trendinde,🔴 SAT,-,-,⚠️ Yükseliş Trendinde Düzeltme (SSL Negatif),⚪ Yelpaze Açık,⚪Fiyat Alt_Orta Bant Aralığında,EMA55 Destek: 146.15 (%0.5 altta) | EMA5 Direnç: 148.49 (%1.1 üstte),-,-,43.55,14.35,-0.85,14.37,0.0,,
2026-08-03 19:44,XLV,161.68,🟢 Yükseliş Trendinde,🔴 SAT,-,-,⚠️ Yükseliş Trendinde Düzeltme (SSL Negatif),⚪ Yelpaze Açık,⚪Fiyat Alt_Orta Bant Aralığında,EMA21 Destek: 161.39 (%0.2 altta) | EMA5 Direnç: 162.99 (%0.8 üstte),145.31-147.27 (%8.9 altta),-,52.81,14.0,0.62,6.73,0.0,,
2026-08-03 19:44,XU100.IS,13410.54,🔴 Düşüş Trendinde,⏳ BEKLE,-,-,⚠️ Yükseliş Trendinde Düzeltme (SSL Negatif),🟡 Normal Genişlik,⚪Fiyat Alt_Orta Bant Aralığında,EMA200 Destek: 12907.39 (%3.8 altta) | EMA5 Direnç: 13502.01 (%0.7 üstte),10373.80-10839.10 (%19.2 altta),-,35.67,17.86,-0.9,3.9,0.0,,
2026-08-03 22:00,AIQ,60.56,🔴 Düşüş Trendinde,🔥 GÜÇLÜ AL (Taze Kırılım),-,-,🟢 EMA Yükselişte (SSL Ok Bekleniyor),⚪ Yelpaze Açık,🟡Fiyat Orta-Üst Bant Aralığında,EMA21 Destek: 60.05 (%0.8 altta) | EMA55 Direnç: 60.57 (%0.0 üstte),44.46-45.83 (%24.3 altta),-,50.34,90.91,-0.39,9.5,0.0,,
2026-08-03 22:00,ALUM.L,4.33,🔴 Düşüş Trendinde,🟢 AL (Trend Onaylı),-,-,"📉 Düşüş Hazırlığı (50<100 Kesti, 150 Bekleniyor)",🚨 BB SIKIŞMA,🚨Fiyat Bandın Üzerinde!,EMA5 Destek: 4.29 (%1.0 altta) | EMA55 Direnç: 4.38 (%1.2 üstte),3.64-3.71 (%14.3 altta),-,53.5,94.35,0.62,4.09,0.27,,
2026-08-03 22:00,BZ=F,83.92,🔴 Düşüş Trendinde,🔴 SAT,-,-,"📉 Düşüş Hazırlığı (50<100 Kesti, 150 Bekleniyor)",⚪ Yelpaze Açık,⚪Fiyat Alt_Orta Bant Aralığında,EMA200 Destek: 79.87 (%4.8 altta) | EMA21 Direnç: 86.96 (%3.6 üstte),59.45-60.91 (%27.4 altta),106.87-112.69 (%27.3 üstte),46.72,15.0,0.03,5.08,0.0,,
2026-08-03 22:00,CCJ,89.36,🔴 Düşüş Trendinde,🔥 GÜÇLÜ AL (Taze Kırılım),-,-,🔴 Ayı Piyasası (EMA 50 En Altta),🟠 Daralıyor,⚪Fiyat Alt_Orta Bant Aralığında,EMA5 Destek: 87.83 (%1.7 altta) | EMA21 Direnç: 90.83 (%1.7 üstte),-,-,44.72,93.98,-0.11,-9.82,0.0,,
2026-08-03 22:00,CGW,65.14,🟢 Yükseliş Trendinde,🟢 AL (Trend Onaylı),-,-,⚠️ Yükseliş Trendinde Düzeltme (SSL Negatif),🚨 BB SIKIŞMA,🟡Fiyat Orta-Üst Bant Aralığında,EMA5 Destek: 65.02 (%0.2 altta),-,-,52.49,31.02,-0.4,1.11,0.0,,
2026-08-03 22:00,COPA,47.99,🔴 Düşüş Trendinde,⏳ BEKLE,-,-,🟢 EMA Yükselişte (SSL Ok Bekleniyor),🚨 BB SIKIŞMA,🟡Fiyat Orta-Üst Bant Aralığında,EMA100 Destek: 47.90 (%0.2 altta) | EMA55 Direnç: 48.39 (%0.8 üstte),-,-,50.1,83.26,0.4,7.5,0.0,,
2026-08-03 22:00,COPX,79.37,🔴 Düşüş Trendinde,🟢 AL (Trend Onaylı),-,-,"📉 Düşüş Hazırlığı (50<100 Kesti, 150 Bekleniyor)",🚨 BB SIKIŞMA,🟡Fiyat Orta-Üst Bant Aralığında,EMA5 Destek: 78.55 (%1.0 altta) | EMA55 Direnç: 79.44 (%0.1 üstte),-,91.20-93.89 (%14.9 üstte),52.78,94.23,0.56,7.07,0.0,,
2026-08-03 22:00,EEM,64.29,🔴 Düşüş Trendinde,🔥 GÜÇLÜ AL (Taze Kırılım),-,-,🟢 EMA Yükselişte (SSL Ok Bekleniyor),🟠 Daralıyor,⚪Fiyat Alt_Orta Bant Aralığında,EMA100 Destek: 63.96 (%0.5 altta) | EMA21 Direnç: 64.52 (%0.4 üstte),52.58-53.31 (%17.1 altta),-,47.93,94.19,-0.41,6.41,0.0,,
2026-08-03 22:00,EWZ,36.4,🟢 Yükseliş Trendinde,🟢 AL (Trend Onaylı),-,-,"📉 Düşüş Hazırlığı (50<100 Kesti, 150 Bekleniyor)",🚨 BB SIKIŞMA,🟡Fiyat Orta-Üst Bant Aralığında,EMA5 Destek: 36.29 (%0.3 altta),-,-,56.7,67.18,0.61,5.58,0.0,,
2026-08-03 22:00,GC=F,4097.8,🔴 Düşüş Trendinde,🔥 GÜÇLÜ AL (Taze Kırılım),📈 TREND DEVAMI (0 Üstü + Hacim),-,🔴 Ayı Piyasası (EMA 50 En Altta),🚨 BB SIKIŞMA,🟡Fiyat Orta-Üst Bant Aralığında,EMA21 Destek: 4083.18 (%0.4 altta) | EMA55 Direnç: 4218.83 (%3.0 üstte),-,4767.20-4879.70 (%16.3 üstte),49.59,78.88,0.44,-4.03,0.0,,
2026-08-03 22:00,GLTR,181.06,🔴 Düşüş Trendinde,🔴 SAT,🔴 ZAYIFLAMA (Zaten Dipte),-,🔴 Ayı Piyasası (EMA 50 En Altta),🚨 BB SIKIŞMA,⚪Fiyat Alt_Orta Bant Aralığında,EMA5 Direnç: 181.69 (%0.3 üstte),-,248.82-257.80 (%37.4 üstte),44.7,79.45,0.31,-7.26,0.0,,
2026-08-03 22:00,HG=F,6.54,🟢 Yükseliş Trendinde,🟢 AL (Trend Onaylı),-,-,🟢 EMA Yükselişte (SSL Ok Bekleniyor),🟠 Daralıyor,🟡Fiyat Orta-Üst Bant Aralığında,EMA5 Destek: 6.44 (%1.6 altta),5.79-5.90 (%9.8 altta),-,61.49,73.3,0.51,13.92,0.0,,
2026-08-03 22:00,IBB,185.9,🔴 Düşüş Trendinde,🔴 SAT,🔴 ZAYIFLAMA (Zaten Dipte),-,⚠️ Yükseliş Trendinde Düzeltme (SSL Negatif),🟡 Normal Genişlik,⚪Fiyat Alt_Orta Bant Aralığında,EMA55 Destek: 182.64 (%1.8 altta) | EMA5 Direnç: 187.51 (%0.9 üstte),163.90-167.80 (%9.7 altta),-,47.82,19.1,-0.38,9.41,0.0,,
2026-08-03 22:00,ICLN,17.97,🔴 Düşüş Trendinde,⏳ BEKLE,-,-,"📉 Düşüş Hazırlığı (50<100 Kesti, 150 Bekleniyor)",⚪ Yelpaze Açık,⚪Fiyat Alt_Orta Bant Aralığında,EMA5 Destek: 17.69 (%1.6 altta) | EMA200 Direnç: 18.34 (%2.0 üstte),-,21.34-21.75 (%18.8 üstte),42.58,85.97,-0.75,-1.99,0.0,,
2026-08-03 22:00,INDA,50.17,🟢 Yükseliş Trendinde,🟢 AL (Trend Onaylı),-,-,🔴 Ayı Piyasası (EMA 50 En Altta),🟠 Daralıyor,🚨Fiyat Bandın Üzerinde!,EMA5 Destek: 49.63 (%1.1 altta) | EMA200 Direnç: 50.74 (%1.1 üstte),47.28-47.85 (%4.6 altta),54.75-55.02 (%9.1 üstte),61.76,100.0,0.63,-1.13,0.14,,
2026-08-03 22:00,IWM,295.9,🟢 Yükseliş Trendinde,🔥 GÜÇLÜ AL (Taze Kırılım),-,-,⚠️ Yükseliş Trendinde Düzeltme (SSL Negatif),🚨 BB SIKIŞMA,🟡Fiyat Orta-Üst Bant Aralığında,EMA21 Destek: 293.45 (%0.8 altta),238.69-245.37 (%17.1 altta),-,54.23,65.28,-0.44,10.37,0.0,,
2026-08-03 22:00,MARS,24.2,🔴 Düşüş Trendinde,🔥 GÜÇLÜ AL (Taze Kırılım),-,-,-,-,⚪Fiyat Alt_Orta Bant Aralığında,EMA5 Destek: 23.69 (%2.1 altta) | EMA21 Direnç: 25.62 (%5.9 üstte),-,-,38.83,98.38,-0.72,-,0.0,,
2026-08-03 22:00,NASA,22.6,🔴 Düşüş Trendinde,⏳ BEKLE,-,-,-,-,⚪Fiyat Alt_Orta Bant Aralığında,EMA5 Destek: 22.02 (%2.6 altta) | EMA21 Direnç: 24.00 (%6.2 üstte),-,-,39.25,92.24,-0.74,-,0.0,,
2026-08-03 22:00,PA=F,1255.0,🟢 Yükseliş Trendinde,⏳ BEKLE,🔴 ZAYIFLAMA (Zaten Dipte),-,🔴 Ayı Piyasası (EMA 50 En Altta),🚨 BB SIKIŞMA,⚪Fiyat Alt_Orta Bant Aralığında,EMA21 Direnç: 1267.27 (%1.0 üstte),-,1774.50-1842.00 (%41.4 üstte),47.85,55.64,0.03,-10.79,0.0,,
2026-08-03 22:00,PHO,71.2,🟢 Yükseliş Trendinde,🟢 AL (Trend Onaylı),-,-,🔴 Ayı Piyasası (EMA 50 En Altta),⚪ Yelpaze Açık,🟡Fiyat Orta-Üst Bant Aralığında,EMA5 Destek: 70.43 (%1.1 altta),-,72.60-73.56 (%2.0 üstte),61.43,67.07,0.61,1.86,0.0,,
2026-08-03 22:00,PL=F,1630.0,🔴 Düşüş Trendinde,🟢 AL (Trend Onaylı),-,-,🔴 Ayı Piyasası (EMA 50 En Altta),🚨 BB SIKIŞMA,🟡Fiyat Orta-Üst Bant Aralığında,EMA5 Direnç: 1630.36 (%0.0 üstte),-,2357.40-2365.60 (%44.6 üstte),47.95,90.16,0.17,-8.52,0.0,,
2026-08-03 22:00,QQQ,700.65,🔴 Düşüş Trendinde,🔥 GÜÇLÜ AL (Taze Kırılım),-,-,🟢 EMA Yükselişte (SSL Ok Bekleniyor),⚪ Yelpaze Açık,🟡Fiyat Orta-Üst Bant Aralığında,EMA55 Destek: 698.61 (%0.3 altta),555.60-568.05 (%18.9 altta),-,50.24,76.07,-0.63,7.37,0.0,,
2026-08-03 22:00,SI=F,58.12,🔴 Düşüş Trendinde,🔴 SAT,-,-,🔴 Ayı Piyasası (EMA 50 En Altta),🚨 BB SIKIŞMA,⚪Fiyat Alt_Orta Bant Aralığında,EMA5 Destek: 58.06 (%0.1 altta) | EMA21 Direnç: 59.05 (%1.6 üstte),-,86.93-88.89 (%49.6 üstte),44.38,82.69,0.43,-9.02,0.0,,
2026-08-03 22:00,SOXX,507.74,🔴 Düşüş Trendinde,⏳ BEKLE,-,-,⚠️ Yükseliş Trendinde Düzeltme (SSL Negatif),⚪ Yelpaze Açık,⚪Fiyat Alt_Orta Bant Aralığında,EMA5 Destek: 504.63 (%0.6 altta) | EMA21 Direnç: 532.81 (%4.9 üstte),-,-,43.27,63.99,-0.66,20.71,0.0,,
2026-08-03 22:00,VNM,17.5,🟢 Yükseliş Trendinde,🟢 AL (Trend Onaylı),-,-,🔴 Ayı Piyasası (EMA 50 En Altta),⚪ Yelpaze Açık,🟡Fiyat Orta-Üst Bant Aralığında,EMA21 Destek: 17.24 (%1.5 altta) | EMA55 Direnç: 17.76 (%1.4 üstte),-,19.58-19.78 (%11.9 üstte),51.94,91.92,-0.16,-3.08,0.0,,
2026-08-03 22:00,WQTM,32.76,🔴 Düşüş Trendinde,🔥 GÜÇLÜ AL (Taze Kırılım),-,-,🟢 EMA Yükselişte (SSL Ok Bekleniyor),⚪ Yelpaze Açık,🟡Fiyat Orta-Üst Bant Aralığında,EMA100 Destek: 32.63 (%0.4 altta) | EMA55 Direnç: 33.45 (%2.1 üstte),23.18-24.30 (%25.8 altta),-,49.42,100.0,-0.23,9.93,0.0,,
2026-08-03 22:00,XBI,146.86,🔴 Düşüş Trendinde,🔴 SAT,-,-,⚠️ Yükseliş Trendinde Düzeltme (SSL Negatif),⚪ Yelpaze Açık,⚪Fiyat Alt_Orta Bant Aralığında,EMA55 Destek: 146.16 (%0.5 altta) | EMA5 Direnç: 148.50 (%1.1 üstte),-,-,43.6,14.35,-0.85,14.39,0.0,,
2026-08-03 22:00,XLV,162.2,🟢 Yükseliş Trendinde,⏳ BEKLE,-,-,⚠️ Yükseliş Trendinde Düzeltme (SSL Negatif),⚪ Yelpaze Açık,🟡Fiyat Orta-Üst Bant Aralığında,EMA21 Destek: 161.43 (%0.5 altta) | EMA5 Direnç: 163.17 (%0.6 üstte),145.31-147.27 (%9.2 altta),-,54.09,16.28,0.65,7.07,0.0,,
2026-08-03 22:00,XU100.IS,13410.54,🔴 Düşüş Trendinde,⏳ BEKLE,-,-,⚠️ Yükseliş Trendinde Düzeltme (SSL Negatif),🟡 Normal Genişlik,⚪Fiyat Alt_Orta Bant Aralığında,EMA200 Destek: 12907.39 (%3.8 altta) | EMA5 Direnç: 13502.01 (%0.7 üstte),10373.80-10839.10 (%19.2 altta),-,35.67,17.86,-0.9,3.9,0.0,,
2026-08-04 15:22,AIQ,60.57,🔴 Düşüş Trendinde,🔥 GÜÇLÜ AL (Taze Kırılım),-,-,🟢 EMA Yükselişte (SSL Ok Bekleniyor),⚪ Yelpaze Açık,🟡Fiyat Orta-Üst Bant Aralığında,EMA55 Destek: 60.57 (%0.0 altta),44.46-45.83 (%24.3 altta),-,50.36,90.91,-0.38,9.5,0.0,,
2026-08-04 15:22,ALUM.L,4.38,🔴 Düşüş Trendinde,🟢 AL (Trend Onaylı),-,-,"📉 Düşüş Hazırlığı (50<100 Kesti, 150 Bekleniyor)",🚨 BB SIKIŞMA,🚨Fiyat Bandın Üzerinde!,EMA55 Destek: 4.38 (%0.1 altta) | EMA100 Direnç: 4.39 (%0.1 üstte),3.64-3.71 (%15.4 altta),-,58.0,94.35,0.62,5.43,1.13,,
2026-08-04 15:22,BZ=F,81.6,🔴 Düşüş Trendinde,🔴 SAT,-,-,"📉 Düşüş Hazırlığı (50<100 Kesti, 150 Bekleniyor)",⚪ Yelpaze Açık,⚪Fiyat Alt_Orta Bant Aralığında,EMA200 Destek: 79.88 (%2.1 altta) | EMA5 Direnç: 85.75 (%5.1 üstte),59.45-60.91 (%25.4 altta),106.87-112.69 (%31.0 üstte),44.31,8.25,-0.28,2.15,0.0,,
2026-08-04 15:22,CCJ,89.72,🔴 Düşüş Trendinde,🔥 GÜÇLÜ AL (Taze Kırılım),-,-,🔴 Ayı Piyasası (EMA 50 En Altta),🟠 Daralıyor,🟡Fiyat Orta-Üst Bant Aralığında,EMA5 Destek: 87.95 (%2.0 altta) | EMA21 Direnç: 90.86 (%1.3 üstte),-,-,45.36,93.98,-0.09,-9.45,0.0,,
2026-08-04 15:22,CGW,65.27,🟢 Yükseliş Trendinde,🟢 AL (Trend Onaylı),-,-,⚠️ Yükseliş Trendinde Düzeltme (SSL Negatif),🚨 BB SIKIŞMA,🟡Fiyat Orta-Üst Bant Aralığında,EMA5 Destek: 65.06 (%0.3 altta),-,-,53.42,33.82,-0.36,1.3,0.0,,
2026-08-04 15:22,COPA,48.3,🔴 Düşüş Trendinde,⏳ BEKLE,-,-,🟢 EMA Yükselişte (SSL Ok Bekleniyor),🚨 BB SIKIŞMA,🟡Fiyat Orta-Üst Bant Aralığında,EMA5 Destek: 47.93 (%0.8 altta) | EMA55 Direnç: 48.40 (%0.2 üstte),-,-,51.19,86.35,0.42,8.19,0.0,,
2026-08-04 15:22,COPX,79.36,🔴 Düşüş Trendinde,🟢 AL (Trend Onaylı),-,-,"📉 Düşüş Hazırlığı (50<100 Kesti, 150 Bekleniyor)",🚨 BB SIKIŞMA,🟡Fiyat Orta-Üst Bant Aralığında,EMA5 Destek: 78.55 (%1.0 altta) | EMA55 Direnç: 79.44 (%0.1 üstte),-,91.20-93.89 (%14.9 üstte),52.76,94.17,0.56,7.06,0.0,,
2026-08-04 15:22,EEM,64.32,🔴 Düşüş Trendinde,🔥 GÜÇLÜ AL (Taze Kırılım),-,-,🟢 EMA Yükselişte (SSL Ok Bekleniyor),🟠 Daralıyor,⚪Fiyat Alt_Orta Bant Aralığında,EMA100 Destek: 63.96 (%0.6 altta) | EMA21 Direnç: 64.52 (%0.3 üstte),52.58-53.31 (%17.1 altta),-,48.03,94.19,-0.41,6.45,0.0,,
2026-08-04 15:22,EWZ,36.42,🟢 Yükseliş Trendinde,🟢 AL (Trend Onaylı),-,-,"📉 Düşüş Hazırlığı (50<100 Kesti, 150 Bekleniyor)",🚨 BB SIKIŞMA,🟡Fiyat Orta-Üst Bant Aralığında,EMA5 Destek: 36.30 (%0.3 altta),-,-,56.95,67.86,0.62,5.65,0.0,,
2026-08-04 15:22,GC=F,4120.4,🔴 Düşüş Trendinde,🔥 GÜÇLÜ AL (Taze Kırılım),🚀 KUSURSUZ DÖNÜŞ (0 Altı + Hacim),-,🔴 Ayı Piyasası (EMA 50 En Altta),🚨 BB SIKIŞMA,🟡Fiyat Orta-Üst Bant Aralığında,EMA21 Destek: 4081.27 (%0.9 altta) | EMA55 Direnç: 4213.11 (%2.3 üstte),-,4767.20-4879.70 (%15.7 üstte),51.66,69.64,0.41,-3.45,0.0,,
2026-08-04 15:22,GLTR,181.64,🔴 Düşüş Trendinde,⏳ BEKLE,🔴 ZAYIFLAMA (Zaten Dipte),-,🔴 Ayı Piyasası (EMA 50 En Altta),🚨 BB SIKIŞMA,⚪Fiyat Alt_Orta Bant Aralığında,EMA5 Direnç: 181.88 (%0.1 üstte),-,248.82-257.80 (%37.0 üstte),45.45,81.26,0.34,-6.97,0.0,,
2026-08-04 15:22,HG=F,6.65,🟢 Yükseliş Trendinde,🟢 AL (Trend Onaylı),-,-,🟢 EMA Yükselişte (SSL Ok Bekleniyor),🟡 Normal Genişlik,🚨Fiyat Bandın Üzerinde!,EMA5 Destek: 6.50 (%2.2 altta),5.79-5.90 (%11.3 altta),-,65.41,82.34,0.6,15.6,0.81,,
2026-08-04 15:22,IBB,185.91,🔴 Düşüş Trendinde,🔴 SAT,🔴 ZAYIFLAMA (Zaten Dipte),-,⚠️ Yükseliş Trendinde Düzeltme (SSL Negatif),🟡 Normal Genişlik,⚪Fiyat Alt_Orta Bant Aralığında,EMA55 Destek: 182.64 (%1.8 altta) | EMA5 Direnç: 187.51 (%0.9 üstte),163.90-167.80 (%9.7 altta),-,47.84,19.1,-0.38,9.42,0.0,,
2026-08-04 15:22,ICLN,17.99,🔴 Düşüş Trendinde,⏳ BEKLE,-,-,"📉 Düşüş Hazırlığı (50<100 Kesti, 150 Bekleniyor)",⚪ Yelpaze Açık,⚪Fiyat Alt_Orta Bant Aralığında,EMA5 Destek: 17.70 (%1.6 altta) | EMA200 Direnç: 18.34 (%1.9 üstte),-,21.34-21.75 (%18.6 üstte),42.79,85.97,-0.75,-1.89,0.0,,
2026-08-04 15:22,INDA,50.16,🟢 Yükseliş Trendinde,🟢 AL (Trend Onaylı),-,-,🔴 Ayı Piyasası (EMA 50 En Altta),🟠 Daralıyor,🚨Fiyat Bandın Üzerinde!,EMA5 Destek: 49.63 (%1.1 altta) | EMA200 Direnç: 50.74 (%1.1 üstte),47.28-47.85 (%4.6 altta),54.75-55.02 (%9.2 üstte),61.72,100.0,0.63,-1.14,0.13,,
2026-08-04 15:22,IWM,296.22,🟢 Yükseliş Trendinde,🔥 GÜÇLÜ AL (Taze Kırılım),-,-,⚠️ Yükseliş Trendinde Düzeltme (SSL Negatif),🚨 BB SIKIŞMA,🟡Fiyat Orta-Üst Bant Aralığında,EMA21 Destek: 293.48 (%0.9 altta),238.69-245.37 (%17.2 altta),-,54.65,65.78,-0.41,10.48,0.0,,
2026-08-04 15:22,MARS,24.55,🔴 Düşüş Trendinde,🔥 GÜÇLÜ AL (Taze Kırılım),-,-,-,-,⚪Fiyat Alt_Orta Bant Aralığında,EMA5 Destek: 23.81 (%3.0 altta) | EMA21 Direnç: 25.65 (%4.5 üstte),-,-,40.74,98.38,-0.67,-,0.0,,
2026-08-04 15:22,NASA,22.85,🔴 Düşüş Trendinde,🔥 GÜÇLÜ AL (Taze Kırılım),-,-,-,-,⚪Fiyat Alt_Orta Bant Aralığında,EMA5 Destek: 22.10 (%3.3 altta) | EMA21 Direnç: 24.02 (%5.1 üstte),-,-,40.57,92.24,-0.71,-,0.0,,
2026-08-04 15:22,PA=F,1313.5,🟢 Yükseliş Trendinde,🔥 GÜÇLÜ AL (Taze Kırılım),📈 TREND DEVAMI (0 Üstü + Hacim),-,🔴 Ayı Piyasası (EMA 50 En Altta),🚨 BB SIKIŞMA,🟡Fiyat Orta-Üst Bant Aralığında,EMA55 Destek: 1309.29 (%0.3 altta) | EMA100 Direnç: 1367.82 (%4.1 üstte),-,1774.50-1842.00 (%35.1 üstte),55.06,55.11,0.32,-6.57,0.0,,
2026-08-04 15:22,PHO,71.19,🟢 Yükseliş Trendinde,🟢 AL (Trend Onaylı),-,-,🔴 Ayı Piyasası (EMA 50 En Altta),⚪ Yelpaze Açık,🟡Fiyat Orta-Üst Bant Aralığında,EMA5 Destek: 70.42 (%1.1 altta),-,72.60-73.56 (%2.0 üstte),61.4,67.01,0.61,1.85,0.0,,
2026-08-04 15:22,PL=F,1737.3,🔥 AL (Taze Kırılım),🟢 AL (Trend Onaylı),-,-,🔴 Ayı Piyasası (EMA 50 En Altta),🚨 BB SIKIŞMA,🚨Fiyat Bandın Üzerinde!,EMA55 Destek: 1719.57 (%1.0 altta) | EMA200 Direnç: 1781.17 (%2.5 üstte),-,2357.40-2365.60 (%35.7 üstte),60.06,85.55,0.47,-2.46,2.86,,
2026-08-04 15:22,QQQ,700.07,🔴 Düşüş Trendinde,🔥 GÜÇLÜ AL (Taze Kırılım),-,-,🟢 EMA Yükselişte (SSL Ok Bekleniyor),⚪ Yelpaze Açık,🟡Fiyat Orta-Üst Bant Aralığında,EMA55 Destek: 698.59 (%0.2 altta),555.60-568.05 (%18.9 altta),-,50.02,76.07,-0.63,7.29,0.0,,
2026-08-04 15:22,SI=F,59.42,🔴 Düşüş Trendinde,🔥 GÜÇLÜ AL (Taze Kırılım),-,-,🔴 Ayı Piyasası (EMA 50 En Altta),🚨 BB SIKIŞMA,🟡Fiyat Orta-Üst Bant Aralığında,EMA21 Destek: 59.05 (%0.6 altta) | EMA55 Direnç: 63.67 (%7.2 üstte),-,86.93-88.89 (%46.3 üstte),48.74,80.46,0.45,-6.91,0.0,,
2026-08-04 15:22,SOXX,507.68,🔴 Düşüş Trendinde,⏳ BEKLE,-,-,⚠️ Yükseliş Trendinde Düzeltme (SSL Negatif),⚪ Yelpaze Açık,⚪Fiyat Alt_Orta Bant Aralığında,EMA5 Destek: 504.61 (%0.6 altta) | EMA21 Direnç: 532.81 (%4.9 üstte),-,-,43.25,63.96,-0.66,20.7,0.0,,
2026-08-04 15:22,VNM,17.5,🟢 Yükseliş Trendinde,🟢 AL (Trend Onaylı),-,-,🔴 Ayı Piyasası (EMA 50 En Altta),⚪ Yelpaze Açık,🟡Fiyat Orta-Üst Bant Aralığında,EMA21 Destek: 17.24 (%1.5 altta) | EMA55 Direnç: 17.76 (%1.5 üstte),-,19.58-19.78 (%11.9 üstte),51.88,91.92,-0.16,-3.11,0.0,,
2026-08-04 15:22,WQTM,32.76,🔴 Düşüş Trendinde,🔥 GÜÇLÜ AL (Taze Kırılım),-,-,🟢 EMA Yükselişte (SSL Ok Bekleniyor),⚪ Yelpaze Açık,🟡Fiyat Orta-Üst Bant Aralığında,EMA100 Destek: 32.63 (%0.4 altta) | EMA55 Direnç: 33.45 (%2.1 üstte),23.18-24.30 (%25.8 altta),-,49.42,100.0,-0.23,9.93,0.0,,
2026-08-04 15:22,XBI,147.31,🔴 Düşüş Trendinde,🔴 SAT,-,-,⚠️ Yükseliş Trendinde Düzeltme (SSL Negatif),⚪ Yelpaze Açık,⚪Fiyat Alt_Orta Bant Aralığında,EMA55 Destek: 146.17 (%0.8 altta) | EMA5 Direnç: 148.65 (%0.9 üstte),-,-,44.38,15.52,-0.84,14.74,0.0,,
2026-08-04 15:22,XLV,162.24,🟢 Yükseliş Trendinde,⏳ BEKLE,-,-,⚠️ Yükseliş Trendinde Düzeltme (SSL Negatif),⚪ Yelpaze Açık,🟡Fiyat Orta-Üst Bant Aralığında,EMA21 Destek: 161.44 (%0.5 altta) | EMA5 Direnç: 163.18 (%0.6 üstte),145.31-147.27 (%9.2 altta),-,54.19,16.51,0.65,7.1,0.0,,
2026-08-04 15:22,XU100.IS,13557.91,🔴 Düşüş Trendinde,⏳ BEKLE,-,-,⚠️ Yükseliş Trendinde Düzeltme (SSL Negatif),🟡 Normal Genişlik,⚪Fiyat Alt_Orta Bant Aralığında,EMA5 Destek: 13520.63 (%0.3 altta) | EMA100 Direnç: 13791.89 (%1.7 üstte),10373.80-10839.10 (%20.1 altta),-,40.48,34.47,-0.9,4.99,0.0,,
2026-08-04 19:27,AIQ,62.84,🔥 AL (Taze Kırılım),🟢 AL (Trend Onaylı),-,-,🟢 EMA Yükselişte (SSL Ok Bekleniyor),⚪ Yelpaze Açık,🟡Fiyat Orta-Üst Bant Aralığında,EMA55 Destek: 60.65 (%3.5 altta),44.46-45.83 (%27.1 altta),-,56.54,96.38,0.12,13.46,0.0,,
2026-08-04 19:27,ALUM.L,4.33,🔴 Düşüş Trendinde,🟢 AL (Trend Onaylı),🩸 SAT (Zirveden Dönüş),-,"📉 Düşüş Hazırlığı (50<100 Kesti, 150 Bekleniyor)",🚨 BB SIKIŞMA,🚨Fiyat Bandın Üzerinde!,EMA5 Destek: 4.29 (%1.0 altta) | EMA55 Direnç: 4.38 (%1.1 üstte),3.64-3.71 (%14.3 altta),-,53.64,94.35,0.62,4.13,0.29,,
2026-08-04 19:27,BZ=F,79.68,🔴 Düşüş Trendinde,🔴 SAT,-,-,"📉 Düşüş Hazırlığı (50<100 Kesti, 150 Bekleniyor)",⚪ Yelpaze Açık,⚪Fiyat Alt_Orta Bant Aralığında,EMA200 Direnç: 79.86 (%0.2 üstte),59.45-60.91 (%23.6 altta),106.87-112.69 (%34.1 üstte),42.49,8.25,-0.31,-0.23,0.0,,
2026-08-04 19:27,CCJ,94.1,🔴 Düşüş Trendinde,🟢 AL (Trend Onaylı),-,-,🔴 Ayı Piyasası (EMA 50 En Altta),🟠 Daralıyor,🟡Fiyat Orta-Üst Bant Aralığında,EMA21 Destek: 91.16 (%3.1 altta) | EMA55 Direnç: 98.08 (%4.2 üstte),-,-,52.46,93.98,0.4,-4.99,0.0,,
2026-08-04 19:27,CGW,66.01,🟢 Yükseliş Trendinde,🟢 AL (Trend Onaylı),-,-,🟢 EMA Yükselişte (SSL Ok Bekleniyor),🚨 BB SIKIŞMA,🟡Fiyat Orta-Üst Bant Aralığında,EMA5 Destek: 65.38 (%1.0 altta),-,-,58.61,55.65,-0.04,2.43,0.0,,
2026-08-04 19:27,COPA,50.62,🔥 AL (Taze Kırılım),🟢 AL (Trend Onaylı),-,-,🟢 EMA Yükselişte (SSL Ok Bekleniyor),🚨 BB SIKIŞMA,🚨Fiyat Bandın Üzerinde!,EMA5 Destek: 48.83 (%3.5 altta),-,54.23-55.84 (%7.1 üstte),58.45,88.84,0.65,13.24,0.95,,
2026-08-04 19:27,COPX,83.6,🔥 AL (Taze Kırılım),🟢 AL (Trend Onaylı),-,-,"📉 Düşüş Hazırlığı (50<100 Kesti, 150 Bekleniyor)",🚨 BB SIKIŞMA,🚨Fiyat Bandın Üzerinde!,EMA5 Destek: 80.23 (%4.0 altta),-,91.20-93.89 (%9.1 üstte),60.4,94.55,0.72,12.63,1.61,,
2026-08-04 19:27,EEM,65.88,🔴 Düşüş Trendinde,🟢 AL (Trend Onaylı),-,-,🟢 EMA Yükselişte (SSL Ok Bekleniyor),🟠 Daralıyor,🟡Fiyat Orta-Üst Bant Aralığında,EMA55 Destek: 65.14 (%1.1 altta),52.58-53.31 (%19.1 altta),-,53.58,99.51,-0.0,8.94,0.0,,
2026-08-04 19:27,EWZ,36.37,🟢 Yükseliş Trendinde,🟢 AL (Trend Onaylı),-,-,"📉 Düşüş Hazırlığı (50<100 Kesti, 150 Bekleniyor)",🚨 BB SIKIŞMA,🟡Fiyat Orta-Üst Bant Aralığında,EMA5 Destek: 36.32 (%0.1 altta),-,-,56.42,62.18,0.69,5.45,0.0,,
2026-08-04 19:27,GC=F,4141.8,🔴 Düşüş Trendinde,🔥 GÜÇLÜ AL (Taze Kırılım),📈 TREND DEVAMI (0 Üstü + Hacim),-,🔴 Ayı Piyasası (EMA 50 En Altta),🚨 BB SIKIŞMA,🟡Fiyat Orta-Üst Bant Aralığında,EMA21 Destek: 4083.21 (%1.4 altta) | EMA55 Direnç: 4213.87 (%1.7 üstte),-,4767.20-4879.70 (%15.1 üstte),53.16,69.64,0.44,-2.95,0.0,,
2026-08-04 19:27,GLTR,185.12,🔴 Düşüş Trendinde,🔥 GÜÇLÜ AL (Taze Kırılım),🟡 RİSKLİ AL (0 Üstü - Hacimsiz),-,🔴 Ayı Piyasası (EMA 50 En Altta),🚨 BB SIKIŞMA,🟡Fiyat Orta-Üst Bant Aralığında,EMA21 Destek: 183.42 (%0.9 altta) | EMA55 Direnç: 192.11 (%3.8 üstte),-,248.82-257.80 (%34.4 üstte),50.6,81.26,0.52,-5.14,0.0,,
2026-08-04 19:27,HG=F,6.64,🟢 Yükseliş Trendinde,🟢 AL (Trend Onaylı),-,-,🟢 EMA Yükselişte (SSL Ok Bekleniyor),🟡 Normal Genişlik,🚨Fiyat Bandın Üzerinde!,EMA5 Destek: 6.50 (%2.1 altta),5.79-5.90 (%11.1 altta),-,65.0,82.34,0.6,15.38,0.68,,
2026-08-04 19:27,IBB,188.86,🔴 Düşüş Trendinde,⏳ BEKLE,-,-,⚠️ Yükseliş Trendinde Düzeltme (SSL Negatif),🟠 Daralıyor,⚪Fiyat Alt_Orta Bant Aralığında,EMA5 Destek: 187.96 (%0.5 altta),163.90-167.80 (%11.2 altta),-,53.53,17.41,-0.22,11.03,0.0,,
2026-08-04 19:27,ICLN,18.44,🔴 Düşüş Trendinde,🔥 GÜÇLÜ AL (Taze Kırılım),-,-,"📉 Düşüş Hazırlığı (50<100 Kesti, 150 Bekleniyor)",⚪ Yelpaze Açık,🟡Fiyat Orta-Üst Bant Aralığında,EMA21 Destek: 18.42 (%0.1 altta) | EMA55 Direnç: 19.36 (%4.9 üstte),-,21.34-21.75 (%15.7 üstte),47.63,91.82,-0.46,0.59,0.0,,
2026-08-04 19:27,INDA,50.42,🟢 Yükseliş Trendinde,🟢 AL (Trend Onaylı),-,-,🔴 Ayı Piyasası (EMA 50 En Altta),🟡 Normal Genişlik,🚨Fiyat Bandın Üzerinde!,EMA5 Destek: 49.89 (%1.0 altta) | EMA200 Direnç: 50.73 (%0.6 üstte),47.28-47.85 (%5.1 altta),54.75-55.02 (%8.6 üstte),63.62,100.0,0.74,-0.63,0.21,,
2026-08-04 19:27,IWM,301.04,🟢 Yükseliş Trendinde,🟢 AL (Trend Onaylı),-,-,🟢 EMA Yükselişte (SSL Ok Bekleniyor),🚨 BB SIKIŞMA,🚨Fiyat Bandın Üzerinde!,EMA5 Destek: 295.80 (%1.7 altta),238.69-245.37 (%18.5 altta),-,60.61,80.03,0.11,12.14,0.57,,
2026-08-04 19:27,MARS,26.2,🔴 Düşüş Trendinde,🟢 AL (Trend Onaylı),-,-,-,-,🟡Fiyat Orta-Üst Bant Aralığında,EMA21 Destek: 25.70 (%1.9 altta) | EMA55 Direnç: 28.46 (%8.6 üstte),-,43.89-45.92 (%67.5 üstte),48.84,98.88,-0.09,-,0.0,,
2026-08-04 19:27,NASA,24.42,🔴 Düşüş Trendinde,🟢 AL (Trend Onaylı),-,-,-,-,🟡Fiyat Orta-Üst Bant Aralığında,EMA21 Destek: 24.05 (%1.5 altta) | EMA55 Direnç: 27.01 (%10.6 üstte),-,-,48.29,96.39,-0.24,-,0.0,,
2026-08-04 19:27,PA=F,1352.5,🟢 Yükseliş Trendinde,🔥 GÜÇLÜ AL (Taze Kırılım),📈 TREND DEVAMI (0 Üstü + Hacim),-,🔴 Ayı Piyasası (EMA 50 En Altta),🚨 BB SIKIŞMA,🚨Fiyat Bandın Üzerinde!,EMA55 Destek: 1310.68 (%3.1 altta) | EMA100 Direnç: 1368.60 (%1.2 üstte),-,1774.50-1842.00 (%31.2 üstte),58.81,55.11,0.4,-3.82,1.81,,
2026-08-04 19:27,PHO,72.46,🟢 Yükseliş Trendinde,🟢 AL (Trend Onaylı),-,-,🔴 Ayı Piyasası (EMA 50 En Altta),⚪ Yelpaze Açık,🚨Fiyat Bandın Üzerinde!,EMA5 Destek: 71.10 (%1.9 altta),-,72.60-73.56 (%0.2 üstte),65.92,81.01,0.69,3.62,0.55,,
2026-08-04 19:27,PL=F,1753.3,🔥 AL (Taze Kırılım),🟢 AL (Trend Onaylı),-,-,🔴 Ayı Piyasası (EMA 50 En Altta),🚨 BB SIKIŞMA,🚨Fiyat Bandın Üzerinde!,EMA55 Destek: 1720.14 (%1.9 altta) | EMA200 Direnç: 1781.33 (%1.6 üstte),-,2357.40-2365.60 (%34.5 üstte),61.38,85.55,0.48,-1.57,3.41,,
2026-08-04 19:27,QQQ,719.84,🔥 AL (Taze Kırılım),🟢 AL (Trend Onaylı),-,-,🟢 EMA Yükselişte (SSL Ok Bekleniyor),⚪ Yelpaze Açık,🟡Fiyat Orta-Üst Bant Aralığında,EMA21 Destek: 699.47 (%2.8 altta),555.60-568.05 (%21.1 altta),732.51-741.82 (%1.8 üstte),56.86,89.78,-0.18,10.2,0.0,,
2026-08-04 19:27,SI=F,59.9,🔴 Düşüş Trendinde,🔥 GÜÇLÜ AL (Taze Kırılım),📈 TREND DEVAMI (0 Üstü + Hacim),-,🔴 Ayı Piyasası (EMA 50 En Altta),🚨 BB SIKIŞMA,🟡Fiyat Orta-Üst Bant Aralığında,EMA21 Destek: 59.09 (%1.3 altta) | EMA55 Direnç: 63.69 (%6.3 üstte),-,86.93-88.89 (%45.1 üstte),50.14,80.46,0.47,-6.16,0.0,,
2026-08-04 19:27,SOXX,540.65,🔴 Düşüş Trendinde,🔥 GÜÇLÜ AL (Taze Kırılım),-,-,🟢 EMA Yükselişte (SSL Ok Bekleniyor),⚪ Yelpaze Açık,🟡Fiyat Orta-Üst Bant Aralığında,EMA55 Destek: 534.29 (%1.2 altta),-,-,50.43,76.61,-0.43,28.17,0.0,,
2026-08-04 19:27,VNM,17.67,🟢 Yükseliş Trendinde,🟢 AL (Trend Onaylı),-,-,🔴 Ayı Piyasası (EMA 50 En Altta),⚪ Yelpaze Açık,🟡Fiyat Orta-Üst Bant Aralığında,EMA5 Destek: 17.29 (%2.2 altta) | EMA55 Direnç: 17.75 (%0.4 üstte),-,19.58-19.78 (%10.8 üstte),54.14,91.92,0.18,-2.12,0.0,,
2026-08-04 19:27,WQTM,34.18,🔥 AL (Taze Kırılım),🟢 AL (Trend Onaylı),-,-,🟢 EMA Yükselişte (SSL Ok Bekleniyor),⚪ Yelpaze Açık,🟡Fiyat Orta-Üst Bant Aralığında,EMA55 Destek: 33.47 (%2.1 altta),23.18-24.30 (%28.9 altta),-,55.08,100.0,0.25,14.52,0.0,,
2026-08-04 19:27,XBI,151.12,🔴 Düşüş Trendinde,🔥 GÜÇLÜ AL (Taze Kırılım),-,-,⚠️ Yükseliş Trendinde Düzeltme (SSL Negatif),⚪ Yelpaze Açık,⚪Fiyat Alt_Orta Bant Aralığında,EMA21 Destek: 150.99 (%0.1 altta),-,-,51.06,22.14,-0.7,17.5,0.0,,
2026-08-04 19:27,XLV,162.05,🟢 Yükseliş Trendinde,🔴 SAT,-,-,⚠️ Yükseliş Trendinde Düzeltme (SSL Negatif),⚪ Yelpaze Açık,🟡Fiyat Orta-Üst Bant Aralığında,EMA21 Destek: 161.49 (%0.3 altta) | EMA5 Direnç: 162.80 (%0.5 üstte),145.31-147.27 (%9.1 altta),-,53.68,7.32,0.49,6.9,0.0,,
2026-08-04 19:27,XU100.IS,13687.93,🔴 Düşüş Trendinde,⏳ BEKLE,-,-,⚠️ Yükseliş Trendinde Düzeltme (SSL Negatif),🟡 Normal Genişlik,⚪Fiyat Alt_Orta Bant Aralığında,EMA5 Destek: 13563.97 (%0.9 altta) | EMA100 Direnç: 13794.46 (%0.8 üstte),10373.80-10839.10 (%20.8 altta),-,44.17,40.94,-0.86,5.98,0.0,,
2026-08-04 21:57,AIQ,63.22,🔥 AL (Taze Kırılım),🟢 AL (Trend Onaylı),-,-,🟢 EMA Yükselişte (SSL Ok Bekleniyor),⚪ Yelpaze Açık,🟡Fiyat Orta-Üst Bant Aralığında,EMA55 Destek: 60.66 (%4.0 altta),44.46-45.83 (%27.5 altta),-,57.41,96.38,0.14,14.12,0.0,,
2026-08-04 21:57,ALUM.L,4.33,🔴 Düşüş Trendinde,🟢 AL (Trend Onaylı),🩸 SAT (Zirveden Dönüş),-,"📉 Düşüş Hazırlığı (50<100 Kesti, 150 Bekleniyor)",🚨 BB SIKIŞMA,🚨Fiyat Bandın Üzerinde!,EMA5 Destek: 4.29 (%1.0 altta) | EMA55 Direnç: 4.38 (%1.1 üstte),3.64-3.71 (%14.3 altta),-,53.64,94.35,0.62,4.13,0.29,,
2026-08-04 21:57,BZ=F,79.45,🔴 Düşüş Trendinde,🔴 SAT,-,-,"📉 Düşüş Hazırlığı (50<100 Kesti, 150 Bekleniyor)",⚪ Yelpaze Açık,⚪Fiyat Alt_Orta Bant Aralığında,EMA200 Direnç: 79.86 (%0.5 üstte),59.45-60.91 (%23.3 altta),106.87-112.69 (%34.5 üstte),42.28,8.25,-0.32,-0.51,0.0,,
2026-08-04 21:57,CCJ,93.77,🔴 Düşüş Trendinde,🟢 AL (Trend Onaylı),-,-,🔴 Ayı Piyasası (EMA 50 En Altta),🟠 Daralıyor,🟡Fiyat Orta-Üst Bant Aralığında,EMA21 Destek: 91.13 (%2.8 altta) | EMA55 Direnç: 98.07 (%4.6 üstte),-,-,51.99,93.98,0.39,-5.31,0.0,,
2026-08-04 21:57,CGW,66.11,🟢 Yükseliş Trendinde,🟢 AL (Trend Onaylı),-,-,🟢 EMA Yükselişte (SSL Ok Bekleniyor),🚨 BB SIKIŞMA,🟡Fiyat Orta-Üst Bant Aralığında,EMA5 Destek: 65.41 (%1.1 altta),-,-,59.19,57.4,-0.01,2.58,0.0,,
2026-08-04 21:57,COPA,50.82,🔥 AL (Taze Kırılım),🟢 AL (Trend Onaylı),-,-,🟢 EMA Yükselişte (SSL Ok Bekleniyor),🚨 BB SIKIŞMA,🚨Fiyat Bandın Üzerinde!,EMA5 Destek: 48.89 (%3.8 altta),-,54.23-55.84 (%6.7 üstte),58.98,88.84,0.65,13.68,1.23,,
2026-08-04 21:57,COPX,83.9,🔥 AL (Taze Kırılım),🟢 AL (Trend Onaylı),-,-,"📉 Düşüş Hazırlığı (50<100 Kesti, 150 Bekleniyor)",🚨 BB SIKIŞMA,🚨Fiyat Bandın Üzerinde!,EMA5 Destek: 80.34 (%4.3 altta),-,91.20-93.89 (%8.7 üstte),60.86,94.55,0.72,13.04,1.87,,
2026-08-04 21:57,EEM,66.04,🔴 Düşüş Trendinde,🟢 AL (Trend Onaylı),-,-,🟢 EMA Yükselişte (SSL Ok Bekleniyor),🟠 Daralıyor,🟡Fiyat Orta-Üst Bant Aralığında,EMA55 Destek: 65.14 (%1.4 altta),52.58-53.31 (%19.3 altta),-,54.06,99.51,0.01,9.19,0.0,,
2026-08-04 21:57,EWZ,36.15,🟢 Yükseliş Trendinde,🟢 AL (Trend Onaylı),🩸 SAT (Zirveden Dönüş),-,"📉 Düşüş Hazırlığı (50<100 Kesti, 150 Bekleniyor)",🚨 BB SIKIŞMA,🟡Fiyat Orta-Üst Bant Aralığında,EMA100 Destek: 35.94 (%0.6 altta) | EMA5 Direnç: 36.25 (%0.3 üstte),-,-,54.19,56.1,0.65,4.82,0.0,,
2026-08-04 21:57,GC=F,4133.4,🔴 Düşüş Trendinde,🔥 GÜÇLÜ AL (Taze Kırılım),🚀 KUSURSUZ DÖNÜŞ (0 Altı + Hacim),-,🔴 Ayı Piyasası (EMA 50 En Altta),🚨 BB SIKIŞMA,🟡Fiyat Orta-Üst Bant Aralığında,EMA21 Destek: 4082.45 (%1.2 altta) | EMA55 Direnç: 4213.57 (%1.9 üstte),-,4767.20-4879.70 (%15.3 üstte),52.59,69.64,0.43,-3.15,0.0,,
2026-08-04 21:57,GLTR,184.76,🔴 Düşüş Trendinde,🔥 GÜÇLÜ AL (Taze Kırılım),🟡 RİSKLİ AL (0 Üstü - Hacimsiz),-,🔴 Ayı Piyasası (EMA 50 En Altta),🚨 BB SIKIŞMA,🟡Fiyat Orta-Üst Bant Aralığında,EMA21 Destek: 183.39 (%0.7 altta) | EMA55 Direnç: 192.10 (%4.0 üstte),-,248.82-257.80 (%34.7 üstte),50.11,81.26,0.51,-5.32,0.0,,
2026-08-04 21:57,HG=F,6.63,🟢 Yükseliş Trendinde,🟢 AL (Trend Onaylı),-,-,🟢 EMA Yükselişte (SSL Ok Bekleniyor),🟡 Normal Genişlik,🚨Fiyat Bandın Üzerinde!,EMA5 Destek: 6.49 (%2.0 altta),5.79-5.90 (%11.0 altta),-,64.79,82.34,0.6,15.27,0.61,,
2026-08-04 21:57,IBB,189.55,🔴 Düşüş Trendinde,⏳ BEKLE,🟢 POTANSİYEL DİP (0 Altı - Hacimsiz),-,⚠️ Yükseliş Trendinde Düzeltme (SSL Negatif),🟠 Daralıyor,⚪Fiyat Alt_Orta Bant Aralığında,EMA5 Destek: 188.19 (%0.7 altta),163.90-167.80 (%11.5 altta),-,54.69,20.95,-0.16,11.43,0.0,,
2026-08-04 21:57,ICLN,18.46,🔴 Düşüş Trendinde,🔥 GÜÇLÜ AL (Taze Kırılım),-,-,"📉 Düşüş Hazırlığı (50<100 Kesti, 150 Bekleniyor)",⚪ Yelpaze Açık,🟡Fiyat Orta-Üst Bant Aralığında,EMA21 Destek: 18.43 (%0.2 altta) | EMA55 Direnç: 19.36 (%4.9 üstte),-,21.34-21.75 (%15.6 üstte),47.78,91.82,-0.46,0.67,0.0,,
2026-08-04 21:57,INDA,50.49,🟢 Yükseliş Trendinde,🟢 AL (Trend Onaylı),-,-,🔴 Ayı Piyasası (EMA 50 En Altta),🟡 Normal Genişlik,🚨Fiyat Bandın Üzerinde!,EMA5 Destek: 49.92 (%1.1 altta) | EMA200 Direnç: 50.73 (%0.5 üstte),47.28-47.85 (%5.2 altta),54.75-55.02 (%8.4 üstte),64.12,100.0,0.74,-0.49,0.32,,
2026-08-04 21:57,IWM,301.77,🟢 Yükseliş Trendinde,🟢 AL (Trend Onaylı),-,-,🟢 EMA Yükselişte (SSL Ok Bekleniyor),🚨 BB SIKIŞMA,🚨Fiyat Bandın Üzerinde!,EMA5 Destek: 296.04 (%1.9 altta),238.69-245.37 (%18.7 altta),-,61.38,80.03,0.13,12.41,0.73,,
2026-08-04 21:57,MARS,26.56,🔴 Düşüş Trendinde,🟢 AL (Trend Onaylı),-,-,-,-,🟡Fiyat Orta-Üst Bant Aralığında,EMA21 Destek: 25.73 (%3.1 altta) | EMA55 Direnç: 28.47 (%7.2 üstte),-,43.89-45.92 (%65.2 üstte),50.33,98.88,-0.04,-,0.0,,
2026-08-04 21:57,NASA,24.54,🔴 Düşüş Trendinde,🟢 AL (Trend Onaylı),-,-,-,-,🟡Fiyat Orta-Üst Bant Aralığında,EMA21 Destek: 24.07 (%1.9 altta) | EMA55 Direnç: 27.02 (%10.1 üstte),-,-,48.8,96.39,-0.22,-,0.0,,
2026-08-04 21:57,PA=F,1354.5,🟢 Yükseliş Trendinde,🔥 GÜÇLÜ AL (Taze Kırılım),📈 TREND DEVAMI (0 Üstü + Hacim),-,🔴 Ayı Piyasası (EMA 50 En Altta),🚨 BB SIKIŞMA,🚨Fiyat Bandın Üzerinde!,EMA55 Destek: 1310.75 (%3.2 altta) | EMA100 Direnç: 1368.64 (%1.0 üstte),-,1774.50-1842.00 (%31.0 üstte),58.99,55.11,0.4,-3.68,1.91,,
2026-08-04 21:57,PHO,72.6,🟢 Yükseliş Trendinde,🟢 AL (Trend Onaylı),-,-,🔴 Ayı Piyasası (EMA 50 En Altta),⚪ Yelpaze Açık,🚨Fiyat Bandın Üzerinde!,EMA5 Destek: 71.15 (%2.0 altta),-,72.60-73.56 (fiyat bandın içinde!),66.37,81.01,0.69,3.82,0.7,,
2026-08-04 21:57,PL=F,1747.9,🔥 AL (Taze Kırılım),🟢 AL (Trend Onaylı),-,-,🔴 Ayı Piyasası (EMA 50 En Altta),🚨 BB SIKIŞMA,🚨Fiyat Bandın Üzerinde!,EMA55 Destek: 1719.95 (%1.6 altta) | EMA200 Direnç: 1781.28 (%1.9 üstte),-,2357.40-2365.60 (%34.9 üstte),60.95,85.55,0.48,-1.87,3.23,,
2026-08-04 21:57,QQQ,723.79,🔥 AL (Taze Kırılım),🟢 AL (Trend Onaylı),-,-,🟢 EMA Yükselişte (SSL Ok Bekleniyor),⚪ Yelpaze Açık,🟡Fiyat Orta-Üst Bant Aralığında,EMA5 Destek: 700.16 (%3.3 altta),555.60-568.05 (%21.5 altta),732.51-741.82 (%1.2 üstte),58.01,89.78,-0.14,10.8,0.0,,
2026-08-04 21:57,SI=F,59.83,🔴 Düşüş Trendinde,🔥 GÜÇLÜ AL (Taze Kırılım),📈 TREND DEVAMI (0 Üstü + Hacim),-,🔴 Ayı Piyasası (EMA 50 En Altta),🚨 BB SIKIŞMA,🟡Fiyat Orta-Üst Bant Aralığında,EMA21 Destek: 59.09 (%1.2 altta) | EMA55 Direnç: 63.68 (%6.5 üstte),-,86.93-88.89 (%45.3 üstte),49.93,80.46,0.47,-6.28,0.0,,
2026-08-04 21:57,SOXX,543.3,🔴 Düşüş Trendinde,🔥 GÜÇLÜ AL (Taze Kırılım),-,-,🟢 EMA Yükselişte (SSL Ok Bekleniyor),⚪ Yelpaze Açık,🟡Fiyat Orta-Üst Bant Aralığında,EMA55 Destek: 534.38 (%1.6 altta),-,-,50.93,76.61,-0.41,28.79,0.0,,
2026-08-04 21:57,VNM,17.69,🟢 Yükseliş Trendinde,🟢 AL (Trend Onaylı),-,-,🔴 Ayı Piyasası (EMA 50 En Altta),⚪ Yelpaze Açık,🟡Fiyat Orta-Üst Bant Aralığında,EMA5 Destek: 17.29 (%2.3 altta) | EMA55 Direnç: 17.75 (%0.3 üstte),-,19.58-19.78 (%10.7 üstte),54.39,91.92,0.18,-2.01,0.0,,
2026-08-04 21:57,WQTM,34.33,🔥 AL (Taze Kırılım),🟢 AL (Trend Onaylı),-,-,🟢 EMA Yükselişte (SSL Ok Bekleniyor),⚪ Yelpaze Açık,🟡Fiyat Orta-Üst Bant Aralığında,EMA55 Destek: 33.48 (%2.5 altta),23.18-24.30 (%29.2 altta),-,55.62,100.0,0.26,15.04,0.0,,
2026-08-04 21:57,XBI,151.88,🔴 Düşüş Trendinde,🔥 GÜÇLÜ AL (Taze Kırılım),-,-,⚠️ Yükseliş Trendinde Düzeltme (SSL Negatif),⚪ Yelpaze Açık,⚪Fiyat Alt_Orta Bant Aralığında,EMA21 Destek: 151.05 (%0.5 altta),-,-,52.2,25.44,-0.65,18.08,0.0,,
2026-08-04 21:57,XLV,161.65,🟢 Yükseliş Trendinde,🔴 SAT,-,-,⚠️ Yükseliş Trendinde Düzeltme (SSL Negatif),⚪ Yelpaze Açık,⚪Fiyat Alt_Orta Bant Aralığında,EMA21 Destek: 161.46 (%0.1 altta) | EMA5 Direnç: 162.67 (%0.6 üstte),145.31-147.27 (%8.9 altta),-,52.63,6.79,0.47,6.64,0.0,,
2026-08-04 21:57,XU100.IS,13687.93,🔴 Düşüş Trendinde,⏳ BEKLE,-,-,⚠️ Yükseliş Trendinde Düzeltme (SSL Negatif),🟡 Normal Genişlik,⚪Fiyat Alt_Orta Bant Aralığında,EMA5 Destek: 13563.97 (%0.9 altta) | EMA100 Direnç: 13794.46 (%0.8 üstte),10373.80-10839.10 (%20.8 altta),-,44.17,40.94,-0.86,5.98,0.0,,
2026-08-05 15:20,AIQ,63.13,🔥 AL (Taze Kırılım),🟢 AL (Trend Onaylı),-,-,🟢 EMA Yükselişte (SSL Ok Bekleniyor),⚪ Yelpaze Açık,🟡Fiyat Orta-Üst Bant Aralığında,EMA55 Destek: 60.66 (%3.9 altta),44.46-45.83 (%27.4 altta),-,57.21,96.38,0.13,14.0,0.0,,
2026-08-05 15:20,ALUM.L,4.34,🔴 Düşüş Trendinde,🟢 AL (Trend Onaylı),-,-,"📉 Düşüş Hazırlığı (50<100 Kesti, 150 Bekleniyor)",🚨 BB SIKIŞMA,🚨Fiyat Bandın Üzerinde!,EMA5 Destek: 4.30 (%0.8 altta) | EMA55 Direnç: 4.38 (%1.0 üstte),3.64-3.71 (%14.5 altta),-,54.16,94.35,0.66,4.23,0.13,,
2026-08-05 15:20,BZ=F,80.16,🔴 Düşüş Trendinde,🔴 SAT,-,-,"📉 Düşüş Hazırlığı (50<100 Kesti, 150 Bekleniyor)",⚪ Yelpaze Açık,⚪Fiyat Alt_Orta Bant Aralığında,EMA200 Destek: 79.80 (%0.5 altta) | EMA5 Direnç: 83.39 (%4.0 üstte),59.45-60.91 (%24.0 altta),106.87-112.69 (%33.3 üstte),43.24,1.08,-0.6,0.45,0.0,,
2026-08-05 15:20,CCJ,93.09,🔴 Düşüş Trendinde,🟢 AL (Trend Onaylı),-,-,🔴 Ayı Piyasası (EMA 50 En Altta),🟠 Daralıyor,🟡Fiyat Orta-Üst Bant Aralığında,EMA21 Destek: 91.07 (%2.2 altta) | EMA55 Direnç: 98.04 (%5.3 üstte),-,-,50.99,93.98,0.38,-6.05,0.0,,
2026-08-05 15:20,CGW,66.31,🟢 Yükseliş Trendinde,🟢 AL (Trend Onaylı),-,-,🟢 EMA Yükselişte (SSL Ok Bekleniyor),🚨 BB SIKIŞMA,🚨Fiyat Bandın Üzerinde!,EMA5 Destek: 65.48 (%1.3 altta),-,-,60.36,57.71,0.03,2.87,0.17,,
2026-08-05 15:20,COPA,51.01,🔥 AL (Taze Kırılım),🟢 AL (Trend Onaylı),-,-,🟢 EMA Yükselişte (SSL Ok Bekleniyor),🚨 BB SIKIŞMA,🚨Fiyat Bandın Üzerinde!,EMA5 Destek: 48.96 (%4.0 altta),-,54.23-55.84 (%6.3 üstte),59.46,88.84,0.65,14.05,1.49,,
2026-08-05 15:20,COPX,83.99,🔥 AL (Taze Kırılım),🟢 AL (Trend Onaylı),-,-,"📉 Düşüş Hazırlığı (50<100 Kesti, 150 Bekleniyor)",🚨 BB SIKIŞMA,🚨Fiyat Bandın Üzerinde!,EMA5 Destek: 80.36 (%4.3 altta),-,91.20-93.89 (%8.6 üstte),60.98,94.55,0.72,13.09,1.94,,
2026-08-05 15:20,EEM,66.0,🔴 Düşüş Trendinde,🟢 AL (Trend Onaylı),-,-,🟢 EMA Yükselişte (SSL Ok Bekleniyor),🟠 Daralıyor,🟡Fiyat Orta-Üst Bant Aralığında,EMA55 Destek: 65.14 (%1.3 altta),52.58-53.31 (%19.2 altta),-,53.95,99.51,0.01,9.14,0.0,,
2026-08-05 15:20,EWZ,36.09,🟢 Yükseliş Trendinde,🟢 AL (Trend Onaylı),🩸 SAT (Zirveden Dönüş),-,"📉 Düşüş Hazırlığı (50<100 Kesti, 150 Bekleniyor)",🚨 BB SIKIŞMA,🟡Fiyat Orta-Üst Bant Aralığında,EMA100 Destek: 35.94 (%0.4 altta) | EMA5 Direnç: 36.23 (%0.4 üstte),-,-,53.61,54.52,0.64,4.61,0.0,,
2026-08-05 15:20,GC=F,4258.9,🔥 AL (Taze Kırılım),🟢 AL (Trend Onaylı),📈 TREND DEVAMI (0 Üstü + Hacim),-,🔴 Ayı Piyasası (EMA 50 En Altta),🚨 BB SIKIŞMA,🚨Fiyat Bandın Üzerinde!,EMA55 Destek: 4213.88 (%1.1 altta) | EMA200 Direnç: 4269.48 (%0.2 üstte),-,4767.20-4879.70 (%11.9 üstte),60.59,80.3,0.46,-0.25,1.68,,
2026-08-05 15:20,GLTR,184.48,🔴 Düşüş Trendinde,🔥 GÜÇLÜ AL (Taze Kırılım),🟡 RİSKLİ AL (0 Üstü - Hacimsiz),-,🔴 Ayı Piyasası (EMA 50 En Altta),🚨 BB SIKIŞMA,🟡Fiyat Orta-Üst Bant Aralığında,EMA21 Destek: 183.36 (%0.6 altta) | EMA55 Direnç: 192.09 (%4.1 üstte),-,248.82-257.80 (%34.9 üstte),49.73,81.26,0.5,-5.52,0.0,,
2026-08-05 15:20,HG=F,6.67,🟢 Yükseliş Trendinde,🟢 AL (Trend Onaylı),-,-,🟢 EMA Yükselişte (SSL Ok Bekleniyor),🟡 Normal Genişlik,🚨Fiyat Bandın Üzerinde!,EMA5 Destek: 6.55 (%1.8 altta),5.79-5.90 (%11.5 altta),-,66.17,95.48,0.67,15.77,0.7,,
2026-08-05 15:20,IBB,190.15,🔴 Düşüş Trendinde,⏳ BEKLE,🟡 RİSKLİ AL (0 Üstü - Hacimsiz),-,⚠️ Yükseliş Trendinde Düzeltme (SSL Negatif),🟠 Daralıyor,🟡Fiyat Orta-Üst Bant Aralığında,EMA5 Destek: 188.39 (%0.9 altta),163.90-167.80 (%11.8 altta),-,55.65,23.89,-0.11,11.74,0.0,,
2026-08-05 15:20,ICLN,18.44,🔴 Düşüş Trendinde,🔥 GÜÇLÜ AL (Taze Kırılım),-,-,"📉 Düşüş Hazırlığı (50<100 Kesti, 150 Bekleniyor)",⚪ Yelpaze Açık,🟡Fiyat Orta-Üst Bant Aralığında,EMA21 Destek: 18.42 (%0.1 altta) | EMA55 Direnç: 19.36 (%5.0 üstte),-,21.34-21.75 (%15.7 üstte),47.58,91.82,-0.46,0.57,0.0,,
2026-08-05 15:20,INDA,50.53,🟢 Yükseliş Trendinde,🟢 AL (Trend Onaylı),-,-,🔴 Ayı Piyasası (EMA 50 En Altta),🟡 Normal Genişlik,🚨Fiyat Bandın Üzerinde!,EMA5 Destek: 49.93 (%1.2 altta) | EMA200 Direnç: 50.74 (%0.4 üstte),47.28-47.85 (%5.3 altta),54.75-55.02 (%8.4 üstte),64.42,100.0,0.74,-0.42,0.38,,
2026-08-05 15:20,IWM,301.71,🟢 Yükseliş Trendinde,🟢 AL (Trend Onaylı),-,-,🟢 EMA Yükselişte (SSL Ok Bekleniyor),🚨 BB SIKIŞMA,🚨Fiyat Bandın Üzerinde!,EMA5 Destek: 296.03 (%1.9 altta),238.69-245.37 (%18.7 altta),-,61.32,80.03,0.13,12.39,0.72,,
2026-08-05 15:20,MARS,26.48,🔴 Düşüş Trendinde,🟢 AL (Trend Onaylı),-,-,-,-,🟡Fiyat Orta-Üst Bant Aralığında,EMA21 Destek: 25.72 (%2.9 altta) | EMA55 Direnç: 28.47 (%7.5 üstte),-,43.89-45.92 (%65.7 üstte),50.0,98.88,-0.05,-,0.0,,
2026-08-05 15:20,NASA,24.51,🔴 Düşüş Trendinde,🟢 AL (Trend Onaylı),-,-,-,-,🟡Fiyat Orta-Üst Bant Aralığında,EMA21 Destek: 24.06 (%1.8 altta) | EMA55 Direnç: 27.02 (%10.2 üstte),-,-,48.68,96.39,-0.22,-,0.0,,
2026-08-05 15:20,PA=F,1383.5,🟢 Yükseliş Trendinde,🟢 AL (Trend Onaylı),-,-,🔴 Ayı Piyasası (EMA 50 En Altta),🟠 Daralıyor,🚨Fiyat Bandın Üzerinde!,EMA100 Destek: 1368.82 (%1.1 altta) | EMA200 Direnç: 1407.24 (%1.7 üstte),-,1774.50-1842.00 (%28.3 üstte),61.55,71.18,0.57,-1.69,2.43,,
2026-08-05 15:20,PHO,72.88,🟢 Yükseliş Trendinde,🟢 AL (Trend Onaylı),-,-,🔴 Ayı Piyasası (EMA 50 En Altta),⚪ Yelpaze Açık,🚨Fiyat Bandın Üzerinde!,EMA5 Destek: 71.24 (%2.2 altta),-,72.60-73.56 (fiyat bandın içinde!),67.21,81.01,0.7,4.19,0.97,,
2026-08-05 15:20,PL=F,1773.2,🟢 Yükseliş Trendinde,🟢 AL (Trend Onaylı),-,-,🔴 Ayı Piyasası (EMA 50 En Altta),🚨 BB SIKIŞMA,🚨Fiyat Bandın Üzerinde!,EMA55 Destek: 1721.83 (%2.9 altta) | EMA200 Direnç: 1782.40 (%0.5 üstte),-,2357.40-2365.60 (%32.9 üstte),63.05,86.22,0.67,-0.52,2.77,,
2026-08-05 15:20,QQQ,723.85,🔥 AL (Taze Kırılım),🟢 AL (Trend Onaylı),-,-,🟢 EMA Yükselişte (SSL Ok Bekleniyor),⚪ Yelpaze Açık,🟡Fiyat Orta-Üst Bant Aralığında,EMA5 Destek: 700.17 (%3.3 altta),555.60-568.05 (%21.5 altta),732.51-741.82 (%1.2 üstte),58.02,89.78,-0.14,10.84,0.0,,
2026-08-05 15:20,SI=F,62.37,🔥 AL (Taze Kırılım),🟢 AL (Trend Onaylı),-,-,🔴 Ayı Piyasası (EMA 50 En Altta),🚨 BB SIKIŞMA,🚨Fiyat Bandın Üzerinde!,EMA5 Destek: 59.87 (%4.0 altta) | EMA55 Direnç: 63.65 (%2.0 üstte),-,86.93-88.89 (%39.4 üstte),56.68,90.58,0.53,-2.34,1.46,,
2026-08-05 15:20,SOXX,542.21,🔴 Düşüş Trendinde,🔥 GÜÇLÜ AL (Taze Kırılım),-,-,🟢 EMA Yükselişte (SSL Ok Bekleniyor),⚪ Yelpaze Açık,🟡Fiyat Orta-Üst Bant Aralığında,EMA55 Destek: 534.34 (%1.5 altta),-,-,50.72,76.61,-0.42,28.64,0.0,,
2026-08-05 15:20,VNM,17.66,🟢 Yükseliş Trendinde,🟢 AL (Trend Onaylı),-,-,🔴 Ayı Piyasası (EMA 50 En Altta),⚪ Yelpaze Açık,🟡Fiyat Orta-Üst Bant Aralığında,EMA5 Destek: 17.28 (%2.2 altta) | EMA55 Direnç: 17.75 (%0.5 üstte),-,19.58-19.78 (%10.9 üstte),53.95,91.92,0.18,-2.21,0.0,,
2026-08-05 15:20,WQTM,34.3,🔥 AL (Taze Kırılım),🟢 AL (Trend Onaylı),-,-,🟢 EMA Yükselişte (SSL Ok Bekleniyor),⚪ Yelpaze Açık,🟡Fiyat Orta-Üst Bant Aralığında,EMA55 Destek: 33.48 (%2.4 altta),23.18-24.30 (%29.2 altta),-,55.5,100.0,0.26,14.92,0.0,,
2026-08-05 15:20,XBI,151.88,🔴 Düşüş Trendinde,🔥 GÜÇLÜ AL (Taze Kırılım),-,-,⚠️ Yükseliş Trendinde Düzeltme (SSL Negatif),⚪ Yelpaze Açık,⚪Fiyat Alt_Orta Bant Aralığında,EMA21 Destek: 151.05 (%0.5 altta),-,-,52.2,25.46,-0.65,18.04,0.0,,
2026-08-05 15:20,XLV,162.1,🟢 Yükseliş Trendinde,🔴 SAT,-,-,⚠️ Yükseliş Trendinde Düzeltme (SSL Negatif),⚪ Yelpaze Açık,🟡Fiyat Orta-Üst Bant Aralığında,EMA21 Destek: 161.50 (%0.4 altta) | EMA5 Direnç: 162.82 (%0.4 üstte),145.31-147.27 (%9.1 altta),-,53.81,7.62,0.49,6.9,0.0,,
2026-08-05 15:20,XU100.IS,13630.99,🔴 Düşüş Trendinde,⏳ BEKLE,-,-,⚠️ Yükseliş Trendinde Düzeltme (SSL Negatif),🟡 Normal Genişlik,⚪Fiyat Alt_Orta Bant Aralığında,EMA5 Destek: 13586.30 (%0.3 altta) | EMA100 Direnç: 13791.11 (%1.2 üstte),10373.80-10839.10 (%20.5 altta),-,42.92,54.0,-0.8,5.5,0.0,,
2026-08-05 19:15,AIQ,62.6,🟢 Yükseliş Trendinde,🟢 AL (Trend Onaylı),-,-,🟢 EMA Yükselişte (SSL Ok Bekleniyor),⚪ Yelpaze Açık,🟡Fiyat Orta-Üst Bant Aralığında,EMA5 Destek: 61.13 (%2.3 altta),44.46-45.83 (%26.8 altta),-,55.49,97.49,0.34,12.89,0.0,,
2026-08-05 19:15,ALUM.L,4.35,🔴 Düşüş Trendinde,🟢 AL (Trend Onaylı),-,-,"📉 Düşüş Hazırlığı (50<100 Kesti, 150 Bekleniyor)",🚨 BB SIKIŞMA,🚨Fiyat Bandın Üzerinde!,EMA5 Destek: 4.31 (%1.0 altta) | EMA55 Direnç: 4.38 (%0.7 üstte),3.64-3.71 (%14.7 altta),-,55.43,94.35,0.66,4.57,0.37,,
2026-08-05 19:15,BZ=F,79.71,🔴 Düşüş Trendinde,🔴 SAT,-,-,"📉 Düşüş Hazırlığı (50<100 Kesti, 150 Bekleniyor)",⚪ Yelpaze Açık,⚪Fiyat Alt_Orta Bant Aralığında,EMA200 Direnç: 79.79 (%0.1 üstte),59.45-60.91 (%23.6 altta),106.87-112.69 (%34.1 üstte),42.66,0.48,-0.6,-0.1,0.0,,
2026-08-05 19:15,CCJ,94.25,🔴 Düşüş Trendinde,🟢 AL (Trend Onaylı),-,-,🔴 Ayı Piyasası (EMA 50 En Altta),🟠 Daralıyor,🟡Fiyat Orta-Üst Bant Aralığında,EMA21 Destek: 91.36 (%3.1 altta) | EMA55 Direnç: 97.91 (%3.9 üstte),-,-,52.8,100.0,0.54,-4.83,0.0,,
2026-08-05 19:15,CGW,66.61,🟢 Yükseliş Trendinde,🟢 AL (Trend Onaylı),-,-,🟢 EMA Yükselişte (SSL Ok Bekleniyor),🟠 Daralıyor,🚨Fiyat Bandın Üzerinde!,EMA5 Destek: 65.86 (%1.1 altta),-,-,62.11,82.31,0.46,3.3,0.28,,
2026-08-05 19:15,COPA,52.71,🟢 Yükseliş Trendinde,🟢 AL (Trend Onaylı),-,-,🟢 EMA Yükselişte (SSL Ok Bekleniyor),🟠 Daralıyor,🚨Fiyat Bandın Üzerinde!,EMA5 Destek: 50.21 (%4.7 altta),-,54.23-55.84 (%2.9 üstte),63.63,95.79,0.7,17.64,2.8,,
2026-08-05 19:15,COPX,86.64,🟢 Yükseliş Trendinde,🟢 AL (Trend Onaylı),-,-,🟢 EMA Yükselişte (SSL Ok Bekleniyor),🟠 Daralıyor,🚨Fiyat Bandın Üzerinde!,EMA5 Destek: 82.46 (%4.8 altta),-,91.20-93.89 (%5.3 üstte),64.76,98.68,0.75,16.46,2.94,,
2026-08-05 19:15,EEM,65.83,🔴 Düşüş Trendinde,🟢 AL (Trend Onaylı),-,-,🟢 EMA Yükselişte (SSL Ok Bekleniyor),🟠 Daralıyor,🟡Fiyat Orta-Üst Bant Aralığında,EMA55 Destek: 65.17 (%1.0 altta),52.58-53.31 (%19.0 altta),-,53.29,98.85,0.21,8.76,0.0,,
2026-08-05 19:15,EWZ,36.31,🟢 Yükseliş Trendinde,🟢 AL (Trend Onaylı),-,-,"📉 Düşüş Hazırlığı (50<100 Kesti, 150 Bekleniyor)",🚨 BB SIKIŞMA,🟡Fiyat Orta-Üst Bant Aralığında,EMA5 Destek: 36.26 (%0.2 altta),-,-,55.53,44.11,0.59,5.2,0.0,,
2026-08-05 19:15,GC=F,4285.4,🔥 AL (Taze Kırılım),🟢 AL (Trend Onaylı),📈 TREND DEVAMI (0 Üstü + Hacim),-,🔴 Ayı Piyasası (EMA 50 En Altta),🚨 BB SIKIŞMA,🚨Fiyat Bandın Üzerinde!,EMA200 Destek: 4269.74 (%0.4 altta) | EMA100 Direnç: 4322.27 (%0.9 üstte),-,4767.20-4879.70 (%11.2 üstte),61.92,80.3,0.47,0.37,2.07,,
2026-08-05 19:15,GLTR,191.15,🔥 AL (Taze Kırılım),🟢 AL (Trend Onaylı),-,-,🔴 Ayı Piyasası (EMA 50 En Altta),🚨 BB SIKIŞMA,🚨Fiyat Bandın Üzerinde!,EMA5 Destek: 185.55 (%2.9 altta) | EMA55 Direnç: 192.05 (%0.5 üstte),-,248.82-257.80 (%30.2 üstte),58.05,90.78,0.55,-2.09,1.41,,
2026-08-05 19:15,HG=F,6.69,🟢 Yükseliş Trendinde,🟢 AL (Trend Onaylı),-,-,🟢 EMA Yükselişte (SSL Ok Bekleniyor),🟡 Normal Genişlik,🚨Fiyat Bandın Üzerinde!,EMA5 Destek: 6.56 (%2.0 altta),5.79-5.90 (%11.9 altta),-,66.99,95.48,0.68,16.2,0.96,,
2026-08-05 19:15,IBB,192.12,🔴 Düşüş Trendinde,🔥 GÜÇLÜ AL (Taze Kırılım),-,-,⚠️ Yükseliş Trendinde Düzeltme (SSL Negatif),🚨 BB SIKIŞMA,🟡Fiyat Orta-Üst Bant Aralığında,EMA5 Destek: 189.63 (%1.3 altta),163.90-167.80 (%12.7 altta),-,58.74,57.22,0.23,12.75,0.0,,
2026-08-05 19:15,ICLN,18.14,🔴 Düşüş Trendinde,🟢 AL (Trend Onaylı),-,-,"📉 Düşüş Hazırlığı (50<100 Kesti, 150 Bekleniyor)",⚪ Yelpaze Açık,⚪Fiyat Alt_Orta Bant Aralığında,EMA5 Destek: 18.01 (%0.7 altta) | EMA200 Direnç: 18.33 (%1.1 üstte),-,21.34-21.75 (%17.6 üstte),44.88,95.39,-0.33,-1.06,0.0,,
2026-08-05 19:15,INDA,50.32,🟢 Yükseliş Trendinde,🟢 AL (Trend Onaylı),-,-,🔴 Ayı Piyasası (EMA 50 En Altta),🟡 Normal Genişlik,🟡Fiyat Orta-Üst Bant Aralığında,EMA5 Destek: 50.06 (%0.5 altta) | EMA200 Direnç: 50.74 (%0.8 üstte),47.28-47.85 (%4.9 altta),54.75-55.02 (%8.8 üstte),61.76,96.68,0.81,-0.83,0.0,,
2026-08-05 19:15,IWM,300.53,🟢 Yükseliş Trendinde,🟢 AL (Trend Onaylı),-,-,🟢 EMA Yükselişte (SSL Ok Bekleniyor),🟠 Daralıyor,🟡Fiyat Orta-Üst Bant Aralığında,EMA5 Destek: 297.53 (%1.0 altta),238.69-245.37 (%18.4 altta),-,59.3,96.55,0.41,11.81,0.0,,
2026-08-05 19:15,MARS,25.81,🔴 Düşüş Trendinde,🟢 AL (Trend Onaylı),-,-,-,-,🟡Fiyat Orta-Üst Bant Aralığında,EMA21 Destek: 25.73 (%0.3 altta) | EMA55 Direnç: 28.37 (%9.9 üstte),-,43.89-45.92 (%70.1 üstte),47.24,95.89,0.23,-,0.0,,
2026-08-05 19:15,NASA,23.87,🔴 Düşüş Trendinde,🟢 AL (Trend Onaylı),-,-,-,-,🟡Fiyat Orta-Üst Bant Aralığında,EMA5 Destek: 23.22 (%2.7 altta) | EMA21 Direnç: 24.05 (%0.7 üstte),-,-,46.07,96.07,0.01,-,0.0,,
2026-08-05 19:15,PA=F,1364.0,🟢 Yükseliş Trendinde,🟢 AL (Trend Onaylı),-,-,🔴 Ayı Piyasası (EMA 50 En Altta),🚨 BB SIKIŞMA,🚨Fiyat Bandın Üzerinde!,EMA5 Destek: 1319.07 (%3.3 altta) | EMA100 Direnç: 1368.44 (%0.3 üstte),-,1774.50-1842.00 (%30.1 üstte),59.86,71.18,0.56,-3.06,1.46,,
2026-08-05 19:15,PHO,72.62,🟢 Yükseliş Trendinde,🟢 AL (Trend Onaylı),-,-,"⚡ Yükseliş Hazırlığı (50>100 Kesti, 150 Bekleniyor)",⚪ Yelpaze Açık,🟡Fiyat Orta-Üst Bant Aralığında,EMA5 Destek: 71.70 (%1.3 altta),-,72.60-73.56 (fiyat bandın içinde!),65.57,91.44,0.85,3.78,0.0,,
2026-08-05 19:15,PL=F,1737.6,🟢 Yükseliş Trendinde,🟢 AL (Trend Onaylı),-,-,🔴 Ayı Piyasası (EMA 50 En Altta),🚨 BB SIKIŞMA,🚨Fiyat Bandın Üzerinde!,EMA55 Destek: 1720.56 (%1.0 altta) | EMA200 Direnç: 1782.05 (%2.6 üstte),-,2357.40-2365.60 (%35.7 üstte),59.6,84.15,0.67,-2.49,1.4,,
2026-08-05 19:15,QQQ,720.05,🟢 Yükseliş Trendinde,🟢 AL (Trend Onaylı),-,-,🟢 EMA Yükselişte (SSL Ok Bekleniyor),⚪ Yelpaze Açık,🟡Fiyat Orta-Üst Bant Aralığında,EMA5 Destek: 706.80 (%1.8 altta),555.60-568.05 (%21.1 altta),732.51-741.82 (%1.7 üstte),56.47,97.98,0.17,10.14,0.0,,
2026-08-05 19:15,SI=F,62.03,🔥 AL (Taze Kırılım),🟢 AL (Trend Onaylı),-,-,🔴 Ayı Piyasası (EMA 50 En Altta),🚨 BB SIKIŞMA,🚨Fiyat Bandın Üzerinde!,EMA5 Destek: 59.76 (%3.7 altta) | EMA55 Direnç: 63.63 (%2.6 üstte),-,86.93-88.89 (%40.1 üstte),55.88,90.58,0.53,-2.87,1.08,,
2026-08-05 19:15,SOXX,535.47,🔴 Düşüş Trendinde,🟢 AL (Trend Onaylı),-,-,🟢 EMA Yükselişte (SSL Ok Bekleniyor),⚪ Yelpaze Açık,🟡Fiyat Orta-Üst Bant Aralığında,EMA55 Destek: 534.38 (%0.2 altta),-,-,49.36,86.51,-0.3,26.7,0.0,,
2026-08-05 19:15,VNM,17.49,🟢 Yükseliş Trendinde,🟢 AL (Trend Onaylı),-,-,🔴 Ayı Piyasası (EMA 50 En Altta),⚪ Yelpaze Açık,🟡Fiyat Orta-Üst Bant Aralığında,EMA5 Destek: 17.35 (%0.8 altta) | EMA55 Direnç: 17.74 (%1.5 üstte),-,19.58-19.78 (%12.0 üstte),51.35,96.74,0.48,-3.15,0.0,,
2026-08-05 19:15,WQTM,33.77,🟢 Yükseliş Trendinde,🟢 AL (Trend Onaylı),-,-,🟢 EMA Yükselişte (SSL Ok Bekleniyor),⚪ Yelpaze Açık,🟡Fiyat Orta-Üst Bant Aralığında,EMA55 Destek: 33.49 (%0.8 altta),23.18-24.30 (%28.0 altta),-,53.13,96.85,0.43,13.0,0.0,,
2026-08-05 19:15,XBI,152.86,🔴 Düşüş Trendinde,🟢 AL (Trend Onaylı),-,-,⚠️ Yükseliş Trendinde Düzeltme (SSL Negatif),⚪ Yelpaze Açık,🟡Fiyat Orta-Üst Bant Aralığında,EMA21 Destek: 151.22 (%1.1 altta),-,-,53.71,54.09,-0.47,18.58,0.0,,
2026-08-05 19:15,XLV,163.87,🟢 Yükseliş Trendinde,🔴 SAT,-,-,⚠️ Yükseliş Trendinde Düzeltme (SSL Negatif),⚪ Yelpaze Açık,🟡Fiyat Orta-Üst Bant Aralığında,EMA5 Destek: 163.17 (%0.4 altta),145.31-147.27 (%10.1 altta),-,57.78,13.32,0.53,7.98,0.0,,
2026-08-05 19:15,XU100.IS,13703.13,🔴 Düşüş Trendinde,⏳ BEKLE,-,-,⚠️ Yükseliş Trendinde Düzeltme (SSL Negatif),🟡 Normal Genişlik,⚪Fiyat Alt_Orta Bant Aralığında,EMA5 Destek: 13610.35 (%0.7 altta) | EMA100 Direnç: 13792.53 (%0.7 üstte),10373.80-10839.10 (%20.9 altta),-,44.61,57.23,-0.77,6.05,0.0,,
2026-08-05 21:57,AIQ,62.6,🟢 Yükseliş Trendinde,🟢 AL (Trend Onaylı),-,-,🟢 EMA Yükselişte (SSL Ok Bekleniyor),⚪ Yelpaze Açık,🟡Fiyat Orta-Üst Bant Aralığında,EMA5 Destek: 61.13 (%2.3 altta),44.46-45.83 (%26.8 altta),-,55.49,97.49,0.34,12.89,0.0,,
2026-08-05 21:57,ALUM.L,4.35,🔴 Düşüş Trendinde,🟢 AL (Trend Onaylı),-,-,"📉 Düşüş Hazırlığı (50<100 Kesti, 150 Bekleniyor)",🚨 BB SIKIŞMA,🚨Fiyat Bandın Üzerinde!,EMA5 Destek: 4.31 (%1.0 altta) | EMA55 Direnç: 4.38 (%0.7 üstte),3.64-3.71 (%14.7 altta),-,55.43,94.35,0.66,4.57,0.37,,
2026-08-05 21:57,BZ=F,79.4,🔴 Düşüş Trendinde,🔴 SAT,-,-,"📉 Düşüş Hazırlığı (50<100 Kesti, 150 Bekleniyor)",⚪ Yelpaze Açık,⚪Fiyat Alt_Orta Bant Aralığında,EMA200 Direnç: 79.79 (%0.5 üstte),59.45-60.91 (%23.3 altta),106.87-112.69 (%34.6 üstte),42.25,0.05,-0.6,-0.49,0.0,,
2026-08-05 21:57,CCJ,94.4,🔴 Düşüş Trendinde,🟢 AL (Trend Onaylı),-,-,🔴 Ayı Piyasası (EMA 50 En Altta),🟠 Daralıyor,🟡Fiyat Orta-Üst Bant Aralığında,EMA21 Destek: 91.37 (%3.2 altta) | EMA55 Direnç: 97.91 (%3.7 üstte),-,-,53.02,100.0,0.54,-4.68,0.0,,
2026-08-05 21:57,CGW,66.64,🟢 Yükseliş Trendinde,🟢 AL (Trend Onaylı),-,-,🟢 EMA Yükselişte (SSL Ok Bekleniyor),🟠 Daralıyor,🚨Fiyat Bandın Üzerinde!,EMA5 Destek: 65.86 (%1.2 altta),-,-,62.25,82.31,0.46,3.34,0.31,,
2026-08-05 21:57,COPA,52.9,🟢 Yükseliş Trendinde,🟢 AL (Trend Onaylı),-,-,🟢 EMA Yükselişte (SSL Ok Bekleniyor),🟠 Daralıyor,🚨Fiyat Bandın Üzerinde!,EMA5 Destek: 50.27 (%5.0 altta),-,54.23-55.84 (%2.5 üstte),64.06,95.79,0.7,18.07,3.04,,
2026-08-05 21:57,COPX,86.76,🟢 Yükseliş Trendinde,🟢 AL (Trend Onaylı),-,-,🟢 EMA Yükselişte (SSL Ok Bekleniyor),🟠 Daralıyor,🚨Fiyat Bandın Üzerinde!,EMA5 Destek: 82.50 (%4.9 altta),-,91.20-93.89 (%5.1 üstte),64.92,98.68,0.75,16.62,3.04,,
2026-08-05 21:57,EEM,65.89,🔴 Düşüş Trendinde,🟢 AL (Trend Onaylı),-,-,🟢 EMA Yükselişte (SSL Ok Bekleniyor),🟠 Daralıyor,🟡Fiyat Orta-Üst Bant Aralığında,EMA55 Destek: 65.17 (%1.1 altta),52.58-53.31 (%19.1 altta),-,53.52,99.25,0.22,8.86,0.0,,
2026-08-05 21:57,EWZ,36.24,🟢 Yükseliş Trendinde,⏳ BEKLE,-,-,"📉 Düşüş Hazırlığı (50<100 Kesti, 150 Bekleniyor)",🚨 BB SIKIŞMA,🟡Fiyat Orta-Üst Bant Aralığında,EMA5 Destek: 36.23 (%0.0 altta),-,-,54.95,42.53,0.57,5.0,0.0,,
2026-08-05 21:57,GC=F,4320.0,🔥 AL (Taze Kırılım),🟢 AL (Trend Onaylı),📈 TREND DEVAMI (0 Üstü + Hacim),-,🔴 Ayı Piyasası (EMA 50 En Altta),🟠 Daralıyor,🚨Fiyat Bandın Üzerinde!,EMA200 Destek: 4270.09 (%1.2 altta) | EMA100 Direnç: 4322.95 (%0.1 üstte),-,4767.20-4879.70 (%10.4 üstte),63.53,80.3,0.47,1.17,2.56,,
2026-08-05 21:57,GLTR,192.49,🔥 AL (Taze Kırılım),🟢 AL (Trend Onaylı),-,-,🔴 Ayı Piyasası (EMA 50 En Altta),🚨 BB SIKIŞMA,🚨Fiyat Bandın Üzerinde!,EMA55 Destek: 192.10 (%0.2 altta) | EMA200 Direnç: 195.24 (%1.4 üstte),-,248.82-257.80 (%29.3 üstte),59.4,90.78,0.55,-1.41,1.87,,
2026-08-05 21:57,HG=F,6.75,🟢 Yükseliş Trendinde,🟢 AL (Trend Onaylı),-,-,🟢 EMA Yükselişte (SSL Ok Bekleniyor),🟡 Normal Genişlik,🚨Fiyat Bandın Üzerinde!,EMA5 Destek: 6.58 (%2.5 altta),5.79-5.90 (%12.6 altta),-,68.56,95.48,0.68,17.09,1.5,,
2026-08-05 21:57,IBB,191.34,🔴 Düşüş Trendinde,🔥 GÜÇLÜ AL (Taze Kırılım),-,-,⚠️ Yükseliş Trendinde Düzeltme (SSL Negatif),🚨 BB SIKIŞMA,🟡Fiyat Orta-Üst Bant Aralığında,EMA5 Destek: 189.37 (%1.0 altta),163.90-167.80 (%12.3 altta),-,57.57,53.65,0.19,12.3,0.0,,
2026-08-05 21:57,ICLN,18.07,🔴 Düşüş Trendinde,🟢 AL (Trend Onaylı),-,-,"📉 Düşüş Hazırlığı (50<100 Kesti, 150 Bekleniyor)",⚪ Yelpaze Açık,⚪Fiyat Alt_Orta Bant Aralığında,EMA5 Destek: 17.99 (%0.5 altta) | EMA200 Direnç: 18.33 (%1.5 üstte),-,21.34-21.75 (%18.1 üstte),44.29,94.39,-0.35,-1.44,0.0,,
2026-08-05 21:57,INDA,50.31,🟢 Yükseliş Trendinde,🟢 AL (Trend Onaylı),-,-,🔴 Ayı Piyasası (EMA 50 En Altta),🟡 Normal Genişlik,🟡Fiyat Orta-Üst Bant Aralığında,EMA5 Destek: 50.06 (%0.5 altta) | EMA200 Direnç: 50.74 (%0.9 üstte),47.28-47.85 (%4.9 altta),54.75-55.02 (%8.8 üstte),61.58,96.45,0.81,-0.86,0.0,,
2026-08-05 21:57,IWM,300.53,🟢 Yükseliş Trendinde,🟢 AL (Trend Onaylı),-,-,🟢 EMA Yükselişte (SSL Ok Bekleniyor),🟠 Daralıyor,🟡Fiyat Orta-Üst Bant Aralığında,EMA5 Destek: 297.53 (%1.0 altta),238.69-245.37 (%18.4 altta),-,59.3,96.55,0.41,11.81,0.0,,
2026-08-05 21:57,MARS,25.69,🔴 Düşüş Trendinde,🟢 AL (Trend Onaylı),-,-,-,-,🟡Fiyat Orta-Üst Bant Aralığında,EMA5 Destek: 25.03 (%2.6 altta) | EMA21 Direnç: 25.72 (%0.1 üstte),-,43.89-45.92 (%70.8 üstte),46.77,95.21,0.22,-,0.0,,
2026-08-05 21:57,NASA,23.61,🔴 Düşüş Trendinde,🟢 AL (Trend Onaylı),-,-,-,-,🟡Fiyat Orta-Üst Bant Aralığında,EMA5 Destek: 23.14 (%2.0 altta) | EMA21 Direnç: 24.02 (%1.7 üstte),-,-,45.1,94.62,-0.02,-,0.0,,
2026-08-05 21:57,PA=F,1371.0,🟢 Yükseliş Trendinde,🟢 AL (Trend Onaylı),-,-,🔴 Ayı Piyasası (EMA 50 En Altta),🟠 Daralıyor,🚨Fiyat Bandın Üzerinde!,EMA100 Destek: 1368.57 (%0.2 altta) | EMA200 Direnç: 1407.11 (%2.6 üstte),-,1774.50-1842.00 (%29.4 üstte),60.48,71.18,0.57,-2.57,1.82,,
2026-08-05 21:57,PHO,72.7,🟢 Yükseliş Trendinde,🟢 AL (Trend Onaylı),-,-,"⚡ Yükseliş Hazırlığı (50>100 Kesti, 150 Bekleniyor)",⚪ Yelpaze Açık,🟡Fiyat Orta-Üst Bant Aralığında,EMA5 Destek: 71.73 (%1.3 altta),-,72.60-73.56 (fiyat bandın içinde!),66.08,92.15,0.85,3.9,0.0,,
2026-08-05 21:57,PL=F,1748.5,🟢 Yükseliş Trendinde,🟢 AL (Trend Onaylı),-,-,🔴 Ayı Piyasası (EMA 50 En Altta),🚨 BB SIKIŞMA,🚨Fiyat Bandın Üzerinde!,EMA55 Destek: 1720.95 (%1.6 altta) | EMA200 Direnç: 1782.16 (%1.9 üstte),-,2357.40-2365.60 (%34.8 üstte),61.0,86.22,0.67,-1.89,1.83,,
2026-08-05 21:57,QQQ,720.07,🟢 Yükseliş Trendinde,🟢 AL (Trend Onaylı),-,-,🟢 EMA Yükselişte (SSL Ok Bekleniyor),⚪ Yelpaze Açık,🟡Fiyat Orta-Üst Bant Aralığında,EMA5 Destek: 706.80 (%1.8 altta),555.60-568.05 (%21.1 altta),732.51-741.82 (%1.7 üstte),56.47,97.98,0.17,10.14,0.0,,
2026-08-05 21:57,SI=F,62.44,🔥 AL (Taze Kırılım),🟢 AL (Trend Onaylı),-,-,🔴 Ayı Piyasası (EMA 50 En Altta),🚨 BB SIKIŞMA,🚨Fiyat Bandın Üzerinde!,EMA5 Destek: 59.90 (%4.1 altta) | EMA55 Direnç: 63.65 (%1.9 üstte),-,86.93-88.89 (%39.2 üstte),56.83,90.58,0.53,-2.24,1.54,,
2026-08-05 21:57,SOXX,535.29,🔴 Düşüş Trendinde,🟢 AL (Trend Onaylı),-,-,🟢 EMA Yükselişte (SSL Ok Bekleniyor),⚪ Yelpaze Açık,🟡Fiyat Orta-Üst Bant Aralığında,EMA55 Destek: 534.38 (%0.2 altta),-,-,49.32,86.45,-0.3,26.65,0.0,,
2026-08-05 21:57,VNM,17.54,🟢 Yükseliş Trendinde,🟢 AL (Trend Onaylı),-,-,🔴 Ayı Piyasası (EMA 50 En Altta),⚪ Yelpaze Açık,🟡Fiyat Orta-Üst Bant Aralığında,EMA5 Destek: 17.37 (%1.0 altta) | EMA55 Direnç: 17.74 (%1.2 üstte),-,19.58-19.78 (%11.6 üstte),52.14,97.73,0.49,-2.85,0.0,,
2026-08-05 21:57,WQTM,33.75,🟢 Yükseliş Trendinde,🟢 AL (Trend Onaylı),-,-,🟢 EMA Yükselişte (SSL Ok Bekleniyor),⚪ Yelpaze Açık,🟡Fiyat Orta-Üst Bant Aralığında,EMA55 Destek: 33.49 (%0.8 altta),23.18-24.30 (%28.0 altta),-,53.05,96.73,0.43,12.93,0.0,,
2026-08-05 21:57,XBI,152.4,🔴 Düşüş Trendinde,🟢 AL (Trend Onaylı),-,-,⚠️ Yükseliş Trendinde Düzeltme (SSL Negatif),⚪ Yelpaze Açık,⚪Fiyat Alt_Orta Bant Aralığında,EMA21 Destek: 151.18 (%0.8 altta),-,-,53.02,52.11,-0.5,18.23,0.0,,
2026-08-05 21:57,XLV,163.81,🟢 Yükseliş Trendinde,🔴 SAT,-,-,⚠️ Yükseliş Trendinde Düzeltme (SSL Negatif),⚪ Yelpaze Açık,🟡Fiyat Orta-Üst Bant Aralığında,EMA5 Destek: 163.15 (%0.4 altta),145.31-147.27 (%10.1 altta),-,57.67,13.06,0.53,7.94,0.0,,
2026-08-05 21:57,XU100.IS,13703.13,🔴 Düşüş Trendinde,⏳ BEKLE,-,-,⚠️ Yükseliş Trendinde Düzeltme (SSL Negatif),🟡 Normal Genişlik,⚪Fiyat Alt_Orta Bant Aralığında,EMA5 Destek: 13610.35 (%0.7 altta) | EMA100 Direnç: 13792.53 (%0.7 üstte),10373.80-10839.10 (%20.9 altta),-,44.61,57.23,-0.77,6.05,0.0,,
2026-08-06 15:22,AIQ,62.36,🟢 Yükseliş Trendinde,🟢 AL (Trend Onaylı),-,-,🟢 EMA Yükselişte (SSL Ok Bekleniyor),⚪ Yelpaze Açık,🟡Fiyat Orta-Üst Bant Aralığında,EMA5 Destek: 61.05 (%2.1 altta),44.46-45.83 (%26.5 altta),-,54.76,96.43,0.33,12.51,0.0,,
2026-08-06 15:22,ALUM.L,4.35,🔴 Düşüş Trendinde,🟢 AL (Trend Onaylı),-,-,"📉 Düşüş Hazırlığı (50<100 Kesti, 150 Bekleniyor)",🚨 BB SIKIŞMA,🟡Fiyat Orta-Üst Bant Aralığında,EMA5 Destek: 4.33 (%0.5 altta) | EMA55 Direnç: 4.37 (%0.6 üstte),3.64-3.71 (%14.7 altta),-,55.56,100.0,0.84,4.49,0.0,,
2026-08-06 15:22,BZ=F,79.64,🔴 Düşüş Trendinde,🔴 SAT,-,-,"📉 Düşüş Hazırlığı (50<100 Kesti, 150 Bekleniyor)",🟡 Normal Genişlik,⚪Fiyat Alt_Orta Bant Aralığında,EMA200 Direnç: 79.73 (%0.1 üstte),59.45-60.91 (%23.5 altta),106.87-112.69 (%34.2 üstte),42.58,0.53,-0.75,-0.12,0.0,,
2026-08-06 15:22,CCJ,94.27,🔴 Düşüş Trendinde,🟢 AL (Trend Onaylı),-,-,🔴 Ayı Piyasası (EMA 50 En Altta),🟠 Daralıyor,🟡Fiyat Orta-Üst Bant Aralığında,EMA21 Destek: 91.36 (%3.1 altta) | EMA55 Direnç: 97.91 (%3.9 üstte),-,-,52.83,100.0,0.54,-4.87,0.0,,
2026-08-06 15:22,CGW,66.76,🟢 Yükseliş Trendinde,🟢 AL (Trend Onaylı),-,-,🟢 EMA Yükselişte (SSL Ok Bekleniyor),🟠 Daralıyor,🚨Fiyat Bandın Üzerinde!,EMA5 Destek: 65.91 (%1.3 altta),-,-,62.93,82.31,0.46,3.51,0.44,,
2026-08-06 15:22,COPA,52.89,🟢 Yükseliş Trendinde,🟢 AL (Trend Onaylı),-,-,🟢 EMA Yükselişte (SSL Ok Bekleniyor),🟠 Daralıyor,🚨Fiyat Bandın Üzerinde!,EMA5 Destek: 50.27 (%5.0 altta),-,54.23-55.84 (%2.5 üstte),64.03,95.79,0.7,17.99,3.03,,
2026-08-06 15:22,COPX,86.72,🟢 Yükseliş Trendinde,🟢 AL (Trend Onaylı),-,-,🟢 EMA Yükselişte (SSL Ok Bekleniyor),🟠 Daralıyor,🚨Fiyat Bandın Üzerinde!,EMA5 Destek: 82.48 (%4.9 altta),-,91.20-93.89 (%5.2 üstte),64.87,98.68,0.75,16.5,3.01,,
2026-08-06 15:22,EEM,65.72,🔴 Düşüş Trendinde,🟢 AL (Trend Onaylı),-,-,🟢 EMA Yükselişte (SSL Ok Bekleniyor),🟠 Daralıyor,🟡Fiyat Orta-Üst Bant Aralığında,EMA55 Destek: 65.16 (%0.8 altta),52.58-53.31 (%18.9 altta),-,52.87,98.13,0.21,8.59,0.0,,
2026-08-06 15:22,EWZ,36.11,🟢 Yükseliş Trendinde,⏳ BEKLE,-,-,"📉 Düşüş Hazırlığı (50<100 Kesti, 150 Bekleniyor)",🚨 BB SIKIŞMA,🟡Fiyat Orta-Üst Bant Aralığında,EMA100 Destek: 35.95 (%0.5 altta) | EMA5 Direnç: 36.19 (%0.2 üstte),-,-,53.79,39.36,0.54,4.58,0.0,,
2026-08-06 15:22,GC=F,4320.7,🟢 Yükseliş Trendinde,🟢 AL (Trend Onaylı),-,-,🔴 Ayı Piyasası (EMA 50 En Altta),🟡 Normal Genişlik,🚨Fiyat Bandın Üzerinde!,EMA200 Destek: 4272.10 (%1.1 altta) | EMA100 Direnç: 4321.41 (%0.0 üstte),-,4767.20-4879.70 (%10.3 üstte),63.81,96.9,0.56,1.14,2.01,,
2026-08-06 15:22,GLTR,191.81,🔥 AL (Taze Kırılım),🟢 AL (Trend Onaylı),-,-,🔴 Ayı Piyasası (EMA 50 En Altta),🚨 BB SIKIŞMA,🚨Fiyat Bandın Üzerinde!,EMA5 Destek: 185.77 (%3.1 altta) | EMA55 Direnç: 192.08 (%0.1 üstte),-,248.82-257.80 (%29.7 üstte),58.73,90.78,0.55,-1.81,1.64,,
2026-08-06 15:22,HG=F,6.72,🟢 Yükseliş Trendinde,🟢 AL (Trend Onaylı),-,-,🟢 EMA Yükselişte (SSL Ok Bekleniyor),⚪ Yelpaze Açık,🚨Fiyat Bandın Üzerinde!,EMA5 Destek: 6.62 (%1.6 altta),5.79-5.90 (%12.3 altta),-,68.0,100.0,0.7,16.53,0.51,,
2026-08-06 15:22,IBB,191.8,🔴 Düşüş Trendinde,🔥 GÜÇLÜ AL (Taze Kırılım),-,-,⚠️ Yükseliş Trendinde Düzeltme (SSL Negatif),🚨 BB SIKIŞMA,🟡Fiyat Orta-Üst Bant Aralığında,EMA5 Destek: 189.53 (%1.2 altta),163.90-167.80 (%12.5 altta),-,58.27,55.78,0.21,12.53,0.0,,
2026-08-06 15:22,ICLN,18.1,🔴 Düşüş Trendinde,🟢 AL (Trend Onaylı),-,-,"📉 Düşüş Hazırlığı (50<100 Kesti, 150 Bekleniyor)",⚪ Yelpaze Açık,⚪Fiyat Alt_Orta Bant Aralığında,EMA5 Destek: 18.00 (%0.6 altta) | EMA200 Direnç: 18.33 (%1.3 üstte),-,21.34-21.75 (%17.9 üstte),44.55,94.82,-0.34,-1.25,0.0,,
2026-08-06 15:22,INDA,50.31,🟢 Yükseliş Trendinde,🟢 AL (Trend Onaylı),-,-,🔴 Ayı Piyasası (EMA 50 En Altta),🟡 Normal Genişlik,🟡Fiyat Orta-Üst Bant Aralığında,EMA5 Destek: 50.06 (%0.5 altta) | EMA200 Direnç: 50.75 (%0.9 üstte),47.28-47.85 (%4.9 altta),54.75-55.02 (%8.8 üstte),61.64,96.53,0.81,-0.87,0.0,,
2026-08-06 15:22,IWM,299.77,🟢 Yükseliş Trendinde,🟢 AL (Trend Onaylı),-,-,🟢 EMA Yükselişte (SSL Ok Bekleniyor),🟠 Daralıyor,🟡Fiyat Orta-Üst Bant Aralığında,EMA5 Destek: 297.27 (%0.8 altta),238.69-245.37 (%18.1 altta),-,58.07,94.44,0.4,11.53,0.0,,
2026-08-06 15:22,MARS,25.56,🔴 Düşüş Trendinde,🟢 AL (Trend Onaylı),-,-,-,-,🟡Fiyat Orta-Üst Bant Aralığında,EMA5 Destek: 24.99 (%2.2 altta) | EMA21 Direnç: 25.71 (%0.6 üstte),-,43.89-45.92 (%71.7 üstte),46.28,94.48,0.21,-,0.0,,
2026-08-06 15:22,NASA,23.65,🔴 Düşüş Trendinde,🟢 AL (Trend Onaylı),-,-,-,-,🟡Fiyat Orta-Üst Bant Aralığında,EMA5 Destek: 23.15 (%2.1 altta) | EMA21 Direnç: 24.03 (%1.6 üstte),-,-,45.23,94.82,-0.02,-,0.0,,
2026-08-06 15:22,PA=F,1377.5,🟢 Yükseliş Trendinde,🟢 AL (Trend Onaylı),-,-,🔴 Ayı Piyasası (EMA 50 En Altta),🟠 Daralıyor,🚨Fiyat Bandın Üzerinde!,EMA100 Destek: 1368.41 (%0.7 altta) | EMA200 Direnç: 1407.98 (%2.2 üstte),-,1774.50-1842.00 (%28.8 üstte),61.13,100.0,0.63,-2.17,1.11,,
2026-08-06 15:22,PHO,72.92,🟢 Yükseliş Trendinde,🟢 AL (Trend Onaylı),-,-,"⚡ Yükseliş Hazırlığı (50>100 Kesti, 150 Bekleniyor)",⚪ Yelpaze Açık,🚨Fiyat Bandın Üzerinde!,EMA5 Destek: 71.80 (%1.5 altta),-,72.60-73.56 (fiyat bandın içinde!),67.33,93.75,0.85,4.18,0.2,,
2026-08-06 15:22,PL=F,1762.7,🟢 Yükseliş Trendinde,🟢 AL (Trend Onaylı),-,-,🔴 Ayı Piyasası (EMA 50 En Altta),🚨 BB SIKIŞMA,🚨Fiyat Bandın Üzerinde!,EMA55 Destek: 1722.06 (%2.3 altta) | EMA200 Direnç: 1783.10 (%1.2 üstte),-,2357.40-2365.60 (%33.7 üstte),61.86,97.89,0.75,-1.14,1.4,,
2026-08-06 15:22,QQQ,717.3,🟢 Yükseliş Trendinde,🟢 AL (Trend Onaylı),-,-,🟢 EMA Yükselişte (SSL Ok Bekleniyor),⚪ Yelpaze Açık,🟡Fiyat Orta-Üst Bant Aralığında,EMA5 Destek: 705.88 (%1.6 altta),555.60-568.05 (%20.8 altta),732.51-741.82 (%2.1 üstte),55.39,96.58,0.15,9.75,0.0,,
2026-08-06 15:22,SI=F,62.1,🟢 Yükseliş Trendinde,🟢 AL (Trend Onaylı),-,-,🔴 Ayı Piyasası (EMA 50 En Altta),🚨 BB SIKIŞMA,🚨Fiyat Bandın Üzerinde!,EMA5 Destek: 60.56 (%2.5 altta) | EMA55 Direnç: 63.58 (%2.4 üstte),-,86.93-88.89 (%40.0 üstte),56.05,100.0,0.56,-2.8,0.52,,
2026-08-06 15:22,SOXX,530.7,🔴 Düşüş Trendinde,🟢 AL (Trend Onaylı),-,-,🟢 EMA Yükselişte (SSL Ok Bekleniyor),⚪ Yelpaze Açık,⚪Fiyat Alt_Orta Bant Aralığında,EMA5 Destek: 521.66 (%1.7 altta) | EMA21 Direnç: 533.39 (%0.5 üstte),-,-,48.43,84.77,-0.32,25.68,0.0,,
2026-08-06 15:22,VNM,17.52,🟢 Yükseliş Trendinde,🟢 AL (Trend Onaylı),-,-,🔴 Ayı Piyasası (EMA 50 En Altta),⚪ Yelpaze Açık,🟡Fiyat Orta-Üst Bant Aralığında,EMA5 Destek: 17.36 (%0.9 altta) | EMA55 Direnç: 17.74 (%1.3 üstte),-,19.58-19.78 (%11.8 üstte),51.85,97.37,0.49,-2.97,0.0,,
2026-08-06 15:22,WQTM,33.63,🟢 Yükseliş Trendinde,🟢 AL (Trend Onaylı),-,-,🟢 EMA Yükselişte (SSL Ok Bekleniyor),⚪ Yelpaze Açık,🟡Fiyat Orta-Üst Bant Aralığında,EMA55 Destek: 33.48 (%0.4 altta),23.18-24.30 (%27.7 altta),-,52.54,96.06,0.43,12.53,0.0,,
2026-08-06 15:22,XBI,153.01,🔴 Düşüş Trendinde,🟢 AL (Trend Onaylı),-,-,⚠️ Yükseliş Trendinde Düzeltme (SSL Negatif),⚪ Yelpaze Açık,🟡Fiyat Orta-Üst Bant Aralığında,EMA21 Destek: 151.23 (%1.2 altta),-,-,53.93,54.74,-0.46,18.66,0.0,,
2026-08-06 15:22,XLV,164.16,🟢 Yükseliş Trendinde,🔴 SAT,-,-,⚠️ Yükseliş Trendinde Düzeltme (SSL Negatif),⚪ Yelpaze Açık,🟡Fiyat Orta-Üst Bant Aralığında,EMA5 Destek: 163.27 (%0.5 altta),145.31-147.27 (%10.3 altta),-,58.38,14.7,0.54,8.14,0.0,,
2026-08-06 15:22,XU100.IS,13726.33,🔴 Düşüş Trendinde,🔥 GÜÇLÜ AL (Taze Kırılım),-,-,⚠️ Yükseliş Trendinde Düzeltme (SSL Negatif),🟠 Daralıyor,⚪Fiyat Alt_Orta Bant Aralığında,EMA5 Destek: 13649.00 (%0.6 altta) | EMA100 Direnç: 13791.09 (%0.5 üstte),-,-,45.3,76.41,-0.7,6.15,0.0,,
2026-08-07 14:12,AIQ,61.95,🟢 Yükseliş Trendinde,🟢 AL (Trend Onaylı),-,-,🟢 EMA Yükselişte (SSL Ok Bekleniyor),🟡 Normal Genişlik,🟡Fiyat Orta-Üst Bant Aralığında,EMA5 Destek: 61.35 (%1.0 altta),44.46-45.83 (%26.0 altta),-,53.45,90.96,0.42,11.67,0.0,,
2026-08-07 14:12,ALUM.L,4.4,🔥 AL (Taze Kırılım),🟢 AL (Trend Onaylı),-,-,"📉 Düşüş Hazırlığı (50<100 Kesti, 150 Bekleniyor)",🚨 BB SIKIŞMA,🚨Fiyat Bandın Üzerinde!,EMA100 Destek: 4.38 (%0.4 altta),3.64-3.71 (%15.8 altta),-,60.51,100.0,0.85,5.72,0.43,,
2026-08-07 14:12,BZ=F,81.93,🔴 Düşüş Trendinde,⏳ BEKLE,-,-,"📉 Düşüş Hazırlığı (50<100 Kesti, 150 Bekleniyor)",🟠 Daralıyor,⚪Fiyat Alt_Orta Bant Aralığında,EMA200 Destek: 79.73 (%2.7 altta) | EMA5 Direnç: 82.60 (%0.8 üstte),59.45-60.91 (%25.7 altta),106.87-112.69 (%30.4 üstte),45.7,8.05,-0.8,2.76,0.0,,
2026-08-07 14:12,CCJ,93.62,🔴 Düşüş Trendinde,🟢 AL (Trend Onaylı),-,-,🔴 Ayı Piyasası (EMA 50 En Altta),🟠 Daralıyor,🟡Fiyat Orta-Üst Bant Aralığında,EMA5 Destek: 92.01 (%1.7 altta) | EMA55 Direnç: 97.75 (%4.4 üstte),-,-,51.68,98.49,0.58,-5.53,0.0,,
2026-08-07 14:12,CGW,66.59,🟢 Yükseliş Trendinde,🟢 AL (Trend Onaylı),-,-,🟢 EMA Yükselişte (SSL Ok Bekleniyor),🟠 Daralıyor,🟡Fiyat Orta-Üst Bant Aralığında,EMA5 Destek: 66.13 (%0.7 altta),-,-,61.31,96.33,0.73,3.2,0.0,,
2026-08-07 14:12,COPA,52.6,🟢 Yükseliş Trendinde,🟢 AL (Trend Onaylı),-,-,🟢 EMA Yükselişte (SSL Ok Bekleniyor),🟡 Normal Genişlik,🚨Fiyat Bandın Üzerinde!,EMA5 Destek: 51.05 (%3.0 altta),-,54.23-55.84 (%3.1 üstte),62.85,98.3,0.72,17.09,0.85,,
2026-08-07 14:12,COPX,86.09,🟢 Yükseliş Trendinde,🟢 AL (Trend Onaylı),-,-,🟢 EMA Yükselişte (SSL Ok Bekleniyor),🟡 Normal Genişlik,🚨Fiyat Bandın Üzerinde!,EMA5 Destek: 83.69 (%2.8 altta),-,91.20-93.89 (%5.9 üstte),63.3,97.7,0.76,15.41,0.63,,
2026-08-07 14:12,EEM,65.02,🔴 Düşüş Trendinde,🟢 AL (Trend Onaylı),-,-,🟢 EMA Yükselişte (SSL Ok Bekleniyor),🚨 BB SIKIŞMA,🟡Fiyat Orta-Üst Bant Aralığında,EMA5 Destek: 64.92 (%0.2 altta) | EMA55 Direnç: 65.16 (%0.2 üstte),52.58-53.31 (%18.0 altta),-,50.16,91.56,0.22,7.36,0.0,,
2026-08-07 14:12,EWZ,35.81,🟢 Yükseliş Trendinde,🔴 SAT,-,-,"📉 Düşüş Hazırlığı (50<100 Kesti, 150 Bekleniyor)",🚨 BB SIKIŞMA,⚪Fiyat Alt_Orta Bant Aralığında,EMA200 Destek: 34.55 (%3.5 altta) | EMA21 Direnç: 35.82 (%0.0 üstte),-,-,50.67,22.22,0.29,3.63,0.0,,
2026-08-07 14:12,GC=F,4379.0,🟢 Yükseliş Trendinde,🟢 AL (Trend Onaylı),-,-,🔴 Ayı Piyasası (EMA 50 En Altta),⚪ Yelpaze Açık,🚨Fiyat Bandın Üzerinde!,EMA100 Destek: 4321.08 (%1.3 altta),-,4767.20-4879.70 (%8.9 üstte),66.64,99.45,0.62,2.44,2.37,,
2026-08-07 14:12,GLTR,191.51,🟢 Yükseliş Trendinde,🟢 AL (Trend Onaylı),-,-,🔴 Ayı Piyasası (EMA 50 En Altta),🚨 BB SIKIŞMA,🚨Fiyat Bandın Üzerinde!,EMA5 Destek: 187.68 (%2.0 altta) | EMA55 Direnç: 192.06 (%0.3 üstte),-,248.82-257.80 (%29.9 üstte),58.27,99.28,0.61,-2.01,0.74,,
2026-08-07 14:12,HG=F,6.69,🟢 Yükseliş Trendinde,🟢 AL (Trend Onaylı),-,-,🟢 EMA Yükselişte (SSL Ok Bekleniyor),⚪ Yelpaze Açık,🟡Fiyat Orta-Üst Bant Aralığında,EMA5 Destek: 6.63 (%0.8 altta),5.79-5.90 (%11.8 altta),-,66.07,95.73,0.72,15.67,0.0,,
2026-08-07 14:12,IBB,192.97,🔴 Düşüş Trendinde,🟢 AL (Trend Onaylı),-,-,⚠️ Yükseliş Trendinde Düzeltme (SSL Negatif),🚨 BB SIKIŞMA,🚨Fiyat Bandın Üzerinde!,EMA5 Destek: 190.68 (%1.2 altta),163.90-167.80 (%13.0 altta),-,60.07,89.12,0.5,13.02,0.06,,
2026-08-07 14:12,ICLN,18.12,🔴 Düşüş Trendinde,🟢 AL (Trend Onaylı),-,-,"📉 Düşüş Hazırlığı (50<100 Kesti, 150 Bekleniyor)",🟡 Normal Genişlik,⚪Fiyat Alt_Orta Bant Aralığında,EMA5 Destek: 18.04 (%0.5 altta) | EMA200 Direnç: 18.32 (%1.1 üstte),-,21.34-21.75 (%17.8 üstte),44.77,90.02,-0.19,-1.11,0.0,,
2026-08-07 14:12,INDA,50.12,🟢 Yükseliş Trendinde,⏳ BEKLE,🩸 SAT (Zirveden Dönüş),-,🔴 Ayı Piyasası (EMA 50 En Altta),🟡 Normal Genişlik,🟡Fiyat Orta-Üst Bant Aralığında,EMA5 Destek: 50.08 (%0.1 altta) | EMA200 Direnç: 50.75 (%1.3 üstte),47.28-47.85 (%4.5 altta),54.75-55.02 (%9.2 üstte),59.25,90.08,0.87,-1.25,0.0,,
2026-08-07 14:12,IWM,298.25,🟢 Yükseliş Trendinde,🟢 AL (Trend Onaylı),-,-,🟢 EMA Yükselişte (SSL Ok Bekleniyor),🟠 Daralıyor,🟡Fiyat Orta-Üst Bant Aralığında,EMA5 Destek: 297.60 (%0.2 altta),238.69-245.37 (%17.7 altta),-,55.58,84.64,0.52,10.85,0.0,,
2026-08-07 14:12,MARS,26.03,🔴 Düşüş Trendinde,🟢 AL (Trend Onaylı),-,-,-,-,🟡Fiyat Orta-Üst Bant Aralığında,EMA21 Destek: 25.74 (%1.1 altta) | EMA55 Direnç: 28.28 (%8.6 üstte),-,43.89-45.92 (%68.6 üstte),48.39,92.09,0.4,-,0.0,,
2026-08-07 14:12,NASA,24.14,🔴 Düşüş Trendinde,🟢 AL (Trend Onaylı),-,-,-,-,🟡Fiyat Orta-Üst Bant Aralığında,EMA21 Destek: 24.04 (%0.4 altta) | EMA55 Direnç: 26.80 (%11.0 üstte),-,-,47.51,93.07,0.19,-,0.0,,
2026-08-07 14:12,PA=F,1395.0,🟢 Yükseliş Trendinde,🟢 AL (Trend Onaylı),-,-,🔴 Ayı Piyasası (EMA 50 En Altta),🟡 Normal Genişlik,🚨Fiyat Bandın Üzerinde!,EMA100 Destek: 1368.81 (%1.9 altta) | EMA200 Direnç: 1409.28 (%1.0 üstte),-,1774.50-1842.00 (%27.2 üstte),62.8,100.0,0.7,-1.01,1.02,,
2026-08-07 14:12,PHO,72.77,🟢 Yükseliş Trendinde,🟢 AL (Trend Onaylı),-,-,"⚡ Yükseliş Hazırlığı (50>100 Kesti, 150 Bekleniyor)",⚪ Yelpaze Açık,🟡Fiyat Orta-Üst Bant Aralığında,EMA5 Destek: 72.12 (%0.9 altta),-,72.60-73.56 (fiyat bandın içinde!),66.31,98.56,0.92,3.89,0.0,,
2026-08-07 14:12,PL=F,1781.6,🟢 Yükseliş Trendinde,🟢 AL (Trend Onaylı),-,-,🔴 Ayı Piyasası (EMA 50 En Altta),🟠 Daralıyor,🚨Fiyat Bandın Üzerinde!,EMA5 Destek: 1729.31 (%2.9 altta) | EMA200 Direnç: 1784.06 (%0.1 üstte),-,2357.40-2365.60 (%32.3 üstte),63.25,93.93,0.78,-0.14,1.44,,
2026-08-07 14:12,QQQ,714.65,🟢 Yükseliş Trendinde,🟢 AL (Trend Onaylı),-,-,🟢 EMA Yükselişte (SSL Ok Bekleniyor),⚪ Yelpaze Açık,🟡Fiyat Orta-Üst Bant Aralığında,EMA5 Destek: 708.80 (%0.8 altta),555.60-568.05 (%20.5 altta),732.51-741.82 (%2.5 üstte),54.32,91.76,0.3,9.27,0.0,,
2026-08-07 14:12,SI=F,64.68,🟢 Yükseliş Trendinde,🟢 AL (Trend Onaylı),-,-,🔴 Ayı Piyasası (EMA 50 En Altta),🚨 BB SIKIŞMA,🚨Fiyat Bandın Üzerinde!,EMA200 Destek: 63.94 (%1.1 altta) | EMA100 Direnç: 66.54 (%2.9 üstte),-,86.93-88.89 (%34.4 üstte),61.51,96.4,0.6,1.16,2.94,,
2026-08-07 14:12,SOXX,532.52,🔴 Düşüş Trendinde,🟢 AL (Trend Onaylı),-,-,🟢 EMA Yükselişte (SSL Ok Bekleniyor),🟡 Normal Genişlik,🟡Fiyat Orta-Üst Bant Aralığında,EMA5 Destek: 525.28 (%1.4 altta) | EMA21 Direnç: 533.31 (%0.1 üstte),-,-,48.83,92.08,-0.26,25.88,0.0,,
2026-08-07 14:12,VNM,17.45,🟢 Yükseliş Trendinde,🟢 AL (Trend Onaylı),-,-,🔴 Ayı Piyasası (EMA 50 En Altta),⚪ Yelpaze Açık,🟡Fiyat Orta-Üst Bant Aralığında,EMA5 Destek: 17.39 (%0.3 altta) | EMA55 Direnç: 17.73 (%1.6 üstte),-,19.58-19.78 (%12.2 üstte),50.78,93.41,0.73,-3.34,0.0,,
2026-08-07 14:12,WQTM,33.53,🟢 Yükseliş Trendinde,🟢 AL (Trend Onaylı),-,-,🟢 EMA Yükselişte (SSL Ok Bekleniyor),⚪ Yelpaze Açık,🟡Fiyat Orta-Üst Bant Aralığında,EMA55 Destek: 33.48 (%0.1 altta),23.18-24.30 (%27.5 altta),-,52.1,91.52,0.51,12.06,0.0,,
2026-08-07 14:12,XBI,154.5,🔴 Düşüş Trendinde,🟢 AL (Trend Onaylı),-,-,⚠️ Yükseliş Trendinde Düzeltme (SSL Negatif),🟠 Daralıyor,🟡Fiyat Orta-Üst Bant Aralığında,EMA5 Destek: 152.05 (%1.6 altta),-,-,56.18,86.9,-0.09,19.53,0.0,,
2026-08-07 14:12,XLV,164.45,🟢 Yükseliş Trendinde,⏳ BEKLE,-,-,⚠️ Yükseliş Trendinde Düzeltme (SSL Negatif),⚪ Yelpaze Açık,🟡Fiyat Orta-Üst Bant Aralığında,EMA5 Destek: 163.66 (%0.5 altta),145.31-147.27 (%10.4 altta),-,58.99,24.96,0.55,8.21,0.0,,
2026-08-07 14:12,XU100.IS,13824.96,🔴 Düşüş Trendinde,🟢 AL (Trend Onaylı),-,-,🟢 EMA Yükselişte (SSL Ok Bekleniyor),🟠 Daralıyor,⚪Fiyat Alt_Orta Bant Aralığında,EMA100 Destek: 13793.03 (%0.2 altta) | EMA21 Direnç: 13836.57 (%0.1 üstte),-,-,48.13,90.02,-0.49,6.85,0.0,,
2026-08-07 18:13,AIQ,62.97,🟢 Yükseliş Trendinde,🟢 AL (Trend Onaylı),-,-,🟢 EMA Yükselişte (SSL Ok Bekleniyor),🟡 Normal Genişlik,🟡Fiyat Orta-Üst Bant Aralığında,EMA5 Destek: 61.89 (%1.7 altta),44.46-45.83 (%27.2 altta),-,56.26,89.57,0.53,13.36,0.0,,
2026-08-07 18:13,ALUM.L,4.41,🔥 AL (Taze Kırılım),🟢 AL (Trend Onaylı),-,-,"📉 Düşüş Hazırlığı (50<100 Kesti, 150 Bekleniyor)",🚨 BB SIKIŞMA,🚨Fiyat Bandın Üzerinde!,EMA100 Destek: 4.38 (%0.6 altta),3.64-3.71 (%15.9 altta),-,61.27,100.0,0.85,5.93,0.58,,
2026-08-07 18:13,BZ=F,83.31,🔴 Düşüş Trendinde,⏳ BEKLE,-,-,"📉 Düşüş Hazırlığı (50<100 Kesti, 150 Bekleniyor)",🟠 Daralıyor,⚪Fiyat Alt_Orta Bant Aralığında,EMA5 Destek: 83.06 (%0.3 altta) | EMA21 Direnç: 85.17 (%2.2 üstte),59.45-60.91 (%26.9 altta),106.87-112.69 (%28.3 üstte),47.4,9.81,-0.79,4.47,0.0,,
2026-08-07 18:13,CCJ,96.54,🔴 Düşüş Trendinde,🟢 AL (Trend Onaylı),-,-,🔴 Ayı Piyasası (EMA 50 En Altta),🟠 Daralıyor,🚨Fiyat Bandın Üzerinde!,EMA5 Destek: 93.52 (%3.1 altta) | EMA55 Direnç: 97.71 (%1.2 üstte),-,-,56.28,98.49,0.61,-2.56,0.83,,
2026-08-07 18:13,CGW,66.95,🟢 Yükseliş Trendinde,🟢 AL (Trend Onaylı),-,-,🟢 EMA Yükselişte (SSL Ok Bekleniyor),🟠 Daralıyor,🚨Fiyat Bandın Üzerinde!,EMA5 Destek: 66.41 (%0.8 altta),-,-,63.46,96.33,0.84,3.72,0.08,,
2026-08-07 18:13,COPA,53.64,🟢 Yükseliş Trendinde,🟢 AL (Trend Onaylı),-,-,🟢 EMA Yükselişte (SSL Ok Bekleniyor),⚪ Yelpaze Açık,🚨Fiyat Bandın Üzerinde!,EMA5 Destek: 51.91 (%3.2 altta),-,54.23-55.84 (%1.1 üstte),65.31,98.3,0.73,19.18,1.0,,
2026-08-07 18:13,COPX,88.14,🟢 Yükseliş Trendinde,🟢 AL (Trend Onaylı),-,-,🟢 EMA Yükselişte (SSL Ok Bekleniyor),⚪ Yelpaze Açık,🚨Fiyat Bandın Üzerinde!,EMA5 Destek: 85.17 (%3.4 altta),-,91.20-93.89 (%3.5 üstte),66.16,97.7,0.77,17.94,1.04,,
2026-08-07 18:13,EEM,65.32,🔴 Düşüş Trendinde,🟢 AL (Trend Onaylı),-,-,🟢 EMA Yükselişte (SSL Ok Bekleniyor),🚨 BB SIKIŞMA,🟡Fiyat Orta-Üst Bant Aralığında,EMA55 Destek: 65.16 (%0.2 altta),52.58-53.31 (%18.4 altta),-,51.3,86.96,0.27,7.76,0.0,,
2026-08-07 18:13,EWZ,35.4,🟢 Yükseliş Trendinde,🔴 SAT,-,-,"📉 Düşüş Hazırlığı (50<100 Kesti, 150 Bekleniyor)",🚨 BB SIKIŞMA,⚪Fiyat Alt_Orta Bant Aralığında,EMA200 Destek: 34.56 (%2.4 altta) | EMA21 Direnç: 35.78 (%1.1 üstte),-,36.15-36.84 (%2.1 üstte),46.69,12.29,-0.09,2.42,0.0,,
2026-08-07 18:13,GC=F,4404.9,🟢 Yükseliş Trendinde,🟢 AL (Trend Onaylı),-,-,🔴 Ayı Piyasası (EMA 50 En Altta),⚪ Yelpaze Açık,🚨Fiyat Bandın Üzerinde!,EMA100 Destek: 4321.59 (%1.9 altta),-,4767.20-4879.70 (%8.2 üstte),67.71,99.45,0.62,3.04,2.75,,
2026-08-07 18:13,GLTR,196.3,🟢 Yükseliş Trendinde,🟢 AL (Trend Onaylı),-,-,🔴 Ayı Piyasası (EMA 50 En Altta),🟠 Daralıyor,🚨Fiyat Bandın Üzerinde!,EMA200 Destek: 195.45 (%0.4 altta) | EMA100 Direnç: 198.65 (%1.2 üstte),-,248.82-257.80 (%26.8 üstte),63.23,99.28,0.66,0.44,1.85,,
2026-08-07 18:13,HG=F,6.6,🟢 Yükseliş Trendinde,🟢 AL (Trend Onaylı),🩸 SAT (Zirveden Dönüş),-,⚪ Karışık / Testere Piyasası,⚪ Yelpaze Açık,🟡Fiyat Orta-Üst Bant Aralığında,EMA21 Destek: 6.44 (%2.5 altta) | EMA5 Direnç: 6.60 (%0.0 üstte),5.79-5.90 (%10.6 altta),-,60.53,85.39,0.69,14.23,0.0,,
2026-08-07 18:13,IBB,195.59,🔴 Düşüş Trendinde,🟢 AL (Trend Onaylı),-,-,🟢 EMA Yükselişte (SSL Ok Bekleniyor),🚨 BB SIKIŞMA,🚨Fiyat Bandın Üzerinde!,EMA5 Destek: 192.31 (%1.7 altta),163.90-167.80 (%14.2 altta),-,63.82,98.56,0.57,14.38,0.91,,
2026-08-07 18:13,ICLN,18.17,🔴 Düşüş Trendinde,🟢 AL (Trend Onaylı),-,-,"📉 Düşüş Hazırlığı (50<100 Kesti, 150 Bekleniyor)",🟡 Normal Genişlik,🟡Fiyat Orta-Üst Bant Aralığında,EMA5 Destek: 18.08 (%0.5 altta) | EMA200 Direnç: 18.32 (%0.8 üstte),-,21.34-21.75 (%17.4 üstte),45.42,86.33,-0.08,-0.8,0.0,,
2026-08-07 18:13,INDA,50.38,🟢 Yükseliş Trendinde,🟢 AL (Trend Onaylı),-,-,🔴 Ayı Piyasası (EMA 50 En Altta),⚪ Yelpaze Açık,🟡Fiyat Orta-Üst Bant Aralığında,EMA5 Destek: 50.18 (%0.4 altta) | EMA200 Direnç: 50.75 (%0.7 üstte),47.28-47.85 (%5.0 altta),54.75-55.02 (%8.7 üstte),61.49,86.43,0.89,-0.72,0.0,,
2026-08-07 18:13,IWM,300.86,🟢 Yükseliş Trendinde,🟢 AL (Trend Onaylı),-,-,🟢 EMA Yükselişte (SSL Ok Bekleniyor),🟠 Daralıyor,🟡Fiyat Orta-Üst Bant Aralığında,EMA5 Destek: 298.69 (%0.7 altta),238.69-245.37 (%18.4 altta),-,58.85,80.41,0.6,11.69,0.0,,
2026-08-07 18:13,MARS,27.02,🔥 AL (Taze Kırılım),🟢 AL (Trend Onaylı),-,-,-,-,🟡Fiyat Orta-Üst Bant Aralığında,EMA5 Destek: 25.90 (%4.2 altta) | EMA55 Direnç: 28.24 (%4.5 üstte),-,43.89-45.92 (%62.4 üstte),52.61,92.09,0.54,-,0.0,,
2026-08-07 18:13,NASA,24.95,🔴 Düşüş Trendinde,🟢 AL (Trend Onaylı),-,-,-,-,🟡Fiyat Orta-Üst Bant Aralığında,EMA21 Destek: 24.12 (%3.3 altta) | EMA55 Direnç: 26.73 (%7.1 üstte),-,-,51.13,93.07,0.36,-,0.0,,
2026-08-07 18:13,PA=F,1382.5,🟢 Yükseliş Trendinde,🟢 AL (Trend Onaylı),-,-,🔴 Ayı Piyasası (EMA 50 En Altta),🟡 Normal Genişlik,🚨Fiyat Bandın Üzerinde!,EMA100 Destek: 1368.57 (%1.0 altta) | EMA200 Direnç: 1409.16 (%1.9 üstte),-,1774.50-1842.00 (%28.4 üstte),61.64,100.0,0.7,-1.89,0.36,,
2026-08-07 18:13,PHO,73.46,🟢 Yükseliş Trendinde,🟢 AL (Trend Onaylı),-,-,"⚡ Yükseliş Hazırlığı (50>100 Kesti, 150 Bekleniyor)",⚪ Yelpaze Açık,🟡Fiyat Orta-Üst Bant Aralığında,EMA5 Destek: 72.57 (%1.2 altta),-,72.60-73.56 (fiyat bandın içinde!),68.65,98.56,0.94,4.82,0.0,,
2026-08-07 18:13,PL=F,1760.5,🟢 Yükseliş Trendinde,🟢 AL (Trend Onaylı),-,-,🔴 Ayı Piyasası (EMA 50 En Altta),🟠 Daralıyor,🚨Fiyat Bandın Üzerinde!,EMA5 Destek: 1722.28 (%2.2 altta) | EMA200 Direnç: 1783.85 (%1.3 üstte),-,2357.40-2365.60 (%33.9 üstte),61.45,93.93,0.78,-1.31,0.58,,
2026-08-07 18:13,QQQ,720.77,🟢 Yükseliş Trendinde,🟢 AL (Trend Onaylı),-,-,🟢 EMA Yükselişte (SSL Ok Bekleniyor),⚪ Yelpaze Açık,🟡Fiyat Orta-Üst Bant Aralığında,EMA5 Destek: 712.79 (%1.1 altta),555.60-568.05 (%21.2 altta),732.51-741.82 (%1.6 üstte),56.42,89.67,0.44,10.1,0.0,,
2026-08-07 18:13,SI=F,63.85,🟢 Yükseliş Trendinde,🟢 AL (Trend Onaylı),-,-,🔴 Ayı Piyasası (EMA 50 En Altta),🚨 BB SIKIŞMA,🚨Fiyat Bandın Üzerinde!,EMA55 Destek: 63.57 (%0.4 altta) | EMA200 Direnç: 63.93 (%0.1 üstte),-,86.93-88.89 (%36.1 üstte),59.82,96.4,0.6,-0.13,2.06,,
2026-08-07 18:13,SOXX,538.52,🔴 Düşüş Trendinde,🟢 AL (Trend Onaylı),-,-,🟢 EMA Yükselişte (SSL Ok Bekleniyor),🟡 Normal Genişlik,🟡Fiyat Orta-Üst Bant Aralığında,EMA55 Destek: 534.31 (%0.8 altta),-,643.93-655.95 (%19.6 üstte),50.18,91.05,-0.17,26.96,0.0,,
2026-08-07 18:13,VNM,17.47,🟢 Yükseliş Trendinde,🟢 AL (Trend Onaylı),-,-,🔴 Ayı Piyasası (EMA 50 En Altta),⚪ Yelpaze Açık,🟡Fiyat Orta-Üst Bant Aralığında,EMA5 Destek: 17.42 (%0.3 altta) | EMA55 Direnç: 17.72 (%1.5 üstte),-,19.58-19.78 (%12.1 üstte),51.01,89.74,0.79,-3.22,0.0,,
2026-08-07 18:13,WQTM,34.13,🟢 Yükseliş Trendinde,🟢 AL (Trend Onaylı),-,-,🟢 EMA Yükselişte (SSL Ok Bekleniyor),⚪ Yelpaze Açık,🟡Fiyat Orta-Üst Bant Aralığında,EMA55 Destek: 33.51 (%1.8 altta),23.18-24.30 (%28.8 altta),-,54.59,90.3,0.6,13.91,0.0,,
2026-08-07 18:13,XBI,155.45,🔴 Düşüş Trendinde,🟢 AL (Trend Onaylı),-,-,⚠️ Yükseliş Trendinde Düzeltme (SSL Negatif),🟠 Daralıyor,🟡Fiyat Orta-Üst Bant Aralığında,EMA5 Destek: 153.18 (%1.5 altta),-,-,57.6,95.95,0.12,20.03,0.0,,
2026-08-07 18:13,XLV,164.7,🟢 Yükseliş Trendinde,⏳ BEKLE,-,-,⚠️ Yükseliş Trendinde Düzeltme (SSL Negatif),⚪ Yelpaze Açık,🟡Fiyat Orta-Üst Bant Aralığında,EMA5 Destek: 164.01 (%0.4 altta),145.31-147.27 (%10.6 altta),-,59.55,38.17,0.48,8.28,0.0,,
2026-08-07 18:13,XU100.IS,13781.26,🔴 Düşüş Trendinde,🟢 AL (Trend Onaylı),-,-,⚠️ Yükseliş Trendinde Düzeltme (SSL Negatif),🟠 Daralıyor,⚪Fiyat Alt_Orta Bant Aralığında,EMA5 Destek: 13709.19 (%0.5 altta) | EMA100 Direnç: 13792.17 (%0.1 üstte),-,-,46.91,87.68,-0.52,6.51,0.0,,
2026-08-07 21:07,AIQ,63.12,🟢 Yükseliş Trendinde,🟢 AL (Trend Onaylı),-,-,🟢 EMA Yükselişte (SSL Ok Bekleniyor),🟡 Normal Genişlik,🟡Fiyat Orta-Üst Bant Aralığında,EMA5 Destek: 61.94 (%1.9 altta),44.46-45.83 (%27.4 altta),-,56.64,90.13,0.54,13.63,0.0,,
2026-08-07 21:07,ALUM.L,4.4,🔥 AL (Taze Kırılım),🟢 AL (Trend Onaylı),-,-,"📉 Düşüş Hazırlığı (50<100 Kesti, 150 Bekleniyor)",🚨 BB SIKIŞMA,🚨Fiyat Bandın Üzerinde!,EMA100 Destek: 4.38 (%0.3 altta),3.64-3.71 (%15.6 altta),-,59.99,100.0,0.85,5.58,0.34,,
2026-08-07 21:07,BZ=F,83.38,🔴 Düşüş Trendinde,⏳ BEKLE,-,-,"📉 Düşüş Hazırlığı (50<100 Kesti, 150 Bekleniyor)",🟠 Daralıyor,⚪Fiyat Alt_Orta Bant Aralığında,EMA5 Destek: 83.08 (%0.4 altta) | EMA21 Direnç: 85.17 (%2.2 üstte),59.45-60.91 (%26.9 altta),106.87-112.69 (%28.2 üstte),47.49,9.9,-0.79,4.56,0.0,,
2026-08-07 21:07,CCJ,97.67,🔥 AL (Taze Kırılım),🟢 AL (Trend Onaylı),-,-,🔴 Ayı Piyasası (EMA 50 En Altta),🟠 Daralıyor,🚨Fiyat Bandın Üzerinde!,EMA5 Destek: 93.89 (%3.9 altta) | EMA55 Direnç: 97.75 (%0.1 üstte),-,-,57.83,98.49,0.62,-1.43,1.66,,
2026-08-07 21:07,CGW,66.83,🟢 Yükseliş Trendinde,🟢 AL (Trend Onaylı),-,-,🟢 EMA Yükselişte (SSL Ok Bekleniyor),🟠 Daralıyor,🟡Fiyat Orta-Üst Bant Aralığında,EMA5 Destek: 66.37 (%0.7 altta),-,-,62.77,95.95,0.84,3.53,0.0,,
2026-08-07 21:07,COPA,53.99,🟢 Yükseliş Trendinde,🟢 AL (Trend Onaylı),-,-,🟢 EMA Yükselişte (SSL Ok Bekleniyor),⚪ Yelpaze Açık,🚨Fiyat Bandın Üzerinde!,EMA5 Destek: 52.03 (%3.6 altta),-,54.23-55.84 (%0.4 üstte),66.06,98.3,0.73,19.94,1.48,,
2026-08-07 21:07,COPX,88.08,🟢 Yükseliş Trendinde,🟢 AL (Trend Onaylı),-,-,🟢 EMA Yükselişte (SSL Ok Bekleniyor),⚪ Yelpaze Açık,🚨Fiyat Bandın Üzerinde!,EMA5 Destek: 85.15 (%3.3 altta),-,91.20-93.89 (%3.5 üstte),66.08,97.7,0.77,17.87,0.99,,
2026-08-07 21:07,EEM,65.39,🔴 Düşüş Trendinde,🟢 AL (Trend Onaylı),-,-,🟢 EMA Yükselişte (SSL Ok Bekleniyor),🚨 BB SIKIŞMA,🟡Fiyat Orta-Üst Bant Aralığında,EMA55 Destek: 65.16 (%0.3 altta),52.58-53.31 (%18.5 altta),-,51.56,87.41,0.27,7.88,0.0,,
2026-08-07 21:07,EWZ,35.36,🟢 Yükseliş Trendinde,🔴 SAT,-,-,"📉 Düşüş Hazırlığı (50<100 Kesti, 150 Bekleniyor)",🚨 BB SIKIŞMA,⚪Fiyat Alt_Orta Bant Aralığında,EMA200 Destek: 34.56 (%2.3 altta) | EMA21 Direnç: 35.78 (%1.2 üstte),-,36.15-36.84 (%2.2 üstte),46.33,12.29,-0.1,2.31,0.0,,
2026-08-07 21:07,GC=F,4402.1,🟢 Yükseliş Trendinde,🟢 AL (Trend Onaylı),-,-,🔴 Ayı Piyasası (EMA 50 En Altta),⚪ Yelpaze Açık,🚨Fiyat Bandın Üzerinde!,EMA100 Destek: 4321.54 (%1.8 altta),-,4767.20-4879.70 (%8.3 üstte),67.59,99.45,0.62,2.97,2.71,,
2026-08-07 21:07,GLTR,195.91,🟢 Yükseliş Trendinde,🟢 AL (Trend Onaylı),-,-,🔴 Ayı Piyasası (EMA 50 En Altta),🟠 Daralıyor,🚨Fiyat Bandın Üzerinde!,EMA200 Destek: 195.45 (%0.2 altta) | EMA100 Direnç: 198.64 (%1.4 üstte),-,248.82-257.80 (%27.0 üstte),62.87,99.28,0.66,0.24,1.71,,
2026-08-07 21:07,HG=F,6.6,🟢 Yükseliş Trendinde,🟢 AL (Trend Onaylı),🩸 SAT (Zirveden Dönüş),-,⚪ Karışık / Testere Piyasası,⚪ Yelpaze Açık,🟡Fiyat Orta-Üst Bant Aralığında,EMA21 Destek: 6.44 (%2.4 altta) | EMA5 Direnç: 6.60 (%0.1 üstte),5.79-5.90 (%10.6 altta),-,60.23,84.83,0.68,14.15,0.0,,
2026-08-07 21:07,IBB,196.48,🔴 Düşüş Trendinde,🟢 AL (Trend Onaylı),-,-,🟢 EMA Yükselişte (SSL Ok Bekleniyor),🚨 BB SIKIŞMA,🚨Fiyat Bandın Üzerinde!,EMA5 Destek: 192.61 (%2.0 altta),163.90-167.80 (%14.6 altta),-,64.95,98.56,0.58,14.9,1.22,,
2026-08-07 21:07,ICLN,18.34,🔴 Düşüş Trendinde,🟢 AL (Trend Onaylı),-,-,"📉 Düşüş Hazırlığı (50<100 Kesti, 150 Bekleniyor)",🟡 Normal Genişlik,🟡Fiyat Orta-Üst Bant Aralığında,EMA200 Destek: 18.32 (%0.1 altta) | EMA21 Direnç: 18.37 (%0.1 üstte),-,21.34-21.75 (%16.4 üstte),47.28,89.51,-0.04,0.09,0.0,,
2026-08-07 21:07,INDA,50.32,🟢 Yükseliş Trendinde,⏳ BEKLE,-,-,🔴 Ayı Piyasası (EMA 50 En Altta),⚪ Yelpaze Açık,🟡Fiyat Orta-Üst Bant Aralığında,EMA5 Destek: 50.16 (%0.3 altta) | EMA200 Direnç: 50.75 (%0.9 üstte),47.28-47.85 (%4.9 altta),54.75-55.02 (%8.8 üstte),60.96,85.77,0.89,-0.85,0.0,,
2026-08-07 21:07,IWM,301.1,🟢 Yükseliş Trendinde,🟢 AL (Trend Onaylı),-,-,🟢 EMA Yükselişte (SSL Ok Bekleniyor),🟠 Daralıyor,🟡Fiyat Orta-Üst Bant Aralığında,EMA5 Destek: 298.77 (%0.8 altta),238.69-245.37 (%18.5 altta),-,59.12,80.88,0.6,11.77,0.0,,
2026-08-07 21:07,MARS,27.35,🔥 AL (Taze Kırılım),🟢 AL (Trend Onaylı),-,-,-,-,🟡Fiyat Orta-Üst Bant Aralığında,EMA5 Destek: 26.01 (%4.9 altta) | EMA55 Direnç: 28.25 (%3.3 üstte),-,43.89-45.92 (%60.5 üstte),53.87,92.09,0.55,-,0.0,,
2026-08-07 21:07,NASA,25.25,🔥 AL (Taze Kırılım),🟢 AL (Trend Onaylı),-,-,-,-,🟡Fiyat Orta-Üst Bant Aralığında,EMA21 Destek: 24.15 (%4.4 altta) | EMA55 Direnç: 26.74 (%5.9 üstte),-,-,52.35,93.07,0.37,-,0.0,,
2026-08-07 21:07,PA=F,1386.0,🟢 Yükseliş Trendinde,🟢 AL (Trend Onaylı),-,-,🔴 Ayı Piyasası (EMA 50 En Altta),🟡 Normal Genişlik,🚨Fiyat Bandın Üzerinde!,EMA100 Destek: 1368.64 (%1.3 altta) | EMA200 Direnç: 1409.19 (%1.7 üstte),-,1774.50-1842.00 (%28.0 üstte),61.98,100.0,0.7,-1.65,0.55,,
2026-08-07 21:07,PHO,73.36,🟢 Yükseliş Trendinde,🟢 AL (Trend Onaylı),-,-,"⚡ Yükseliş Hazırlığı (50>100 Kesti, 150 Bekleniyor)",⚪ Yelpaze Açık,🟡Fiyat Orta-Üst Bant Aralığında,EMA5 Destek: 72.54 (%1.1 altta),-,72.60-73.56 (fiyat bandın içinde!),68.34,98.56,0.94,4.68,0.0,,
2026-08-07 21:07,PL=F,1763.2,🟢 Yükseliş Trendinde,🟢 AL (Trend Onaylı),-,-,🔴 Ayı Piyasası (EMA 50 En Altta),🟠 Daralıyor,🚨Fiyat Bandın Üzerinde!,EMA5 Destek: 1723.18 (%2.3 altta) | EMA200 Direnç: 1783.87 (%1.2 üstte),-,2357.40-2365.60 (%33.7 üstte),61.69,93.93,0.78,-1.16,0.7,,
2026-08-07 21:07,QQQ,720.7,🟢 Yükseliş Trendinde,🟢 AL (Trend Onaylı),-,-,🟢 EMA Yükselişte (SSL Ok Bekleniyor),⚪ Yelpaze Açık,🟡Fiyat Orta-Üst Bant Aralığında,EMA5 Destek: 712.77 (%1.1 altta),555.60-568.05 (%21.2 altta),732.51-741.82 (%1.6 üstte),56.4,89.64,0.44,10.08,0.0,,
2026-08-07 21:07,SI=F,63.62,🟢 Yükseliş Trendinde,🟢 AL (Trend Onaylı),-,-,🔴 Ayı Piyasası (EMA 50 En Altta),🚨 BB SIKIŞMA,🚨Fiyat Bandın Üzerinde!,EMA55 Destek: 63.56 (%0.1 altta) | EMA200 Direnç: 63.93 (%0.5 üstte),-,86.93-88.89 (%36.7 üstte),59.32,96.4,0.6,-0.49,1.8,,
2026-08-07 21:07,SOXX,541.34,🔴 Düşüş Trendinde,🟢 AL (Trend Onaylı),-,-,🟢 EMA Yükselişte (SSL Ok Bekleniyor),🟡 Normal Genişlik,🟡Fiyat Orta-Üst Bant Aralığında,EMA55 Destek: 534.41 (%1.3 altta),-,643.93-655.95 (%19.0 üstte),50.79,92.08,-0.16,27.61,0.0,,
2026-08-07 21:07,VNM,17.47,🟢 Yükseliş Trendinde,🟢 AL (Trend Onaylı),-,-,🔴 Ayı Piyasası (EMA 50 En Altta),⚪ Yelpaze Açık,🟡Fiyat Orta-Üst Bant Aralığında,EMA5 Destek: 17.42 (%0.3 altta) | EMA55 Direnç: 17.72 (%1.5 üstte),-,19.58-19.78 (%12.1 üstte),51.01,89.74,0.79,-3.22,0.0,,
2026-08-07 21:07,WQTM,34.3,🟢 Yükseliş Trendinde,🟢 AL (Trend Onaylı),-,-,🟢 EMA Yükselişte (SSL Ok Bekleniyor),⚪ Yelpaze Açık,🟡Fiyat Orta-Üst Bant Aralığında,EMA55 Destek: 33.51 (%2.3 altta),23.18-24.30 (%29.2 altta),-,55.25,91.18,0.6,14.47,0.0,,
2026-08-07 21:07,XBI,156.17,🔴 Düşüş Trendinde,🟢 AL (Trend Onaylı),-,-,⚠️ Yükseliş Trendinde Düzeltme (SSL Negatif),🟠 Daralıyor,🟡Fiyat Orta-Üst Bant Aralığında,EMA5 Destek: 153.42 (%1.8 altta),-,-,58.62,95.95,0.15,20.58,0.0,,
2026-08-07 21:07,XLV,164.96,🟢 Yükseliş Trendinde,⏳ BEKLE,-,-,⚠️ Yükseliş Trendinde Düzeltme (SSL Negatif),⚪ Yelpaze Açık,🟡Fiyat Orta-Üst Bant Aralığında,EMA5 Destek: 164.10 (%0.5 altta),145.31-147.27 (%10.7 altta),-,60.12,39.49,0.49,8.45,0.0,,
2026-08-07 21:07,XU100.IS,13779.39,🔴 Düşüş Trendinde,🟢 AL (Trend Onaylı),-,-,⚠️ Yükseliş Trendinde Düzeltme (SSL Negatif),🟠 Daralıyor,⚪Fiyat Alt_Orta Bant Aralığında,EMA5 Destek: 13708.57 (%0.5 altta) | EMA100 Direnç: 13792.13 (%0.1 üstte),-,-,46.86,87.58,-0.52,6.5,0.0,,
2026-08-10 14:30,AIQ,63.35,🟢 Yükseliş Trendinde,🟢 AL (Trend Onaylı),-,-,🟢 EMA Yükselişte (SSL Ok Bekleniyor),🟡 Normal Genişlik,🟡Fiyat Orta-Üst Bant Aralığında,EMA5 Destek: 62.02 (%2.1 altta),44.46-45.83 (%27.6 altta),-,57.22,90.96,0.54,14.09,0.0,,
2026-08-10 14:30,ALUM.L,4.45,🟢 Yükseliş Trendinde,🟢 AL (Trend Onaylı),-,-,"📉 Düşüş Hazırlığı (50<100 Kesti, 150 Bekleniyor)",🟠 Daralıyor,🚨Fiyat Bandın Üzerinde!,EMA5 Destek: 4.39 (%1.5 altta),3.64-3.71 (%16.8 altta),-,64.92,100.0,0.86,6.96,0.87,,
2026-08-10 14:30,BZ=F,84.71,🔴 Düşüş Trendinde,⏳ BEKLE,🟢 POTANSİYEL DİP (0 Altı - Hacimsiz),-,"📉 Düşüş Hazırlığı (50<100 Kesti, 150 Bekleniyor)",🟠 Daralıyor,⚪Fiyat Alt_Orta Bant Aralığında,EMA5 Destek: 83.66 (%1.2 altta) | EMA21 Direnç: 85.15 (%0.5 üstte),59.45-60.91 (%28.1 altta),106.87-112.69 (%26.2 üstte),49.23,17.29,-0.79,6.24,0.0,,
2026-08-10 14:30,CCJ,97.39,🔥 AL (Taze Kırılım),🟢 AL (Trend Onaylı),-,-,🔴 Ayı Piyasası (EMA 50 En Altta),🟠 Daralıyor,🚨Fiyat Bandın Üzerinde!,EMA5 Destek: 93.80 (%3.7 altta) | EMA55 Direnç: 97.74 (%0.4 üstte),-,-,57.46,98.49,0.62,-1.75,1.46,,
2026-08-10 14:30,CGW,66.74,🟢 Yükseliş Trendinde,🟢 AL (Trend Onaylı),-,-,🟢 EMA Yükselişte (SSL Ok Bekleniyor),🟠 Daralıyor,🟡Fiyat Orta-Üst Bant Aralığında,EMA5 Destek: 66.34 (%0.6 altta),-,-,62.24,94.75,0.84,3.38,0.0,,
2026-08-10 14:30,COPA,54.01,🟢 Yükseliş Trendinde,🟢 AL (Trend Onaylı),-,-,🟢 EMA Yükselişte (SSL Ok Bekleniyor),⚪ Yelpaze Açık,🚨Fiyat Bandın Üzerinde!,EMA5 Destek: 52.03 (%3.7 altta),-,54.23-55.84 (%0.4 üstte),66.1,98.3,0.73,19.95,1.5,,
2026-08-10 14:30,COPX,88.03,🟢 Yükseliş Trendinde,🟢 AL (Trend Onaylı),-,-,🟢 EMA Yükselişte (SSL Ok Bekleniyor),⚪ Yelpaze Açık,🚨Fiyat Bandın Üzerinde!,EMA5 Destek: 85.13 (%3.3 altta),-,91.20-93.89 (%3.6 üstte),66.02,97.7,0.77,17.76,0.95,,
2026-08-10 14:30,EEM,65.64,🔴 Düşüş Trendinde,🟢 AL (Trend Onaylı),-,-,🟢 EMA Yükselişte (SSL Ok Bekleniyor),🚨 BB SIKIŞMA,🟡Fiyat Orta-Üst Bant Aralığında,EMA55 Destek: 65.17 (%0.7 altta),52.58-53.31 (%18.8 altta),-,52.49,89.02,0.29,8.32,0.0,,
2026-08-10 14:30,EWZ,35.34,🟢 Yükseliş Trendinde,🔴 SAT,-,-,"📉 Düşüş Hazırlığı (50<100 Kesti, 150 Bekleniyor)",🚨 BB SIKIŞMA,⚪Fiyat Alt_Orta Bant Aralığında,EMA200 Destek: 34.57 (%2.2 altta) | EMA21 Direnç: 35.78 (%1.2 üstte),-,36.15-36.84 (%2.3 üstte),46.15,12.29,-0.11,2.22,0.0,,
2026-08-10 14:30,GC=F,4389.4,🟢 Yükseliş Trendinde,🟢 AL (Trend Onaylı),-,-,🔴 Ayı Piyasası (EMA 50 En Altta),⚪ Yelpaze Açık,🚨Fiyat Bandın Üzerinde!,EMA100 Destek: 4321.77 (%1.5 altta),-,4767.20-4879.70 (%8.6 üstte),67.23,99.45,0.72,2.55,1.54,,
2026-08-10 14:30,GLTR,196.02,🟢 Yükseliş Trendinde,🟢 AL (Trend Onaylı),-,-,🔴 Ayı Piyasası (EMA 50 En Altta),🟠 Daralıyor,🚨Fiyat Bandın Üzerinde!,EMA200 Destek: 195.57 (%0.2 altta) | EMA100 Direnç: 198.64 (%1.3 üstte),-,248.82-257.80 (%26.9 üstte),62.97,99.28,0.66,0.23,1.75,,
2026-08-10 14:30,HG=F,6.62,🟢 Yükseliş Trendinde,⏳ BEKLE,-,-,🟢 EMA Yükselişte (SSL Ok Bekleniyor),⚪ Yelpaze Açık,🟡Fiyat Orta-Üst Bant Aralığında,EMA5 Destek: 6.60 (%0.3 altta),5.79-5.90 (%11.0 altta),-,60.94,70.18,0.82,14.47,0.0,,
2026-08-10 14:30,IBB,197.71,🔥 AL (Taze Kırılım),🟢 AL (Trend Onaylı),-,-,🟢 EMA Yükselişte (SSL Ok Bekleniyor),🟠 Daralıyor,🚨Fiyat Bandın Üzerinde!,EMA5 Destek: 193.02 (%2.4 altta),163.90-167.80 (%15.1 altta),-,66.39,98.56,0.58,15.56,1.62,,
2026-08-10 14:30,ICLN,18.3,🔴 Düşüş Trendinde,🟢 AL (Trend Onaylı),-,-,"📉 Düşüş Hazırlığı (50<100 Kesti, 150 Bekleniyor)",🟡 Normal Genişlik,🟡Fiyat Orta-Üst Bant Aralığında,EMA5 Destek: 18.12 (%1.0 altta) | EMA200 Direnç: 18.32 (%0.1 üstte),-,21.34-21.75 (%16.6 üstte),46.84,88.76,-0.05,-0.1,0.0,,
2026-08-10 14:30,INDA,50.37,🟢 Yükseliş Trendinde,⏳ BEKLE,-,-,🔴 Ayı Piyasası (EMA 50 En Altta),⚪ Yelpaze Açık,🟡Fiyat Orta-Üst Bant Aralığında,EMA5 Destek: 50.18 (%0.4 altta) | EMA200 Direnç: 50.76 (%0.8 üstte),47.28-47.85 (%5.0 altta),54.75-55.02 (%8.7 üstte),61.37,86.28,0.89,-0.77,0.0,,
2026-08-10 14:30,IWM,301.56,🟢 Yükseliş Trendinde,🟢 AL (Trend Onaylı),-,-,🟢 EMA Yükselişte (SSL Ok Bekleniyor),🟠 Daralıyor,🚨Fiyat Bandın Üzerinde!,EMA5 Destek: 298.92 (%0.9 altta),238.69-245.37 (%18.6 altta),-,59.64,81.76,0.61,11.95,0.01,,
2026-08-10 14:30,MARS,27.77,🔥 AL (Taze Kırılım),🟢 AL (Trend Onaylı),-,-,-,-,🚨Fiyat Bandın Üzerinde!,EMA5 Destek: 26.15 (%5.8 altta) | EMA55 Direnç: 28.26 (%1.8 üstte),-,43.89-45.92 (%58.0 üstte),55.37,92.09,0.56,-,0.46,,
2026-08-10 14:30,NASA,25.55,🔥 AL (Taze Kırılım),🟢 AL (Trend Onaylı),-,-,-,-,🟡Fiyat Orta-Üst Bant Aralığında,EMA21 Destek: 24.17 (%5.4 altta) | EMA55 Direnç: 26.75 (%4.7 üstte),-,-,53.5,93.07,0.39,-,0.0,,
2026-08-10 14:30,PA=F,1361.5,🟢 Yükseliş Trendinde,🟢 AL (Trend Onaylı),-,-,🔴 Ayı Piyasası (EMA 50 En Altta),🟡 Normal Genişlik,🟡Fiyat Orta-Üst Bant Aralığında,EMA5 Destek: 1353.49 (%0.6 altta) | EMA100 Direnç: 1368.19 (%0.5 üstte),-,1774.50-1842.00 (%30.3 üstte),58.79,95.25,0.75,-3.53,0.0,,
2026-08-10 14:30,PHO,73.31,🟢 Yükseliş Trendinde,🟢 AL (Trend Onaylı),-,-,"⚡ Yükseliş Hazırlığı (50>100 Kesti, 150 Bekleniyor)",⚪ Yelpaze Açık,🟡Fiyat Orta-Üst Bant Aralığında,EMA5 Destek: 72.52 (%1.1 altta),-,72.60-73.56 (fiyat bandın içinde!),68.18,98.56,0.94,4.6,0.0,,
2026-08-10 14:30,PL=F,1747.9,🟢 Yükseliş Trendinde,🟢 AL (Trend Onaylı),-,-,🔴 Ayı Piyasası (EMA 50 En Altta),🟠 Daralıyor,🟡Fiyat Orta-Üst Bant Aralığında,EMA5 Destek: 1728.51 (%1.1 altta) | EMA200 Direnç: 1786.03 (%2.2 üstte),-,2357.40-2365.60 (%34.9 üstte),60.15,94.06,0.84,-2.13,0.0,,
2026-08-10 14:30,QQQ,723.03,🟢 Yükseliş Trendinde,🟢 AL (Trend Onaylı),-,-,🟢 EMA Yükselişte (SSL Ok Bekleniyor),⚪ Yelpaze Açık,🟡Fiyat Orta-Üst Bant Aralığında,EMA5 Destek: 713.55 (%1.3 altta),555.60-568.05 (%21.4 altta),732.51-741.82 (%1.3 üstte),57.15,90.62,0.45,10.47,0.0,,
2026-08-10 14:30,SI=F,64.05,🟢 Yükseliş Trendinde,🟢 AL (Trend Onaylı),-,-,🔴 Ayı Piyasası (EMA 50 En Altta),🟠 Daralıyor,🚨Fiyat Bandın Üzerinde!,EMA200 Destek: 64.03 (%0.0 altta) | EMA100 Direnç: 66.45 (%3.8 üstte),-,86.93-88.89 (%35.7 üstte),60.36,96.4,0.72,0.04,1.07,,
2026-08-10 14:30,SOXX,543.27,🔴 Düşüş Trendinde,🟢 AL (Trend Onaylı),-,-,🟢 EMA Yükselişte (SSL Ok Bekleniyor),🟡 Normal Genişlik,🟡Fiyat Orta-Üst Bant Aralığında,EMA55 Destek: 534.48 (%1.6 altta),-,643.93-655.95 (%18.5 üstte),51.19,92.08,-0.15,28.2,0.0,,
2026-08-10 14:30,VNM,17.44,🟢 Yükseliş Trendinde,🟢 AL (Trend Onaylı),-,-,🔴 Ayı Piyasası (EMA 50 En Altta),⚪ Yelpaze Açık,🟡Fiyat Orta-Üst Bant Aralığında,EMA5 Destek: 17.41 (%0.2 altta) | EMA55 Direnç: 17.72 (%1.6 üstte),-,19.58-19.78 (%12.3 üstte),50.62,89.24,0.79,-3.37,0.0,,
2026-08-10 14:30,WQTM,34.6,🟢 Yükseliş Trendinde,🟢 AL (Trend Onaylı),-,-,🟢 EMA Yükselişte (SSL Ok Bekleniyor),⚪ Yelpaze Açık,🟡Fiyat Orta-Üst Bant Aralığında,EMA5 Destek: 33.59 (%2.9 altta),23.18-24.30 (%29.8 altta),-,56.36,91.52,0.61,15.46,0.0,,
2026-08-10 14:30,XBI,157.37,🔴 Düşüş Trendinde,🟢 AL (Trend Onaylı),-,-,⚠️ Yükseliş Trendinde Düzeltme (SSL Negatif),🟠 Daralıyor,🟡Fiyat Orta-Üst Bant Aralığında,EMA5 Destek: 153.82 (%2.3 altta),-,-,60.21,95.95,0.19,21.45,0.0,,
2026-08-10 14:30,XLV,165.68,🟢 Yükseliş Trendinde,⏳ BEKLE,🟡 RİSKLİ AL (0 Üstü - Hacimsiz),-,⚠️ Yükseliş Trendinde Düzeltme (SSL Negatif),⚪ Yelpaze Açık,🟡Fiyat Orta-Üst Bant Aralığında,EMA5 Destek: 164.33 (%0.8 altta),145.31-147.27 (%11.1 altta),-,61.58,42.87,0.52,8.88,0.0,,
2026-08-10 14:30,XU100.IS,13891.01,🔴 Düşüş Trendinde,🟢 AL (Trend Onaylı),-,-,🟢 EMA Yükselişte (SSL Ok Bekleniyor),🟠 Daralıyor,🟡Fiyat Orta-Üst Bant Aralığında,EMA21 Destek: 13837.76 (%0.4 altta) | EMA55 Direnç: 13960.94 (%0.5 üstte),-,-,50.18,94.92,-0.31,7.3,0.0,,
2026-08-10 18:22,AIQ,63.57,🟢 Yükseliş Trendinde,🟢 AL (Trend Onaylı),-,-,🟢 EMA Yükselişte (SSL Ok Bekleniyor),⚪ Yelpaze Açık,🟡Fiyat Orta-Üst Bant Aralığında,EMA5 Destek: 62.53 (%1.6 altta),44.46-45.83 (%27.9 altta),-,57.79,94.52,0.74,14.36,0.0,,
2026-08-10 18:22,ALUM.L,4.45,🟢 Yükseliş Trendinde,🟢 AL (Trend Onaylı),-,-,"📉 Düşüş Hazırlığı (50<100 Kesti, 150 Bekleniyor)",🟠 Daralıyor,🚨Fiyat Bandın Üzerinde!,EMA5 Destek: 4.39 (%1.4 altta),3.64-3.71 (%16.7 altta),-,64.62,100.0,0.86,6.87,0.81,,
2026-08-10 18:22,BZ=F,86.31,🔴 Düşüş Trendinde,⏳ BEKLE,🟢 POTANSİYEL DİP (0 Altı - Hacimsiz),-,"📉 Düşüş Hazırlığı (50<100 Kesti, 150 Bekleniyor)",🟠 Daralıyor,⚪Fiyat Alt_Orta Bant Aralığında,EMA21 Destek: 85.29 (%1.2 altta) | EMA55 Direnç: 86.95 (%0.7 üstte),59.45-60.91 (%29.4 altta),106.87-112.69 (%23.8 üstte),51.19,19.32,-0.76,8.23,0.0,,
2026-08-10 18:22,CCJ,97.71,🟢 Yükseliş Trendinde,🟢 AL (Trend Onaylı),-,-,🔴 Ayı Piyasası (EMA 50 En Altta),🟡 Normal Genişlik,🚨Fiyat Bandın Üzerinde!,EMA5 Destek: 95.10 (%2.7 altta) | EMA55 Direnç: 97.74 (%0.0 üstte),-,-,57.92,98.49,0.72,-1.47,0.43,,
2026-08-10 18:22,CGW,66.12,🟢 Yükseliş Trendinde,⏳ BEKLE,-,-,⚪ Karışık / Testere Piyasası,🟠 Daralıyor,🟡Fiyat Orta-Üst Bant Aralığında,EMA21 Destek: 65.54 (%0.9 altta) | EMA5 Direnç: 66.27 (%0.2 üstte),-,-,56.3,79.17,0.82,2.39,0.0,,
2026-08-10 18:22,COPA,54.59,🟢 Yükseliş Trendinde,🟢 AL (Trend Onaylı),-,-,🟢 EMA Yükselişte (SSL Ok Bekleniyor),⚪ Yelpaze Açık,🚨Fiyat Bandın Üzerinde!,EMA5 Destek: 52.89 (%3.1 altta),-,54.23-55.84 (fiyat bandın içinde!),67.37,98.3,0.81,20.95,0.71,,
2026-08-10 18:22,COPX,89.71,🟢 Yükseliş Trendinde,🟢 AL (Trend Onaylı),-,-,🟢 EMA Yükselişte (SSL Ok Bekleniyor),⚪ Yelpaze Açık,🚨Fiyat Bandın Üzerinde!,EMA5 Destek: 86.66 (%3.4 altta),-,91.20-93.89 (%1.7 üstte),68.22,97.7,0.84,19.72,0.9,,
2026-08-10 18:22,EEM,65.25,🔴 Düşüş Trendinde,🟢 AL (Trend Onaylı),-,-,⚪ Karışık / Testere Piyasası,🚨 BB SIKIŞMA,🟡Fiyat Orta-Üst Bant Aralığında,EMA5 Destek: 65.19 (%0.1 altta),52.58-53.31 (%18.3 altta),-,50.9,85.6,0.49,7.62,0.0,,
2026-08-10 18:22,EWZ,35.26,🟢 Yükseliş Trendinde,🔴 SAT,-,-,"📉 Düşüş Hazırlığı (50<100 Kesti, 150 Bekleniyor)",🚨 BB SIKIŞMA,⚪Fiyat Alt_Orta Bant Aralığında,EMA200 Destek: 34.59 (%1.9 altta) | EMA5 Direnç: 35.63 (%1.1 üstte),-,36.15-36.84 (%2.5 üstte),45.37,1.89,-0.43,1.91,0.0,,
2026-08-10 18:22,GC=F,4405.5,🟢 Yükseliş Trendinde,🟢 AL (Trend Onaylı),-,-,🔴 Ayı Piyasası (EMA 50 En Altta),⚪ Yelpaze Açık,🚨Fiyat Bandın Üzerinde!,EMA100 Destek: 4322.08 (%1.9 altta),-,4767.20-4879.70 (%8.2 üstte),67.93,99.45,0.72,2.92,1.79,,
2026-08-10 18:22,GLTR,197.23,🟢 Yükseliş Trendinde,🟢 AL (Trend Onaylı),-,-,🔴 Ayı Piyasası (EMA 50 En Altta),🟠 Daralıyor,🚨Fiyat Bandın Üzerinde!,EMA200 Destek: 195.73 (%0.8 altta) | EMA100 Direnç: 198.61 (%0.7 üstte),-,248.82-257.80 (%26.2 üstte),64.14,99.28,0.77,0.77,1.06,,
2026-08-10 18:22,HG=F,6.63,🟢 Yükseliş Trendinde,⏳ BEKLE,-,-,🟢 EMA Yükselişte (SSL Ok Bekleniyor),⚪ Yelpaze Açık,🟡Fiyat Orta-Üst Bant Aralığında,EMA5 Destek: 6.61 (%0.4 altta),5.79-5.90 (%11.1 altta),-,61.22,70.72,0.82,14.6,0.0,,
2026-08-10 18:22,IBB,200.15,🟢 Yükseliş Trendinde,🟢 AL (Trend Onaylı),-,-,🟢 EMA Yükselişte (SSL Ok Bekleniyor),⚪ Yelpaze Açık,🚨Fiyat Bandın Üzerinde!,EMA5 Destek: 195.40 (%2.4 altta),163.90-167.80 (%16.2 altta),-,69.1,100.0,0.72,16.74,1.65,,
2026-08-10 18:22,ICLN,18.09,🔴 Düşüş Trendinde,🟢 AL (Trend Onaylı),-,-,"📉 Düşüş Hazırlığı (50<100 Kesti, 150 Bekleniyor)",🟡 Normal Genişlik,⚪Fiyat Alt_Orta Bant Aralığında,EMA5 Direnç: 18.11 (%0.1 üstte),-,21.34-21.75 (%18.0 üstte),44.73,89.08,0.15,-1.2,0.0,,
2026-08-10 18:22,INDA,50.22,🟢 Yükseliş Trendinde,⏳ BEKLE,-,-,🔴 Ayı Piyasası (EMA 50 En Altta),⚪ Yelpaze Açık,🟡Fiyat Orta-Üst Bant Aralığında,EMA5 Destek: 50.19 (%0.1 altta) | EMA200 Direnç: 50.76 (%1.1 üstte),47.28-47.85 (%4.7 altta),54.75-55.02 (%9.0 üstte),59.38,83.46,0.91,-1.07,0.0,,
2026-08-10 18:22,IWM,300.39,🟢 Yükseliş Trendinde,🟢 AL (Trend Onaylı),-,-,⚪ Karışık / Testere Piyasası,🟠 Daralıyor,🟡Fiyat Orta-Üst Bant Aralığında,EMA5 Destek: 299.41 (%0.3 altta),238.69-245.37 (%18.3 altta),-,57.63,81.02,0.77,11.39,0.0,,
2026-08-10 18:22,MARS,27.48,🟢 Yükseliş Trendinde,🟢 AL (Trend Onaylı),-,-,-,-,🟡Fiyat Orta-Üst Bant Aralığında,EMA5 Destek: 26.59 (%3.2 altta) | EMA55 Direnç: 28.23 (%2.8 üstte),-,43.89-45.92 (%59.7 üstte),54.05,96.03,0.74,-,0.0,,
2026-08-10 18:22,NASA,25.27,🟢 Yükseliş Trendinde,🟢 AL (Trend Onaylı),-,-,-,-,🟡Fiyat Orta-Üst Bant Aralığında,EMA5 Destek: 24.54 (%2.9 altta) | EMA55 Direnç: 26.70 (%5.7 üstte),-,-,52.23,96.67,0.61,-,0.0,,
2026-08-10 18:22,PA=F,1370.5,🟢 Yükseliş Trendinde,🟢 AL (Trend Onaylı),-,-,🔴 Ayı Piyasası (EMA 50 En Altta),🟡 Normal Genişlik,🟡Fiyat Orta-Üst Bant Aralığında,EMA100 Destek: 1368.37 (%0.2 altta) | EMA200 Direnç: 1411.42 (%3.0 üstte),-,1774.50-1842.00 (%29.5 üstte),60.23,98.61,0.76,-2.9,0.0,,
2026-08-10 18:22,PHO,73.5,🟢 Yükseliş Trendinde,🟢 AL (Trend Onaylı),-,-,"⚡ Yükseliş Hazırlığı (50>100 Kesti, 150 Bekleniyor)",⚪ Yelpaze Açık,🟡Fiyat Orta-Üst Bant Aralığında,EMA5 Destek: 72.85 (%0.9 altta),-,72.60-73.56 (fiyat bandın içinde!),68.84,98.56,0.93,4.8,0.0,,
2026-08-10 18:22,PL=F,1747.5,🟢 Yükseliş Trendinde,🟢 AL (Trend Onaylı),-,-,🔴 Ayı Piyasası (EMA 50 En Altta),🟠 Daralıyor,🟡Fiyat Orta-Üst Bant Aralığında,EMA5 Destek: 1728.37 (%1.1 altta) | EMA200 Direnç: 1786.03 (%2.2 üstte),-,2357.40-2365.60 (%34.9 üstte),60.09,93.95,0.84,-2.16,0.0,,
2026-08-10 18:22,QQQ,721.97,🟢 Yükseliş Trendinde,🟢 AL (Trend Onaylı),-,-,🟢 EMA Yükselişte (SSL Ok Bekleniyor),⚪ Yelpaze Açık,🟡Fiyat Orta-Üst Bant Aralığında,EMA5 Destek: 716.35 (%0.8 altta),555.60-568.05 (%21.3 altta),732.51-741.82 (%1.5 üstte),56.67,92.28,0.66,10.23,0.0,,
2026-08-10 18:22,SI=F,64.9,🟢 Yükseliş Trendinde,🟢 AL (Trend Onaylı),-,-,🔴 Ayı Piyasası (EMA 50 En Altta),🟠 Daralıyor,🚨Fiyat Bandın Üzerinde!,EMA200 Destek: 64.03 (%1.3 altta) | EMA100 Direnç: 66.47 (%2.4 üstte),-,86.93-88.89 (%33.9 üstte),62.17,96.4,0.72,1.36,2.02,,
2026-08-10 18:22,SOXX,535.65,🔴 Düşüş Trendinde,🟢 AL (Trend Onaylı),-,-,🟢 EMA Yükselişte (SSL Ok Bekleniyor),🟡 Normal Genişlik,🟡Fiyat Orta-Üst Bant Aralığında,EMA55 Destek: 534.52 (%0.2 altta),-,643.93-655.95 (%20.2 üstte),49.45,93.2,0.07,26.2,0.0,,
2026-08-10 18:22,VNM,17.63,🟢 Yükseliş Trendinde,🟢 AL (Trend Onaylı),-,-,🔴 Ayı Piyasası (EMA 50 En Altta),⚪ Yelpaze Açık,🟡Fiyat Orta-Üst Bant Aralığında,EMA5 Destek: 17.48 (%0.8 altta) | EMA55 Direnç: 17.72 (%0.5 üstte),-,19.58-19.78 (%11.1 üstte),53.62,91.45,0.88,-2.31,0.0,,
2026-08-10 18:22,WQTM,34.15,🟢 Yükseliş Trendinde,🟢 AL (Trend Onaylı),-,-,🟢 EMA Yükselişte (SSL Ok Bekleniyor),⚪ Yelpaze Açık,🟡Fiyat Orta-Üst Bant Aralığında,EMA5 Destek: 33.78 (%1.1 altta),23.18-24.30 (%28.9 altta),-,54.2,92.67,0.74,13.82,0.0,,
2026-08-10 18:22,XBI,158.46,🔴 Düşüş Trendinde,🟢 AL (Trend Onaylı),-,-,🟢 EMA Yükselişte (SSL Ok Bekleniyor),🟡 Normal Genişlik,🟡Fiyat Orta-Üst Bant Aralığında,EMA5 Destek: 155.37 (%1.9 altta),-,-,61.64,100.0,0.53,21.97,0.0,,
2026-08-10 18:22,XLV,167.84,🟢 Yükseliş Trendinde,🟢 AL (Trend Onaylı),-,-,🟢 EMA Yükselişte (SSL Ok Bekleniyor),⚪ Yelpaze Açık,🟡Fiyat Orta-Üst Bant Aralığında,EMA5 Destek: 165.50 (%1.4 altta),145.31-147.27 (%12.3 altta),-,65.67,59.68,0.55,10.15,0.0,,
2026-08-10 18:22,XU100.IS,13811.6,🔴 Düşüş Trendinde,🟢 AL (Trend Onaylı),-,-,🟢 EMA Yükselişte (SSL Ok Bekleniyor),🟠 Daralıyor,⚪Fiyat Alt_Orta Bant Aralığında,EMA100 Destek: 13792.30 (%0.1 altta) | EMA21 Direnç: 13830.54 (%0.1 üstte),-,-,47.86,93.82,-0.36,6.69,0.0,,
2026-08-10 21:07,AIQ,63.5,🟢 Yükseliş Trendinde,🟢 AL (Trend Onaylı),-,-,🟢 EMA Yükselişte (SSL Ok Bekleniyor),⚪ Yelpaze Açık,🟡Fiyat Orta-Üst Bant Aralığında,EMA5 Destek: 62.51 (%1.6 altta),44.46-45.83 (%27.8 altta),-,57.62,94.52,0.74,14.24,0.0,,
2026-08-10 21:07,ALUM.L,4.45,🟢 Yükseliş Trendinde,🟢 AL (Trend Onaylı),-,-,"📉 Düşüş Hazırlığı (50<100 Kesti, 150 Bekleniyor)",🟠 Daralıyor,🚨Fiyat Bandın Üzerinde!,EMA5 Destek: 4.39 (%1.4 altta),3.64-3.71 (%16.6 altta),-,64.32,100.0,0.86,6.77,0.75,,
2026-08-10 21:07,BZ=F,87.46,🔴 Düşüş Trendinde,⏳ BEKLE,🟢 POTANSİYEL DİP (0 Altı - Hacimsiz),-,"📉 Düşüş Hazırlığı (50<100 Kesti, 150 Bekleniyor)",🟠 Daralıyor,⚪Fiyat Alt_Orta Bant Aralığında,EMA100 Destek: 87.36 (%0.1 altta),59.45-60.91 (%30.4 altta),106.87-112.69 (%22.2 üstte),52.51,20.69,-0.74,9.65,0.0,,
2026-08-10 21:07,CCJ,97.58,🟢 Yükseliş Trendinde,🟢 AL (Trend Onaylı),-,-,🔴 Ayı Piyasası (EMA 50 En Altta),🟡 Normal Genişlik,🚨Fiyat Bandın Üzerinde!,EMA5 Destek: 95.06 (%2.6 altta) | EMA55 Direnç: 97.74 (%0.2 üstte),-,-,57.74,98.49,0.72,-1.59,0.34,,
2026-08-10 21:07,CGW,65.96,🟢 Yükseliş Trendinde,⏳ BEKLE,-,-,⚪ Karışık / Testere Piyasası,🟠 Daralıyor,🟡Fiyat Orta-Üst Bant Aralığında,EMA21 Destek: 65.53 (%0.7 altta) | EMA5 Direnç: 66.21 (%0.4 üstte),-,-,54.9,75.87,0.8,2.14,0.0,,
2026-08-10 21:07,COPA,54.78,🟢 Yükseliş Trendinde,🟢 AL (Trend Onaylı),-,-,🟢 EMA Yükselişte (SSL Ok Bekleniyor),⚪ Yelpaze Açık,🚨Fiyat Bandın Üzerinde!,EMA5 Destek: 52.95 (%3.3 altta),-,54.23-55.84 (fiyat bandın içinde!),67.77,98.3,0.81,21.37,0.97,,
2026-08-10 21:07,COPX,89.29,🟢 Yükseliş Trendinde,🟢 AL (Trend Onaylı),-,-,🟢 EMA Yükselişte (SSL Ok Bekleniyor),⚪ Yelpaze Açık,🚨Fiyat Bandın Üzerinde!,EMA5 Destek: 86.52 (%3.1 altta),-,91.20-93.89 (%2.1 üstte),67.69,97.7,0.83,19.17,0.55,,
2026-08-10 21:07,EEM,65.19,🔴 Düşüş Trendinde,🟢 AL (Trend Onaylı),-,-,⚪ Karışık / Testere Piyasası,🚨 BB SIKIŞMA,🟡Fiyat Orta-Üst Bant Aralığında,EMA55 Destek: 65.17 (%0.0 altta),52.58-53.31 (%18.2 altta),-,50.66,85.19,0.48,7.52,0.0,,
2026-08-10 21:07,EWZ,35.18,🟢 Yükseliş Trendinde,🔴 SAT,-,-,"📉 Düşüş Hazırlığı (50<100 Kesti, 150 Bekleniyor)",🚨 BB SIKIŞMA,⚪Fiyat Alt_Orta Bant Aralığında,EMA200 Destek: 34.59 (%1.7 altta) | EMA5 Direnç: 35.61 (%1.2 üstte),-,36.15-36.84 (%2.8 üstte),44.69,1.89,-0.44,1.7,0.0,,
2026-08-10 21:07,GC=F,4417.7,🟢 Yükseliş Trendinde,🟢 AL (Trend Onaylı),-,-,🔴 Ayı Piyasası (EMA 50 En Altta),⚪ Yelpaze Açık,🚨Fiyat Bandın Üzerinde!,EMA100 Destek: 4322.33 (%2.2 altta),-,4767.20-4879.70 (%7.9 üstte),68.44,99.45,0.72,3.2,1.98,,
2026-08-10 21:07,GLTR,198.11,🟢 Yükseliş Trendinde,🟢 AL (Trend Onaylı),-,-,🔴 Ayı Piyasası (EMA 50 En Altta),🟠 Daralıyor,🚨Fiyat Bandın Üzerinde!,EMA200 Destek: 195.74 (%1.2 altta) | EMA100 Direnç: 198.62 (%0.3 üstte),-,248.82-257.80 (%25.6 üstte),64.94,99.28,0.77,1.21,1.37,,
2026-08-10 21:07,HG=F,6.61,🟢 Yükseliş Trendinde,⏳ BEKLE,-,-,🟢 EMA Yükselişte (SSL Ok Bekleniyor),⚪ Yelpaze Açık,🟡Fiyat Orta-Üst Bant Aralığında,EMA5 Destek: 6.60 (%0.2 altta),5.79-5.90 (%10.8 altta),-,60.35,69.09,0.81,14.21,0.0,,
2026-08-10 21:07,IBB,199.19,🟢 Yükseliş Trendinde,🟢 AL (Trend Onaylı),-,-,🟢 EMA Yükselişte (SSL Ok Bekleniyor),🟡 Normal Genişlik,🚨Fiyat Bandın Üzerinde!,EMA5 Destek: 195.08 (%2.1 altta),163.90-167.80 (%15.8 altta),-,68.09,100.0,0.72,16.19,1.33,,
2026-08-10 21:07,ICLN,18.09,🔴 Düşüş Trendinde,🟢 AL (Trend Onaylı),-,-,"📉 Düşüş Hazırlığı (50<100 Kesti, 150 Bekleniyor)",🟡 Normal Genişlik,⚪Fiyat Alt_Orta Bant Aralığında,EMA5 Direnç: 18.11 (%0.1 üstte),-,21.34-21.75 (%17.9 üstte),44.78,89.16,0.15,-1.18,0.0,,
2026-08-10 21:07,INDA,50.07,🟢 Yükseliş Trendinde,⏳ BEKLE,-,-,🔴 Ayı Piyasası (EMA 50 En Altta),⚪ Yelpaze Açık,🟡Fiyat Orta-Üst Bant Aralığında,EMA21 Destek: 49.52 (%1.1 altta) | EMA5 Direnç: 50.14 (%0.1 üstte),47.28-47.85 (%4.4 altta),54.75-55.02 (%9.3 üstte),57.51,81.13,0.9,-1.36,0.0,,
2026-08-10 21:07,IWM,299.67,🟢 Yükseliş Trendinde,🟢 AL (Trend Onaylı),-,-,⚪ Karışık / Testere Piyasası,🟠 Daralıyor,🟡Fiyat Orta-Üst Bant Aralığında,EMA5 Destek: 299.17 (%0.2 altta),238.69-245.37 (%18.1 altta),-,56.46,79.01,0.77,11.13,0.0,,
2026-08-10 21:07,MARS,27.47,🟢 Yükseliş Trendinde,🟢 AL (Trend Onaylı),-,-,-,-,🟡Fiyat Orta-Üst Bant Aralığında,EMA5 Destek: 26.59 (%3.2 altta) | EMA55 Direnç: 28.23 (%2.8 üstte),-,43.89-45.92 (%59.8 üstte),54.02,95.98,0.74,-,0.0,,
2026-08-10 21:07,NASA,25.28,🟢 Yükseliş Trendinde,🟢 AL (Trend Onaylı),-,-,-,-,🟡Fiyat Orta-Üst Bant Aralığında,EMA5 Destek: 24.54 (%2.9 altta) | EMA55 Direnç: 26.70 (%5.6 üstte),-,-,52.27,96.73,0.61,-,0.0,,
2026-08-10 21:07,PA=F,1379.0,🟢 Yükseliş Trendinde,🟢 AL (Trend Onaylı),-,-,🔴 Ayı Piyasası (EMA 50 En Altta),🟡 Normal Genişlik,🟡Fiyat Orta-Üst Bant Aralığında,EMA100 Destek: 1368.54 (%0.8 altta) | EMA200 Direnç: 1411.51 (%2.4 üstte),-,1774.50-1842.00 (%28.7 üstte),61.34,100.0,0.77,-2.3,0.0,,
2026-08-10 21:07,PHO,73.42,🟢 Yükseliş Trendinde,🟢 AL (Trend Onaylı),-,-,"⚡ Yükseliş Hazırlığı (50>100 Kesti, 150 Bekleniyor)",⚪ Yelpaze Açık,🟡Fiyat Orta-Üst Bant Aralığında,EMA5 Destek: 72.82 (%0.8 altta),-,72.60-73.56 (fiyat bandın içinde!),68.57,98.56,0.93,4.68,0.0,,
2026-08-10 21:07,PL=F,1750.0,🟢 Yükseliş Trendinde,🟢 AL (Trend Onaylı),-,-,🔴 Ayı Piyasası (EMA 50 En Altta),🟠 Daralıyor,🟡Fiyat Orta-Üst Bant Aralığında,EMA5 Destek: 1729.21 (%1.2 altta) | EMA200 Direnç: 1786.05 (%2.1 üstte),-,2357.40-2365.60 (%34.7 üstte),60.48,94.62,0.84,-2.02,0.0,,
2026-08-10 21:07,QQQ,721.25,🟢 Yükseliş Trendinde,🟢 AL (Trend Onaylı),-,-,🟢 EMA Yükselişte (SSL Ok Bekleniyor),⚪ Yelpaze Açık,🟡Fiyat Orta-Üst Bant Aralığında,EMA5 Destek: 716.11 (%0.7 altta),555.60-568.05 (%21.2 altta),732.51-741.82 (%1.6 üstte),56.35,91.86,0.66,10.12,0.0,,
2026-08-10 21:07,SI=F,65.27,🟢 Yükseliş Trendinde,🟢 AL (Trend Onaylı),-,-,🔴 Ayı Piyasası (EMA 50 En Altta),🟠 Daralıyor,🚨Fiyat Bandın Üzerinde!,EMA200 Destek: 64.04 (%1.9 altta) | EMA100 Direnç: 66.48 (%1.8 üstte),-,86.93-88.89 (%33.2 üstte),62.9,96.4,0.72,1.92,2.41,,
2026-08-10 21:07,SOXX,535.13,🔴 Düşüş Trendinde,🟢 AL (Trend Onaylı),-,-,🟢 EMA Yükselişte (SSL Ok Bekleniyor),🟡 Normal Genişlik,🟡Fiyat Orta-Üst Bant Aralığında,EMA55 Destek: 534.50 (%0.1 altta),-,643.93-655.95 (%20.3 üstte),49.33,92.98,0.07,26.07,0.0,,
2026-08-10 21:07,VNM,17.61,🟢 Yükseliş Trendinde,🟢 AL (Trend Onaylı),-,-,🔴 Ayı Piyasası (EMA 50 En Altta),⚪ Yelpaze Açık,🟡Fiyat Orta-Üst Bant Aralığında,EMA5 Destek: 17.48 (%0.8 altta) | EMA55 Direnç: 17.72 (%0.6 üstte),-,19.58-19.78 (%11.2 üstte),53.39,91.17,0.88,-2.39,0.0,,
2026-08-10 21:07,WQTM,34.07,🟢 Yükseliş Trendinde,🟢 AL (Trend Onaylı),-,-,⚪ Karışık / Testere Piyasası,⚪ Yelpaze Açık,🟡Fiyat Orta-Üst Bant Aralığında,EMA5 Destek: 33.75 (%0.9 altta),23.18-24.30 (%28.7 altta),-,53.81,92.16,0.74,13.54,0.0,,
2026-08-10 21:07,XBI,156.95,🔴 Düşüş Trendinde,🟢 AL (Trend Onaylı),-,-,⚠️ Yükseliş Trendinde Düzeltme (SSL Negatif),🟠 Daralıyor,🟡Fiyat Orta-Üst Bant Aralığında,EMA5 Destek: 154.86 (%1.3 altta),-,-,59.35,98.25,0.51,20.83,0.0,,
2026-08-10 21:07,XLV,167.79,🟢 Yükseliş Trendinde,🟢 AL (Trend Onaylı),-,-,🟢 EMA Yükselişte (SSL Ok Bekleniyor),⚪ Yelpaze Açık,🟡Fiyat Orta-Üst Bant Aralığında,EMA5 Destek: 165.49 (%1.4 altta),145.31-147.27 (%12.2 altta),-,65.6,59.5,0.55,10.12,0.0,,
2026-08-10 21:07,XU100.IS,13811.6,🔴 Düşüş Trendinde,🟢 AL (Trend Onaylı),-,-,🟢 EMA Yükselişte (SSL Ok Bekleniyor),🟠 Daralıyor,⚪Fiyat Alt_Orta Bant Aralığında,EMA100 Destek: 13792.30 (%0.1 altta) | EMA21 Direnç: 13830.54 (%0.1 üstte),-,-,47.86,93.82,-0.36,6.69,0.0,,
2026-08-11 14:09,AIQ,63.51,🟢 Yükseliş Trendinde,🟢 AL (Trend Onaylı),-,-,🟢 EMA Yükselişte (SSL Ok Bekleniyor),⚪ Yelpaze Açık,🟡Fiyat Orta-Üst Bant Aralığında,EMA5 Destek: 62.52 (%1.6 altta),44.46-45.83 (%27.8 altta),-,57.64,94.52,0.74,14.26,0.0,,
2026-08-11 14:09,ALUM.L,4.53,🟢 Yükseliş Trendinde,🟢 AL (Trend Onaylı),-,🔴 ZİRVEDE,"📉 Düşüş Hazırlığı (50<100 Kesti, 150 Bekleniyor)",🟡 Normal Genişlik,🚨Fiyat Bandın Üzerinde!,EMA5 Destek: 4.44 (%2.2 altta),3.64-3.71 (%18.2 altta),-,70.25,100.0,0.91,8.77,1.51,,
2026-08-11 14:09,BZ=F,88.93,🔴 Düşüş Trendinde,🔥 GÜÇLÜ AL (Taze Kırılım),-,-,"📉 Düşüş Hazırlığı (50<100 Kesti, 150 Bekleniyor)",🟠 Daralıyor,🟡Fiyat Orta-Üst Bant Aralığında,EMA100 Destek: 87.40 (%1.7 altta),59.45-60.91 (%31.5 altta),106.87-112.69 (%20.2 üstte),54.2,29.14,-0.6,11.36,0.0,,
2026-08-11 14:09,CCJ,97.31,🟢 Yükseliş Trendinde,🟢 AL (Trend Onaylı),-,-,🔴 Ayı Piyasası (EMA 50 En Altta),🟡 Normal Genişlik,🚨Fiyat Bandın Üzerinde!,EMA5 Destek: 94.97 (%2.4 altta) | EMA55 Direnç: 97.73 (%0.4 üstte),-,-,57.3,98.27,0.72,-1.87,0.13,,
2026-08-11 14:09,CGW,65.98,🟢 Yükseliş Trendinde,⏳ BEKLE,-,-,⚪ Karışık / Testere Piyasası,🟠 Daralıyor,🟡Fiyat Orta-Üst Bant Aralığında,EMA21 Destek: 65.53 (%0.7 altta) | EMA5 Direnç: 66.22 (%0.4 üstte),-,-,55.06,76.26,0.8,2.17,0.0,,
2026-08-11 14:09,COPA,54.86,🟢 Yükseliş Trendinde,🟢 AL (Trend Onaylı),-,-,🟢 EMA Yükselişte (SSL Ok Bekleniyor),⚪ Yelpaze Açık,🚨Fiyat Bandın Üzerinde!,EMA5 Destek: 52.97 (%3.4 altta),-,54.23-55.84 (fiyat bandın içinde!),67.92,98.3,0.81,21.54,1.07,,
2026-08-11 14:09,COPX,89.51,🟢 Yükseliş Trendinde,🟢 AL (Trend Onaylı),-,-,🟢 EMA Yükselişte (SSL Ok Bekleniyor),⚪ Yelpaze Açık,🚨Fiyat Bandın Üzerinde!,EMA5 Destek: 86.59 (%3.3 altta),-,91.20-93.89 (%1.9 üstte),67.97,97.7,0.84,19.46,0.74,,
2026-08-11 14:09,EEM,65.17,🔴 Düşüş Trendinde,🟢 AL (Trend Onaylı),-,-,⚪ Karışık / Testere Piyasası,🚨 BB SIKIŞMA,🟡Fiyat Orta-Üst Bant Aralığında,EMA5 Destek: 65.16 (%0.0 altta) | EMA55 Direnç: 65.17 (%0.0 üstte),52.58-53.31 (%18.2 altta),-,50.56,85.02,0.48,7.48,0.0,,
2026-08-11 14:09,EWZ,35.19,🟢 Yükseliş Trendinde,🔴 SAT,-,-,"📉 Düşüş Hazırlığı (50<100 Kesti, 150 Bekleniyor)",🚨 BB SIKIŞMA,⚪Fiyat Alt_Orta Bant Aralığında,EMA200 Destek: 34.59 (%1.7 altta) | EMA5 Direnç: 35.61 (%1.2 üstte),-,36.15-36.84 (%2.7 üstte),44.78,1.89,-0.44,1.73,0.0,,
2026-08-11 14:09,GC=F,4438.6,🟢 Yükseliş Trendinde,🟢 AL (Trend Onaylı),-,-,🔴 Ayı Piyasası (EMA 50 En Altta),⚪ Yelpaze Açık,🚨Fiyat Bandın Üzerinde!,EMA5 Destek: 4325.90 (%2.5 altta),-,4767.20-4879.70 (%7.4 üstte),69.5,100.0,0.86,3.67,1.39,,
2026-08-11 14:09,GLTR,199.5,🟢 Yükseliş Trendinde,🟢 AL (Trend Onaylı),-,-,🔴 Ayı Piyasası (EMA 50 En Altta),🟡 Normal Genişlik,🚨Fiyat Bandın Üzerinde!,EMA100 Destek: 198.65 (%0.4 altta),-,248.82-257.80 (%24.7 üstte),66.14,99.28,0.77,1.92,1.86,,
2026-08-11 14:09,HG=F,6.68,🟢 Yükseliş Trendinde,⏳ BEKLE,-,-,🟢 EMA Yükselişte (SSL Ok Bekleniyor),⚪ Yelpaze Açık,🟡Fiyat Orta-Üst Bant Aralığında,EMA5 Destek: 6.62 (%0.8 altta),5.79-5.90 (%11.7 altta),-,63.1,62.17,0.89,15.22,0.0,,
2026-08-11 14:09,IBB,200.02,🟢 Yükseliş Trendinde,🟢 AL (Trend Onaylı),-,-,🟢 EMA Yükselişte (SSL Ok Bekleniyor),🟡 Normal Genişlik,🚨Fiyat Bandın Üzerinde!,EMA5 Destek: 195.35 (%2.3 altta),163.90-167.80 (%16.1 altta),-,68.97,100.0,0.72,16.67,1.61,,
2026-08-11 14:09,ICLN,18.08,🔴 Düşüş Trendinde,🟢 AL (Trend Onaylı),-,-,"📉 Düşüş Hazırlığı (50<100 Kesti, 150 Bekleniyor)",🟡 Normal Genişlik,⚪Fiyat Alt_Orta Bant Aralığında,EMA5 Direnç: 18.11 (%0.2 üstte),-,21.34-21.75 (%18.0 üstte),44.64,88.91,0.15,-1.26,0.0,,
2026-08-11 14:09,INDA,50.14,🟢 Yükseliş Trendinde,⏳ BEKLE,-,-,🔴 Ayı Piyasası (EMA 50 En Altta),⚪ Yelpaze Açık,🟡Fiyat Orta-Üst Bant Aralığında,EMA21 Destek: 49.53 (%1.2 altta) | EMA5 Direnç: 50.16 (%0.0 üstte),47.28-47.85 (%4.6 altta),54.75-55.02 (%9.2 üstte),58.36,82.2,0.9,-1.23,0.0,,
2026-08-11 14:09,IWM,299.98,🟢 Yükseliş Trendinde,🟢 AL (Trend Onaylı),-,-,⚪ Karışık / Testere Piyasası,🟠 Daralıyor,🟡Fiyat Orta-Üst Bant Aralığında,EMA5 Destek: 299.27 (%0.2 altta),238.69-245.37 (%18.2 altta),-,56.96,79.87,0.77,11.24,0.0,,
2026-08-11 14:09,MARS,27.56,🟢 Yükseliş Trendinde,🟢 AL (Trend Onaylı),-,-,-,-,🟡Fiyat Orta-Üst Bant Aralığında,EMA5 Destek: 26.62 (%3.4 altta) | EMA55 Direnç: 28.24 (%2.5 üstte),-,43.89-45.92 (%59.3 üstte),54.42,96.46,0.74,-,0.0,,
2026-08-11 14:09,NASA,25.39,🟢 Yükseliş Trendinde,🟢 AL (Trend Onaylı),-,-,-,-,🟡Fiyat Orta-Üst Bant Aralığında,EMA5 Destek: 24.58 (%3.2 altta) | EMA55 Direnç: 26.71 (%5.2 üstte),-,-,52.77,97.34,0.62,-,0.0,,
2026-08-11 14:09,PA=F,1382.0,🟢 Yükseliş Trendinde,🟢 AL (Trend Onaylı),-,-,🔴 Ayı Piyasası (EMA 50 En Altta),🟡 Normal Genişlik,🟡Fiyat Orta-Üst Bant Aralığında,EMA100 Destek: 1368.77 (%1.0 altta) | EMA200 Direnç: 1411.19 (%2.1 üstte),-,1774.50-1842.00 (%28.4 üstte),61.69,100.0,0.87,-2.07,0.0,,
2026-08-11 14:09,PHO,73.24,🟢 Yükseliş Trendinde,🟢 AL (Trend Onaylı),-,-,"⚡ Yükseliş Hazırlığı (50>100 Kesti, 150 Bekleniyor)",⚪ Yelpaze Açık,🟡Fiyat Orta-Üst Bant Aralığında,EMA5 Destek: 72.76 (%0.7 altta),-,72.60-73.56 (fiyat bandın içinde!),67.66,97.85,0.93,4.43,0.0,,
2026-08-11 14:09,PL=F,1776.6,🟢 Yükseliş Trendinde,🟢 AL (Trend Onaylı),-,-,🔴 Ayı Piyasası (EMA 50 En Altta),🟡 Normal Genişlik,🟡Fiyat Orta-Üst Bant Aralığında,EMA5 Destek: 1743.78 (%1.8 altta) | EMA200 Direnç: 1785.90 (%0.5 üstte),-,2357.40-2365.60 (%32.7 üstte),62.88,97.12,0.91,-0.52,0.0,,
2026-08-11 14:09,QQQ,720.87,🟢 Yükseliş Trendinde,🟢 AL (Trend Onaylı),-,-,🟢 EMA Yükselişte (SSL Ok Bekleniyor),⚪ Yelpaze Açık,🟡Fiyat Orta-Üst Bant Aralığında,EMA5 Destek: 715.99 (%0.7 altta),555.60-568.05 (%21.2 altta),732.51-741.82 (%1.6 üstte),56.18,91.64,0.66,10.07,0.0,,
2026-08-11 14:09,SI=F,65.25,🟢 Yükseliş Trendinde,🟢 AL (Trend Onaylı),-,-,🔴 Ayı Piyasası (EMA 50 En Altta),🟠 Daralıyor,🚨Fiyat Bandın Üzerinde!,EMA200 Destek: 64.05 (%1.8 altta) | EMA100 Direnç: 66.45 (%1.8 üstte),-,86.93-88.89 (%33.2 üstte),62.88,100.0,0.86,1.88,0.79,,
2026-08-11 14:09,SOXX,529.39,🔴 Düşüş Trendinde,🟢 AL (Trend Onaylı),-,-,🟢 EMA Yükselişte (SSL Ok Bekleniyor),🟡 Normal Genişlik,🟡Fiyat Orta-Üst Bant Aralığında,EMA100 Destek: 501.52 (%5.3 altta) | EMA5 Direnç: 530.65 (%0.2 üstte),-,643.93-655.95 (%21.6 üstte),48.1,90.71,0.04,24.74,0.0,,
2026-08-11 14:09,VNM,17.64,🟢 Yükseliş Trendinde,🟢 AL (Trend Onaylı),-,-,🔴 Ayı Piyasası (EMA 50 En Altta),⚪ Yelpaze Açık,🟡Fiyat Orta-Üst Bant Aralığında,EMA5 Destek: 17.48 (%0.9 altta) | EMA55 Direnç: 17.72 (%0.5 üstte),-,19.58-19.78 (%11.0 üstte),53.76,91.64,0.88,-2.25,0.0,,
2026-08-11 14:09,WQTM,33.88,🟢 Yükseliş Trendinde,🟢 AL (Trend Onaylı),-,-,⚪ Karışık / Testere Piyasası,⚪ Yelpaze Açık,🟡Fiyat Orta-Üst Bant Aralığında,EMA5 Destek: 33.68 (%0.6 altta),23.18-24.30 (%28.3 altta),-,52.95,91.05,0.73,12.91,0.0,,
2026-08-11 14:09,XBI,158.03,🔴 Düşüş Trendinde,🟢 AL (Trend Onaylı),-,-,🟢 EMA Yükselişte (SSL Ok Bekleniyor),🟠 Daralıyor,🟡Fiyat Orta-Üst Bant Aralığında,EMA5 Destek: 155.22 (%1.8 altta),-,-,61.09,100.0,0.53,21.65,0.0,,
2026-08-11 14:09,XLV,168.44,🟢 Yükseliş Trendinde,🟢 AL (Trend Onaylı),-,-,🟢 EMA Yükselişte (SSL Ok Bekleniyor),⚪ Yelpaze Açık,🚨Fiyat Bandın Üzerinde!,EMA5 Destek: 165.70 (%1.6 altta),145.31-147.27 (%12.6 altta),-,66.67,61.97,0.56,10.54,0.15,,
2026-08-11 14:09,XU100.IS,13642.92,🔴 Düşüş Trendinde,🟢 AL (Trend Onaylı),-,-,⚪ Karışık / Testere Piyasası,🟠 Daralıyor,⚪Fiyat Alt_Orta Bant Aralığında,EMA200 Destek: 12952.59 (%5.1 altta) | EMA5 Direnç: 13709.58 (%0.5 üstte),-,-,43.25,86.74,-0.18,5.33,0.0,,
2026-08-11 18:21,AIQ,63.47,🟢 Yükseliş Trendinde,🟢 AL (Trend Onaylı),-,-,⚪ Karışık / Testere Piyasası,⚪ Yelpaze Açık,🟡Fiyat Orta-Üst Bant Aralığında,EMA5 Destek: 62.83 (%1.0 altta),44.46-45.83 (%27.8 altta),-,57.49,99.78,0.85,14.03,0.0,,
2026-08-11 18:21,ALUM.L,4.52,🟢 Yükseliş Trendinde,🟢 AL (Trend Onaylı),-,-,"📉 Düşüş Hazırlığı (50<100 Kesti, 150 Bekleniyor)",🟡 Normal Genişlik,🚨Fiyat Bandın Üzerinde!,EMA5 Destek: 4.43 (%2.0 altta),3.64-3.71 (%17.9 altta),-,69.37,100.0,0.91,8.41,1.29,,
2026-08-11 18:21,BZ=F,88.15,🔴 Düşüş Trendinde,🔥 GÜÇLÜ AL (Taze Kırılım),-,-,"📉 Düşüş Hazırlığı (50<100 Kesti, 150 Bekleniyor)",🟠 Daralıyor,🟡Fiyat Orta-Üst Bant Aralığında,EMA100 Destek: 87.38 (%0.9 altta),59.45-60.91 (%30.9 altta),106.87-112.69 (%21.2 üstte),53.31,28.22,-0.62,10.4,0.0,,
2026-08-11 18:21,CCJ,98.54,🟢 Yükseliş Trendinde,🟢 AL (Trend Onaylı),-,-,🔴 Ayı Piyasası (EMA 50 En Altta),🟡 Normal Genişlik,🚨Fiyat Bandın Üzerinde!,EMA55 Destek: 97.75 (%0.8 altta) | EMA200 Direnç: 99.15 (%0.6 üstte),-,-,59.14,99.78,0.84,-0.62,0.11,,
2026-08-11 18:21,CGW,65.84,🟢 Yükseliş Trendinde,⏳ BEKLE,🩸 SAT (Zirveden Dönüş),-,⚠️ Yükseliş Trendinde Düzeltme (SSL Negatif),🟠 Daralıyor,🟡Fiyat Orta-Üst Bant Aralığında,EMA21 Destek: 65.56 (%0.4 altta) | EMA5 Direnç: 66.09 (%0.4 üstte),-,-,53.83,58.54,0.79,1.93,0.0,,
2026-08-11 18:21,COPA,54.86,🟢 Yükseliş Trendinde,🟢 AL (Trend Onaylı),-,-,🟢 EMA Yükselişte (SSL Ok Bekleniyor),⚪ Yelpaze Açık,🟡Fiyat Orta-Üst Bant Aralığında,EMA5 Destek: 53.60 (%2.3 altta),-,54.23-55.84 (fiyat bandın içinde!),67.92,100.0,0.9,21.28,0.0,,
2026-08-11 18:21,COPX,88.31,🟢 Yükseliş Trendinde,🟢 AL (Trend Onaylı),-,-,⚪ Karışık / Testere Piyasası,⚪ Yelpaze Açık,🟡Fiyat Orta-Üst Bant Aralığında,EMA5 Destek: 87.16 (%1.3 altta),-,91.20-93.89 (%3.3 üstte),64.71,95.01,0.91,17.64,0.0,,
2026-08-11 18:21,EEM,65.55,🔴 Düşüş Trendinde,🟢 AL (Trend Onaylı),-,-,🟢 EMA Yükselişte (SSL Ok Bekleniyor),🚨 BB SIKIŞMA,🟡Fiyat Orta-Üst Bant Aralığında,EMA5 Destek: 65.29 (%0.4 altta),52.58-53.31 (%18.7 altta),-,52.09,88.35,0.65,8.02,0.0,,
2026-08-11 18:21,EWZ,34.33,🩸 SAT (Trend Kırıldı),🔴 SAT,-,-,"📉 Düşüş Hazırlığı (50<100 Kesti, 150 Bekleniyor)",🚨 BB SIKIŞMA,🚨Fiyat Bandın Altında!,EMA200 Direnç: 34.59 (%0.7 üstte),-,36.15-36.84 (%5.3 üstte),37.87,0.0,-0.52,-0.74,-1.0,,
2026-08-11 18:21,GC=F,4450.0,🟢 Yükseliş Trendinde,🟢 AL (Trend Onaylı),-,-,🔴 Ayı Piyasası (EMA 50 En Altta),⚪ Yelpaze Açık,🚨Fiyat Bandın Üzerinde!,EMA5 Destek: 4329.70 (%2.7 altta),-,4767.20-4879.70 (%7.1 üstte),69.96,100.0,0.86,3.93,1.57,,
2026-08-11 18:21,GLTR,198.48,🟢 Yükseliş Trendinde,🟢 AL (Trend Onaylı),-,-,🔴 Ayı Piyasası (EMA 50 En Altta),🟡 Normal Genişlik,🚨Fiyat Bandın Üzerinde!,EMA200 Destek: 195.78 (%1.4 altta) | EMA100 Direnç: 198.65 (%0.1 üstte),-,248.82-257.80 (%25.4 üstte),64.4,97.61,0.88,1.38,0.16,,
2026-08-11 18:21,HG=F,6.65,🟢 Yükseliş Trendinde,⏳ BEKLE,-,-,🟢 EMA Yükselişte (SSL Ok Bekleniyor),⚪ Yelpaze Açık,🟡Fiyat Orta-Üst Bant Aralığında,EMA5 Destek: 6.61 (%0.5 altta),5.79-5.90 (%11.3 altta),-,61.95,60.03,0.89,14.7,0.0,,
2026-08-11 18:21,IBB,200.16,🟢 Yükseliş Trendinde,🟢 AL (Trend Onaylı),-,-,🟢 EMA Yükselişte (SSL Ok Bekleniyor),⚪ Yelpaze Açık,🚨Fiyat Bandın Üzerinde!,EMA5 Destek: 196.96 (%1.6 altta),163.90-167.80 (%16.2 altta),-,69.13,100.0,0.77,16.56,0.74,,
2026-08-11 18:21,ICLN,18.26,🔴 Düşüş Trendinde,🟢 AL (Trend Onaylı),-,-,"📉 Düşüş Hazırlığı (50<100 Kesti, 150 Bekleniyor)",🟠 Daralıyor,🟡Fiyat Orta-Üst Bant Aralığında,EMA5 Destek: 18.16 (%0.6 altta) | EMA200 Direnç: 18.31 (%0.2 üstte),-,21.34-21.75 (%16.8 üstte),46.9,92.55,0.44,-0.24,0.0,,
2026-08-11 18:21,INDA,50.13,🟢 Yükseliş Trendinde,⏳ BEKLE,-,-,🔴 Ayı Piyasası (EMA 50 En Altta),⚪ Yelpaze Açık,🟡Fiyat Orta-Üst Bant Aralığında,EMA21 Destek: 49.58 (%1.1 altta) | EMA5 Direnç: 50.15 (%0.0 üstte),47.28-47.85 (%4.6 altta),54.75-55.02 (%9.2 üstte),58.3,81.01,0.86,-1.22,0.0,,
2026-08-11 18:21,IWM,300.99,🟢 Yükseliş Trendinde,🟢 AL (Trend Onaylı),-,-,🟢 EMA Yükselişte (SSL Ok Bekleniyor),🟠 Daralıyor,🟡Fiyat Orta-Üst Bant Aralığında,EMA5 Destek: 299.85 (%0.4 altta),238.69-245.37 (%18.5 altta),-,58.26,84.44,0.84,11.49,0.0,,
2026-08-11 18:21,MARS,27.57,🟢 Yükseliş Trendinde,🟢 AL (Trend Onaylı),-,-,-,-,🟡Fiyat Orta-Üst Bant Aralığında,EMA5 Destek: 26.93 (%2.3 altta) | EMA55 Direnç: 28.21 (%2.3 üstte),-,43.89-45.92 (%59.2 üstte),54.46,97.75,0.84,-,0.0,,
2026-08-11 18:21,NASA,25.31,🟢 Yükseliş Trendinde,🟢 AL (Trend Onaylı),-,-,-,-,🟡Fiyat Orta-Üst Bant Aralığında,EMA5 Destek: 24.82 (%1.9 altta) | EMA55 Direnç: 26.66 (%5.3 üstte),-,-,52.38,97.7,0.76,-,0.0,,
2026-08-11 18:21,PA=F,1376.0,🟢 Yükseliş Trendinde,🟢 AL (Trend Onaylı),-,-,🔴 Ayı Piyasası (EMA 50 En Altta),🟡 Normal Genişlik,🟡Fiyat Orta-Üst Bant Aralığında,EMA100 Destek: 1368.65 (%0.5 altta) | EMA200 Direnç: 1411.13 (%2.6 üstte),-,1774.50-1842.00 (%29.0 üstte),60.94,99.51,0.87,-2.49,0.0,,
2026-08-11 18:21,PHO,72.92,🟢 Yükseliş Trendinde,🟢 AL (Trend Onaylı),🩸 SAT (Zirveden Dönüş),-,🟢 EMA Yükselişte (SSL Ok Bekleniyor),⚪ Yelpaze Açık,🟡Fiyat Orta-Üst Bant Aralığında,EMA5 Destek: 72.81 (%0.1 altta),-,72.60-73.56 (fiyat bandın içinde!),65.18,94.68,0.9,3.93,0.0,,
2026-08-11 18:21,PL=F,1758.4,🟢 Yükseliş Trendinde,🟢 AL (Trend Onaylı),-,-,🔴 Ayı Piyasası (EMA 50 En Altta),🟡 Normal Genişlik,🟡Fiyat Orta-Üst Bant Aralığında,EMA5 Destek: 1737.72 (%1.2 altta) | EMA200 Direnç: 1785.72 (%1.6 üstte),-,2357.40-2365.60 (%34.1 üstte),61.11,97.12,0.91,-1.53,0.0,,
2026-08-11 18:21,QQQ,720.21,🟢 Yükseliş Trendinde,🟢 AL (Trend Onaylı),-,-,⚪ Karışık / Testere Piyasası,⚪ Yelpaze Açık,🟡Fiyat Orta-Üst Bant Aralığında,EMA5 Destek: 717.39 (%0.4 altta),555.60-568.05 (%21.1 altta),732.51-741.82 (%1.7 üstte),55.87,93.66,0.81,9.86,0.0,,
2026-08-11 18:21,SI=F,65.13,🟢 Yükseliş Trendinde,🟢 AL (Trend Onaylı),-,-,🔴 Ayı Piyasası (EMA 50 En Altta),🟠 Daralıyor,🚨Fiyat Bandın Üzerinde!,EMA200 Destek: 64.05 (%1.7 altta) | EMA100 Direnç: 66.45 (%2.0 üstte),-,86.93-88.89 (%33.5 üstte),62.63,100.0,0.86,1.69,0.65,,
2026-08-11 18:21,SOXX,534.99,🔴 Düşüş Trendinde,🟢 AL (Trend Onaylı),-,-,⚪ Karışık / Testere Piyasası,🟠 Daralıyor,🟡Fiyat Orta-Üst Bant Aralığında,EMA55 Destek: 534.32 (%0.1 altta),-,643.93-655.95 (%20.4 üstte),49.43,91.05,0.31,25.73,0.0,,
2026-08-11 18:21,VNM,17.6,🟢 Yükseliş Trendinde,🟢 AL (Trend Onaylı),-,-,🔴 Ayı Piyasası (EMA 50 En Altta),⚪ Yelpaze Açık,🟡Fiyat Orta-Üst Bant Aralığında,EMA5 Destek: 17.52 (%0.5 altta) | EMA55 Direnç: 17.72 (%0.6 üstte),-,19.58-19.78 (%11.2 üstte),53.13,94.53,0.87,-2.42,0.0,,
2026-08-11 18:21,WQTM,33.96,🟢 Yükseliş Trendinde,🟢 AL (Trend Onaylı),-,-,🟢 EMA Yükselişte (SSL Ok Bekleniyor),⚪ Yelpaze Açık,🟡Fiyat Orta-Üst Bant Aralığında,EMA5 Destek: 33.78 (%0.5 altta),23.18-24.30 (%28.4 altta),-,53.28,91.62,0.82,13.03,0.0,,
2026-08-11 18:21,XBI,158.26,🔴 Düşüş Trendinde,🟢 AL (Trend Onaylı),-,-,🟢 EMA Yükselişte (SSL Ok Bekleniyor),🟡 Normal Genişlik,🟡Fiyat Orta-Üst Bant Aralığında,EMA5 Destek: 156.24 (%1.3 altta),-,-,61.41,100.0,0.69,21.56,0.0,,
2026-08-11 18:21,XLV,167.87,🟢 Yükseliş Trendinde,🟢 AL (Trend Onaylı),-,-,🟢 EMA Yükselişte (SSL Ok Bekleniyor),⚪ Yelpaze Açık,🟡Fiyat Orta-Üst Bant Aralığında,EMA5 Destek: 166.43 (%0.9 altta),145.31-147.27 (%12.3 altta),-,64.76,75.08,0.54,10.05,0.0,,
2026-08-11 18:21,XU100.IS,13704.52,🔴 Düşüş Trendinde,🟢 AL (Trend Onaylı),-,-,🟢 EMA Yükselişte (SSL Ok Bekleniyor),🟠 Daralıyor,⚪Fiyat Alt_Orta Bant Aralığında,EMA200 Destek: 12953.20 (%5.5 altta) | EMA5 Direnç: 13730.12 (%0.2 üstte),-,-,44.83,89.86,-0.15,5.8,0.0,,
2026-08-11 21:11,AIQ,63.12,🟢 Yükseliş Trendinde,🟢 AL (Trend Onaylı),-,-,⚪ Karışık / Testere Piyasası,⚪ Yelpaze Açık,🟡Fiyat Orta-Üst Bant Aralığında,EMA5 Destek: 62.72 (%0.6 altta),44.46-45.83 (%27.4 altta),-,56.17,97.89,0.84,13.4,0.0,,
2026-08-11 21:11,ALUM.L,4.51,🟢 Yükseliş Trendinde,🟢 AL (Trend Onaylı),-,-,"📉 Düşüş Hazırlığı (50<100 Kesti, 150 Bekleniyor)",🟡 Normal Genişlik,🚨Fiyat Bandın Üzerinde!,EMA5 Destek: 4.43 (%1.8 altta),3.64-3.71 (%17.7 altta),-,68.69,100.0,0.92,8.15,1.12,,
2026-08-11 21:11,BZ=F,88.82,🔴 Düşüş Trendinde,🔥 GÜÇLÜ AL (Taze Kırılım),-,-,"📉 Düşüş Hazırlığı (50<100 Kesti, 150 Bekleniyor)",🟠 Daralıyor,🟡Fiyat Orta-Üst Bant Aralığında,EMA100 Destek: 87.40 (%1.6 altta),59.45-60.91 (%31.4 altta),106.87-112.69 (%20.3 üstte),54.07,29.01,-0.61,11.23,0.0,,
2026-08-11 21:11,CCJ,98.2,🟢 Yükseliş Trendinde,🟢 AL (Trend Onaylı),-,-,🔴 Ayı Piyasası (EMA 50 En Altta),🟡 Normal Genişlik,🟡Fiyat Orta-Üst Bant Aralığında,EMA55 Destek: 97.74 (%0.5 altta) | EMA200 Direnç: 99.15 (%1.0 üstte),-,-,58.65,99.78,0.84,-0.96,0.0,,
2026-08-11 21:11,CGW,65.99,🟢 Yükseliş Trendinde,⏳ BEKLE,🩸 SAT (Zirveden Dönüş),-,🟢 EMA Yükselişte (SSL Ok Bekleniyor),🟠 Daralıyor,🟡Fiyat Orta-Üst Bant Aralığında,EMA21 Destek: 65.57 (%0.6 altta) | EMA5 Direnç: 66.14 (%0.2 üstte),-,-,55.14,61.61,0.81,2.16,0.0,,
2026-08-11 21:11,COPA,54.03,🟢 Yükseliş Trendinde,🟢 AL (Trend Onaylı),-,-,⚪ Karışık / Testere Piyasası,⚪ Yelpaze Açık,🟡Fiyat Orta-Üst Bant Aralığında,EMA5 Destek: 53.33 (%1.3 altta),-,54.23-55.84 (%0.4 üstte),64.3,94.76,0.9,19.47,0.0,,
2026-08-11 21:11,COPX,87.74,🟢 Yükseliş Trendinde,🟢 AL (Trend Onaylı),-,-,⚪ Karışık / Testere Piyasası,⚪ Yelpaze Açık,🟡Fiyat Orta-Üst Bant Aralığında,EMA5 Destek: 86.97 (%0.9 altta),-,91.20-93.89 (%3.9 üstte),63.29,92.84,0.91,16.9,0.0,,
2026-08-11 21:11,EEM,65.31,🔴 Düşüş Trendinde,🟢 AL (Trend Onaylı),-,-,🟢 EMA Yükselişte (SSL Ok Bekleniyor),🚨 BB SIKIŞMA,🟡Fiyat Orta-Üst Bant Aralığında,EMA5 Destek: 65.21 (%0.1 altta),52.58-53.31 (%18.4 altta),-,51.14,86.7,0.64,7.63,0.0,,
2026-08-11 21:11,EWZ,33.93,🩸 SAT (Trend Kırıldı),🔴 SAT,-,-,"📉 Düşüş Hazırlığı (50<100 Kesti, 150 Bekleniyor)",🚨 BB SIKIŞMA,🚨Fiyat Bandın Altında!,EMA200 Direnç: 34.59 (%1.9 üstte),-,36.15-36.84 (%6.5 üstte),35.29,0.0,-0.53,-1.9,-1.78,,
2026-08-11 21:11,GC=F,4426.7,🟢 Yükseliş Trendinde,🟢 AL (Trend Onaylı),-,-,🔴 Ayı Piyasası (EMA 50 En Altta),⚪ Yelpaze Açık,🚨Fiyat Bandın Üzerinde!,EMA100 Destek: 4323.31 (%2.3 altta),-,4767.20-4879.70 (%7.7 üstte),69.0,100.0,0.86,3.39,1.2,,
2026-08-11 21:11,GLTR,197.4,🟢 Yükseliş Trendinde,🟢 AL (Trend Onaylı),-,-,🔴 Ayı Piyasası (EMA 50 En Altta),🟡 Normal Genişlik,🟡Fiyat Orta-Üst Bant Aralığında,EMA200 Destek: 195.77 (%0.8 altta) | EMA100 Direnç: 198.63 (%0.6 üstte),-,248.82-257.80 (%26.0 üstte),62.65,95.21,0.88,0.83,0.0,,
2026-08-11 21:11,HG=F,6.64,🟢 Yükseliş Trendinde,⏳ BEKLE,-,-,🟢 EMA Yükselişte (SSL Ok Bekleniyor),⚪ Yelpaze Açık,🟡Fiyat Orta-Üst Bant Aralığında,EMA5 Destek: 6.61 (%0.4 altta),5.79-5.90 (%11.1 altta),-,61.5,59.18,0.88,14.51,0.0,,
2026-08-11 21:11,IBB,200.2,🟢 Yükseliş Trendinde,🟢 AL (Trend Onaylı),-,-,🟢 EMA Yükselişte (SSL Ok Bekleniyor),⚪ Yelpaze Açık,🚨Fiyat Bandın Üzerinde!,EMA5 Destek: 196.97 (%1.6 altta),163.90-167.80 (%16.2 altta),-,69.17,100.0,0.77,16.58,0.75,,
2026-08-11 21:11,ICLN,18.19,🔴 Düşüş Trendinde,🟢 AL (Trend Onaylı),-,-,"📉 Düşüş Hazırlığı (50<100 Kesti, 150 Bekleniyor)",🟠 Daralıyor,🟡Fiyat Orta-Üst Bant Aralığında,EMA5 Destek: 18.14 (%0.3 altta) | EMA200 Direnç: 18.31 (%0.6 üstte),-,21.34-21.75 (%17.3 üstte),46.07,91.13,0.42,-0.62,0.0,,
2026-08-11 21:11,INDA,50.1,🟢 Yükseliş Trendinde,⏳ BEKLE,-,-,🔴 Ayı Piyasası (EMA 50 En Altta),⚪ Yelpaze Açık,🟡Fiyat Orta-Üst Bant Aralığında,EMA21 Destek: 49.58 (%1.0 altta) | EMA5 Direnç: 50.14 (%0.1 üstte),47.28-47.85 (%4.5 altta),54.75-55.02 (%9.3 üstte),57.77,80.35,0.85,-1.3,0.0,,
2026-08-11 21:11,IWM,301.43,🟢 Yükseliş Trendinde,🟢 AL (Trend Onaylı),-,-,🟢 EMA Yükselişte (SSL Ok Bekleniyor),🟠 Daralıyor,🟡Fiyat Orta-Üst Bant Aralığında,EMA5 Destek: 299.99 (%0.5 altta),238.69-245.37 (%18.6 altta),-,58.79,85.35,0.84,11.65,0.0,,
2026-08-11 21:11,MARS,27.46,🟢 Yükseliş Trendinde,🟢 AL (Trend Onaylı),-,-,-,-,🟡Fiyat Orta-Üst Bant Aralığında,EMA5 Destek: 26.90 (%2.0 altta) | EMA55 Direnç: 28.21 (%2.7 üstte),-,43.89-45.92 (%59.8 üstte),53.94,97.13,0.84,-,0.0,,
2026-08-11 21:11,NASA,25.35,🟢 Yükseliş Trendinde,🟢 AL (Trend Onaylı),-,-,-,-,🟡Fiyat Orta-Üst Bant Aralığında,EMA5 Destek: 24.83 (%2.0 altta) | EMA55 Direnç: 26.66 (%5.2 üstte),-,-,52.57,97.94,0.76,-,0.0,,
2026-08-11 21:11,PA=F,1362.5,🟢 Yükseliş Trendinde,🟢 AL (Trend Onaylı),🩸 SAT (Zirveden Dönüş),-,🔴 Ayı Piyasası (EMA 50 En Altta),🟡 Normal Genişlik,🟡Fiyat Orta-Üst Bant Aralığında,EMA5 Destek: 1359.98 (%0.2 altta) | EMA100 Direnç: 1368.38 (%0.4 üstte),-,1774.50-1842.00 (%30.2 üstte),58.63,94.24,0.85,-3.44,0.0,,
2026-08-11 21:11,PHO,73.1,🟢 Yükseliş Trendinde,⏳ BEKLE,🩸 SAT (Zirveden Dönüş),-,🟢 EMA Yükselişte (SSL Ok Bekleniyor),⚪ Yelpaze Açık,🟡Fiyat Orta-Üst Bant Aralığında,EMA5 Destek: 72.87 (%0.3 altta),-,72.60-73.56 (fiyat bandın içinde!),66.55,96.78,0.91,4.19,0.0,,
2026-08-11 21:11,PL=F,1748.0,🟢 Yükseliş Trendinde,🟢 AL (Trend Onaylı),🩸 SAT (Zirveden Dönüş),-,🔴 Ayı Piyasası (EMA 50 En Altta),🟠 Daralıyor,🟡Fiyat Orta-Üst Bant Aralığında,EMA5 Destek: 1734.25 (%0.8 altta) | EMA200 Direnç: 1785.62 (%2.2 üstte),-,2357.40-2365.60 (%34.9 üstte),60.02,95.61,0.9,-2.11,0.0,,
2026-08-11 21:11,QQQ,717.68,🟢 Yükseliş Trendinde,🟢 AL (Trend Onaylı),-,-,⚪ Karışık / Testere Piyasası,⚪ Yelpaze Açık,🟡Fiyat Orta-Üst Bant Aralığında,EMA5 Destek: 716.55 (%0.2 altta),555.60-568.05 (%20.8 altta),732.51-741.82 (%2.1 üstte),54.71,92.15,0.8,9.48,0.0,,
2026-08-11 21:11,SI=F,64.7,🟢 Yükseliş Trendinde,🟢 AL (Trend Onaylı),-,-,🔴 Ayı Piyasası (EMA 50 En Altta),🟠 Daralıyor,🚨Fiyat Bandın Üzerinde!,EMA200 Destek: 64.04 (%1.0 altta) | EMA100 Direnç: 66.44 (%2.7 üstte),-,86.93-88.89 (%34.4 üstte),61.16,97.83,0.86,1.03,0.16,,
2026-08-11 21:11,SOXX,531.62,🔴 Düşüş Trendinde,🟢 AL (Trend Onaylı),-,-,⚪ Karışık / Testere Piyasası,🟠 Daralıyor,🟡Fiyat Orta-Üst Bant Aralığında,EMA5 Destek: 530.97 (%0.1 altta) | EMA21 Direnç: 533.58 (%0.4 üstte),-,643.93-655.95 (%21.1 üstte),48.64,89.59,0.3,24.95,0.0,,
2026-08-11 21:11,VNM,17.59,🟢 Yükseliş Trendinde,🟢 AL (Trend Onaylı),-,-,🔴 Ayı Piyasası (EMA 50 En Altta),⚪ Yelpaze Açık,🟡Fiyat Orta-Üst Bant Aralığında,EMA5 Destek: 17.52 (%0.4 altta) | EMA55 Direnç: 17.72 (%0.7 üstte),-,19.58-19.78 (%11.3 üstte),52.95,94.29,0.87,-2.48,0.0,,
2026-08-11 21:11,WQTM,33.91,🟢 Yükseliş Trendinde,🟢 AL (Trend Onaylı),-,-,🟢 EMA Yükselişte (SSL Ok Bekleniyor),⚪ Yelpaze Açık,🟡Fiyat Orta-Üst Bant Aralığında,EMA5 Destek: 33.76 (%0.4 altta),23.18-24.30 (%28.3 altta),-,53.07,91.35,0.82,12.86,0.0,,
2026-08-11 21:11,XBI,158.04,🔴 Düşüş Trendinde,🟢 AL (Trend Onaylı),-,-,🟢 EMA Yükselişte (SSL Ok Bekleniyor),🟡 Normal Genişlik,🟡Fiyat Orta-Üst Bant Aralığında,EMA5 Destek: 156.16 (%1.2 altta),-,-,61.1,100.0,0.69,21.39,0.0,,
2026-08-11 21:11,XLV,168.21,🟢 Yükseliş Trendinde,🟢 AL (Trend Onaylı),-,-,🟢 EMA Yükselişte (SSL Ok Bekleniyor),⚪ Yelpaze Açık,🟡Fiyat Orta-Üst Bant Aralığında,EMA5 Destek: 166.54 (%1.0 altta),145.31-147.27 (%12.4 altta),-,65.89,77.74,0.54,10.27,0.0,,
2026-08-11 21:11,XU100.IS,13704.52,🔴 Düşüş Trendinde,🟢 AL (Trend Onaylı),-,-,🟢 EMA Yükselişte (SSL Ok Bekleniyor),🟠 Daralıyor,⚪Fiyat Alt_Orta Bant Aralığında,EMA200 Destek: 12953.20 (%5.5 altta) | EMA5 Direnç: 13730.12 (%0.2 üstte),-,-,44.83,89.86,-0.15,5.8,0.0,,
2026-08-12 14:13,AIQ,63.2,🟢 Yükseliş Trendinde,🟢 AL (Trend Onaylı),-,-,⚪ Karışık / Testere Piyasası,⚪ Yelpaze Açık,🟡Fiyat Orta-Üst Bant Aralığında,EMA5 Destek: 62.74 (%0.7 altta),44.46-45.83 (%27.5 altta),-,56.48,98.34,0.85,13.6,0.0,,
2026-08-12 14:13,ALUM.L,4.46,🟢 Yükseliş Trendinde,🟢 AL (Trend Onaylı),-,-,"📉 Düşüş Hazırlığı (50<100 Kesti, 150 Bekleniyor)",🟡 Normal Genişlik,🚨Fiyat Bandın Üzerinde!,EMA5 Destek: 4.41 (%1.1 altta),3.64-3.71 (%16.9 altta),-,65.58,100.0,0.93,7.1,0.41,,
2026-08-12 14:13,BZ=F,88.84,🔴 Düşüş Trendinde,🟢 AL (Trend Onaylı),-,-,"📉 Düşüş Hazırlığı (50<100 Kesti, 150 Bekleniyor)",🟠 Daralıyor,🟡Fiyat Orta-Üst Bant Aralığında,EMA100 Destek: 87.43 (%1.6 altta),59.45-60.91 (%31.4 altta),106.87-112.69 (%20.3 üstte),54.07,39.94,-0.35,11.16,0.0,,
2026-08-12 14:13,CCJ,98.73,🟢 Yükseliş Trendinde,🟢 AL (Trend Onaylı),-,-,🔴 Ayı Piyasası (EMA 50 En Altta),🟡 Normal Genişlik,🚨Fiyat Bandın Üzerinde!,EMA55 Destek: 97.76 (%1.0 altta) | EMA200 Direnç: 99.19 (%0.5 üstte),-,-,59.41,99.78,0.84,-0.47,0.25,,
2026-08-12 14:13,CGW,66.09,🟢 Yükseliş Trendinde,⏳ BEKLE,🩸 SAT (Zirveden Dönüş),-,🟢 EMA Yükselişte (SSL Ok Bekleniyor),🟠 Daralıyor,🟡Fiyat Orta-Üst Bant Aralığında,EMA21 Destek: 65.58 (%0.8 altta) | EMA5 Direnç: 66.17 (%0.1 üstte),-,-,55.86,63.3,0.82,2.3,0.0,,
2026-08-12 14:13,COPA,54.19,🟢 Yükseliş Trendinde,🟢 AL (Trend Onaylı),-,-,⚪ Karışık / Testere Piyasası,⚪ Yelpaze Açık,🟡Fiyat Orta-Üst Bant Aralığında,EMA5 Destek: 53.38 (%1.5 altta),-,54.23-55.84 (%0.1 üstte),64.95,95.7,0.9,19.79,0.0,,
2026-08-12 14:13,COPX,88.59,🟢 Yükseliş Trendinde,🟢 AL (Trend Onaylı),-,-,⚪ Karışık / Testere Piyasası,⚪ Yelpaze Açık,🟡Fiyat Orta-Üst Bant Aralığında,EMA5 Destek: 87.26 (%1.5 altta),-,91.20-93.89 (%2.9 üstte),65.46,96.15,0.91,17.98,0.0,,
2026-08-12 14:13,EEM,65.43,🔴 Düşüş Trendinde,🟢 AL (Trend Onaylı),-,-,🟢 EMA Yükselişte (SSL Ok Bekleniyor),🚨 BB SIKIŞMA,🟡Fiyat Orta-Üst Bant Aralığında,EMA5 Destek: 65.25 (%0.3 altta),52.58-53.31 (%18.5 altta),-,51.62,87.54,0.65,7.85,0.0,,
2026-08-12 14:13,EWZ,33.98,🩸 SAT (Trend Kırıldı),🔴 SAT,-,-,"📉 Düşüş Hazırlığı (50<100 Kesti, 150 Bekleniyor)",🚨 BB SIKIŞMA,🚨Fiyat Bandın Altında!,EMA200 Direnç: 34.60 (%1.8 üstte),-,36.15-36.84 (%6.4 üstte),35.59,0.0,-0.53,-1.79,-1.69,,
2026-08-12 14:13,GC=F,4472.1,🟢 Yükseliş Trendinde,🟢 AL (Trend Onaylı),-,🔴 ZİRVEDE,🔴 Ayı Piyasası (EMA 50 En Altta),⚪ Yelpaze Açık,🚨Fiyat Bandın Üzerinde!,EMA5 Destek: 4362.28 (%2.5 altta),-,4767.20-4879.70 (%6.6 üstte),71.08,100.0,0.9,4.35,1.06,,
2026-08-12 14:13,GLTR,197.82,🟢 Yükseliş Trendinde,🟢 AL (Trend Onaylı),-,-,🔴 Ayı Piyasası (EMA 50 En Altta),🟡 Normal Genişlik,🟡Fiyat Orta-Üst Bant Aralığında,EMA200 Destek: 195.91 (%1.0 altta) | EMA100 Direnç: 198.63 (%0.4 üstte),-,248.82-257.80 (%25.8 üstte),63.32,96.13,0.88,0.97,0.0,,
2026-08-12 14:13,HG=F,6.68,🟢 Yükseliş Trendinde,⏳ BEKLE,📈 TREND DEVAMI (0 Üstü + Hacim),-,🟢 EMA Yükselişte (SSL Ok Bekleniyor),⚪ Yelpaze Açık,🟡Fiyat Orta-Üst Bant Aralığında,EMA5 Destek: 6.63 (%0.8 altta),5.79-5.90 (%11.7 altta),-,63.48,66.18,0.87,15.14,0.0,,
2026-08-12 14:13,IBB,199.74,🟢 Yükseliş Trendinde,🟢 AL (Trend Onaylı),-,-,🟢 EMA Yükselişte (SSL Ok Bekleniyor),⚪ Yelpaze Açık,🚨Fiyat Bandın Üzerinde!,EMA5 Destek: 196.82 (%1.5 altta),163.90-167.80 (%16.0 altta),-,68.28,98.92,0.77,16.27,0.58,,
2026-08-12 14:13,ICLN,18.2,🔴 Düşüş Trendinde,🟢 AL (Trend Onaylı),-,-,"📉 Düşüş Hazırlığı (50<100 Kesti, 150 Bekleniyor)",🟠 Daralıyor,🟡Fiyat Orta-Üst Bant Aralığında,EMA5 Destek: 18.14 (%0.3 altta) | EMA200 Direnç: 18.30 (%0.6 üstte),-,21.34-21.75 (%17.3 üstte),46.13,91.23,0.43,-0.56,0.0,,
2026-08-12 14:13,INDA,50.09,🟢 Yükseliş Trendinde,⏳ BEKLE,-,-,🔴 Ayı Piyasası (EMA 50 En Altta),⚪ Yelpaze Açık,🟡Fiyat Orta-Üst Bant Aralığında,EMA21 Destek: 49.58 (%1.0 altta) | EMA5 Direnç: 50.14 (%0.1 üstte),47.28-47.85 (%4.5 altta),54.75-55.02 (%9.3 üstte),57.7,80.27,0.85,-1.33,0.0,,
2026-08-12 14:13,IWM,300.99,🟢 Yükseliş Trendinde,🟢 AL (Trend Onaylı),-,-,🟢 EMA Yükselişte (SSL Ok Bekleniyor),🟠 Daralıyor,🟡Fiyat Orta-Üst Bant Aralığında,EMA5 Destek: 299.85 (%0.4 altta),238.69-245.37 (%18.5 altta),-,58.25,84.43,0.84,11.49,0.0,,
2026-08-12 14:13,MARS,27.79,🟢 Yükseliş Trendinde,🟢 AL (Trend Onaylı),-,-,-,-,🟡Fiyat Orta-Üst Bant Aralığında,EMA5 Destek: 27.01 (%2.8 altta) | EMA55 Direnç: 28.22 (%1.6 üstte),-,43.89-45.92 (%57.9 üstte),55.33,98.8,0.84,-,0.0,,
2026-08-12 14:13,NASA,25.53,🟢 Yükseliş Trendinde,🟢 AL (Trend Onaylı),-,-,-,-,🟡Fiyat Orta-Üst Bant Aralığında,EMA5 Destek: 24.89 (%2.5 altta) | EMA55 Direnç: 26.66 (%4.4 üstte),-,-,53.37,98.93,0.76,-,0.0,,
2026-08-12 14:13,PA=F,1395.0,🟢 Yükseliş Trendinde,🟢 AL (Trend Onaylı),-,-,🔴 Ayı Piyasası (EMA 50 En Altta),🟡 Normal Genişlik,🟡Fiyat Orta-Üst Bant Aralığında,EMA5 Destek: 1372.45 (%1.6 altta) | EMA200 Direnç: 1412.28 (%1.2 üstte),-,1774.50-1842.00 (%27.2 üstte),62.53,95.6,0.87,-1.22,0.0,,
2026-08-12 14:13,PHO,73.03,🟢 Yükseliş Trendinde,⏳ BEKLE,🩸 SAT (Zirveden Dönüş),-,🟢 EMA Yükselişte (SSL Ok Bekleniyor),⚪ Yelpaze Açık,🟡Fiyat Orta-Üst Bant Aralığında,EMA5 Destek: 72.85 (%0.2 altta),-,72.60-73.56 (fiyat bandın içinde!),66.01,95.95,0.91,4.07,0.0,,
2026-08-12 14:13,PL=F,1787.7,🟢 Yükseliş Trendinde,🟢 AL (Trend Onaylı),-,-,🔴 Ayı Piyasası (EMA 50 En Altta),🟡 Normal Genişlik,🟡Fiyat Orta-Üst Bant Aralığında,EMA200 Destek: 1786.99 (%0.0 altta) | EMA100 Direnç: 1789.23 (%0.1 üstte),-,2357.40-2365.60 (%31.9 üstte),64.16,95.89,0.91,0.04,0.0,,
2026-08-12 14:13,QQQ,718.45,🟢 Yükseliş Trendinde,🟢 AL (Trend Onaylı),-,-,⚪ Karışık / Testere Piyasası,⚪ Yelpaze Açık,🟡Fiyat Orta-Üst Bant Aralığında,EMA5 Destek: 716.81 (%0.2 altta),555.60-568.05 (%20.9 altta),732.51-741.82 (%2.0 üstte),55.06,92.61,0.81,9.63,0.0,,
2026-08-12 14:13,SI=F,66.46,🟢 Yükseliş Trendinde,🟢 AL (Trend Onaylı),-,-,🔴 Ayı Piyasası (EMA 50 En Altta),🟡 Normal Genişlik,🚨Fiyat Bandın Üzerinde!,EMA100 Destek: 66.44 (%0.0 altta),-,86.93-88.89 (%30.8 üstte),64.96,98.19,0.9,3.65,0.96,,
2026-08-12 14:13,SOXX,534.2,🔴 Düşüş Trendinde,🟢 AL (Trend Onaylı),-,-,⚪ Karışık / Testere Piyasası,🟠 Daralıyor,🟡Fiyat Orta-Üst Bant Aralığında,EMA21 Destek: 533.82 (%0.1 altta) | EMA55 Direnç: 534.29 (%0.0 üstte),-,643.93-655.95 (%20.5 üstte),49.25,90.71,0.31,25.68,0.0,,
2026-08-12 14:13,VNM,17.55,🟢 Yükseliş Trendinde,🟢 AL (Trend Onaylı),-,-,🔴 Ayı Piyasası (EMA 50 En Altta),⚪ Yelpaze Açık,🟡Fiyat Orta-Üst Bant Aralığında,EMA5 Destek: 17.51 (%0.2 altta) | EMA55 Direnç: 17.71 (%0.9 üstte),-,19.58-19.78 (%11.6 üstte),52.16,93.26,0.86,-2.74,0.0,,
2026-08-12 14:13,WQTM,34.11,🟢 Yükseliş Trendinde,🟢 AL (Trend Onaylı),-,-,🟢 EMA Yükselişte (SSL Ok Bekleniyor),⚪ Yelpaze Açık,🟡Fiyat Orta-Üst Bant Aralığında,EMA5 Destek: 33.83 (%0.8 altta),23.18-24.30 (%28.8 altta),-,53.91,92.43,0.83,13.52,0.0,,
2026-08-12 14:13,XBI,158.07,🔴 Düşüş Trendinde,🟢 AL (Trend Onaylı),-,-,🟢 EMA Yükselişte (SSL Ok Bekleniyor),🟡 Normal Genişlik,🟡Fiyat Orta-Üst Bant Aralığında,EMA5 Destek: 156.17 (%1.2 altta),-,-,61.15,100.0,0.69,21.38,0.0,,
2026-08-12 14:13,XLV,168.01,🟢 Yükseliş Trendinde,🟢 AL (Trend Onaylı),-,-,🟢 EMA Yükselişte (SSL Ok Bekleniyor),⚪ Yelpaze Açık,🟡Fiyat Orta-Üst Bant Aralığında,EMA5 Destek: 166.47 (%0.9 altta),145.31-147.27 (%12.3 altta),-,65.22,76.17,0.54,10.11,0.0,,
2026-08-12 14:13,XU100.IS,13920.89,🔴 Düşüş Trendinde,🟢 AL (Trend Onaylı),-,-,🟢 EMA Yükselişte (SSL Ok Bekleniyor),🟠 Daralıyor,🟡Fiyat Orta-Üst Bant Aralığında,EMA21 Destek: 13828.33 (%0.7 altta) | EMA55 Direnç: 13948.04 (%0.2 üstte),-,-,51.51,92.89,0.26,7.4,0.0,,
2026-08-12 18:18,AIQ,63.62,🟢 Yükseliş Trendinde,🟢 AL (Trend Onaylı),-,-,🟢 EMA Yükselişte (SSL Ok Bekleniyor),⚪ Yelpaze Açık,🟡Fiyat Orta-Üst Bant Aralığında,EMA5 Destek: 63.04 (%0.9 altta),44.46-45.83 (%28.0 altta),-,57.74,98.34,0.9,14.21,0.0,,
2026-08-12 18:18,ALUM.L,4.44,🟢 Yükseliş Trendinde,🟢 AL (Trend Onaylı),-,-,"📉 Düşüş Hazırlığı (50<100 Kesti, 150 Bekleniyor)",🟠 Daralıyor,🚨Fiyat Bandın Üzerinde!,EMA5 Destek: 4.40 (%0.8 altta),3.64-3.71 (%16.5 altta),-,63.45,98.66,0.93,6.58,0.05,,
2026-08-12 18:18,BZ=F,89.01,🔴 Düşüş Trendinde,🟢 AL (Trend Onaylı),-,-,"📉 Düşüş Hazırlığı (50<100 Kesti, 150 Bekleniyor)",🟠 Daralıyor,🟡Fiyat Orta-Üst Bant Aralığında,EMA100 Destek: 87.43 (%1.8 altta),59.45-60.91 (%31.6 altta),106.87-112.69 (%20.1 üstte),54.29,40.25,-0.35,11.37,0.0,,
2026-08-12 18:18,CCJ,99.59,🟢 Yükseliş Trendinde,🟢 AL (Trend Onaylı),-,-,🔴 Ayı Piyasası (EMA 50 En Altta),⚪ Yelpaze Açık,🟡Fiyat Orta-Üst Bant Aralığında,EMA200 Destek: 99.20 (%0.4 altta) | EMA100 Direnç: 101.31 (%1.7 üstte),-,-,60.68,99.78,0.91,0.4,0.0,,
2026-08-12 18:18,CGW,65.8,🟢 Yükseliş Trendinde,⏳ BEKLE,-,-,⚠️ Yükseliş Trendinde Düzeltme (SSL Negatif),🟠 Daralıyor,🟡Fiyat Orta-Üst Bant Aralığında,EMA21 Destek: 65.60 (%0.3 altta) | EMA5 Direnç: 66.05 (%0.4 üstte),-,-,53.16,41.67,0.73,1.83,0.0,,
2026-08-12 18:18,COPA,54.18,🟢 Yükseliş Trendinde,🟢 AL (Trend Onaylı),🩸 SAT (Zirveden Dönüş),-,🟢 EMA Yükselişte (SSL Ok Bekleniyor),⚪ Yelpaze Açık,🟡Fiyat Orta-Üst Bant Aralığında,EMA5 Destek: 53.65 (%1.0 altta),-,54.23-55.84 (%0.1 üstte),64.95,91.4,0.93,19.55,0.0,,
2026-08-12 18:18,COPX,89.21,🟢 Yükseliş Trendinde,🟢 AL (Trend Onaylı),-,-,🟢 EMA Yükselişte (SSL Ok Bekleniyor),⚪ Yelpaze Açık,🟡Fiyat Orta-Üst Bant Aralığında,EMA5 Destek: 87.91 (%1.5 altta),-,91.20-93.89 (%2.2 üstte),66.36,93.68,0.94,18.58,0.0,,
2026-08-12 18:18,EEM,66.46,🔥 AL (Taze Kırılım),🟢 AL (Trend Onaylı),-,-,🚀 ASIL SİNYAL: GÜÇLÜ AL (EMA Sıralı + SSL Onay),🚨 BB SIKIŞMA,🟡Fiyat Orta-Üst Bant Aralığında,EMA5 Destek: 65.66 (%1.2 altta),52.58-53.31 (%19.8 altta),-,55.66,90.08,0.8,9.44,0.0,,
2026-08-12 18:18,EWZ,33.96,🔴 Düşüş Trendinde,🔴 SAT,-,-,"📉 Düşüş Hazırlığı (50<100 Kesti, 150 Bekleniyor)",🟡 Normal Genişlik,🚨Fiyat Bandın Altında!,EMA200 Direnç: 34.59 (%1.9 üstte),-,36.15-36.84 (%6.4 üstte),35.46,0.0,-0.64,-1.83,-0.8,,
2026-08-12 18:18,GC=F,4482.2,🟢 Yükseliş Trendinde,🟢 AL (Trend Onaylı),-,🔴 ZİRVEDE,🔴 Ayı Piyasası (EMA 50 En Altta),⚪ Yelpaze Açık,🚨Fiyat Bandın Üzerinde!,EMA5 Destek: 4365.64 (%2.6 altta),-,4767.20-4879.70 (%6.4 üstte),71.47,100.0,0.9,4.59,1.22,,
2026-08-12 18:18,GLTR,200.62,🟢 Yükseliş Trendinde,🟢 AL (Trend Onaylı),-,-,🔴 Ayı Piyasası (EMA 50 En Altta),⚪ Yelpaze Açık,🚨Fiyat Bandın Üzerinde!,EMA100 Destek: 198.67 (%1.0 altta),-,248.82-257.80 (%24.0 üstte),65.93,95.84,0.91,2.38,0.06,,
2026-08-12 18:18,HG=F,6.64,🟢 Yükseliş Trendinde,⏳ BEKLE,-,-,🟢 EMA Yükselişte (SSL Ok Bekleniyor),⚪ Yelpaze Açık,🟡Fiyat Orta-Üst Bant Aralığında,EMA5 Destek: 6.61 (%0.4 altta),5.79-5.90 (%11.2 altta),-,61.81,63.06,0.86,14.44,0.0,,
2026-08-12 18:18,IBB,200.88,🟢 Yükseliş Trendinde,🟢 AL (Trend Onaylı),-,-,🟢 EMA Yükselişte (SSL Ok Bekleniyor),⚪ Yelpaze Açık,🚨Fiyat Bandın Üzerinde!,EMA5 Destek: 198.17 (%1.3 altta),163.90-167.80 (%16.5 altta),-,69.61,98.92,0.84,16.74,0.29,,
2026-08-12 18:18,ICLN,18.5,🔴 Düşüş Trendinde,🟢 AL (Trend Onaylı),-,-,"📉 Düşüş Hazırlığı (50<100 Kesti, 150 Bekleniyor)",🟠 Daralıyor,🟡Fiyat Orta-Üst Bant Aralığında,EMA21 Destek: 18.34 (%0.9 altta) | EMA55 Direnç: 19.14 (%3.4 üstte),-,21.34-21.75 (%15.3 üstte),49.83,92.49,0.71,1.09,0.0,,
2026-08-12 18:18,INDA,49.99,🟢 Yükseliş Trendinde,🔴 SAT,-,-,🔴 Ayı Piyasası (EMA 50 En Altta),⚪ Yelpaze Açık,🟡Fiyat Orta-Üst Bant Aralığında,EMA21 Destek: 49.62 (%0.7 altta) | EMA5 Direnç: 50.09 (%0.2 üstte),47.28-47.85 (%4.3 altta),54.75-55.02 (%9.5 üstte),56.33,71.74,0.78,-1.51,0.0,,
2026-08-12 18:18,IWM,301.61,🟢 Yükseliş Trendinde,🟢 AL (Trend Onaylı),-,-,🟢 EMA Yükselişte (SSL Ok Bekleniyor),🟠 Daralıyor,🟡Fiyat Orta-Üst Bant Aralığında,EMA5 Destek: 300.43 (%0.4 altta),238.69-245.37 (%18.6 altta),-,59.06,83.45,0.86,11.59,0.0,,
2026-08-12 18:18,MARS,28.38,🟢 Yükseliş Trendinde,🟢 AL (Trend Onaylı),-,-,-,-,🟡Fiyat Orta-Üst Bant Aralığında,EMA55 Destek: 28.23 (%0.5 altta) | EMA100 Direnç: 29.76 (%4.9 üstte),-,43.89-45.92 (%54.7 üstte),57.66,98.8,0.92,-,0.0,,
2026-08-12 18:18,NASA,26.39,🟢 Yükseliş Trendinde,🟢 AL (Trend Onaylı),-,-,-,-,🚨Fiyat Bandın Üzerinde!,EMA5 Destek: 25.39 (%3.8 altta) | EMA55 Direnç: 26.65 (%1.0 üstte),-,-,57.01,98.93,0.88,-,0.17,,
2026-08-12 18:18,PA=F,1385.0,🟢 Yükseliş Trendinde,🟢 AL (Trend Onaylı),🩸 SAT (Zirveden Dönüş),-,🔴 Ayı Piyasası (EMA 50 En Altta),🟡 Normal Genişlik,🟡Fiyat Orta-Üst Bant Aralığında,EMA5 Destek: 1369.12 (%1.1 altta) | EMA200 Direnç: 1412.18 (%2.0 üstte),-,1774.50-1842.00 (%28.1 üstte),61.45,95.6,0.87,-1.92,0.0,,
2026-08-12 18:18,PHO,71.99,🟢 Yükseliş Trendinde,⏳ BEKLE,-,-,🟢 EMA Yükselişte (SSL Ok Bekleniyor),⚪ Yelpaze Açık,🟡Fiyat Orta-Üst Bant Aralığında,EMA21 Destek: 71.00 (%1.4 altta) | EMA5 Direnç: 72.56 (%0.8 üstte),-,72.60-73.56 (%0.8 üstte),58.43,76.28,0.82,2.56,0.0,,
2026-08-12 18:18,PL=F,1781.7,🟢 Yükseliş Trendinde,🟢 AL (Trend Onaylı),🩸 SAT (Zirveden Dönüş),-,🔴 Ayı Piyasası (EMA 50 En Altta),🟡 Normal Genişlik,🟡Fiyat Orta-Üst Bant Aralığında,EMA5 Destek: 1749.58 (%1.8 altta) | EMA200 Direnç: 1786.93 (%0.3 üstte),-,2357.40-2365.60 (%32.3 üstte),63.59,95.89,0.91,-0.29,0.0,,
2026-08-12 18:18,QQQ,724.41,🟢 Yükseliş Trendinde,🟢 AL (Trend Onaylı),-,-,🟢 EMA Yükselişte (SSL Ok Bekleniyor),⚪ Yelpaze Açık,🟡Fiyat Orta-Üst Bant Aralığında,EMA5 Destek: 719.34 (%0.7 altta),555.60-568.05 (%21.6 altta),732.51-741.82 (%1.1 üstte),57.32,92.83,0.87,10.42,0.0,,
2026-08-12 18:18,SI=F,66.1,🟢 Yükseliş Trendinde,🟢 AL (Trend Onaylı),-,-,🔴 Ayı Piyasası (EMA 50 En Altta),🟡 Normal Genişlik,🚨Fiyat Bandın Üzerinde!,EMA5 Destek: 64.24 (%2.8 altta) | EMA100 Direnç: 66.43 (%0.5 üstte),-,86.93-88.89 (%31.5 üstte),64.26,98.19,0.9,3.1,0.56,,
2026-08-12 18:18,SOXX,551.7,🔴 Düşüş Trendinde,🟢 AL (Trend Onaylı),-,-,🟢 EMA Yükselişte (SSL Ok Bekleniyor),🟠 Daralıyor,🟡Fiyat Orta-Üst Bant Aralığında,EMA5 Destek: 538.45 (%2.4 altta),-,643.93-655.95 (%16.7 üstte),53.28,90.71,0.65,29.41,0.0,,
2026-08-12 18:18,VNM,17.79,🟢 Yükseliş Trendinde,🟢 AL (Trend Onaylı),-,-,🔴 Ayı Piyasası (EMA 50 En Altta),⚪ Yelpaze Açık,🟡Fiyat Orta-Üst Bant Aralığında,EMA55 Destek: 17.72 (%0.4 altta) | EMA100 Direnç: 17.94 (%0.8 üstte),-,19.58-19.78 (%10.1 üstte),55.94,97.43,0.88,-1.39,0.0,,
2026-08-12 18:18,WQTM,34.78,🟢 Yükseliş Trendinde,🟢 AL (Trend Onaylı),-,-,🟢 EMA Yükselişte (SSL Ok Bekleniyor),⚪ Yelpaze Açık,🟡Fiyat Orta-Üst Bant Aralığında,EMA5 Destek: 34.14 (%1.8 altta),23.18-24.30 (%30.1 altta),-,56.68,92.43,0.88,15.57,0.0,,
2026-08-12 18:18,XBI,159.59,🔥 AL (Taze Kırılım),🟢 AL (Trend Onaylı),-,-,🟢 EMA Yükselişte (SSL Ok Bekleniyor),⚪ Yelpaze Açık,🟡Fiyat Orta-Üst Bant Aralığında,EMA5 Destek: 157.31 (%1.4 altta),-,-,63.32,100.0,0.82,22.27,0.0,,
2026-08-12 18:18,XLV,167.91,🟢 Yükseliş Trendinde,🟢 AL (Trend Onaylı),-,-,🟢 EMA Yükselişte (SSL Ok Bekleniyor),⚪ Yelpaze Açık,🟡Fiyat Orta-Üst Bant Aralığında,EMA5 Destek: 166.95 (%0.6 altta),145.31-147.27 (%12.3 altta),-,64.87,83.56,0.54,9.94,0.0,,
2026-08-12 18:18,XU100.IS,14107.44,🔴 Düşüş Trendinde,🟢 AL (Trend Onaylı),-,-,🟢 EMA Yükselişte (SSL Ok Bekleniyor),🟠 Daralıyor,🟡Fiyat Orta-Üst Bant Aralığında,EMA55 Destek: 13954.71 (%1.1 altta),-,-,56.1,92.89,0.34,8.82,0.0,,
2026-08-12 21:10,AIQ,63.79,🟢 Yükseliş Trendinde,🟢 AL (Trend Onaylı),-,-,🟢 EMA Yükselişte (SSL Ok Bekleniyor),⚪ Yelpaze Açık,🟡Fiyat Orta-Üst Bant Aralığında,EMA5 Destek: 63.09 (%1.1 altta),44.46-45.83 (%28.2 altta),-,58.22,98.34,0.9,14.51,0.0,,
2026-08-12 21:10,ALUM.L,4.43,🟢 Yükseliş Trendinde,🟢 AL (Trend Onaylı),-,-,"📉 Düşüş Hazırlığı (50<100 Kesti, 150 Bekleniyor)",🟠 Daralıyor,🟡Fiyat Orta-Üst Bant Aralığında,EMA5 Destek: 4.40 (%0.7 altta),3.64-3.71 (%16.4 altta),-,62.6,97.36,0.93,6.43,0.0,,
2026-08-12 21:10,BZ=F,88.87,🔴 Düşüş Trendinde,🟢 AL (Trend Onaylı),-,-,"📉 Düşüş Hazırlığı (50<100 Kesti, 150 Bekleniyor)",🟠 Daralıyor,🟡Fiyat Orta-Üst Bant Aralığında,EMA100 Destek: 87.43 (%1.6 altta),59.45-60.91 (%31.5 altta),106.87-112.69 (%20.3 üstte),54.12,40.0,-0.35,11.19,0.0,,
2026-08-12 21:10,CCJ,99.61,🟢 Yükseliş Trendinde,🟢 AL (Trend Onaylı),-,-,🔴 Ayı Piyasası (EMA 50 En Altta),⚪ Yelpaze Açık,🟡Fiyat Orta-Üst Bant Aralığında,EMA200 Destek: 99.20 (%0.4 altta) | EMA100 Direnç: 101.31 (%1.7 üstte),-,-,60.72,99.78,0.91,0.42,0.0,,
2026-08-12 21:10,CGW,65.89,🟢 Yükseliş Trendinde,⏳ BEKLE,-,-,⚠️ Yükseliş Trendinde Düzeltme (SSL Negatif),🟠 Daralıyor,🟡Fiyat Orta-Üst Bant Aralığında,EMA21 Destek: 65.61 (%0.4 altta) | EMA5 Direnç: 66.08 (%0.3 üstte),-,-,53.99,43.65,0.75,1.97,0.0,,
2026-08-12 21:10,COPA,54.21,🟢 Yükseliş Trendinde,🟢 AL (Trend Onaylı),🩸 SAT (Zirveden Dönüş),-,🟢 EMA Yükselişte (SSL Ok Bekleniyor),⚪ Yelpaze Açık,🟡Fiyat Orta-Üst Bant Aralığında,EMA5 Destek: 53.66 (%1.0 altta),-,54.23-55.84 (%0.0 üstte),65.01,91.49,0.93,19.6,0.0,,
2026-08-12 21:10,COPX,88.56,🟢 Yükseliş Trendinde,🟢 AL (Trend Onaylı),🩸 SAT (Zirveden Dönüş),-,🟢 EMA Yükselişte (SSL Ok Bekleniyor),⚪ Yelpaze Açık,🟡Fiyat Orta-Üst Bant Aralığında,EMA5 Destek: 87.69 (%1.0 altta),-,91.20-93.89 (%3.0 üstte),65.36,92.15,0.94,17.72,0.0,,
2026-08-12 21:10,EEM,66.39,🔴 Düşüş Trendinde,🟢 AL (Trend Onaylı),-,-,🟢 EMA Yükselişte (SSL Ok Bekleniyor),🚨 BB SIKIŞMA,🟡Fiyat Orta-Üst Bant Aralığında,EMA5 Destek: 65.63 (%1.1 altta),52.58-53.31 (%19.7 altta),-,55.42,90.08,0.8,9.33,0.0,,
2026-08-12 21:10,EWZ,33.98,🔴 Düşüş Trendinde,🔴 SAT,-,-,"📉 Düşüş Hazırlığı (50<100 Kesti, 150 Bekleniyor)",🟡 Normal Genişlik,🚨Fiyat Bandın Altında!,EMA200 Direnç: 34.59 (%1.8 üstte),-,36.15-36.84 (%6.4 üstte),35.59,0.0,-0.64,-1.78,-0.76,,
2026-08-12 21:10,GC=F,4458.6,🟢 Yükseliş Trendinde,🟢 AL (Trend Onaylı),-,🔴 ZİRVEDE,🔴 Ayı Piyasası (EMA 50 En Altta),⚪ Yelpaze Açık,🚨Fiyat Bandın Üzerinde!,EMA5 Destek: 4357.78 (%2.3 altta),-,4767.20-4879.70 (%6.9 üstte),70.53,100.0,0.9,4.04,0.84,,
2026-08-12 21:10,GLTR,199.45,🟢 Yükseliş Trendinde,🟢 AL (Trend Onaylı),-,-,🔴 Ayı Piyasası (EMA 50 En Altta),⚪ Yelpaze Açık,🟡Fiyat Orta-Üst Bant Aralığında,EMA100 Destek: 198.65 (%0.4 altta),-,248.82-257.80 (%24.8 üstte),64.88,94.4,0.91,1.79,0.0,,
2026-08-12 21:10,HG=F,6.61,🟢 Yükseliş Trendinde,⏳ BEKLE,-,-,🟢 EMA Yükselişte (SSL Ok Bekleniyor),⚪ Yelpaze Açık,🟡Fiyat Orta-Üst Bant Aralığında,EMA5 Destek: 6.60 (%0.1 altta),5.79-5.90 (%10.8 altta),-,60.41,60.45,0.85,13.91,0.0,,
2026-08-12 21:10,IBB,200.46,🟢 Yükseliş Trendinde,🟢 AL (Trend Onaylı),-,-,🟢 EMA Yükselişte (SSL Ok Bekleniyor),⚪ Yelpaze Açık,🚨Fiyat Bandın Üzerinde!,EMA5 Destek: 198.03 (%1.2 altta),163.90-167.80 (%16.3 altta),-,69.13,98.92,0.84,16.5,0.14,,
2026-08-12 21:10,ICLN,18.4,🔴 Düşüş Trendinde,🟢 AL (Trend Onaylı),-,-,"📉 Düşüş Hazırlığı (50<100 Kesti, 150 Bekleniyor)",🟠 Daralıyor,🟡Fiyat Orta-Üst Bant Aralığında,EMA21 Destek: 18.33 (%0.4 altta) | EMA55 Direnç: 19.13 (%4.0 üstte),-,21.34-21.75 (%16.0 üstte),48.61,92.49,0.7,0.52,0.0,,
2026-08-12 21:10,INDA,49.96,🟢 Yükseliş Trendinde,🔴 SAT,-,-,🔴 Ayı Piyasası (EMA 50 En Altta),⚪ Yelpaze Açık,🟡Fiyat Orta-Üst Bant Aralığında,EMA21 Destek: 49.61 (%0.7 altta) | EMA5 Direnç: 50.08 (%0.2 üstte),47.28-47.85 (%4.2 altta),54.75-55.02 (%9.6 üstte),55.86,71.03,0.77,-1.58,0.0,,
2026-08-12 21:10,IWM,302.4,🟢 Yükseliş Trendinde,🟢 AL (Trend Onaylı),-,-,🟢 EMA Yükselişte (SSL Ok Bekleniyor),🟠 Daralıyor,🟡Fiyat Orta-Üst Bant Aralığında,EMA5 Destek: 300.70 (%0.6 altta),238.69-245.37 (%18.9 altta),-,60.06,85.15,0.86,11.89,0.0,,
2026-08-12 21:10,MARS,28.85,🟢 Yükseliş Trendinde,🟢 AL (Trend Onaylı),-,-,-,-,🚨Fiyat Bandın Üzerinde!,EMA55 Destek: 28.24 (%2.1 altta) | EMA100 Direnç: 29.77 (%3.2 üstte),-,43.89-45.92 (%52.1 üstte),59.35,98.8,0.92,-,1.03,,
2026-08-12 21:10,NASA,26.81,🟢 Yükseliş Trendinde,🟢 AL (Trend Onaylı),-,-,-,-,🚨Fiyat Bandın Üzerinde!,EMA55 Destek: 26.67 (%0.5 altta),-,-,58.59,98.93,0.89,-,1.34,,
2026-08-12 21:10,PA=F,1373.5,🟢 Yükseliş Trendinde,🟢 AL (Trend Onaylı),🩸 SAT (Zirveden Dönüş),-,🔴 Ayı Piyasası (EMA 50 En Altta),🟡 Normal Genişlik,🟡Fiyat Orta-Üst Bant Aralığında,EMA100 Destek: 1368.53 (%0.4 altta) | EMA200 Direnç: 1412.06 (%2.8 üstte),-,1774.50-1842.00 (%29.2 üstte),60.13,93.27,0.86,-2.73,0.0,,
2026-08-12 21:10,PHO,72.06,🟢 Yükseliş Trendinde,⏳ BEKLE,-,-,🟢 EMA Yükselişte (SSL Ok Bekleniyor),⚪ Yelpaze Açık,🟡Fiyat Orta-Üst Bant Aralığında,EMA21 Destek: 71.01 (%1.5 altta) | EMA5 Direnç: 72.59 (%0.7 üstte),-,72.60-73.56 (%0.7 üstte),58.89,77.21,0.83,2.66,0.0,,
2026-08-12 21:10,PL=F,1769.0,🟢 Yükseliş Trendinde,🟢 AL (Trend Onaylı),🩸 SAT (Zirveden Dönüş),-,🔴 Ayı Piyasası (EMA 50 En Altta),🟡 Normal Genişlik,🟡Fiyat Orta-Üst Bant Aralığında,EMA5 Destek: 1745.34 (%1.3 altta) | EMA200 Direnç: 1786.81 (%1.0 üstte),-,2357.40-2365.60 (%33.3 üstte),62.33,95.89,0.91,-1.0,0.0,,
2026-08-12 21:10,QQQ,724.93,🟢 Yükseliş Trendinde,🟢 AL (Trend Onaylı),-,-,🟢 EMA Yükselişte (SSL Ok Bekleniyor),⚪ Yelpaze Açık,🟡Fiyat Orta-Üst Bant Aralığında,EMA5 Destek: 719.52 (%0.7 altta),555.60-568.05 (%21.6 altta),732.51-741.82 (%1.0 üstte),57.51,93.07,0.87,10.5,0.0,,
2026-08-12 21:10,SI=F,65.53,🟢 Yükseliş Trendinde,🟢 AL (Trend Onaylı),-,-,🔴 Ayı Piyasası (EMA 50 En Altta),🟡 Normal Genişlik,🟡Fiyat Orta-Üst Bant Aralığında,EMA200 Destek: 64.11 (%2.2 altta) | EMA100 Direnç: 66.42 (%1.4 üstte),-,86.93-88.89 (%32.7 üstte),63.08,98.19,0.9,2.21,0.0,,
2026-08-12 21:10,SOXX,551.59,🔴 Düşüş Trendinde,🟢 AL (Trend Onaylı),-,-,🟢 EMA Yükselişte (SSL Ok Bekleniyor),🟠 Daralıyor,🟡Fiyat Orta-Üst Bant Aralığında,EMA5 Destek: 538.42 (%2.4 altta),-,643.93-655.95 (%16.7 üstte),53.26,90.71,0.65,29.39,0.0,,
2026-08-12 21:10,VNM,17.83,🟢 Yükseliş Trendinde,🟢 AL (Trend Onaylı),-,-,🔴 Ayı Piyasası (EMA 50 En Altta),⚪ Yelpaze Açık,🟡Fiyat Orta-Üst Bant Aralığında,EMA55 Destek: 17.72 (%0.6 altta) | EMA100 Direnç: 17.94 (%0.6 üstte),-,19.58-19.78 (%9.8 üstte),56.45,97.43,0.88,-1.2,0.0,,
2026-08-12 21:10,WQTM,35.14,🟢 Yükseliş Trendinde,🟢 AL (Trend Onaylı),-,-,🟢 EMA Yükselişte (SSL Ok Bekleniyor),⚪ Yelpaze Açık,🟡Fiyat Orta-Üst Bant Aralığında,EMA5 Destek: 34.26 (%2.5 altta),23.18-24.30 (%30.8 altta),-,58.04,92.43,0.89,16.75,0.0,,
2026-08-12 21:10,XBI,158.92,🔴 Düşüş Trendinde,🟢 AL (Trend Onaylı),-,-,🟢 EMA Yükselişte (SSL Ok Bekleniyor),⚪ Yelpaze Açık,🟡Fiyat Orta-Üst Bant Aralığında,EMA5 Destek: 157.09 (%1.2 altta),-,-,62.4,100.0,0.82,21.77,0.0,,
2026-08-12 21:10,XLV,168.38,🟢 Yükseliş Trendinde,🟢 AL (Trend Onaylı),-,-,🟢 EMA Yükselişte (SSL Ok Bekleniyor),⚪ Yelpaze Açık,🟡Fiyat Orta-Üst Bant Aralığında,EMA5 Destek: 167.11 (%0.8 altta),145.31-147.27 (%12.5 altta),-,65.92,86.04,0.55,10.24,0.0,,
2026-08-12 21:10,XU100.IS,14110.14,🔥 AL (Taze Kırılım),🟢 AL (Trend Onaylı),-,-,🟢 EMA Yükselişte (SSL Ok Bekleniyor),🟠 Daralıyor,🟡Fiyat Orta-Üst Bant Aralığında,EMA55 Destek: 13954.80 (%1.1 altta),-,-,56.16,92.89,0.34,8.84,0.0,,
2026-08-13 14:15,AIQ,63.77,🟢 Yükseliş Trendinde,🟢 AL (Trend Onaylı),-,-,🟢 EMA Yükselişte (SSL Ok Bekleniyor),⚪ Yelpaze Açık,🟡Fiyat Orta-Üst Bant Aralığında,EMA5 Destek: 63.07 (%1.1 altta),44.46-45.83 (%28.1 altta),-,57.15,98.39,0.85,14.69,0.0,,
2026-08-13 14:15,ALUM.L,4.4,🟢 Yükseliş Trendinde,⏳ BEKLE,🩸 SAT (Zirveden Dönüş),-,"📉 Düşüş Hazırlığı (50<100 Kesti, 150 Bekleniyor)",🟡 Normal Genişlik,🟡Fiyat Orta-Üst Bant Aralığında,EMA100 Destek: 4.39 (%0.4 altta) | EMA5 Direnç: 4.42 (%0.4 üstte),3.64-3.71 (%15.8 altta),-,56.07,83.84,0.94,5.63,0.0,,
2026-08-13 14:15,BZ=F,87.31,🔴 Düşüş Trendinde,🟢 AL (Trend Onaylı),-,-,"📉 Düşüş Hazırlığı (50<100 Kesti, 150 Bekleniyor)",🟠 Daralıyor,⚪Fiyat Alt_Orta Bant Aralığında,EMA55 Destek: 87.14 (%0.2 altta) | EMA100 Direnç: 87.43 (%0.1 üstte),59.45-60.91 (%30.2 altta),106.87-112.69 (%22.4 üstte),51.81,54.33,-0.05,9.16,0.0,,
2026-08-13 14:15,CCJ,99.03,🟢 Yükseliş Trendinde,🟢 AL (Trend Onaylı),-,-,🔴 Ayı Piyasası (EMA 50 En Altta),⚪ Yelpaze Açık,🟡Fiyat Orta-Üst Bant Aralığında,EMA55 Destek: 97.81 (%1.2 altta) | EMA200 Direnç: 99.22 (%0.2 üstte),-,-,59.86,99.78,0.9,-0.19,0.0,,
2026-08-13 14:15,CGW,65.82,🟢 Yükseliş Trendinde,⏳ BEKLE,-,-,⚠️ Yükseliş Trendinde Düzeltme (SSL Negatif),🟠 Daralıyor,🟡Fiyat Orta-Üst Bant Aralığında,EMA21 Destek: 65.61 (%0.3 altta) | EMA5 Direnç: 66.06 (%0.4 üstte),-,-,53.34,42.99,0.76,1.87,0.0,,
2026-08-13 14:15,COPA,54.21,🟢 Yükseliş Trendinde,🟢 AL (Trend Onaylı),-,-,🟢 EMA Yükselişte (SSL Ok Bekleniyor),⚪ Yelpaze Açık,🟡Fiyat Orta-Üst Bant Aralığında,EMA5 Destek: 53.64 (%1.0 altta),-,54.23-55.84 (%0.0 üstte),64.53,92.22,0.91,19.85,0.0,,
2026-08-13 14:15,COPX,88.3,🟢 Yükseliş Trendinde,🟢 AL (Trend Onaylı),🩸 SAT (Zirveden Dönüş),-,🟢 EMA Yükselişte (SSL Ok Bekleniyor),⚪ Yelpaze Açık,🟡Fiyat Orta-Üst Bant Aralığında,EMA5 Destek: 87.61 (%0.8 altta),-,91.20-93.89 (%3.3 üstte),64.64,91.06,0.93,17.35,0.0,,
2026-08-13 14:15,EEM,66.46,🔴 Düşüş Trendinde,🟢 AL (Trend Onaylı),-,-,🚀 ASIL SİNYAL: GÜÇLÜ AL (EMA Sıralı + SSL Onay),🚨 BB SIKIŞMA,🟡Fiyat Orta-Üst Bant Aralığında,EMA5 Destek: 65.65 (%1.2 altta),52.58-53.31 (%19.8 altta),-,55.39,90.09,0.8,9.54,0.0,,
2026-08-13 14:15,EWZ,33.86,🔴 Düşüş Trendinde,🔴 SAT,-,-,"📉 Düşüş Hazırlığı (50<100 Kesti, 150 Bekleniyor)",🟠 Daralıyor,🚨Fiyat Bandın Altında!,EMA200 Direnç: 34.60 (%2.2 üstte),-,36.15-36.84 (%6.8 üstte),35.24,0.0,-0.64,-2.13,-1.04,,
2026-08-13 14:15,GC=F,4446.5,🟢 Yükseliş Trendinde,🟢 AL (Trend Onaylı),-,🔴 ZİRVEDE,🔴 Ayı Piyasası (EMA 50 En Altta),⚪ Yelpaze Açık,🟡Fiyat Orta-Üst Bant Aralığında,EMA5 Destek: 4376.31 (%1.6 altta),-,4767.20-4879.70 (%7.2 üstte),70.14,100.0,0.93,3.67,0.0,,
2026-08-13 14:15,GLTR,199.79,🟢 Yükseliş Trendinde,🟢 AL (Trend Onaylı),-,-,🔴 Ayı Piyasası (EMA 50 En Altta),⚪ Yelpaze Açık,🟡Fiyat Orta-Üst Bant Aralığında,EMA100 Destek: 199.51 (%0.1 altta),-,248.82-257.80 (%24.5 üstte),64.75,95.49,0.92,1.7,0.0,,
2026-08-13 14:15,HG=F,6.58,🟢 Yükseliş Trendinde,🔴 SAT,-,-,🟢 EMA Yükselişte (SSL Ok Bekleniyor),🟡 Normal Genişlik,🟡Fiyat Orta-Üst Bant Aralığında,EMA21 Destek: 6.48 (%1.4 altta) | EMA5 Direnç: 6.59 (%0.2 üstte),5.79-5.90 (%10.3 altta),-,58.2,55.81,0.78,13.22,0.0,,
2026-08-13 14:15,IBB,200.72,🟢 Yükseliş Trendinde,🟢 AL (Trend Onaylı),-,-,🟢 EMA Yükselişte (SSL Ok Bekleniyor),⚪ Yelpaze Açık,🚨Fiyat Bandın Üzerinde!,EMA5 Destek: 198.16 (%1.3 altta),163.90-167.80 (%16.4 altta),-,68.95,98.92,0.86,16.94,0.29,,
2026-08-13 14:15,ICLN,18.41,🔴 Düşüş Trendinde,🟢 AL (Trend Onaylı),-,-,"📉 Düşüş Hazırlığı (50<100 Kesti, 150 Bekleniyor)",🟠 Daralıyor,🟡Fiyat Orta-Üst Bant Aralığında,EMA21 Destek: 18.33 (%0.4 altta) | EMA55 Direnç: 19.13 (%3.9 üstte),-,21.34-21.75 (%15.9 üstte),48.73,92.49,0.7,0.61,0.0,,
2026-08-13 14:15,INDA,49.95,🟢 Yükseliş Trendinde,🔴 SAT,-,-,🔴 Ayı Piyasası (EMA 50 En Altta),⚪ Yelpaze Açık,🟡Fiyat Orta-Üst Bant Aralığında,EMA21 Destek: 49.58 (%0.7 altta) | EMA5 Direnç: 50.07 (%0.2 üstte),47.28-47.85 (%4.2 altta),54.75-55.02 (%9.6 üstte),55.98,74.74,0.81,-1.66,0.0,,
2026-08-13 14:15,IWM,302.71,🟢 Yükseliş Trendinde,🟢 AL (Trend Onaylı),-,-,🟢 EMA Yükselişte (SSL Ok Bekleniyor),🟠 Daralıyor,🟡Fiyat Orta-Üst Bant Aralığında,EMA5 Destek: 300.80 (%0.6 altta),238.69-245.37 (%18.9 altta),-,60.42,85.78,0.87,12.01,0.0,,
2026-08-13 14:15,MARS,28.95,🟢 Yükseliş Trendinde,🟢 AL (Trend Onaylı),-,-,-,-,🚨Fiyat Bandın Üzerinde!,EMA55 Destek: 28.52 (%1.5 altta) | EMA100 Direnç: 30.01 (%3.6 üstte),-,43.89-45.92 (%51.6 üstte),58.04,98.89,0.88,-,0.39,,
2026-08-13 14:15,NASA,26.76,🟢 Yükseliş Trendinde,🟢 AL (Trend Onaylı),-,-,-,-,🚨Fiyat Bandın Üzerinde!,EMA55 Destek: 26.67 (%0.3 altta),-,-,58.41,98.93,0.89,-,1.21,,
2026-08-13 14:15,PA=F,1348.0,🟢 Yükseliş Trendinde,⏳ BEKLE,🩸 SAT (Zirveden Dönüş),-,🔴 Ayı Piyasası (EMA 50 En Altta),🟡 Normal Genişlik,🟡Fiyat Orta-Üst Bant Aralığında,EMA55 Destek: 1323.46 (%1.8 altta) | EMA5 Direnç: 1358.79 (%0.8 üstte),-,1774.50-1842.00 (%31.6 üstte),55.72,79.92,0.79,-4.59,0.0,,
2026-08-13 14:15,PHO,72.04,🟢 Yükseliş Trendinde,⏳ BEKLE,-,-,🟢 EMA Yükselişte (SSL Ok Bekleniyor),⚪ Yelpaze Açık,🟡Fiyat Orta-Üst Bant Aralığında,EMA21 Destek: 71.01 (%1.4 altta) | EMA5 Direnç: 72.58 (%0.7 üstte),-,72.60-73.56 (%0.8 üstte),58.27,82.39,0.86,2.54,0.0,,
2026-08-13 14:15,PL=F,1741.6,🟢 Yükseliş Trendinde,🟢 AL (Trend Onaylı),🩸 SAT (Zirveden Dönüş),-,🔴 Ayı Piyasası (EMA 50 En Altta),🟡 Normal Genişlik,🟡Fiyat Orta-Üst Bant Aralığında,EMA55 Destek: 1725.47 (%0.9 altta) | EMA5 Direnç: 1742.34 (%0.0 üstte),-,2357.40-2365.60 (%35.4 üstte),58.09,92.25,0.87,-2.58,0.0,,
2026-08-13 14:15,QQQ,723.7,🟢 Yükseliş Trendinde,🟢 AL (Trend Onaylı),-,-,🟢 EMA Yükselişte (SSL Ok Bekleniyor),⚪ Yelpaze Açık,🟡Fiyat Orta-Üst Bant Aralığında,EMA5 Destek: 719.11 (%0.6 altta),555.60-568.05 (%21.5 altta),732.51-741.82 (%1.2 üstte),57.06,92.5,0.86,10.36,0.0,,
2026-08-13 14:15,SI=F,65.16,🟢 Yükseliş Trendinde,🟢 AL (Trend Onaylı),-,-,🔴 Ayı Piyasası (EMA 50 En Altta),🟡 Normal Genişlik,🟡Fiyat Orta-Üst Bant Aralığında,EMA5 Destek: 64.43 (%1.1 altta) | EMA100 Direnç: 66.39 (%1.9 üstte),-,86.93-88.89 (%33.4 üstte),61.63,95.94,0.93,1.54,0.0,,
2026-08-13 14:15,SOXX,546.61,🔴 Düşüş Trendinde,🟢 AL (Trend Onaylı),-,-,🟢 EMA Yükselişte (SSL Ok Bekleniyor),🟠 Daralıyor,🟡Fiyat Orta-Üst Bant Aralığında,EMA5 Destek: 536.76 (%1.8 altta),-,643.93-655.95 (%17.8 üstte),52.18,90.71,0.64,28.36,0.0,,
2026-08-13 14:15,VNM,17.8,🟢 Yükseliş Trendinde,🟢 AL (Trend Onaylı),-,-,🔴 Ayı Piyasası (EMA 50 En Altta),⚪ Yelpaze Açık,🟡Fiyat Orta-Üst Bant Aralığında,EMA5 Destek: 17.60 (%1.1 altta) | EMA55 Direnç: 17.80 (%0.0 üstte),-,19.58-19.78 (%10.0 üstte),55.35,97.76,0.87,-1.54,0.0,,
2026-08-13 14:15,WQTM,35.24,🟢 Yükseliş Trendinde,🟢 AL (Trend Onaylı),-,-,🟢 EMA Yükselişte (SSL Ok Bekleniyor),⚪ Yelpaze Açık,🟡Fiyat Orta-Üst Bant Aralığında,EMA5 Destek: 34.29 (%2.7 altta),23.18-24.30 (%31.0 altta),-,57.33,92.72,0.84,17.17,0.0,,
2026-08-13 14:15,XBI,159.39,🔥 AL (Taze Kırılım),🟢 AL (Trend Onaylı),-,-,🟢 EMA Yükselişte (SSL Ok Bekleniyor),⚪ Yelpaze Açık,🟡Fiyat Orta-Üst Bant Aralığında,EMA5 Destek: 157.25 (%1.3 altta),-,-,63.05,100.0,0.82,22.09,0.0,,
2026-08-13 14:15,XLV,168.44,🟢 Yükseliş Trendinde,🟢 AL (Trend Onaylı),-,-,🟢 EMA Yükselişte (SSL Ok Bekleniyor),⚪ Yelpaze Açık,🟡Fiyat Orta-Üst Bant Aralığında,EMA5 Destek: 167.13 (%0.8 altta),145.31-147.27 (%12.6 altta),-,66.02,86.27,0.55,10.25,0.0,,
2026-08-13 14:15,XU100.IS,14080.84,🔴 Düşüş Trendinde,🟢 AL (Trend Onaylı),-,-,🟢 EMA Yükselişte (SSL Ok Bekleniyor),🟠 Daralıyor,🟡Fiyat Orta-Üst Bant Aralığında,EMA55 Destek: 13977.19 (%0.7 altta),-,-,54.44,92.87,0.46,8.76,0.0,,
2026-08-13 18:19,AIQ,64.4,🟢 Yükseliş Trendinde,🟢 AL (Trend Onaylı),-,-,🟢 EMA Yükselişte (SSL Ok Bekleniyor),⚪ Yelpaze Açık,🟡Fiyat Orta-Üst Bant Aralığında,EMA5 Destek: 63.42 (%1.5 altta),44.46-45.83 (%28.8 altta),-,60.14,100.0,0.92,15.64,0.0,,
2026-08-13 18:19,ALUM.L,4.39,🟢 Yükseliş Trendinde,⏳ BEKLE,🩸 SAT (Zirveden Dönüş),-,"📉 Düşüş Hazırlığı (50<100 Kesti, 150 Bekleniyor)",🟡 Normal Genişlik,🟡Fiyat Orta-Üst Bant Aralığında,EMA100 Destek: 4.39 (%0.0 altta) | EMA5 Direnç: 4.41 (%0.6 üstte),3.64-3.71 (%15.5 altta),-,54.63,82.0,0.92,5.28,0.0,,
2026-08-13 18:19,BZ=F,87.2,🔴 Düşüş Trendinde,🟢 AL (Trend Onaylı),-,-,"📉 Düşüş Hazırlığı (50<100 Kesti, 150 Bekleniyor)",🟠 Daralıyor,⚪Fiyat Alt_Orta Bant Aralığında,EMA55 Destek: 87.14 (%0.1 altta) | EMA100 Direnç: 87.43 (%0.3 üstte),59.45-60.91 (%30.1 altta),106.87-112.69 (%22.6 üstte),51.66,53.93,-0.06,9.02,0.0,,
2026-08-13 18:19,CCJ,98.16,🟢 Yükseliş Trendinde,🟢 AL (Trend Onaylı),-,-,🔴 Ayı Piyasası (EMA 50 En Altta),⚪ Yelpaze Açık,🟡Fiyat Orta-Üst Bant Aralığında,EMA55 Destek: 97.82 (%0.3 altta) | EMA200 Direnç: 99.21 (%1.1 üstte),-,-,57.86,97.46,0.92,-1.06,0.0,,
2026-08-13 18:19,CGW,65.68,🟢 Yükseliş Trendinde,🔴 SAT,-,-,⚠️ Yükseliş Trendinde Düzeltme (SSL Negatif),🟠 Daralıyor,🟡Fiyat Orta-Üst Bant Aralığında,EMA21 Destek: 65.61 (%0.1 altta) | EMA5 Direnç: 65.93 (%0.4 üstte),-,-,52.07,34.88,0.61,1.62,0.0,,
2026-08-13 18:19,COPA,53.01,🟢 Yükseliş Trendinde,⏳ BEKLE,🩸 SAT (Zirveden Dönüş),-,🟢 EMA Yükselişte (SSL Ok Bekleniyor),⚪ Yelpaze Açık,🟡Fiyat Orta-Üst Bant Aralığında,EMA21 Destek: 50.52 (%4.7 altta) | EMA5 Direnç: 53.26 (%0.5 üstte),-,54.23-55.84 (%2.3 üstte),59.99,84.38,0.91,16.97,0.0,,
2026-08-13 18:19,COPX,86.25,🟢 Yükseliş Trendinde,⏳ BEKLE,-,-,🟢 EMA Yükselişte (SSL Ok Bekleniyor),⚪ Yelpaze Açık,🟡Fiyat Orta-Üst Bant Aralığında,EMA21 Destek: 82.93 (%3.9 altta) | EMA5 Direnç: 87.15 (%1.0 üstte),-,91.20-93.89 (%5.7 üstte),59.07,77.42,0.91,14.46,0.0,,
2026-08-13 18:19,EEM,66.81,🟢 Yükseliş Trendinde,🟢 AL (Trend Onaylı),-,-,🟢 EMA Yükselişte (SSL Ok Bekleniyor),🟠 Daralıyor,🟡Fiyat Orta-Üst Bant Aralığında,EMA5 Destek: 66.04 (%1.2 altta),52.58-53.31 (%20.2 altta),-,56.98,95.95,0.84,9.93,0.0,,
2026-08-13 18:19,EWZ,33.66,🔴 Düşüş Trendinde,🔴 SAT,-,🟢 POTANSİYEL DİP,"📉 Düşüş Hazırlığı (50<100 Kesti, 150 Bekleniyor)",🟡 Normal Genişlik,🚨Fiyat Bandın Altında!,EMA5 Direnç: 34.33 (%2.0 üstte),-,36.15-36.84 (%7.4 üstte),33.54,0.0,-0.77,-2.71,-0.65,,
2026-08-13 18:19,GC=F,4429.6,🟢 Yükseliş Trendinde,🟢 AL (Trend Onaylı),-,-,🔴 Ayı Piyasası (EMA 50 En Altta),⚪ Yelpaze Açık,🟡Fiyat Orta-Üst Bant Aralığında,EMA5 Destek: 4370.67 (%1.3 altta),-,4767.20-4879.70 (%7.6 üstte),69.34,100.0,0.93,3.28,0.0,,
2026-08-13 18:19,GLTR,197.38,🟢 Yükseliş Trendinde,⏳ BEKLE,🩸 SAT (Zirveden Dönüş),-,🔴 Ayı Piyasası (EMA 50 En Altta),⚪ Yelpaze Açık,🟡Fiyat Orta-Üst Bant Aralığında,EMA5 Destek: 196.82 (%0.3 altta) | EMA100 Direnç: 198.62 (%0.6 üstte),-,248.82-257.80 (%26.1 üstte),61.08,87.88,0.92,0.65,0.0,,
2026-08-13 18:19,HG=F,6.61,🟢 Yükseliş Trendinde,🔴 SAT,-,-,🟢 EMA Yükselişte (SSL Ok Bekleniyor),🟡 Normal Genişlik,🟡Fiyat Orta-Üst Bant Aralığında,EMA5 Destek: 6.60 (%0.1 altta),5.79-5.90 (%10.7 altta),-,59.97,59.1,0.79,13.7,0.0,,
2026-08-13 18:19,IBB,200.49,🟢 Yükseliş Trendinde,🟢 AL (Trend Onaylı),-,-,⚪ Karışık / Testere Piyasası,⚪ Yelpaze Açık,🟡Fiyat Orta-Üst Bant Aralığında,EMA5 Destek: 198.91 (%0.8 altta),163.90-167.80 (%16.3 altta),-,68.8,97.95,0.87,16.28,0.0,,
2026-08-13 18:19,ICLN,18.35,🔴 Düşüş Trendinde,🟢 AL (Trend Onaylı),-,-,"📉 Düşüş Hazırlığı (50<100 Kesti, 150 Bekleniyor)",🟠 Daralıyor,🟡Fiyat Orta-Üst Bant Aralığında,EMA21 Destek: 18.33 (%0.1 altta) | EMA55 Direnç: 19.10 (%4.1 üstte),-,21.34-21.75 (%16.3 üstte),48.02,96.37,0.77,0.28,0.0,,
2026-08-13 18:19,INDA,49.94,🟢 Yükseliş Trendinde,🔴 SAT,-,-,🔴 Ayı Piyasası (EMA 50 En Altta),⚪ Yelpaze Açık,🟡Fiyat Orta-Üst Bant Aralığında,EMA21 Destek: 49.60 (%0.7 altta) | EMA5 Direnç: 50.04 (%0.2 üstte),47.28-47.85 (%4.2 altta),54.75-55.02 (%9.6 üstte),55.8,68.72,0.75,-1.62,0.0,,
2026-08-13 18:19,IWM,303.48,🟢 Yükseliş Trendinde,🟢 AL (Trend Onaylı),-,-,🟢 EMA Yükselişte (SSL Ok Bekleniyor),🟡 Normal Genişlik,🟡Fiyat Orta-Üst Bant Aralığında,EMA5 Destek: 301.69 (%0.6 altta),238.69-245.37 (%19.1 altta),-,61.39,93.22,0.87,12.16,0.0,,
2026-08-13 18:19,MARS,28.43,🟢 Yükseliş Trendinde,🟢 AL (Trend Onaylı),-,-,-,-,🟡Fiyat Orta-Üst Bant Aralığında,EMA55 Destek: 28.27 (%0.6 altta) | EMA100 Direnç: 29.78 (%4.8 üstte),-,43.89-45.92 (%54.4 üstte),56.9,96.22,0.92,-,0.0,,
2026-08-13 18:19,NASA,26.42,🟢 Yükseliş Trendinde,🟢 AL (Trend Onaylı),-,-,-,-,🟡Fiyat Orta-Üst Bant Aralığında,EMA5 Destek: 25.82 (%2.3 altta) | EMA55 Direnç: 26.66 (%0.9 üstte),-,-,56.59,97.93,0.92,-,0.0,,
2026-08-13 18:19,PA=F,1327.0,🟢 Yükseliş Trendinde,🔴 SAT,🩸 SAT (Zirveden Dönüş),-,🔴 Ayı Piyasası (EMA 50 En Altta),🟡 Normal Genişlik,🟡Fiyat Orta-Üst Bant Aralığında,EMA55 Destek: 1322.71 (%0.3 altta) | EMA5 Direnç: 1351.79 (%1.9 üstte),-,1774.50-1842.00 (%33.7 üstte),52.38,72.29,0.75,-6.07,0.0,,
2026-08-13 18:19,PHO,71.63,🟢 Yükseliş Trendinde,🔴 SAT,-,-,🟢 EMA Yükselişte (SSL Ok Bekleniyor),⚪ Yelpaze Açık,🟡Fiyat Orta-Üst Bant Aralığında,EMA21 Destek: 71.06 (%0.8 altta) | EMA5 Direnç: 72.26 (%0.9 üstte),-,72.60-73.56 (%1.4 üstte),56.02,44.45,0.68,2.01,0.0,,
2026-08-13 18:19,PL=F,1728.1,🟢 Yükseliş Trendinde,⏳ BEKLE,🩸 SAT (Zirveden Dönüş),-,🔴 Ayı Piyasası (EMA 50 En Altta),🟡 Normal Genişlik,🟡Fiyat Orta-Üst Bant Aralığında,EMA55 Destek: 1724.99 (%0.2 altta) | EMA5 Direnç: 1737.84 (%0.6 üstte),-,2357.40-2365.60 (%36.4 üstte),55.95,88.59,0.86,-3.32,0.0,,
2026-08-13 18:19,QQQ,732.44,🟢 Yükseliş Trendinde,🟢 AL (Trend Onaylı),-,-,🟢 EMA Yükselişte (SSL Ok Bekleniyor),⚪ Yelpaze Açık,🟡Fiyat Orta-Üst Bant Aralığında,EMA5 Destek: 723.55 (%1.2 altta),555.60-568.05 (%22.4 altta),732.51-741.82 (%0.0 üstte),60.24,94.89,0.89,11.56,0.0,,
2026-08-13 18:19,SI=F,65.0,🟢 Yükseliş Trendinde,🟢 AL (Trend Onaylı),-,-,🔴 Ayı Piyasası (EMA 50 En Altta),🟡 Normal Genişlik,🟡Fiyat Orta-Üst Bant Aralığında,EMA5 Destek: 64.38 (%1.0 altta) | EMA100 Direnç: 66.38 (%2.1 üstte),-,86.93-88.89 (%33.7 üstte),61.04,95.06,0.93,1.29,0.0,,
2026-08-13 18:19,SOXX,560.34,🔴 Düşüş Trendinde,🟢 AL (Trend Onaylı),-,-,🚀 ASIL SİNYAL: GÜÇLÜ AL (EMA Sıralı + SSL Onay),🟠 Daralıyor,🟡Fiyat Orta-Üst Bant Aralığında,EMA5 Destek: 544.62 (%2.8 altta),-,643.93-655.95 (%14.9 üstte),55.25,96.41,0.81,31.18,0.0,,
2026-08-13 18:19,VNM,17.48,🟢 Yükseliş Trendinde,⏳ BEKLE,🩸 SAT (Zirveden Dönüş),-,🔴 Ayı Piyasası (EMA 50 En Altta),⚪ Yelpaze Açık,🟡Fiyat Orta-Üst Bant Aralığında,EMA21 Destek: 17.42 (%0.3 altta) | EMA5 Direnç: 17.56 (%0.5 üstte),-,19.58-19.78 (%12.0 üstte),50.3,90.73,0.81,-3.12,0.0,,
2026-08-13 18:19,WQTM,35.36,🟢 Yükseliş Trendinde,🟢 AL (Trend Onaylı),-,-,🟢 EMA Yükselişte (SSL Ok Bekleniyor),⚪ Yelpaze Açık,🟡Fiyat Orta-Üst Bant Aralığında,EMA5 Destek: 34.65 (%2.0 altta),23.18-24.30 (%31.3 altta),-,58.86,96.83,0.9,17.28,0.0,,
2026-08-13 18:19,XBI,158.45,🟢 Yükseliş Trendinde,🟢 AL (Trend Onaylı),-,-,⚪ Karışık / Testere Piyasası,⚪ Yelpaze Açık,🟡Fiyat Orta-Üst Bant Aralığında,EMA5 Destek: 157.65 (%0.5 altta),-,-,60.77,96.04,0.87,21.11,0.0,,
2026-08-13 18:19,XLV,168.84,🟢 Yükseliş Trendinde,🟢 AL (Trend Onaylı),-,-,🟢 EMA Yükselişte (SSL Ok Bekleniyor),⚪ Yelpaze Açık,🟡Fiyat Orta-Üst Bant Aralığında,EMA5 Destek: 167.70 (%0.7 altta),145.31-147.27 (%12.8 altta),-,66.78,86.45,0.59,10.39,0.0,,
2026-08-13 18:19,XU100.IS,14129.73,🟢 Yükseliş Trendinde,🟢 AL (Trend Onaylı),-,-,🟢 EMA Yükselişte (SSL Ok Bekleniyor),🟠 Daralıyor,🟡Fiyat Orta-Üst Bant Aralığında,EMA55 Destek: 13961.05 (%1.2 altta),-,-,56.62,94.0,0.68,8.91,0.0,,
2026-08-13 21:11,AIQ,64.32,🟢 Yükseliş Trendinde,🟢 AL (Trend Onaylı),-,-,🟢 EMA Yükselişte (SSL Ok Bekleniyor),⚪ Yelpaze Açık,🟡Fiyat Orta-Üst Bant Aralığında,EMA5 Destek: 63.49 (%1.3 altta),44.46-45.83 (%28.7 altta),-,58.69,98.39,0.9,15.51,0.0,,
2026-08-13 21:11,ALUM.L,4.37,🟢 Yükseliş Trendinde,⏳ BEKLE,🩸 SAT (Zirveden Dönüş),-,"📉 Düşüş Hazırlığı (50<100 Kesti, 150 Bekleniyor)",🟡 Normal Genişlik,🟡Fiyat Orta-Üst Bant Aralığında,EMA21 Destek: 4.34 (%0.7 altta) | EMA55 Direnç: 4.38 (%0.3 üstte),3.64-3.71 (%15.1 altta),-,52.73,79.57,0.9,4.78,0.0,,
2026-08-13 21:11,BZ=F,87.34,🔴 Düşüş Trendinde,🟢 AL (Trend Onaylı),-,-,"📉 Düşüş Hazırlığı (50<100 Kesti, 150 Bekleniyor)",🟠 Daralıyor,⚪Fiyat Alt_Orta Bant Aralığında,EMA55 Destek: 87.15 (%0.2 altta) | EMA100 Direnç: 87.43 (%0.1 üstte),59.45-60.91 (%30.3 altta),106.87-112.69 (%22.4 üstte),51.85,54.44,-0.05,9.2,0.0,,
2026-08-13 21:11,CCJ,98.34,🟢 Yükseliş Trendinde,🟢 AL (Trend Onaylı),-,-,🔴 Ayı Piyasası (EMA 50 En Altta),⚪ Yelpaze Açık,🟡Fiyat Orta-Üst Bant Aralığında,EMA55 Destek: 97.83 (%0.5 altta) | EMA200 Direnç: 99.21 (%0.9 üstte),-,-,58.26,97.97,0.92,-0.88,0.0,,
2026-08-13 21:11,CGW,65.59,🟢 Yükseliş Trendinde,🔴 SAT,-,-,⚠️ Yükseliş Trendinde Düzeltme (SSL Negatif),🟠 Daralıyor,⚪Fiyat Alt_Orta Bant Aralığında,EMA55 Destek: 64.96 (%1.0 altta) | EMA21 Direnç: 65.60 (%0.0 üstte),-,-,51.3,33.81,0.62,1.5,0.0,,
2026-08-13 21:11,COPA,52.69,🟢 Yükseliş Trendinde,⏳ BEKLE,🩸 SAT (Zirveden Dönüş),-,🟢 EMA Yükselişte (SSL Ok Bekleniyor),⚪ Yelpaze Açık,🟡Fiyat Orta-Üst Bant Aralığında,EMA21 Destek: 50.77 (%3.7 altta) | EMA5 Direnç: 53.33 (%1.2 üstte),-,54.23-55.84 (%2.9 üstte),58.12,78.38,0.9,16.3,0.0,,
2026-08-13 21:11,COPX,85.57,🟢 Yükseliş Trendinde,⏳ BEKLE,-,-,🟢 EMA Yükselişte (SSL Ok Bekleniyor),⚪ Yelpaze Açık,🟡Fiyat Orta-Üst Bant Aralığında,EMA21 Destek: 82.87 (%3.2 altta) | EMA5 Direnç: 86.93 (%1.6 üstte),-,91.20-93.89 (%6.6 üstte),57.41,74.89,0.9,13.56,0.0,,
2026-08-13 21:11,EEM,66.78,🟢 Yükseliş Trendinde,🟢 AL (Trend Onaylı),-,-,🟢 EMA Yükselişte (SSL Ok Bekleniyor),🟠 Daralıyor,🟡Fiyat Orta-Üst Bant Aralığında,EMA5 Destek: 66.03 (%1.1 altta),52.58-53.31 (%20.2 altta),-,56.85,95.95,0.84,9.87,0.0,,
2026-08-13 21:11,EWZ,33.86,🔴 Düşüş Trendinde,🔴 SAT,-,-,"📉 Düşüş Hazırlığı (50<100 Kesti, 150 Bekleniyor)",🟡 Normal Genişlik,🚨Fiyat Bandın Altında!,EMA5 Direnç: 34.40 (%1.6 üstte),-,36.15-36.84 (%6.8 üstte),35.24,0.0,-0.77,-2.1,-0.17,,
2026-08-13 21:11,GC=F,4415.9,🟢 Yükseliş Trendinde,🟢 AL (Trend Onaylı),-,-,🔴 Ayı Piyasası (EMA 50 En Altta),⚪ Yelpaze Açık,🟡Fiyat Orta-Üst Bant Aralığında,EMA5 Destek: 4366.11 (%1.1 altta),-,4767.20-4879.70 (%8.0 üstte),68.67,100.0,0.93,2.97,0.0,,
2026-08-13 21:11,GLTR,197.18,🟢 Yükseliş Trendinde,⏳ BEKLE,🩸 SAT (Zirveden Dönüş),-,🔴 Ayı Piyasası (EMA 50 En Altta),⚪ Yelpaze Açık,🟡Fiyat Orta-Üst Bant Aralığında,EMA5 Destek: 196.76 (%0.2 altta) | EMA100 Direnç: 198.62 (%0.7 üstte),-,248.82-257.80 (%26.2 üstte),60.77,87.45,0.92,0.55,0.0,,
2026-08-13 21:11,HG=F,6.6,🟢 Yükseliş Trendinde,🔴 SAT,-,-,🟢 EMA Yükselişte (SSL Ok Bekleniyor),🟡 Normal Genişlik,🟡Fiyat Orta-Üst Bant Aralığında,EMA21 Destek: 6.49 (%1.7 altta) | EMA5 Direnç: 6.60 (%0.0 üstte),5.79-5.90 (%10.6 altta),-,59.42,58.08,0.79,13.51,0.0,,
2026-08-13 21:11,IBB,199.46,🟢 Yükseliş Trendinde,🟢 AL (Trend Onaylı),-,-,⚪ Karışık / Testere Piyasası,⚪ Yelpaze Açık,🟡Fiyat Orta-Üst Bant Aralığında,EMA5 Destek: 198.59 (%0.4 altta),163.90-167.80 (%15.9 altta),-,65.78,93.8,0.89,16.02,0.0,,
2026-08-13 21:11,ICLN,18.39,🔴 Düşüş Trendinde,🟢 AL (Trend Onaylı),-,-,"📉 Düşüş Hazırlığı (50<100 Kesti, 150 Bekleniyor)",🟠 Daralıyor,🟡Fiyat Orta-Üst Bant Aralığında,EMA21 Destek: 18.34 (%0.3 altta) | EMA55 Direnç: 19.11 (%3.9 üstte),-,21.34-21.75 (%16.1 üstte),48.43,97.03,0.77,0.47,0.0,,
2026-08-13 21:11,INDA,49.96,🟢 Yükseliş Trendinde,🔴 SAT,-,-,🔴 Ayı Piyasası (EMA 50 En Altta),⚪ Yelpaze Açık,🟡Fiyat Orta-Üst Bant Aralığında,EMA21 Destek: 49.61 (%0.7 altta) | EMA5 Direnç: 50.03 (%0.2 üstte),47.28-47.85 (%4.2 altta),54.75-55.02 (%9.6 üstte),56.04,69.44,0.71,-1.63,0.0,,
2026-08-13 21:11,IWM,303.2,🟢 Yükseliş Trendinde,🟢 AL (Trend Onaylı),-,-,🟢 EMA Yükselişte (SSL Ok Bekleniyor),🟡 Normal Genişlik,🟡Fiyat Orta-Üst Bant Aralığında,EMA5 Destek: 301.60 (%0.5 altta),238.69-245.37 (%19.1 altta),-,61.04,92.74,0.87,12.05,0.0,,
2026-08-13 21:11,MARS,28.47,🟢 Yükseliş Trendinde,🟢 AL (Trend Onaylı),-,-,-,-,🟡Fiyat Orta-Üst Bant Aralığında,EMA5 Destek: 27.93 (%1.9 altta) | EMA55 Direnç: 28.52 (%0.2 üstte),-,43.89-45.92 (%54.2 üstte),55.75,97.48,0.93,-,0.0,,
2026-08-13 21:11,NASA,26.5,🟢 Yükseliş Trendinde,🟢 AL (Trend Onaylı),-,-,-,-,🟡Fiyat Orta-Üst Bant Aralığında,EMA5 Destek: 25.84 (%2.5 altta) | EMA55 Direnç: 26.66 (%0.6 üstte),-,-,57.01,98.37,0.92,-,0.0,,
2026-08-13 21:11,PA=F,1321.0,🟢 Yükseliş Trendinde,🔴 SAT,🩸 SAT (Zirveden Dönüş),-,🔴 Ayı Piyasası (EMA 50 En Altta),🟡 Normal Genişlik,🟡Fiyat Orta-Üst Bant Aralığında,EMA21 Destek: 1317.12 (%0.3 altta) | EMA55 Direnç: 1322.50 (%0.1 üstte),-,1774.50-1842.00 (%34.3 üstte),51.5,70.28,0.73,-6.49,0.0,,
2026-08-13 21:11,PHO,71.71,🟢 Yükseliş Trendinde,🔴 SAT,-,-,🟢 EMA Yükselişte (SSL Ok Bekleniyor),⚪ Yelpaze Açık,🟡Fiyat Orta-Üst Bant Aralığında,EMA21 Destek: 71.07 (%0.9 altta) | EMA5 Direnç: 72.29 (%0.8 üstte),-,72.60-73.56 (%1.2 üstte),56.53,45.86,0.69,2.12,0.0,,
2026-08-13 21:11,PL=F,1725.9,🟢 Yükseliş Trendinde,⏳ BEKLE,🩸 SAT (Zirveden Dönüş),-,🔴 Ayı Piyasası (EMA 50 En Altta),🟡 Normal Genişlik,🟡Fiyat Orta-Üst Bant Aralığında,EMA55 Destek: 1724.91 (%0.1 altta) | EMA5 Direnç: 1737.11 (%0.6 üstte),-,2357.40-2365.60 (%36.6 üstte),55.61,88.02,0.85,-3.45,0.0,,
2026-08-13 21:11,QQQ,732.21,🟢 Yükseliş Trendinde,🟢 AL (Trend Onaylı),-,-,🟢 EMA Yükselişte (SSL Ok Bekleniyor),⚪ Yelpaze Açık,🟡Fiyat Orta-Üst Bant Aralığında,EMA5 Destek: 723.47 (%1.2 altta),555.60-568.05 (%22.4 altta),732.51-741.82 (%0.0 üstte),60.16,94.89,0.89,11.53,0.0,,
2026-08-13 21:11,SI=F,64.85,🟢 Yükseliş Trendinde,🟢 AL (Trend Onaylı),🩸 SAT (Zirveden Dönüş),-,🔴 Ayı Piyasası (EMA 50 En Altta),🟡 Normal Genişlik,🟡Fiyat Orta-Üst Bant Aralığında,EMA5 Destek: 64.32 (%0.8 altta) | EMA100 Direnç: 66.38 (%2.4 üstte),-,86.93-88.89 (%34.1 üstte),60.48,94.22,0.93,1.05,0.0,,
2026-08-13 21:11,SOXX,558.46,🔴 Düşüş Trendinde,🟢 AL (Trend Onaylı),-,-,🚀 ASIL SİNYAL: GÜÇLÜ AL (EMA Sıralı + SSL Onay),🟠 Daralıyor,🟡Fiyat Orta-Üst Bant Aralığında,EMA5 Destek: 543.99 (%2.6 altta),-,643.93-655.95 (%15.3 üstte),54.86,96.41,0.81,30.74,0.0,,
2026-08-13 21:11,VNM,17.52,🟢 Yükseliş Trendinde,⏳ BEKLE,🩸 SAT (Zirveden Dönüş),-,🔴 Ayı Piyasası (EMA 50 En Altta),⚪ Yelpaze Açık,🟡Fiyat Orta-Üst Bant Aralığında,EMA21 Destek: 17.48 (%0.3 altta) | EMA5 Direnç: 17.58 (%0.3 üstte),-,19.58-19.78 (%11.7 üstte),49.85,91.79,0.83,-3.03,0.0,,
2026-08-13 21:11,WQTM,35.34,🟢 Yükseliş Trendinde,🟢 AL (Trend Onaylı),-,-,🟢 EMA Yükselişte (SSL Ok Bekleniyor),⚪ Yelpaze Açık,🟡Fiyat Orta-Üst Bant Aralığında,EMA5 Destek: 34.64 (%2.0 altta),23.18-24.30 (%31.2 altta),-,57.7,96.99,0.89,17.3,0.0,,
2026-08-13 21:11,XBI,157.65,🟢 Yükseliş Trendinde,🟢 AL (Trend Onaylı),-,-,⚪ Karışık / Testere Piyasası,⚪ Yelpaze Açık,🟡Fiyat Orta-Üst Bant Aralığında,EMA5 Destek: 157.38 (%0.2 altta),-,-,58.96,92.91,0.86,20.51,0.0,,
2026-08-13 21:11,XLV,168.15,🟢 Yükseliş Trendinde,🟢 AL (Trend Onaylı),-,-,🟢 EMA Yükselişte (SSL Ok Bekleniyor),⚪ Yelpaze Açık,🟡Fiyat Orta-Üst Bant Aralığında,EMA5 Destek: 167.47 (%0.4 altta),145.31-147.27 (%12.4 altta),-,64.94,82.1,0.57,9.95,0.0,,
2026-08-13 21:11,XU100.IS,14132.23,🟢 Yükseliş Trendinde,🟢 AL (Trend Onaylı),-,-,🟢 EMA Yükselişte (SSL Ok Bekleniyor),🟠 Daralıyor,🟡Fiyat Orta-Üst Bant Aralığında,EMA55 Destek: 13961.14 (%1.2 altta),-,-,56.68,94.0,0.68,8.93,0.0,,
2026-08-14 14:12,AIQ,64.62,🟢 Yükseliş Trendinde,🟢 AL (Trend Onaylı),-,-,🟢 EMA Yükselişte (SSL Ok Bekleniyor),⚪ Yelpaze Açık,🟡Fiyat Orta-Üst Bant Aralığında,EMA5 Destek: 63.50 (%1.7 altta),44.46-45.83 (%29.1 altta),-,60.71,100.0,0.92,16.1,0.0,,
2026-08-14 14:12,ALUM.L,4.36,🟢 Yükseliş Trendinde,⏳ BEKLE,-,-,"📉 Düşüş Hazırlığı (50<100 Kesti, 150 Bekleniyor)",🟡 Normal Genişlik,🟡Fiyat Orta-Üst Bant Aralığında,EMA21 Destek: 4.34 (%0.3 altta) | EMA55 Direnç: 4.38 (%0.6 üstte),3.64-3.71 (%14.9 altta),-,51.46,65.95,0.87,4.53,0.0,,
2026-08-14 14:12,BZ=F,87.01,🔴 Düşüş Trendinde,🟢 AL (Trend Onaylı),-,-,"📉 Düşüş Hazırlığı (50<100 Kesti, 150 Bekleniyor)",🟠 Daralıyor,⚪Fiyat Alt_Orta Bant Aralığında,EMA21 Destek: 86.21 (%0.9 altta) | EMA5 Direnç: 87.04 (%0.0 üstte),59.45-60.91 (%30.0 altta),106.87-112.69 (%22.8 üstte),51.39,65.06,0.06,8.72,0.0,,
2026-08-14 14:12,CCJ,97.75,🟢 Yükseliş Trendinde,🟢 AL (Trend Onaylı),-,-,🔴 Ayı Piyasası (EMA 50 En Altta),⚪ Yelpaze Açık,🟡Fiyat Orta-Üst Bant Aralığında,EMA5 Destek: 97.36 (%0.4 altta) | EMA55 Direnç: 97.80 (%0.1 üstte),-,-,56.95,96.32,0.92,-1.51,0.0,,
2026-08-14 14:12,CGW,65.63,🟢 Yükseliş Trendinde,🔴 SAT,-,-,⚠️ Yükseliş Trendinde Düzeltme (SSL Negatif),🟠 Daralıyor,🟡Fiyat Orta-Üst Bant Aralığında,EMA21 Destek: 65.60 (%0.0 altta) | EMA5 Direnç: 65.91 (%0.4 üstte),-,-,51.62,33.82,0.6,1.54,0.0,,
2026-08-14 14:12,COPA,52.5,🟢 Yükseliş Trendinde,⏳ BEKLE,🩸 SAT (Zirveden Dönüş),-,🟢 EMA Yükselişte (SSL Ok Bekleniyor),⚪ Yelpaze Açık,🟡Fiyat Orta-Üst Bant Aralığında,EMA21 Destek: 50.47 (%3.9 altta) | EMA5 Direnç: 53.09 (%1.1 üstte),-,54.23-55.84 (%3.3 üstte),58.06,81.6,0.9,15.84,0.0,,
2026-08-14 14:12,COPX,85.52,🟢 Yükseliş Trendinde,⏳ BEKLE,-,-,🟢 EMA Yükselişte (SSL Ok Bekleniyor),⚪ Yelpaze Açık,🟡Fiyat Orta-Üst Bant Aralığında,EMA21 Destek: 82.86 (%3.1 altta) | EMA5 Direnç: 86.91 (%1.6 üstte),-,91.20-93.89 (%6.6 üstte),57.31,74.73,0.9,13.47,0.0,,
2026-08-14 14:12,EEM,66.68,🟢 Yükseliş Trendinde,🟢 AL (Trend Onaylı),-,-,🟢 EMA Yükselişte (SSL Ok Bekleniyor),🚨 BB SIKIŞMA,🟡Fiyat Orta-Üst Bant Aralığında,EMA5 Destek: 66.00 (%1.0 altta),52.58-53.31 (%20.1 altta),-,56.5,95.95,0.83,9.75,0.0,,
2026-08-14 14:12,EWZ,33.77,🔴 Düşüş Trendinde,🔴 SAT,-,🟢 POTANSİYEL DİP,"📉 Düşüş Hazırlığı (50<100 Kesti, 150 Bekleniyor)",🟡 Normal Genişlik,🚨Fiyat Bandın Altında!,EMA5 Direnç: 34.37 (%1.8 üstte),-,36.15-36.84 (%7.0 üstte),34.24,0.0,-0.77,-2.43,-0.42,,
2026-08-14 14:12,GC=F,4406.9,🟢 Yükseliş Trendinde,⏳ BEKLE,-,-,🔴 Ayı Piyasası (EMA 50 En Altta),⚪ Yelpaze Açık,🟡Fiyat Orta-Üst Bant Aralığında,EMA5 Destek: 4368.08 (%0.9 altta),-,4767.20-4879.70 (%8.2 üstte),66.02,90.52,0.94,2.68,0.0,,
2026-08-14 14:12,GLTR,196.53,🟢 Yükseliş Trendinde,⏳ BEKLE,🩸 SAT (Zirveden Dönüş),-,🔴 Ayı Piyasası (EMA 50 En Altta),⚪ Yelpaze Açık,🟡Fiyat Orta-Üst Bant Aralığında,EMA200 Destek: 196.24 (%0.1 altta) | EMA5 Direnç: 196.54 (%0.0 üstte),-,248.82-257.80 (%26.6 üstte),59.76,86.07,0.92,0.15,0.0,,
2026-08-14 14:12,HG=F,6.58,🟢 Yükseliş Trendinde,🔴 SAT,-,-,🟢 EMA Yükselişte (SSL Ok Bekleniyor),🟡 Normal Genişlik,🟡Fiyat Orta-Üst Bant Aralığında,EMA21 Destek: 6.49 (%1.3 altta) | EMA5 Direnç: 6.59 (%0.1 üstte),5.79-5.90 (%10.4 altta),-,58.32,53.5,0.7,13.12,0.0,,
2026-08-14 14:12,IBB,198.94,🟢 Yükseliş Trendinde,🟢 AL (Trend Onaylı),-,-,⚪ Karışık / Testere Piyasası,⚪ Yelpaze Açık,🟡Fiyat Orta-Üst Bant Aralığında,EMA5 Destek: 198.39 (%0.3 altta),163.90-167.80 (%15.7 altta),-,64.86,91.86,0.86,15.36,0.0,,
2026-08-14 14:12,ICLN,18.36,🔴 Düşüş Trendinde,🟢 AL (Trend Onaylı),-,-,"📉 Düşüş Hazırlığı (50<100 Kesti, 150 Bekleniyor)",🟠 Daralıyor,🟡Fiyat Orta-Üst Bant Aralığında,EMA21 Destek: 18.34 (%0.1 altta) | EMA55 Direnç: 19.10 (%4.1 üstte),-,21.34-21.75 (%16.2 üstte),48.13,96.56,0.77,0.36,0.0,,
2026-08-14 14:12,INDA,49.98,🟢 Yükseliş Trendinde,🔴 SAT,-,-,🔴 Ayı Piyasası (EMA 50 En Altta),⚪ Yelpaze Açık,🟡Fiyat Orta-Üst Bant Aralığında,EMA21 Destek: 49.60 (%0.8 altta) | EMA5 Direnç: 50.06 (%0.2 üstte),47.28-47.85 (%4.3 altta),54.75-55.02 (%9.5 üstte),56.24,69.39,0.76,-1.56,0.0,,
2026-08-14 14:12,IWM,303.5,🟢 Yükseliş Trendinde,🟢 AL (Trend Onaylı),-,-,🟢 EMA Yükselişte (SSL Ok Bekleniyor),🟡 Normal Genişlik,🟡Fiyat Orta-Üst Bant Aralığında,EMA5 Destek: 301.70 (%0.6 altta),238.69-245.37 (%19.2 altta),-,61.42,93.22,0.87,12.18,0.0,,
2026-08-14 14:12,MARS,28.27,🟢 Yükseliş Trendinde,🟢 AL (Trend Onaylı),-,-,-,-,🟡Fiyat Orta-Üst Bant Aralığında,EMA55 Destek: 28.26 (%0.0 altta) | EMA100 Direnç: 29.78 (%5.3 üstte),-,43.89-45.92 (%55.3 üstte),56.17,95.45,0.92,-,0.0,,
2026-08-14 14:12,NASA,26.36,🟢 Yükseliş Trendinde,🟢 AL (Trend Onaylı),-,-,-,-,🟡Fiyat Orta-Üst Bant Aralığında,EMA5 Destek: 25.80 (%2.1 altta) | EMA55 Direnç: 26.66 (%1.1 üstte),-,-,56.28,97.61,0.92,-,0.0,,
2026-08-14 14:12,PA=F,1310.5,🟢 Yükseliş Trendinde,🔴 SAT,-,-,🔴 Ayı Piyasası (EMA 50 En Altta),🟡 Normal Genişlik,🟡Fiyat Orta-Üst Bant Aralığında,EMA21 Direnç: 1316.65 (%0.5 üstte),-,1774.50-1842.00 (%35.4 üstte),49.9,49.47,0.62,-7.27,0.0,,
2026-08-14 14:12,PHO,72.21,🟢 Yükseliş Trendinde,🔴 SAT,-,-,🟢 EMA Yükselişte (SSL Ok Bekleniyor),⚪ Yelpaze Açık,🟡Fiyat Orta-Üst Bant Aralığında,EMA21 Destek: 71.11 (%1.5 altta) | EMA5 Direnç: 72.46 (%0.3 üstte),-,72.60-73.56 (%0.5 üstte),59.58,54.18,0.73,2.81,0.0,,
2026-08-14 14:12,PL=F,1730.5,🟢 Yükseliş Trendinde,🔴 SAT,-,-,🔴 Ayı Piyasası (EMA 50 En Altta),🟡 Normal Genişlik,🟡Fiyat Orta-Üst Bant Aralığında,EMA55 Destek: 1725.09 (%0.3 altta) | EMA5 Direnç: 1734.75 (%0.2 üstte),1576.40-1627.00 (%6.0 altta),2357.40-2365.60 (%36.2 üstte),56.19,80.7,0.81,-3.23,0.0,,
2026-08-14 14:12,QQQ,732.07,🟢 Yükseliş Trendinde,🟢 AL (Trend Onaylı),-,-,🟢 EMA Yükselişte (SSL Ok Bekleniyor),⚪ Yelpaze Açık,🟡Fiyat Orta-Üst Bant Aralığında,EMA5 Destek: 723.43 (%1.2 altta),555.60-568.05 (%22.4 altta),732.51-741.82 (%0.1 üstte),60.12,94.89,0.89,11.55,0.0,,
2026-08-14 14:12,SI=F,64.79,🟢 Yükseliş Trendinde,⏳ BEKLE,🩸 SAT (Zirveden Dönüş),-,🔴 Ayı Piyasası (EMA 50 En Altta),🟡 Normal Genişlik,🟡Fiyat Orta-Üst Bant Aralığında,EMA5 Destek: 64.49 (%0.5 altta) | EMA100 Direnç: 66.34 (%2.4 üstte),-,86.93-88.89 (%34.2 üstte),60.26,91.87,0.94,0.87,0.0,,
2026-08-14 14:12,SOXX,550.74,🔴 Düşüş Trendinde,🟢 AL (Trend Onaylı),-,-,🟢 EMA Yükselişte (SSL Ok Bekleniyor),🟠 Daralıyor,🟡Fiyat Orta-Üst Bant Aralığında,EMA5 Destek: 541.42 (%1.7 altta),-,643.93-655.95 (%16.9 üstte),53.15,96.41,0.8,29.1,0.0,,
2026-08-14 14:12,VNM,17.52,🟢 Yükseliş Trendinde,⏳ BEKLE,🩸 SAT (Zirveden Dönüş),-,🔴 Ayı Piyasası (EMA 50 En Altta),⚪ Yelpaze Açık,🟡Fiyat Orta-Üst Bant Aralığında,EMA21 Destek: 17.42 (%0.6 altta) | EMA5 Direnç: 17.58 (%0.3 üstte),-,19.58-19.78 (%11.8 üstte),51.03,91.6,0.82,-2.88,0.0,,
2026-08-14 14:12,WQTM,35.23,🟢 Yükseliş Trendinde,🟢 AL (Trend Onaylı),-,-,🟢 EMA Yükselişte (SSL Ok Bekleniyor),⚪ Yelpaze Açık,🟡Fiyat Orta-Üst Bant Aralığında,EMA5 Destek: 34.61 (%1.8 altta),23.18-24.30 (%31.0 altta),-,58.35,96.77,0.9,16.85,0.0,,
2026-08-14 14:12,XBI,156.86,🟢 Yükseliş Trendinde,🟢 AL (Trend Onaylı),-,-,⚪ Karışık / Testere Piyasası,⚪ Yelpaze Açık,🟡Fiyat Orta-Üst Bant Aralığında,EMA21 Destek: 153.96 (%1.8 altta) | EMA5 Direnç: 157.12 (%0.2 üstte),-,-,57.26,89.96,0.85,19.88,0.0,,
2026-08-14 14:12,XLV,168.38,🟢 Yükseliş Trendinde,🟢 AL (Trend Onaylı),-,-,🟢 EMA Yükselişte (SSL Ok Bekleniyor),⚪ Yelpaze Açık,🟡Fiyat Orta-Üst Bant Aralığında,EMA5 Destek: 167.55 (%0.5 altta),145.31-147.27 (%12.5 altta),-,65.79,84.12,0.57,10.06,0.0,,
2026-08-14 14:12,XU100.IS,14177.12,🟢 Yükseliş Trendinde,🟢 AL (Trend Onaylı),-,-,🟢 EMA Yükselişte (SSL Ok Bekleniyor),🟠 Daralıyor,🟡Fiyat Orta-Üst Bant Aralığında,EMA5 Destek: 14024.76 (%1.1 altta),-,-,57.78,100.0,0.84,9.18,0.0,,
2026-08-14 18:10,AIQ,64.26,🟢 Yükseliş Trendinde,🟢 AL (Trend Onaylı),-,-,🟢 EMA Yükselişte (SSL Ok Bekleniyor),⚪ Yelpaze Açık,🟡Fiyat Orta-Üst Bant Aralığında,EMA5 Destek: 63.82 (%0.7 altta),44.46-45.83 (%28.7 altta),-,59.02,98.02,0.92,15.13,0.0,,
2026-08-14 18:10,ALUM.L,4.38,🟢 Yükseliş Trendinde,⏳ BEKLE,-,-,"📉 Düşüş Hazırlığı (50<100 Kesti, 150 Bekleniyor)",🟡 Normal Genişlik,🟡Fiyat Orta-Üst Bant Aralığında,EMA21 Destek: 4.35 (%0.7 altta) | EMA55 Direnç: 4.38 (%0.2 üstte),3.64-3.71 (%15.2 altta),-,52.94,67.85,0.89,4.91,0.0,,
2026-08-14 18:10,BZ=F,87.86,🔴 Düşüş Trendinde,🟢 AL (Trend Onaylı),-,-,"📉 Düşüş Hazırlığı (50<100 Kesti, 150 Bekleniyor)",🟠 Daralıyor,⚪Fiyat Alt_Orta Bant Aralığında,EMA100 Destek: 87.44 (%0.5 altta),59.45-60.91 (%30.7 altta),106.87-112.69 (%21.6 üstte),52.56,68.12,0.08,9.77,0.0,,
2026-08-14 18:10,CCJ,98.64,🟢 Yükseliş Trendinde,🟢 AL (Trend Onaylı),-,-,🔴 Ayı Piyasası (EMA 50 En Altta),⚪ Yelpaze Açık,🟡Fiyat Orta-Üst Bant Aralığında,EMA55 Destek: 97.83 (%0.8 altta) | EMA200 Direnç: 99.24 (%0.6 üstte),-,-,58.47,94.56,0.94,-0.6,0.0,,
2026-08-14 18:10,CGW,65.28,🟢 Yükseliş Trendinde,🔴 SAT,-,-,⚠️ Yükseliş Trendinde Düzeltme (SSL Negatif),🟠 Daralıyor,⚪Fiyat Alt_Orta Bant Aralığında,EMA55 Destek: 65.00 (%0.4 altta) | EMA21 Direnç: 65.57 (%0.5 üstte),-,-,48.48,17.12,0.36,0.99,0.0,,
2026-08-14 18:10,COPA,52.5,🟢 Yükseliş Trendinde,🔴 SAT,-,-,🟢 EMA Yükselişte (SSL Ok Bekleniyor),⚪ Yelpaze Açık,🟡Fiyat Orta-Üst Bant Aralığında,EMA21 Destek: 50.95 (%2.9 altta) | EMA5 Direnç: 53.01 (%1.0 üstte),-,54.23-55.84 (%3.3 üstte),57.57,65.88,0.85,15.44,0.0,,
2026-08-14 18:10,COPX,86.16,🟢 Yükseliş Trendinde,🔴 SAT,-,-,🟢 EMA Yükselişte (SSL Ok Bekleniyor),⚪ Yelpaze Açık,🟡Fiyat Orta-Üst Bant Aralığında,EMA21 Destek: 83.16 (%3.5 altta) | EMA5 Direnç: 86.66 (%0.6 üstte),-,91.20-93.89 (%5.8 üstte),58.47,64.04,0.85,14.16,0.0,,
2026-08-14 18:10,EEM,66.76,🟢 Yükseliş Trendinde,🟢 AL (Trend Onaylı),-,-,🟢 EMA Yükselişte (SSL Ok Bekleniyor),🟠 Daralıyor,🟡Fiyat Orta-Üst Bant Aralığında,EMA5 Destek: 66.25 (%0.8 altta),52.58-53.31 (%20.1 altta),-,56.81,100.0,0.87,9.77,0.0,,
2026-08-14 18:10,EWZ,33.73,🔴 Düşüş Trendinde,🔴 SAT,-,🟢 POTANSİYEL DİP,"📉 Düşüş Hazırlığı (50<100 Kesti, 150 Bekleniyor)",⚪ Yelpaze Açık,⚪Fiyat Alt_Orta Bant Aralığında,EMA5 Direnç: 34.15 (%1.3 üstte),-,36.15-36.84 (%7.2 üstte),33.96,0.0,-0.85,-2.52,0.0,,
2026-08-14 18:10,GC=F,4440.0,🟢 Yükseliş Trendinde,🟢 AL (Trend Onaylı),-,-,🔴 Ayı Piyasası (EMA 50 En Altta),⚪ Yelpaze Açık,🟡Fiyat Orta-Üst Bant Aralığında,EMA5 Destek: 4379.12 (%1.4 altta),-,4767.20-4879.70 (%7.4 üstte),67.65,92.73,0.95,3.44,0.0,,
2026-08-14 18:10,GLTR,198.18,🟢 Yükseliş Trendinde,⏳ BEKLE,-,-,🔴 Ayı Piyasası (EMA 50 En Altta),⚪ Yelpaze Açık,🟡Fiyat Orta-Üst Bant Aralığında,EMA5 Destek: 197.09 (%0.6 altta) | EMA100 Direnç: 198.59 (%0.2 üstte),-,248.82-257.80 (%25.6 üstte),61.51,83.57,0.93,0.98,0.0,,
2026-08-14 18:10,HG=F,6.6,🟢 Yükseliş Trendinde,🔴 SAT,-,-,🟢 EMA Yükselişte (SSL Ok Bekleniyor),🟡 Normal Genişlik,🟡Fiyat Orta-Üst Bant Aralığında,EMA5 Destek: 6.60 (%0.0 altta),5.79-5.90 (%10.6 altta),-,59.6,55.89,0.72,13.45,0.0,,
2026-08-14 18:10,IBB,196.63,🟢 Yükseliş Trendinde,⏳ BEKLE,🩸 SAT (Zirveden Dönüş),-,🟢 EMA Yükselişte (SSL Ok Bekleniyor),⚪ Yelpaze Açık,🟡Fiyat Orta-Üst Bant Aralığında,EMA21 Destek: 193.18 (%1.8 altta) | EMA5 Direnç: 197.81 (%0.6 üstte),163.90-167.80 (%14.7 altta),-,59.4,77.46,0.84,13.86,0.0,,
2026-08-14 18:10,ICLN,18.34,🔴 Düşüş Trendinde,⏳ BEKLE,🩸 SAT (Zirveden Dönüş),-,"📉 Düşüş Hazırlığı (50<100 Kesti, 150 Bekleniyor)",🟠 Daralıyor,🟡Fiyat Orta-Üst Bant Aralığında,EMA21 Destek: 18.34 (%0.0 altta) | EMA55 Direnç: 19.08 (%4.0 üstte),-,21.34-21.75 (%16.4 üstte),47.88,97.67,0.81,0.25,0.0,,
2026-08-14 18:10,INDA,49.76,🟢 Yükseliş Trendinde,🔴 SAT,-,-,🔴 Ayı Piyasası (EMA 50 En Altta),⚪ Yelpaze Açık,🟡Fiyat Orta-Üst Bant Aralığında,EMA21 Destek: 49.66 (%0.2 altta) | EMA5 Direnç: 49.95 (%0.4 üstte),47.28-47.85 (%3.8 altta),54.75-55.02 (%10.0 üstte),52.97,31.93,0.43,-1.96,0.0,,
2026-08-14 18:10,IWM,304.52,🟢 Yükseliş Trendinde,🟢 AL (Trend Onaylı),-,-,🟢 EMA Yükselişte (SSL Ok Bekleniyor),🟡 Normal Genişlik,🟡Fiyat Orta-Üst Bant Aralığında,EMA5 Destek: 302.64 (%0.6 altta),238.69-245.37 (%19.4 altta),-,62.72,98.47,0.89,12.42,0.0,,
2026-08-14 18:10,MARS,27.95,🟢 Yükseliş Trendinde,🟢 AL (Trend Onaylı),🩸 SAT (Zirveden Dönüş),-,-,-,🟡Fiyat Orta-Üst Bant Aralığında,EMA5 Destek: 27.89 (%0.2 altta) | EMA55 Direnç: 28.24 (%1.0 üstte),-,43.89-45.92 (%57.0 üstte),54.64,91.14,0.94,-,0.0,,
2026-08-14 18:10,NASA,26.18,🟢 Yükseliş Trendinde,🟢 AL (Trend Onaylı),-,-,-,-,🟡Fiyat Orta-Üst Bant Aralığında,EMA5 Destek: 25.93 (%1.0 altta) | EMA55 Direnç: 26.64 (%1.7 üstte),-,-,55.33,94.55,0.94,-,0.0,,
2026-08-14 18:10,PA=F,1321.5,🟢 Yükseliş Trendinde,🔴 SAT,-,-,🔴 Ayı Piyasası (EMA 50 En Altta),🟡 Normal Genişlik,🟡Fiyat Orta-Üst Bant Aralığında,EMA21 Destek: 1317.65 (%0.3 altta) | EMA55 Direnç: 1322.52 (%0.1 üstte),-,1774.50-1842.00 (%34.3 üstte),51.56,53.26,0.65,-6.5,0.0,,
2026-08-14 18:10,PHO,71.78,🟢 Yükseliş Trendinde,🔴 SAT,-,-,⚠️ Yükseliş Trendinde Düzeltme (SSL Negatif),⚪ Yelpaze Açık,🟡Fiyat Orta-Üst Bant Aralığında,EMA21 Destek: 71.17 (%0.8 altta) | EMA5 Direnç: 72.23 (%0.6 üstte),-,72.60-73.56 (%1.1 üstte),56.49,24.69,0.55,2.17,0.0,,
2026-08-14 18:10,PL=F,1753.9,🟢 Yükseliş Trendinde,⏳ BEKLE,-,-,🔴 Ayı Piyasası (EMA 50 En Altta),🟡 Normal Genişlik,🟡Fiyat Orta-Üst Bant Aralığında,EMA5 Destek: 1742.55 (%0.6 altta) | EMA100 Direnç: 1786.33 (%1.8 üstte),1576.40-1627.00 (%7.2 altta),2357.40-2365.60 (%34.4 üstte),58.95,85.42,0.84,-1.94,0.0,,
2026-08-14 18:10,QQQ,730.1,🟢 Yükseliş Trendinde,🟢 AL (Trend Onaylı),-,-,🟢 EMA Yükselişte (SSL Ok Bekleniyor),⚪ Yelpaze Açık,🟡Fiyat Orta-Üst Bant Aralığında,EMA5 Destek: 725.65 (%0.6 altta),555.60-568.05 (%22.2 altta),732.51-741.82 (%0.3 üstte),59.05,97.47,0.89,11.12,0.0,,
2026-08-14 18:10,SI=F,65.41,🟢 Yükseliş Trendinde,⏳ BEKLE,🩸 SAT (Zirveden Dönüş),-,🔴 Ayı Piyasası (EMA 50 En Altta),🟡 Normal Genişlik,🟡Fiyat Orta-Üst Bant Aralığında,EMA5 Destek: 64.69 (%1.1 altta) | EMA100 Direnç: 66.35 (%1.4 üstte),-,86.93-88.89 (%32.9 üstte),61.89,94.31,0.95,1.83,0.0,,
2026-08-14 18:10,SOXX,547.63,🔴 Düşüş Trendinde,⏳ BEKLE,-,-,🟢 EMA Yükselişte (SSL Ok Bekleniyor),🟠 Daralıyor,🟡Fiyat Orta-Üst Bant Aralığında,EMA5 Destek: 543.49 (%0.8 altta),-,643.93-655.95 (%17.6 üstte),52.29,98.57,0.86,28.0,0.0,,
2026-08-14 18:10,VNM,17.23,🟢 Yükseliş Trendinde,🔴 SAT,-,-,🔴 Ayı Piyasası (EMA 50 En Altta),⚪ Yelpaze Açık,🟡Fiyat Orta-Üst Bant Aralığında,EMA21 Direnç: 17.40 (%1.0 üstte),-,19.58-19.78 (%13.6 üstte),46.36,79.52,0.65,-4.44,0.0,,
2026-08-14 18:10,WQTM,35.46,🟢 Yükseliş Trendinde,🟢 AL (Trend Onaylı),-,-,🟢 EMA Yükselişte (SSL Ok Bekleniyor),⚪ Yelpaze Açık,🟡Fiyat Orta-Üst Bant Aralığında,EMA5 Destek: 34.89 (%1.6 altta),23.18-24.30 (%31.5 altta),-,59.29,99.94,0.91,17.41,0.0,,
2026-08-14 18:10,XBI,155.21,🟢 Yükseliş Trendinde,⏳ BEKLE,🩸 SAT (Zirveden Dönüş),-,⚠️ Yükseliş Trendinde Düzeltme (SSL Negatif),⚪ Yelpaze Açık,🟡Fiyat Orta-Üst Bant Aralığında,EMA21 Destek: 154.07 (%0.7 altta) | EMA5 Direnç: 156.48 (%0.8 üstte),-,-,53.78,73.89,0.84,18.39,0.0,,
2026-08-14 18:10,XLV,167.25,🟢 Yükseliş Trendinde,🟢 AL (Trend Onaylı),-,-,⚪ Karışık / Testere Piyasası,⚪ Yelpaze Açık,🟡Fiyat Orta-Üst Bant Aralığında,EMA21 Destek: 164.50 (%1.6 altta) | EMA5 Direnç: 167.45 (%0.1 üstte),145.31-147.27 (%11.9 altta),-,61.52,75.36,0.56,9.22,0.0,,
2026-08-14 18:10,XU100.IS,14143.39,🟢 Yükseliş Trendinde,🟢 AL (Trend Onaylı),-,-,🟢 EMA Yükselişte (SSL Ok Bekleniyor),🟠 Daralıyor,🟡Fiyat Orta-Üst Bant Aralığında,EMA5 Destek: 14013.52 (%0.9 altta),-,-,56.96,100.0,0.84,8.93,0.0,,
2026-08-14 21:10,AIQ,64.28,🟢 Yükseliş Trendinde,🟢 AL (Trend Onaylı),-,-,🟢 EMA Yükselişte (SSL Ok Bekleniyor),⚪ Yelpaze Açık,🟡Fiyat Orta-Üst Bant Aralığında,EMA5 Destek: 63.82 (%0.7 altta),44.46-45.83 (%28.7 altta),-,59.08,98.1,0.92,15.15,0.0,,
2026-08-14 21:10,ALUM.L,4.37,🟢 Yükseliş Trendinde,⏳ BEKLE,-,-,"📉 Düşüş Hazırlığı (50<100 Kesti, 150 Bekleniyor)",🟡 Normal Genişlik,🟡Fiyat Orta-Üst Bant Aralığında,EMA21 Destek: 4.35 (%0.5 altta) | EMA55 Direnç: 4.38 (%0.4 üstte),3.64-3.71 (%15.1 altta),-,52.05,66.71,0.88,4.68,0.0,,
2026-08-14 21:10,BZ=F,88.33,🔴 Düşüş Trendinde,🟢 AL (Trend Onaylı),-,-,"📉 Düşüş Hazırlığı (50<100 Kesti, 150 Bekleniyor)",🟠 Daralıyor,🟡Fiyat Orta-Üst Bant Aralığında,EMA5 Destek: 87.48 (%1.0 altta),59.45-60.91 (%31.0 altta),106.87-112.69 (%21.0 üstte),53.18,69.75,0.1,10.35,0.0,,
2026-08-14 21:10,CCJ,97.78,🟢 Yükseliş Trendinde,🟢 AL (Trend Onaylı),🩸 SAT (Zirveden Dönüş),-,🔴 Ayı Piyasası (EMA 50 En Altta),⚪ Yelpaze Açık,🟡Fiyat Orta-Üst Bant Aralığında,EMA5 Destek: 97.50 (%0.3 altta) | EMA55 Direnç: 97.80 (%0.0 üstte),-,-,57.0,92.7,0.94,-1.46,0.0,,
2026-08-14 21:10,CGW,65.18,🟢 Yükseliş Trendinde,🔴 SAT,-,-,⚠️ Yükseliş Trendinde Düzeltme (SSL Negatif),🟠 Daralıyor,⚪Fiyat Alt_Orta Bant Aralığında,EMA55 Destek: 65.00 (%0.3 altta) | EMA21 Direnç: 65.57 (%0.6 üstte),-,-,47.69,17.12,0.34,0.84,0.0,,
2026-08-14 21:10,COPA,52.72,🟢 Yükseliş Trendinde,⏳ BEKLE,-,-,🟢 EMA Yükselişte (SSL Ok Bekleniyor),⚪ Yelpaze Açık,🟡Fiyat Orta-Üst Bant Aralığında,EMA21 Destek: 50.97 (%3.3 altta) | EMA5 Direnç: 53.08 (%0.7 üstte),-,54.23-55.84 (%2.9 üstte),58.22,66.82,0.86,15.91,0.0,,
2026-08-14 21:10,COPX,85.78,🟢 Yükseliş Trendinde,🔴 SAT,-,-,🟢 EMA Yükselişte (SSL Ok Bekleniyor),⚪ Yelpaze Açık,🟡Fiyat Orta-Üst Bant Aralığında,EMA21 Destek: 83.13 (%3.1 altta) | EMA5 Direnç: 86.53 (%0.9 üstte),-,91.20-93.89 (%6.3 üstte),57.79,62.99,0.85,13.66,0.0,,
2026-08-14 21:10,EEM,66.56,🟢 Yükseliş Trendinde,🟢 AL (Trend Onaylı),-,-,🟢 EMA Yükselişte (SSL Ok Bekleniyor),🟠 Daralıyor,🟡Fiyat Orta-Üst Bant Aralığında,EMA5 Destek: 66.18 (%0.6 altta),52.58-53.31 (%19.9 altta),-,55.85,99.01,0.86,9.44,0.0,,
2026-08-14 21:10,EWZ,33.58,🔴 Düşüş Trendinde,🔴 SAT,-,🟢 POTANSİYEL DİP,"📉 Düşüş Hazırlığı (50<100 Kesti, 150 Bekleniyor)",⚪ Yelpaze Açık,🚨Fiyat Bandın Altında!,EMA5 Direnç: 34.10 (%1.6 üstte),-,36.15-36.84 (%7.7 üstte),32.96,0.0,-0.85,-2.95,-0.11,,
2026-08-14 21:10,GC=F,4434.4,🟢 Yükseliş Trendinde,🟢 AL (Trend Onaylı),-,-,🔴 Ayı Piyasası (EMA 50 En Altta),⚪ Yelpaze Açık,🟡Fiyat Orta-Üst Bant Aralığında,EMA5 Destek: 4377.25 (%1.3 altta),-,4767.20-4879.70 (%7.5 üstte),67.39,92.37,0.94,3.31,0.0,,
2026-08-14 21:10,GLTR,198.03,🟢 Yükseliş Trendinde,⏳ BEKLE,-,-,🔴 Ayı Piyasası (EMA 50 En Altta),⚪ Yelpaze Açık,🟡Fiyat Orta-Üst Bant Aralığında,EMA5 Destek: 197.04 (%0.5 altta) | EMA100 Direnç: 198.59 (%0.3 üstte),-,248.82-257.80 (%25.6 üstte),61.36,83.36,0.93,0.9,0.0,,
2026-08-14 21:10,HG=F,6.6,🟢 Yükseliş Trendinde,🔴 SAT,-,-,🟢 EMA Yükselişte (SSL Ok Bekleniyor),🟡 Normal Genişlik,🟡Fiyat Orta-Üst Bant Aralığında,EMA5 Destek: 6.60 (%0.1 altta),5.79-5.90 (%10.7 altta),-,59.66,55.99,0.72,13.47,0.0,,
2026-08-14 21:10,IBB,198.07,🟢 Yükseliş Trendinde,⏳ BEKLE,🩸 SAT (Zirveden Dönüş),-,🟢 EMA Yükselişte (SSL Ok Bekleniyor),⚪ Yelpaze Açık,🟡Fiyat Orta-Üst Bant Aralığında,EMA21 Destek: 193.32 (%2.4 altta) | EMA5 Direnç: 198.28 (%0.1 üstte),163.90-167.80 (%15.3 altta),-,62.68,82.53,0.86,14.68,0.0,,
2026-08-14 21:10,ICLN,18.22,🔴 Düşüş Trendinde,⏳ BEKLE,🩸 SAT (Zirveden Dönüş),-,"📉 Düşüş Hazırlığı (50<100 Kesti, 150 Bekleniyor)",🟠 Daralıyor,🟡Fiyat Orta-Üst Bant Aralığında,EMA5 Direnç: 18.26 (%0.2 üstte),-,21.34-21.75 (%17.1 üstte),46.42,95.32,0.79,-0.4,0.0,,
2026-08-14 21:10,INDA,49.76,🟢 Yükseliş Trendinde,🔴 SAT,-,-,🔴 Ayı Piyasası (EMA 50 En Altta),⚪ Yelpaze Açık,🟡Fiyat Orta-Üst Bant Aralığında,EMA21 Destek: 49.66 (%0.2 altta) | EMA5 Direnç: 49.95 (%0.4 üstte),47.28-47.85 (%3.8 altta),54.75-55.02 (%10.0 üstte),52.9,31.93,0.42,-1.97,0.0,,
2026-08-14 21:10,IWM,304.27,🟢 Yükseliş Trendinde,🟢 AL (Trend Onaylı),-,-,🟢 EMA Yükselişte (SSL Ok Bekleniyor),🟡 Normal Genişlik,🟡Fiyat Orta-Üst Bant Aralığında,EMA5 Destek: 302.56 (%0.6 altta),238.69-245.37 (%19.4 altta),-,62.41,98.47,0.89,12.32,0.0,,
2026-08-14 21:10,MARS,28.23,🟢 Yükseliş Trendinde,🟢 AL (Trend Onaylı),-,-,-,-,🟡Fiyat Orta-Üst Bant Aralığında,EMA5 Destek: 27.98 (%0.9 altta) | EMA55 Direnç: 28.25 (%0.1 üstte),-,43.89-45.92 (%55.5 üstte),55.99,92.54,0.95,-,0.0,,
2026-08-14 21:10,NASA,26.34,🟢 Yükseliş Trendinde,🟢 AL (Trend Onaylı),-,-,-,-,🟡Fiyat Orta-Üst Bant Aralığında,EMA5 Destek: 25.98 (%1.4 altta) | EMA55 Direnç: 26.65 (%1.1 üstte),-,-,56.2,95.46,0.95,-,0.0,,
2026-08-14 21:10,PA=F,1320.5,🟢 Yükseliş Trendinde,🔴 SAT,-,-,🔴 Ayı Piyasası (EMA 50 En Altta),🟡 Normal Genişlik,🟡Fiyat Orta-Üst Bant Aralığında,EMA21 Destek: 1317.56 (%0.2 altta) | EMA55 Direnç: 1322.48 (%0.2 üstte),-,1774.50-1842.00 (%34.4 üstte),51.41,52.9,0.65,-6.57,0.0,,
2026-08-14 21:10,PHO,71.82,🟢 Yükseliş Trendinde,🔴 SAT,-,-,⚠️ Yükseliş Trendinde Düzeltme (SSL Negatif),⚪ Yelpaze Açık,🟡Fiyat Orta-Üst Bant Aralığında,EMA21 Destek: 71.18 (%0.9 altta) | EMA5 Direnç: 72.24 (%0.6 üstte),-,72.60-73.56 (%1.1 üstte),56.44,40.39,0.62,2.17,0.0,,
2026-08-14 21:10,PL=F,1755.6,🟢 Yükseliş Trendinde,⏳ BEKLE,-,-,🔴 Ayı Piyasası (EMA 50 En Altta),🟡 Normal Genişlik,🟡Fiyat Orta-Üst Bant Aralığında,EMA5 Destek: 1743.12 (%0.7 altta) | EMA100 Direnç: 1786.37 (%1.8 üstte),1576.40-1627.00 (%7.3 altta),2357.40-2365.60 (%34.3 üstte),59.14,85.74,0.84,-1.84,0.0,,
2026-08-14 21:10,QQQ,729.62,🟢 Yükseliş Trendinde,🟢 AL (Trend Onaylı),-,-,🟢 EMA Yükselişte (SSL Ok Bekleniyor),⚪ Yelpaze Açık,🟡Fiyat Orta-Üst Bant Aralığında,EMA5 Destek: 725.49 (%0.6 altta),555.60-568.05 (%22.1 altta),732.51-741.82 (%0.4 üstte),58.8,97.17,0.89,11.05,0.0,,
2026-08-14 21:10,SI=F,64.95,🟢 Yükseliş Trendinde,⏳ BEKLE,🩸 SAT (Zirveden Dönüş),-,🔴 Ayı Piyasası (EMA 50 En Altta),🟡 Normal Genişlik,🟡Fiyat Orta-Üst Bant Aralığında,EMA5 Destek: 64.54 (%0.6 altta) | EMA100 Direnç: 66.34 (%2.1 üstte),-,86.93-88.89 (%33.8 üstte),60.77,92.64,0.94,1.12,0.0,,
2026-08-14 21:10,SOXX,545.79,🔴 Düşüş Trendinde,⏳ BEKLE,-,-,🟢 EMA Yükselişte (SSL Ok Bekleniyor),🟠 Daralıyor,🟡Fiyat Orta-Üst Bant Aralığında,EMA5 Destek: 542.88 (%0.5 altta),-,643.93-655.95 (%18.0 üstte),51.79,97.75,0.86,27.58,0.0,,
2026-08-14 21:10,VNM,17.24,🟢 Yükseliş Trendinde,🔴 SAT,-,-,🔴 Ayı Piyasası (EMA 50 En Altta),⚪ Yelpaze Açık,🟡Fiyat Orta-Üst Bant Aralığında,EMA21 Direnç: 17.40 (%1.0 üstte),-,19.58-19.78 (%13.6 üstte),46.44,79.63,0.65,-4.42,0.0,,
2026-08-14 21:10,WQTM,35.35,🟢 Yükseliş Trendinde,🟢 AL (Trend Onaylı),-,-,🟢 EMA Yükselişte (SSL Ok Bekleniyor),⚪ Yelpaze Açık,🟡Fiyat Orta-Üst Bant Aralığında,EMA5 Destek: 34.86 (%1.4 altta),23.18-24.30 (%31.3 altta),-,58.85,99.94,0.91,17.05,0.0,,
2026-08-14 21:10,XBI,156.65,🟢 Yükseliş Trendinde,⏳ BEKLE,🩸 SAT (Zirveden Dönüş),-,🟢 EMA Yükselişte (SSL Ok Bekleniyor),⚪ Yelpaze Açık,🟡Fiyat Orta-Üst Bant Aralığında,EMA21 Destek: 154.21 (%1.6 altta) | EMA5 Direnç: 156.96 (%0.2 üstte),-,-,56.79,79.11,0.86,19.48,0.0,,
2026-08-14 21:10,XLV,167.67,🟢 Yükseliş Trendinde,🟢 AL (Trend Onaylı),-,-,🟢 EMA Yükselişte (SSL Ok Bekleniyor),⚪ Yelpaze Açık,🟡Fiyat Orta-Üst Bant Aralığında,EMA5 Destek: 167.59 (%0.1 altta),145.31-147.27 (%12.2 altta),-,63.05,78.98,0.58,9.49,0.0,,
2026-08-14 21:10,XU100.IS,14172.26,🟢 Yükseliş Trendinde,🟢 AL (Trend Onaylı),-,-,🟢 EMA Yükselişte (SSL Ok Bekleniyor),🟠 Daralıyor,🟡Fiyat Orta-Üst Bant Aralığında,EMA5 Destek: 14023.14 (%1.1 altta),-,-,57.67,100.0,0.84,9.15,0.0,,
2026-08-15 00:48,AIQ,64.2,🟢 Yükseliş Trendinde,🟢 AL (Trend Onaylı),-,-,🟢 EMA Yükselişte (SSL Ok Bekleniyor),⚪ Yelpaze Açık,🟡Fiyat Orta-Üst Bant Aralığında,EMA5 Destek: 63.79 (%0.6 altta),44.46-45.83 (%28.6 altta),-,57.8,97.75,0.89,15.27,0.0,,
2026-08-15 00:48,ALUM.L,4.37,🟢 Yükseliş Trendinde,🔴 SAT,-,-,"📉 Düşüş Hazırlığı (50<100 Kesti, 150 Bekleniyor)",🟡 Normal Genişlik,🟡Fiyat Orta-Üst Bant Aralığında,EMA21 Destek: 4.35 (%0.4 altta) | EMA55 Direnç: 4.38 (%0.4 üstte),3.64-3.71 (%15.1 altta),-,52.03,45.68,0.8,4.63,0.0,,
2026-08-15 00:48,BZ=F,88.59,🔴 Düşüş Trendinde,🟢 AL (Trend Onaylı),-,-,"📉 Düşüş Hazırlığı (50<100 Kesti, 150 Bekleniyor)",🟠 Daralıyor,🟡Fiyat Orta-Üst Bant Aralığında,EMA5 Destek: 87.57 (%1.2 altta),59.45-60.91 (%31.2 altta),106.87-112.69 (%20.6 üstte),53.52,70.63,0.11,10.67,0.0,,
2026-08-15 00:48,CCJ,97.74,🟢 Yükseliş Trendinde,🟢 AL (Trend Onaylı),🩸 SAT (Zirveden Dönüş),-,🔴 Ayı Piyasası (EMA 50 En Altta),⚪ Yelpaze Açık,🟡Fiyat Orta-Üst Bant Aralığında,EMA5 Destek: 97.48 (%0.3 altta) | EMA55 Direnç: 97.80 (%0.1 üstte),-,-,56.93,92.61,0.94,3.57,0.0,,
2026-08-15 00:48,CGW,65.43,🟢 Yükseliş Trendinde,🔴 SAT,-,-,⚠️ Yükseliş Trendinde Düzeltme (SSL Negatif),🟠 Daralıyor,⚪Fiyat Alt_Orta Bant Aralığında,EMA55 Destek: 65.00 (%0.7 altta) | EMA21 Direnç: 65.59 (%0.2 üstte),-,-,49.8,19.27,0.39,1.21,0.0,,
2026-08-15 00:48,COPA,52.5,🟢 Yükseliş Trendinde,🔴 SAT,-,-,🟢 EMA Yükselişte (SSL Ok Bekleniyor),⚪ Yelpaze Açık,🟡Fiyat Orta-Üst Bant Aralığında,EMA21 Destek: 50.95 (%2.9 altta) | EMA5 Direnç: 53.01 (%1.0 üstte),-,54.23-55.84 (%3.3 üstte),57.57,65.87,0.85,15.44,0.0,,
2026-08-15 00:48,COPX,85.7,🟢 Yükseliş Trendinde,🔴 SAT,-,-,🟢 EMA Yükselişte (SSL Ok Bekleniyor),⚪ Yelpaze Açık,🟡Fiyat Orta-Üst Bant Aralığında,EMA21 Destek: 83.12 (%3.0 altta) | EMA5 Direnç: 86.51 (%0.9 üstte),-,91.20-93.89 (%6.4 üstte),57.64,62.76,0.84,13.54,0.0,,
2026-08-15 00:48,EEM,66.61,🟢 Yükseliş Trendinde,🟢 AL (Trend Onaylı),-,-,🟢 EMA Yükselişte (SSL Ok Bekleniyor),🟠 Daralıyor,🟡Fiyat Orta-Üst Bant Aralığında,EMA5 Destek: 66.20 (%0.6 altta),52.58-53.31 (%20.0 altta),-,55.85,99.44,0.86,9.64,0.0,,
2026-08-15 00:48,EWZ,33.93,🔴 Düşüş Trendinde,🔴 SAT,-,-,"📉 Düşüş Hazırlığı (50<100 Kesti, 150 Bekleniyor)",⚪ Yelpaze Açık,⚪Fiyat Alt_Orta Bant Aralığında,EMA5 Direnç: 34.22 (%0.9 üstte),-,36.15-36.84 (%6.5 üstte),36.31,2.76,-0.84,-0.85,0.0,,
2026-08-15 00:48,GC=F,4432.0,🟢 Yükseliş Trendinde,🟢 AL (Trend Onaylı),-,-,🔴 Ayı Piyasası (EMA 50 En Altta),⚪ Yelpaze Açık,🟡Fiyat Orta-Üst Bant Aralığında,EMA5 Destek: 4376.45 (%1.3 altta),-,4767.20-4879.70 (%7.6 üstte),67.27,92.22,0.94,4.81,0.0,,
2026-08-15 00:48,GLTR,197.79,🟢 Yükseliş Trendinde,⏳ BEKLE,-,-,🔴 Ayı Piyasası (EMA 50 En Altta),⚪ Yelpaze Açık,🟡Fiyat Orta-Üst Bant Aralığında,EMA5 Destek: 196.96 (%0.4 altta) | EMA100 Direnç: 199.40 (%0.8 üstte),-,248.82-257.80 (%25.8 üstte),60.73,83.8,0.92,3.77,0.0,,
2026-08-15 00:48,HG=F,6.61,🟢 Yükseliş Trendinde,🔴 SAT,-,-,🟢 EMA Yükselişte (SSL Ok Bekleniyor),🟡 Normal Genişlik,🟡Fiyat Orta-Üst Bant Aralığında,EMA5 Destek: 6.60 (%0.1 altta),5.79-5.90 (%10.7 altta),-,59.86,56.38,0.72,13.54,0.0,,
2026-08-15 00:48,IBB,198.26,🟢 Yükseliş Trendinde,⏳ BEKLE,🩸 SAT (Zirveden Dönüş),-,🟢 EMA Yükselişte (SSL Ok Bekleniyor),⚪ Yelpaze Açık,🟡Fiyat Orta-Üst Bant Aralığında,EMA21 Destek: 193.33 (%2.5 altta) | EMA5 Direnç: 198.35 (%0.0 üstte),163.90-167.80 (%15.4 altta),-,63.15,83.24,0.86,14.74,0.0,,
2026-08-15 00:48,ICLN,18.21,🔴 Düşüş Trendinde,⏳ BEKLE,🩸 SAT (Zirveden Dönüş),-,"📉 Düşüş Hazırlığı (50<100 Kesti, 150 Bekleniyor)",🟠 Daralıyor,🟡Fiyat Orta-Üst Bant Aralığında,EMA5 Direnç: 18.25 (%0.2 üstte),-,21.34-21.75 (%17.2 üstte),46.3,95.13,0.79,-0.23,0.0,,
2026-08-15 00:48,INDA,49.78,🟢 Yükseliş Trendinde,🔴 SAT,-,-,🔴 Ayı Piyasası (EMA 50 En Altta),⚪ Yelpaze Açık,🟡Fiyat Orta-Üst Bant Aralığında,EMA21 Destek: 49.63 (%0.3 altta) | EMA5 Direnç: 49.95 (%0.3 üstte),47.28-47.85 (%3.9 altta),54.75-55.02 (%10.0 üstte),53.51,49.5,0.53,1.03,0.0,,
2026-08-15 00:48,IWM,305.09,🟢 Yükseliş Trendinde,🟢 AL (Trend Onaylı),-,-,🟢 EMA Yükselişte (SSL Ok Bekleniyor),🟡 Normal Genişlik,🟡Fiyat Orta-Üst Bant Aralığında,EMA5 Destek: 302.83 (%0.7 altta),238.69-245.37 (%19.6 altta),-,63.41,98.47,0.9,12.64,0.0,,
2026-08-15 00:48,MARS,28.25,🟢 Yükseliş Trendinde,🟢 AL (Trend Onaylı),-,-,-,-,🟡Fiyat Orta-Üst Bant Aralığında,EMA55 Destek: 28.25 (%0.0 altta) | EMA100 Direnç: 29.71 (%5.2 üstte),-,43.89-45.92 (%55.4 üstte),56.11,92.67,0.95,999,0.0,,
2026-08-15 00:48,NASA,26.38,🟢 Yükseliş Trendinde,🟢 AL (Trend Onaylı),-,-,-,-,🟡Fiyat Orta-Üst Bant Aralığında,EMA5 Destek: 25.99 (%1.5 altta) | EMA55 Direnç: 26.65 (%1.0 üstte),-,-,56.37,95.64,0.95,999,0.0,,
2026-08-15 00:48,PA=F,1316.5,🟢 Yükseliş Trendinde,🔴 SAT,-,-,🔴 Ayı Piyasası (EMA 50 En Altta),🟡 Normal Genişlik,🟡Fiyat Orta-Üst Bant Aralığında,EMA21 Direnç: 1317.20 (%0.1 üstte),-,1774.50-1842.00 (%34.8 üstte),50.8,51.5,0.64,-0.05,0.0,,
2026-08-15 00:48,PHO,71.97,🟢 Yükseliş Trendinde,🔴 SAT,-,-,🟢 EMA Yükselişte (SSL Ok Bekleniyor),⚪ Yelpaze Açık,🟡Fiyat Orta-Üst Bant Aralığında,EMA21 Destek: 71.19 (%1.1 altta) | EMA5 Direnç: 72.29 (%0.5 üstte),-,72.60-73.56 (%0.9 üstte),57.83,28.47,0.58,3.82,0.0,,
2026-08-15 00:48,PL=F,1756.8,🟢 Yükseliş Trendinde,⏳ BEKLE,-,-,🔴 Ayı Piyasası (EMA 50 En Altta),🟡 Normal Genişlik,🟡Fiyat Orta-Üst Bant Aralığında,EMA5 Destek: 1743.52 (%0.8 altta) | EMA100 Direnç: 1786.39 (%1.7 üstte),1576.40-1627.00 (%7.4 altta),2357.40-2365.60 (%34.2 üstte),59.27,85.96,0.84,3.56,0.0,,
2026-08-15 00:48,QQQ,731.07,🟢 Yükseliş Trendinde,🟢 AL (Trend Onaylı),-,-,🟢 EMA Yükselişte (SSL Ok Bekleniyor),⚪ Yelpaze Açık,🟡Fiyat Orta-Üst Bant Aralığında,EMA5 Destek: 725.97 (%0.7 altta),555.60-568.05 (%22.3 altta),732.51-741.82 (%0.2 üstte),59.57,98.09,0.89,11.31,0.0,,
2026-08-15 00:48,SI=F,64.82,🟢 Yükseliş Trendinde,⏳ BEKLE,🩸 SAT (Zirveden Dönüş),-,🔴 Ayı Piyasası (EMA 50 En Altta),🟡 Normal Genişlik,🟡Fiyat Orta-Üst Bant Aralığında,EMA5 Destek: 64.50 (%0.5 altta) | EMA100 Direnç: 66.34 (%2.3 üstte),-,86.93-88.89 (%34.1 üstte),60.4,92.07,0.94,4.82,0.0,,
2026-08-15 00:48,SOXX,550.42,🔴 Düşüş Trendinde,⏳ BEKLE,-,-,🟢 EMA Yükselişte (SSL Ok Bekleniyor),🟠 Daralıyor,🟡Fiyat Orta-Üst Bant Aralığında,EMA5 Destek: 544.42 (%1.1 altta),-,643.93-655.95 (%17.0 üstte),53.06,99.85,0.87,28.81,0.0,,
2026-08-15 00:48,VNM,17.16,🟢 Yükseliş Trendinde,🔴 SAT,-,-,🔴 Ayı Piyasası (EMA 50 En Altta),⚪ Yelpaze Açık,🟡Fiyat Orta-Üst Bant Aralığında,EMA21 Direnç: 17.40 (%1.4 üstte),-,19.58-19.78 (%14.1 üstte),45.36,78.03,0.62,-1.36,0.0,,
2026-08-15 00:48,WQTM,35.33,🟢 Yükseliş Trendinde,🟢 AL (Trend Onaylı),-,-,🟢 EMA Yükselişte (SSL Ok Bekleniyor),⚪ Yelpaze Açık,🟡Fiyat Orta-Üst Bant Aralığında,EMA5 Destek: 34.85 (%1.4 altta),23.18-24.30 (%31.2 altta),-,58.76,99.94,0.91,16.98,0.0,,
2026-08-15 00:48,XBI,157.41,🟢 Yükseliş Trendinde,⏳ BEKLE,🩸 SAT (Zirveden Dönüş),-,🟢 EMA Yükselişte (SSL Ok Bekleniyor),⚪ Yelpaze Açık,🟡Fiyat Orta-Üst Bant Aralığında,EMA5 Destek: 157.21 (%0.1 altta),-,-,58.16,81.48,0.87,20.0,0.0,,
2026-08-15 00:48,XLV,167.37,🟢 Yükseliş Trendinde,🟢 AL (Trend Onaylı),-,-,⚪ Karışık / Testere Piyasası,⚪ Yelpaze Açık,🟡Fiyat Orta-Üst Bant Aralığında,EMA21 Destek: 164.51 (%1.7 altta) | EMA5 Direnç: 167.49 (%0.1 üstte),145.31-147.27 (%12.0 altta),-,61.94,76.37,0.57,9.26,0.0,,
2026-08-15 00:48,XU100.IS,14132.2,🟢 Yükseliş Trendinde,🟢 AL (Trend Onaylı),-,-,🟢 EMA Yükselişte (SSL Ok Bekleniyor),🟠 Daralıyor,🟡Fiyat Orta-Üst Bant Aralığında,EMA55 Destek: 13961.14 (%1.2 altta),-,-,56.68,94.0,0.68,8.94,0.0,,
2026-08-17 13:52,AIQ,64.2,🟢 Yükseliş Trendinde,🟢 AL (Trend Onaylı),-,-,🟢 EMA Yükselişte (SSL Ok Bekleniyor),⚪ Yelpaze Açık,🟡Fiyat Orta-Üst Bant Aralığında,EMA5 Destek: 63.79 (%0.6 altta),44.46-45.83 (%28.6 altta),-,57.8,97.75,0.89,,0.0,15.27,
2026-08-17 13:52,ALUM.L,4.4,🟢 Yükseliş Trendinde,⏳ BEKLE,-,-,"📉 Düşüş Hazırlığı (50<100 Kesti, 150 Bekleniyor)",🟡 Normal Genişlik,🟡Fiyat Orta-Üst Bant Aralığında,EMA5 Destek: 4.40 (%0.1 altta),3.64-3.71 (%15.7 altta),-,55.2,36.93,0.72,,0.0,5.45,
2026-08-17 13:52,BZ=F,89.32,🔴 Düşüş Trendinde,🟢 AL (Trend Onaylı),-,-,"📉 Düşüş Hazırlığı (50<100 Kesti, 150 Bekleniyor)",🟠 Daralıyor,🟡Fiyat Orta-Üst Bant Aralığında,EMA5 Destek: 88.14 (%1.3 altta),59.45-60.91 (%31.8 altta),106.87-112.69 (%19.6 üstte),54.52,85.8,0.14,,0.0,11.53,
2026-08-17 13:52,CCJ,97.74,🟢 Yükseliş Trendinde,🟢 AL (Trend Onaylı),🩸 SAT (Zirveden Dönüş),-,🔴 Ayı Piyasası (EMA 50 En Altta),⚪ Yelpaze Açık,🟡Fiyat Orta-Üst Bant Aralığında,EMA5 Destek: 97.48 (%0.3 altta) | EMA55 Direnç: 97.80 (%0.1 üstte),-,-,56.93,92.61,0.94,,0.0,3.57,
2026-08-17 13:52,CGW,65.43,🟢 Yükseliş Trendinde,🔴 SAT,-,-,⚠️ Yükseliş Trendinde Düzeltme (SSL Negatif),🟠 Daralıyor,⚪Fiyat Alt_Orta Bant Aralığında,EMA55 Destek: 64.98 (%0.7 altta) | EMA21 Direnç: 65.59 (%0.2 üstte),-,-,49.85,20.07,0.43,,0.0,1.22,
2026-08-17 13:52,COPA,52.5,🟢 Yükseliş Trendinde,🔴 SAT,-,-,🟢 EMA Yükselişte (SSL Ok Bekleniyor),⚪ Yelpaze Açık,🟡Fiyat Orta-Üst Bant Aralığında,EMA21 Destek: 50.91 (%3.0 altta) | EMA5 Direnç: 53.01 (%1.0 üstte),-,54.23-55.84 (%3.3 üstte),57.4,65.95,0.84,,0.0,15.69,
2026-08-17 13:52,COPX,85.7,🟢 Yükseliş Trendinde,🔴 SAT,-,-,🟢 EMA Yükselişte (SSL Ok Bekleniyor),⚪ Yelpaze Açık,🟡Fiyat Orta-Üst Bant Aralığında,EMA21 Destek: 83.12 (%3.0 altta) | EMA5 Direnç: 86.51 (%0.9 üstte),-,91.20-93.89 (%6.4 üstte),57.64,62.76,0.84,,0.0,13.54,
2026-08-17 13:52,EEM,66.61,🟢 Yükseliş Trendinde,🟢 AL (Trend Onaylı),-,-,🟢 EMA Yükselişte (SSL Ok Bekleniyor),🟠 Daralıyor,🟡Fiyat Orta-Üst Bant Aralığında,EMA5 Destek: 66.20 (%0.6 altta),52.58-53.31 (%20.0 altta),-,55.85,99.44,0.86,,0.0,9.64,
2026-08-17 13:52,EWZ,33.93,🔴 Düşüş Trendinde,🔴 SAT,-,-,"📉 Düşüş Hazırlığı (50<100 Kesti, 150 Bekleniyor)",⚪ Yelpaze Açık,⚪Fiyat Alt_Orta Bant Aralığında,EMA5 Direnç: 34.22 (%0.9 üstte),-,36.15-36.84 (%6.5 üstte),36.68,2.75,-0.84,,0.0,-0.85,
2026-08-17 13:52,GC=F,4454.8,🟢 Yükseliş Trendinde,🟢 AL (Trend Onaylı),📈 TREND DEVAMI (0 Üstü + Hacim),-,🔴 Ayı Piyasası (EMA 50 En Altta),⚪ Yelpaze Açık,🟡Fiyat Orta-Üst Bant Aralığında,EMA5 Destek: 4391.10 (%1.4 altta),-,4767.20-4879.70 (%7.0 üstte),68.59,88.57,0.94,,0.0,4.94,
2026-08-17 13:52,GLTR,197.79,🟢 Yükseliş Trendinde,⏳ BEKLE,-,-,🔴 Ayı Piyasası (EMA 50 En Altta),⚪ Yelpaze Açık,🟡Fiyat Orta-Üst Bant Aralığında,EMA5 Destek: 196.96 (%0.4 altta) | EMA100 Direnç: 199.40 (%0.8 üstte),-,248.82-257.80 (%25.8 üstte),60.73,83.81,0.92,,0.0,3.77,
2026-08-17 13:52,HG=F,6.7,🟢 Yükseliş Trendinde,⏳ BEKLE,-,-,🚀 ASIL SİNYAL: GÜÇLÜ AL (EMA Sıralı + SSL Onay),🟡 Normal Genişlik,🟡Fiyat Orta-Üst Bant Aralığında,EMA5 Destek: 6.63 (%1.0 altta),5.79-5.90 (%11.9 altta),-,64.32,64.78,0.68,,0.0,14.92,
2026-08-17 13:52,IBB,198.26,🟢 Yükseliş Trendinde,⏳ BEKLE,🩸 SAT (Zirveden Dönüş),-,🟢 EMA Yükselişte (SSL Ok Bekleniyor),⚪ Yelpaze Açık,🟡Fiyat Orta-Üst Bant Aralığında,EMA21 Destek: 193.33 (%2.5 altta) | EMA5 Direnç: 198.35 (%0.0 üstte),163.90-167.80 (%15.4 altta),-,63.15,83.24,0.86,,0.0,14.74,
2026-08-17 13:52,ICLN,18.21,🔴 Düşüş Trendinde,⏳ BEKLE,🩸 SAT (Zirveden Dönüş),-,"📉 Düşüş Hazırlığı (50<100 Kesti, 150 Bekleniyor)",🟠 Daralıyor,🟡Fiyat Orta-Üst Bant Aralığında,EMA5 Direnç: 18.25 (%0.2 üstte),-,21.34-21.75 (%17.2 üstte),46.3,95.13,0.79,,0.0,-0.23,
2026-08-17 13:52,INDA,49.78,🟢 Yükseliş Trendinde,🔴 SAT,-,-,🔴 Ayı Piyasası (EMA 50 En Altta),⚪ Yelpaze Açık,🟡Fiyat Orta-Üst Bant Aralığında,EMA21 Destek: 49.63 (%0.3 altta) | EMA5 Direnç: 49.95 (%0.3 üstte),47.28-47.85 (%3.9 altta),54.75-55.02 (%10.0 üstte),53.51,49.5,0.53,,0.0,1.03,
2026-08-17 13:52,IWM,305.09,🟢 Yükseliş Trendinde,🟢 AL (Trend Onaylı),-,-,🟢 EMA Yükselişte (SSL Ok Bekleniyor),🟡 Normal Genişlik,🟡Fiyat Orta-Üst Bant Aralığında,EMA5 Destek: 302.83 (%0.7 altta),238.69-245.37 (%19.6 altta),-,63.41,98.47,0.9,,0.0,12.64,
2026-08-17 13:52,KOID,39.22,🟢 Yükseliş Trendinde,⏳ BEKLE,-,-,🟢 EMA Yükselişte (SSL Ok Bekleniyor),⚪ Yelpaze Açık,🟡Fiyat Orta-Üst Bant Aralığında,EMA5 Destek: 39.01 (%0.5 altta),29.86-30.85 (%21.3 altta),42.40-42.86 (%8.1 üstte),54.48,97.85,0.85,,0.0,10.68,
2026-08-17 13:52,MARS,28.25,🟢 Yükseliş Trendinde,🟢 AL (Trend Onaylı),-,-,-,-,🟡Fiyat Orta-Üst Bant Aralığında,EMA5 Destek: 27.99 (%0.9 altta) | EMA55 Direnç: 28.50 (%0.9 üstte),-,43.89-45.92 (%55.4 üstte),54.76,92.86,0.93,,0.0,999.0,
2026-08-17 13:52,NASA,26.38,🟢 Yükseliş Trendinde,🟢 AL (Trend Onaylı),-,-,-,-,🟡Fiyat Orta-Üst Bant Aralığında,EMA5 Destek: 25.99 (%1.5 altta) | EMA55 Direnç: 26.65 (%1.0 üstte),-,-,56.37,95.64,0.95,,0.0,999.0,
2026-08-17 13:52,PA=F,1333.0,🟢 Yükseliş Trendinde,🔴 SAT,-,-,🔴 Ayı Piyasası (EMA 50 En Altta),🟡 Normal Genişlik,🟡Fiyat Orta-Üst Bant Aralığında,EMA55 Destek: 1322.93 (%0.8 altta) | EMA5 Direnç: 1338.37 (%0.4 üstte),-,1774.50-1842.00 (%33.1 üstte),53.32,38.93,0.54,,0.0,1.05,
2026-08-17 13:52,PHO,71.97,🟢 Yükseliş Trendinde,🔴 SAT,-,-,⚠️ Yükseliş Trendinde Düzeltme (SSL Negatif),⚪ Yelpaze Açık,🟡Fiyat Orta-Üst Bant Aralığında,EMA21 Destek: 71.19 (%1.1 altta) | EMA5 Direnç: 72.29 (%0.5 üstte),-,72.60-73.56 (%0.9 üstte),57.41,43.13,0.63,,0.0,3.8,
2026-08-17 13:52,PL=F,1768.5,🟢 Yükseliş Trendinde,🔥 GÜÇLÜ AL (Taze Kırılım),-,-,🔴 Ayı Piyasası (EMA 50 En Altta),🟡 Normal Genişlik,🟡Fiyat Orta-Üst Bant Aralığında,EMA5 Destek: 1750.33 (%1.0 altta) | EMA100 Direnç: 1785.58 (%1.0 üstte),-,2357.40-2365.60 (%33.3 üstte),60.65,83.23,0.81,,0.0,3.89,
2026-08-17 13:52,QQQ,731.07,🟢 Yükseliş Trendinde,🟢 AL (Trend Onaylı),-,-,🟢 EMA Yükselişte (SSL Ok Bekleniyor),⚪ Yelpaze Açık,🟡Fiyat Orta-Üst Bant Aralığında,EMA5 Destek: 725.97 (%0.7 altta),555.60-568.05 (%22.3 altta),732.51-741.82 (%0.2 üstte),59.57,98.09,0.89,,0.0,11.31,
2026-08-17 13:52,SI=F,65.8,🟢 Yükseliş Trendinde,⏳ BEKLE,-,-,🔴 Ayı Piyasası (EMA 50 En Altta),🟡 Normal Genişlik,🟡Fiyat Orta-Üst Bant Aralığında,EMA5 Destek: 64.97 (%1.3 altta) | EMA100 Direnç: 66.32 (%0.8 üstte),-,86.93-88.89 (%32.1 üstte),62.93,92.44,0.94,,0.0,5.76,
2026-08-17 13:52,SMH,587.82,🔴 Düşüş Trendinde,⏳ BEKLE,-,-,🟢 EMA Yükselişte (SSL Ok Bekleniyor),🟡 Normal Genişlik,🟡Fiyat Orta-Üst Bant Aralığında,EMA5 Destek: 582.55 (%0.9 altta),359.86-379.24 (%35.5 altta),-,54.1,99.36,0.89,,0.0,24.86,
2026-08-17 13:52,SOXX,550.42,🔴 Düşüş Trendinde,⏳ BEKLE,-,-,🟢 EMA Yükselişte (SSL Ok Bekleniyor),🟠 Daralıyor,🟡Fiyat Orta-Üst Bant Aralığında,EMA5 Destek: 544.42 (%1.1 altta),-,643.93-655.95 (%17.0 üstte),53.06,99.85,0.87,,0.0,28.81,
2026-08-17 13:52,VNM,17.16,🟢 Yükseliş Trendinde,🔴 SAT,-,-,🔴 Ayı Piyasası (EMA 50 En Altta),⚪ Yelpaze Açık,🟡Fiyat Orta-Üst Bant Aralığında,EMA21 Direnç: 17.40 (%1.4 üstte),-,19.58-19.78 (%14.1 üstte),45.36,78.03,0.62,,0.0,-1.36,
2026-08-17 13:52,WQTM,35.33,🟢 Yükseliş Trendinde,🟢 AL (Trend Onaylı),-,-,🟢 EMA Yükselişte (SSL Ok Bekleniyor),⚪ Yelpaze Açık,🟡Fiyat Orta-Üst Bant Aralığında,EMA5 Destek: 34.84 (%1.4 altta),23.18-24.30 (%31.2 altta),-,57.68,99.94,0.88,,0.0,17.07,
2026-08-17 13:52,XBI,157.41,🟢 Yükseliş Trendinde,⏳ BEKLE,🩸 SAT (Zirveden Dönüş),-,🟢 EMA Yükselişte (SSL Ok Bekleniyor),⚪ Yelpaze Açık,🟡Fiyat Orta-Üst Bant Aralığında,EMA5 Destek: 157.21 (%0.1 altta),-,-,58.16,81.48,0.87,,0.0,20.0,
2026-08-17 13:52,XLV,167.37,🟢 Yükseliş Trendinde,🟢 AL (Trend Onaylı),-,-,⚪ Karışık / Testere Piyasası,⚪ Yelpaze Açık,🟡Fiyat Orta-Üst Bant Aralığında,EMA21 Destek: 164.51 (%1.7 altta) | EMA5 Direnç: 167.49 (%0.1 üstte),145.31-147.27 (%12.0 altta),-,61.94,76.37,0.57,,0.0,9.26,
2026-08-17 13:52,XU100.IS,14147.27,🟢 Yükseliş Trendinde,🟢 AL (Trend Onaylı),-,-,🟢 EMA Yükselişte (SSL Ok Bekleniyor),🟠 Daralıyor,🟡Fiyat Orta-Üst Bant Aralığında,EMA5 Destek: 14064.53 (%0.6 altta),-,-,56.8,98.91,0.93,,0.0,8.86,
2026-08-17 17:48,AIQ,64.47,🟢 Yükseliş Trendinde,🟢 AL (Trend Onaylı),-,-,🟢 EMA Yükselişte (SSL Ok Bekleniyor),⚪ Yelpaze Açık,🟡Fiyat Orta-Üst Bant Aralığında,EMA5 Destek: 63.98 (%0.8 altta),44.46-45.83 (%28.9 altta),-,59.76,96.56,0.92,,0.0,15.63,
2026-08-17 17:48,ALUM.L,4.38,🟢 Yükseliş Trendinde,🔴 SAT,-,-,"📉 Düşüş Hazırlığı (50<100 Kesti, 150 Bekleniyor)",🟡 Normal Genişlik,🟡Fiyat Orta-Üst Bant Aralığında,EMA21 Destek: 4.35 (%0.7 altta) | EMA55 Direnç: 4.38 (%0.0 üstte),3.64-3.71 (%15.4 altta),-,53.6,34.47,0.7,,0.0,5.02,
2026-08-17 17:48,BZ=F,88.86,🔴 Düşüş Trendinde,🟢 AL (Trend Onaylı),-,-,"📉 Düşüş Hazırlığı (50<100 Kesti, 150 Bekleniyor)",🟠 Daralıyor,🟡Fiyat Orta-Üst Bant Aralığında,EMA5 Destek: 87.98 (%1.0 altta),59.45-60.91 (%31.5 altta),106.87-112.69 (%20.3 üstte),53.9,84.18,0.13,,0.0,10.96,
2026-08-17 17:48,CCJ,99.88,🟢 Yükseliş Trendinde,⏳ BEKLE,🟡 RİSKLİ AL (0 Üstü - Hacimsiz),-,🔴 Ayı Piyasası (EMA 50 En Altta),⚪ Yelpaze Açık,🟡Fiyat Orta-Üst Bant Aralığında,EMA200 Destek: 99.29 (%0.6 altta) | EMA100 Direnç: 101.12 (%1.2 üstte),-,-,60.64,92.61,0.93,,0.0,5.28,
2026-08-17 17:48,CGW,65.0,🟢 Yükseliş Trendinde,🔴 SAT,-,-,⚠️ Yükseliş Trendinde Düzeltme (SSL Negatif),🟠 Daralıyor,⚪Fiyat Alt_Orta Bant Aralığında,EMA100 Destek: 64.78 (%0.3 altta) | EMA55 Direnç: 65.00 (%0.0 üstte),-,-,45.98,8.6,0.2,,0.0,0.52,
2026-08-17 17:48,COPA,53.23,🟢 Yükseliş Trendinde,⏳ BEKLE,-,-,🟢 EMA Yükselişte (SSL Ok Bekleniyor),⚪ Yelpaze Açık,🟡Fiyat Orta-Üst Bant Aralığında,EMA5 Destek: 53.01 (%0.4 altta),-,54.23-55.84 (%1.9 üstte),60.18,60.33,0.85,,0.0,17.06,
2026-08-17 17:48,COPX,87.21,🟢 Yükseliş Trendinde,🔴 SAT,-,-,🟢 EMA Yükselişte (SSL Ok Bekleniyor),⚪ Yelpaze Açık,🟡Fiyat Orta-Üst Bant Aralığında,EMA5 Destek: 86.74 (%0.5 altta),-,91.20-93.89 (%4.6 üstte),60.45,56.34,0.79,,0.0,15.33,
2026-08-17 17:48,EEM,67.81,🟢 Yükseliş Trendinde,🟢 AL (Trend Onaylı),-,-,🟢 EMA Yükselişte (SSL Ok Bekleniyor),🟠 Daralıyor,🟡Fiyat Orta-Üst Bant Aralığında,EMA5 Destek: 66.74 (%1.6 altta),52.58-53.31 (%21.4 altta),-,60.76,99.45,0.87,,0.0,11.43,
2026-08-17 17:48,EWZ,34.0,🔴 Düşüş Trendinde,🔴 SAT,🟢 POTANSİYEL DİP (0 Altı - Hacimsiz),-,"📉 Düşüş Hazırlığı (50<100 Kesti, 150 Bekleniyor)",⚪ Yelpaze Açık,⚪Fiyat Alt_Orta Bant Aralığında,EMA5 Direnç: 34.15 (%0.4 üstte),-,36.15-36.84 (%6.3 üstte),37.25,6.75,-0.88,,0.0,-0.43,
2026-08-17 17:48,GC=F,4476.4,🟢 Yükseliş Trendinde,🟢 AL (Trend Onaylı),📈 TREND DEVAMI (0 Üstü + Hacim),-,🔴 Ayı Piyasası (EMA 50 En Altta),⚪ Yelpaze Açık,🟡Fiyat Orta-Üst Bant Aralığında,EMA5 Destek: 4398.30 (%1.7 altta),-,4767.20-4879.70 (%6.5 üstte),69.59,88.57,0.94,,0.0,5.4,
2026-08-17 17:48,GLTR,200.44,🟢 Yükseliş Trendinde,⏳ BEKLE,-,-,🔴 Ayı Piyasası (EMA 50 En Altta),⚪ Yelpaze Açık,🟡Fiyat Orta-Üst Bant Aralığında,EMA100 Destek: 198.61 (%0.9 altta),-,248.82-257.80 (%24.1 üstte),63.85,81.03,0.92,,0.0,4.72,
2026-08-17 17:48,HG=F,6.61,🟢 Yükseliş Trendinde,🔴 SAT,-,-,🟢 EMA Yükselişte (SSL Ok Bekleniyor),🟡 Normal Genişlik,🟡Fiyat Orta-Üst Bant Aralığında,EMA5 Destek: 6.60 (%0.1 altta),5.79-5.90 (%10.7 altta),-,60.06,56.82,0.62,,0.0,13.45,
2026-08-17 17:48,IBB,201.35,🟢 Yükseliş Trendinde,⏳ BEKLE,🟡 RİSKLİ AL (0 Üstü - Hacimsiz),-,🟢 EMA Yükselişte (SSL Ok Bekleniyor),⚪ Yelpaze Açık,🟡Fiyat Orta-Üst Bant Aralığında,EMA5 Destek: 199.35 (%1.0 altta),163.90-167.80 (%16.7 altta),-,67.36,80.05,0.9,,0.0,16.3,
2026-08-17 17:48,ICLN,18.28,🔴 Düşüş Trendinde,⏳ BEKLE,-,-,"📉 Düşüş Hazırlığı (50<100 Kesti, 150 Bekleniyor)",🟠 Daralıyor,🟡Fiyat Orta-Üst Bant Aralığında,EMA200 Destek: 18.28 (%0.0 altta) | EMA21 Direnç: 18.32 (%0.2 üstte),-,21.34-21.75 (%16.7 üstte),47.38,92.96,0.73,,0.0,0.12,
2026-08-17 17:48,INDA,49.78,🟢 Yükseliş Trendinde,🔴 SAT,-,-,🔴 Ayı Piyasası (EMA 50 En Altta),⚪ Yelpaze Açık,🟡Fiyat Orta-Üst Bant Aralığında,EMA21 Destek: 49.63 (%0.3 altta) | EMA5 Direnç: 49.90 (%0.3 üstte),47.28-47.85 (%3.9 altta),54.75-55.02 (%10.0 üstte),53.46,25.84,0.36,,0.0,1.0,
2026-08-17 17:48,IWM,303.91,🟢 Yükseliş Trendinde,🟢 AL (Trend Onaylı),-,-,🟢 EMA Yükselişte (SSL Ok Bekleniyor),⚪ Yelpaze Açık,🟡Fiyat Orta-Üst Bant Aralığında,EMA5 Destek: 303.19 (%0.2 altta),238.69-245.37 (%19.3 altta),-,60.9,96.13,0.9,,0.0,12.07,
2026-08-17 17:48,KOID,39.67,🟢 Yükseliş Trendinde,🟢 AL (Trend Onaylı),-,-,🟢 EMA Yükselişte (SSL Ok Bekleniyor),⚪ Yelpaze Açık,🟡Fiyat Orta-Üst Bant Aralığında,EMA5 Destek: 39.20 (%1.2 altta),29.86-30.85 (%22.2 altta),42.40-42.86 (%6.9 üstte),57.7,97.82,0.89,,0.0,11.82,
2026-08-17 17:48,MARS,28.96,🟢 Yükseliş Trendinde,🟢 AL (Trend Onaylı),-,-,-,-,🟡Fiyat Orta-Üst Bant Aralığında,EMA55 Destek: 28.29 (%2.3 altta) | EMA100 Direnç: 29.73 (%2.7 üstte),-,43.89-45.92 (%51.6 üstte),58.79,92.44,0.95,,0.0,999.0,
2026-08-17 17:48,NASA,27.01,🟢 Yükseliş Trendinde,🟢 AL (Trend Onaylı),-,-,-,-,🟡Fiyat Orta-Üst Bant Aralığında,EMA55 Destek: 26.66 (%1.3 altta),-,-,59.08,95.64,0.96,,0.0,999.0,
2026-08-17 17:48,PA=F,1338.0,🟢 Yükseliş Trendinde,🔴 SAT,-,-,🔴 Ayı Piyasası (EMA 50 En Altta),🟡 Normal Genişlik,🟡Fiyat Orta-Üst Bant Aralığında,EMA55 Destek: 1323.10 (%1.1 altta) | EMA5 Direnç: 1340.03 (%0.2 üstte),-,1774.50-1842.00 (%32.6 üstte),54.04,40.59,0.55,,0.0,1.4,
2026-08-17 17:48,PHO,71.35,🟢 Yükseliş Trendinde,🔴 SAT,-,-,⚠️ Yükseliş Trendinde Düzeltme (SSL Negatif),⚪ Yelpaze Açık,🟡Fiyat Orta-Üst Bant Aralığında,EMA21 Destek: 71.21 (%0.2 altta) | EMA5 Direnç: 71.98 (%0.9 üstte),67.02-67.70 (%5.1 altta),72.60-73.56 (%1.8 üstte),53.47,14.14,0.44,,0.0,2.86,
2026-08-17 17:48,PL=F,1785.5,🟢 Yükseliş Trendinde,🔥 GÜÇLÜ AL (Taze Kırılım),-,-,🔴 Ayı Piyasası (EMA 50 En Altta),🟡 Normal Genişlik,🟡Fiyat Orta-Üst Bant Aralığında,EMA5 Destek: 1756.00 (%1.7 altta) | EMA100 Direnç: 1785.91 (%0.0 üstte),-,2357.40-2365.60 (%32.0 üstte),62.43,84.68,0.82,,0.0,4.79,
2026-08-17 17:48,QQQ,733.03,🟢 Yükseliş Trendinde,🟢 AL (Trend Onaylı),-,-,🟢 EMA Yükselişte (SSL Ok Bekleniyor),⚪ Yelpaze Açık,🟡Fiyat Orta-Üst Bant Aralığında,EMA5 Destek: 728.33 (%0.6 altta),555.60-568.05 (%22.5 altta),732.51-741.82 (fiyat bandın içinde!),60.33,99.34,0.87,,0.0,11.53,
2026-08-17 17:48,SI=F,66.3,🟢 Yükseliş Trendinde,⏳ BEKLE,📈 TREND DEVAMI (0 Üstü + Hacim),-,🔴 Ayı Piyasası (EMA 50 En Altta),🟡 Normal Genişlik,🟡Fiyat Orta-Üst Bant Aralığında,EMA5 Destek: 65.13 (%1.8 altta) | EMA100 Direnç: 66.33 (%0.0 üstte),-,86.93-88.89 (%31.1 üstte),64.09,92.78,0.94,,0.0,6.48,
2026-08-17 17:48,SMH,597.92,🔴 Düşüş Trendinde,🟢 AL (Trend Onaylı),-,-,🟢 EMA Yükselişte (SSL Ok Bekleniyor),⚪ Yelpaze Açık,🟡Fiyat Orta-Üst Bant Aralığında,EMA5 Destek: 587.67 (%1.7 altta),359.86-379.24 (%36.6 altta),-,56.84,99.36,0.89,,0.0,26.79,
2026-08-17 17:48,SOXX,562.86,🔴 Düşüş Trendinde,🟢 AL (Trend Onaylı),-,-,🚀 ASIL SİNYAL: GÜÇLÜ AL (EMA Sıralı + SSL Onay),🟡 Normal Genişlik,🟡Fiyat Orta-Üst Bant Aralığında,EMA5 Destek: 550.57 (%2.2 altta),-,643.93-655.95 (%14.4 üstte),56.16,99.85,0.87,,0.0,31.48,
2026-08-17 17:48,VNM,17.14,🟢 Yükseliş Trendinde,🔴 SAT,-,-,🔴 Ayı Piyasası (EMA 50 En Altta),⚪ Yelpaze Açık,🟡Fiyat Orta-Üst Bant Aralığında,EMA5 Direnç: 17.34 (%1.1 üstte),-,19.58-19.78 (%14.2 üstte),45.09,61.73,0.35,,0.0,-1.14,
2026-08-17 17:48,WQTM,35.37,🟢 Yükseliş Trendinde,⏳ BEKLE,🩸 SAT (Zirveden Dönüş),-,🟢 EMA Yükselişte (SSL Ok Bekleniyor),⚪ Yelpaze Açık,🟡Fiyat Orta-Üst Bant Aralığında,EMA5 Destek: 35.02 (%1.0 altta),23.18-24.30 (%31.3 altta),-,58.92,99.94,0.89,,0.0,16.9,
2026-08-17 17:48,XBI,158.82,🟢 Yükseliş Trendinde,⏳ BEKLE,-,-,🟢 EMA Yükselişte (SSL Ok Bekleniyor),⚪ Yelpaze Açık,🟡Fiyat Orta-Üst Bant Aralığında,EMA5 Destek: 157.75 (%0.7 altta),-,-,60.46,76.99,0.89,,0.0,20.78,
2026-08-17 17:48,XLV,167.52,🟢 Yükseliş Trendinde,⏳ BEKLE,-,-,🟢 EMA Yükselişte (SSL Ok Bekleniyor),⚪ Yelpaze Açık,🟡Fiyat Orta-Üst Bant Aralığında,EMA5 Destek: 167.50 (%0.0 altta),145.31-147.27 (%12.1 altta),-,62.3,69.52,0.75,,0.0,9.23,
2026-08-17 17:48,XU100.IS,14218.1,🟢 Yükseliş Trendinde,🟢 AL (Trend Onaylı),-,-,🟢 EMA Yükselişte (SSL Ok Bekleniyor),🟠 Daralıyor,🟡Fiyat Orta-Üst Bant Aralığında,EMA5 Destek: 14088.14 (%0.9 altta),-,-,58.82,100.0,0.94,,0.0,9.4,
2026-08-17 20:50,AIQ,64.15,🟢 Yükseliş Trendinde,🟢 AL (Trend Onaylı),🩸 SAT (Zirveden Dönüş),-,🟢 EMA Yükselişte (SSL Ok Bekleniyor),⚪ Yelpaze Açık,🟡Fiyat Orta-Üst Bant Aralığında,EMA5 Destek: 63.87 (%0.4 altta),44.46-45.83 (%28.5 altta),-,58.71,95.24,0.92,,0.0,15.06,
2026-08-17 20:50,ALUM.L,4.38,🟢 Yükseliş Trendinde,🔴 SAT,-,-,"📉 Düşüş Hazırlığı (50<100 Kesti, 150 Bekleniyor)",🟡 Normal Genişlik,🟡Fiyat Orta-Üst Bant Aralığında,EMA55 Destek: 4.38 (%0.0 altta) | EMA100 Direnç: 4.39 (%0.1 üstte),3.64-3.71 (%15.4 altta),-,53.83,34.83,0.7,,0.0,5.08,
2026-08-17 20:50,BZ=F,90.76,🔴 Düşüş Trendinde,🟢 AL (Trend Onaylı),-,-,"📉 Düşüş Hazırlığı (50<100 Kesti, 150 Bekleniyor)",🟠 Daralıyor,🟡Fiyat Orta-Üst Bant Aralığında,EMA5 Destek: 88.62 (%2.4 altta),59.45-60.91 (%32.9 altta),106.87-112.69 (%17.8 üstte),56.35,86.94,0.18,,0.0,13.31,
2026-08-17 20:50,CCJ,99.32,🟢 Yükseliş Trendinde,🟢 AL (Trend Onaylı),-,-,🔴 Ayı Piyasası (EMA 50 En Altta),⚪ Yelpaze Açık,🟡Fiyat Orta-Üst Bant Aralığında,EMA200 Destek: 99.29 (%0.0 altta) | EMA100 Direnç: 101.11 (%1.8 üstte),-,-,59.73,92.44,0.93,,0.0,4.74,
2026-08-17 20:50,CGW,64.89,🟢 Yükseliş Trendinde,🔴 SAT,-,-,⚠️ Yükseliş Trendinde Düzeltme (SSL Negatif),🟠 Daralıyor,⚪Fiyat Alt_Orta Bant Aralığında,EMA100 Destek: 64.78 (%0.2 altta) | EMA55 Direnç: 65.00 (%0.2 üstte),-,-,45.06,8.6,0.18,,0.0,0.35,
2026-08-17 20:50,COPA,53.72,🟢 Yükseliş Trendinde,⏳ BEKLE,-,-,🟢 EMA Yükselişte (SSL Ok Bekleniyor),⚪ Yelpaze Açık,🟡Fiyat Orta-Üst Bant Aralığında,EMA5 Destek: 53.17 (%1.0 altta),-,54.23-55.84 (%1.0 üstte),61.48,62.2,0.86,,0.0,18.12,
2026-08-17 20:50,COPX,87.16,🟢 Yükseliş Trendinde,🔴 SAT,-,-,🟢 EMA Yükselişte (SSL Ok Bekleniyor),⚪ Yelpaze Açık,🟡Fiyat Orta-Üst Bant Aralığında,EMA5 Destek: 86.72 (%0.5 altta),-,91.20-93.89 (%4.6 üstte),60.36,56.21,0.79,,0.0,15.26,
2026-08-17 20:50,EEM,67.44,🟢 Yükseliş Trendinde,🟢 AL (Trend Onaylı),-,-,🟢 EMA Yükselişte (SSL Ok Bekleniyor),🟠 Daralıyor,🟡Fiyat Orta-Üst Bant Aralığında,EMA5 Destek: 66.61 (%1.2 altta),52.58-53.31 (%21.0 altta),-,59.46,99.45,0.86,,0.0,10.83,
2026-08-17 20:50,EWZ,33.91,🔴 Düşüş Trendinde,🔴 SAT,🟢 POTANSİYEL DİP (0 Altı - Hacimsiz),-,"📉 Düşüş Hazırlığı (50<100 Kesti, 150 Bekleniyor)",⚪ Yelpaze Açık,⚪Fiyat Alt_Orta Bant Aralığında,EMA5 Direnç: 34.12 (%0.6 üstte),-,36.15-36.84 (%6.6 üstte),36.16,5.31,-0.88,,0.0,-0.61,
2026-08-17 20:50,GC=F,4469.4,🟢 Yükseliş Trendinde,🟢 AL (Trend Onaylı),📈 TREND DEVAMI (0 Üstü + Hacim),-,🔴 Ayı Piyasası (EMA 50 En Altta),⚪ Yelpaze Açık,🟡Fiyat Orta-Üst Bant Aralığında,EMA5 Destek: 4395.97 (%1.6 altta),-,4767.20-4879.70 (%6.7 üstte),69.27,88.57,0.94,,0.0,5.26,
2026-08-17 20:50,GLTR,200.59,🟢 Yükseliş Trendinde,🟢 AL (Trend Onaylı),🟡 RİSKLİ AL (0 Üstü - Hacimsiz),-,🔴 Ayı Piyasası (EMA 50 En Altta),⚪ Yelpaze Açık,🟡Fiyat Orta-Üst Bant Aralığında,EMA100 Destek: 198.61 (%1.0 altta),-,248.82-257.80 (%24.0 üstte),64.0,81.24,0.92,,0.0,4.79,
2026-08-17 20:50,HG=F,6.6,🟢 Yükseliş Trendinde,🔴 SAT,-,-,🟢 EMA Yükselişte (SSL Ok Bekleniyor),🟡 Normal Genişlik,🟡Fiyat Orta-Üst Bant Aralığında,EMA5 Destek: 6.60 (%0.0 altta),5.79-5.90 (%10.6 altta),-,59.58,55.94,0.61,,0.0,13.31,
2026-08-17 20:50,IBB,201.81,🟢 Yükseliş Trendinde,⏳ BEKLE,🟡 RİSKLİ AL (0 Üstü - Hacimsiz),-,🟢 EMA Yükselişte (SSL Ok Bekleniyor),⚪ Yelpaze Açık,🟡Fiyat Orta-Üst Bant Aralığında,EMA5 Destek: 199.50 (%1.1 altta),163.90-167.80 (%16.9 altta),-,67.9,80.89,0.9,,0.0,16.56,
2026-08-17 20:50,ICLN,18.1,🔴 Düşüş Trendinde,🔴 SAT,-,-,"📉 Düşüş Hazırlığı (50<100 Kesti, 150 Bekleniyor)",🟠 Daralıyor,🟡Fiyat Orta-Üst Bant Aralığında,EMA5 Direnç: 18.20 (%0.5 üstte),-,21.34-21.75 (%17.9 üstte),45.01,89.14,0.68,,0.0,-0.54,
2026-08-17 20:50,INDA,49.65,🟢 Yükseliş Trendinde,🔴 SAT,-,-,🔴 Ayı Piyasası (EMA 50 En Altta),⚪ Yelpaze Açık,🟡Fiyat Orta-Üst Bant Aralığında,EMA21 Destek: 49.62 (%0.1 altta) | EMA5 Direnç: 49.86 (%0.4 üstte),47.28-47.85 (%3.6 altta),54.75-55.02 (%10.3 üstte),51.85,25.84,0.32,,0.0,0.77,
2026-08-17 20:50,IWM,303.49,🟢 Yükseliş Trendinde,🟢 AL (Trend Onaylı),-,-,🟢 EMA Yükselişte (SSL Ok Bekleniyor),🟡 Normal Genişlik,🟡Fiyat Orta-Üst Bant Aralığında,EMA5 Destek: 303.05 (%0.1 altta),238.69-245.37 (%19.2 altta),-,60.05,94.82,0.89,,0.0,11.92,
2026-08-17 20:50,KOID,39.69,🟢 Yükseliş Trendinde,🟢 AL (Trend Onaylı),-,-,🟢 EMA Yükselişte (SSL Ok Bekleniyor),⚪ Yelpaze Açık,🟡Fiyat Orta-Üst Bant Aralığında,EMA5 Destek: 39.20 (%1.2 altta),29.86-30.85 (%22.3 altta),42.40-42.86 (%6.8 üstte),57.77,97.82,0.89,,0.0,11.86,
2026-08-17 20:50,MARS,28.89,🟢 Yükseliş Trendinde,🟢 AL (Trend Onaylı),-,-,-,-,🟡Fiyat Orta-Üst Bant Aralığında,EMA55 Destek: 28.28 (%2.1 altta) | EMA100 Direnç: 29.73 (%2.9 üstte),-,43.89-45.92 (%51.9 üstte),58.54,92.18,0.95,,0.0,999.0,
2026-08-17 20:50,NASA,27.0,🟢 Yükseliş Trendinde,🟢 AL (Trend Onaylı),-,-,-,-,🟡Fiyat Orta-Üst Bant Aralığında,EMA55 Destek: 26.66 (%1.3 altta),-,-,59.04,95.64,0.96,,0.0,999.0,
2026-08-17 20:50,PA=F,1329.5,🟢 Yükseliş Trendinde,🔴 SAT,-,-,🔴 Ayı Piyasası (EMA 50 En Altta),🟡 Normal Genişlik,🟡Fiyat Orta-Üst Bant Aralığında,EMA55 Destek: 1322.80 (%0.5 altta) | EMA5 Direnç: 1337.20 (%0.6 üstte),-,1774.50-1842.00 (%33.5 üstte),52.8,37.74,0.53,,0.0,0.81,
2026-08-17 20:50,PHO,71.33,🟢 Yükseliş Trendinde,🔴 SAT,-,-,⚠️ Yükseliş Trendinde Düzeltme (SSL Negatif),⚪ Yelpaze Açık,🟡Fiyat Orta-Üst Bant Aralığında,EMA21 Destek: 71.20 (%0.2 altta) | EMA5 Direnç: 71.97 (%0.9 üstte),67.02-67.70 (%5.1 altta),72.60-73.56 (%1.8 üstte),53.34,14.14,0.43,,0.0,2.83,
2026-08-17 20:50,PL=F,1781.7,🟢 Yükseliş Trendinde,🔥 GÜÇLÜ AL (Taze Kırılım),-,-,🔴 Ayı Piyasası (EMA 50 En Altta),🟡 Normal Genişlik,🟡Fiyat Orta-Üst Bant Aralığında,EMA5 Destek: 1754.73 (%1.5 altta) | EMA100 Direnç: 1785.84 (%0.2 üstte),-,2357.40-2365.60 (%32.3 üstte),62.05,84.68,0.82,,0.0,4.59,
2026-08-17 20:50,QQQ,730.36,🟢 Yükseliş Trendinde,🟢 AL (Trend Onaylı),-,-,🟢 EMA Yükselişte (SSL Ok Bekleniyor),⚪ Yelpaze Açık,🟡Fiyat Orta-Üst Bant Aralığında,EMA5 Destek: 727.44 (%0.4 altta),555.60-568.05 (%22.2 altta),732.51-741.82 (%0.3 üstte),59.16,98.2,0.86,,0.0,11.12,
2026-08-17 20:50,SI=F,66.1,🟢 Yükseliş Trendinde,⏳ BEKLE,📈 TREND DEVAMI (0 Üstü + Hacim),-,🔴 Ayı Piyasası (EMA 50 En Altta),🟡 Normal Genişlik,🟡Fiyat Orta-Üst Bant Aralığında,EMA5 Destek: 65.07 (%1.6 altta) | EMA100 Direnç: 66.33 (%0.4 üstte),-,86.93-88.89 (%31.5 üstte),63.62,92.78,0.94,,0.0,6.18,
2026-08-17 20:50,SMH,596.82,🔴 Düşüş Trendinde,🟢 AL (Trend Onaylı),-,-,🟢 EMA Yükselişte (SSL Ok Bekleniyor),🟡 Normal Genişlik,🟡Fiyat Orta-Üst Bant Aralığında,EMA5 Destek: 587.31 (%1.6 altta),359.86-379.24 (%36.5 altta),-,56.56,99.36,0.89,,0.0,26.56,
2026-08-17 20:50,SOXX,562.36,🔴 Düşüş Trendinde,🟢 AL (Trend Onaylı),-,-,🟢 EMA Yükselişte (SSL Ok Bekleniyor),🟡 Normal Genişlik,🟡Fiyat Orta-Üst Bant Aralığında,EMA5 Destek: 550.40 (%2.1 altta),-,643.93-655.95 (%14.5 üstte),56.04,99.85,0.87,,0.0,31.36,
2026-08-17 20:50,VNM,17.15,🟢 Yükseliş Trendinde,🔴 SAT,-,-,🔴 Ayı Piyasası (EMA 50 En Altta),⚪ Yelpaze Açık,🟡Fiyat Orta-Üst Bant Aralığında,EMA5 Direnç: 17.34 (%1.1 üstte),-,19.58-19.78 (%14.2 üstte),45.14,61.8,0.35,,0.0,-1.12,
2026-08-17 20:50,WQTM,35.38,🟢 Yükseliş Trendinde,⏳ BEKLE,🩸 SAT (Zirveden Dönüş),-,🟢 EMA Yükselişte (SSL Ok Bekleniyor),⚪ Yelpaze Açık,🟡Fiyat Orta-Üst Bant Aralığında,EMA5 Destek: 35.03 (%1.0 altta),23.18-24.30 (%31.3 altta),-,59.0,99.94,0.89,,0.0,16.96,
2026-08-17 20:50,XBI,159.6,🟢 Yükseliş Trendinde,⏳ BEKLE,-,-,🟢 EMA Yükselişte (SSL Ok Bekleniyor),⚪ Yelpaze Açık,🟡Fiyat Orta-Üst Bant Aralığında,EMA5 Destek: 158.01 (%1.0 altta),-,-,61.62,79.01,0.89,,0.0,21.36,
2026-08-17 20:50,XLV,167.16,🟢 Yükseliş Trendinde,⏳ BEKLE,🩸 SAT (Zirveden Dönüş),-,🟢 EMA Yükselişte (SSL Ok Bekleniyor),⚪ Yelpaze Açık,🟡Fiyat Orta-Üst Bant Aralığında,EMA21 Destek: 164.75 (%1.4 altta) | EMA5 Direnç: 167.38 (%0.1 üstte),145.31-147.27 (%11.9 altta),-,61.14,66.53,0.74,,0.0,9.0,
2026-08-17 20:50,XU100.IS,14132.06,🟢 Yükseliş Trendinde,🟢 AL (Trend Onaylı),-,-,🟢 EMA Yükselişte (SSL Ok Bekleniyor),🟠 Daralıyor,🟡Fiyat Orta-Üst Bant Aralığında,EMA5 Destek: 14059.46 (%0.5 altta),-,-,56.28,98.27,0.93,,0.0,8.74,
2026-08-18 13:50,AIQ,64.2,🟢 Yükseliş Trendinde,🟢 AL (Trend Onaylı),-,-,🟢 EMA Yükselişte (SSL Ok Bekleniyor),⚪ Yelpaze Açık,🟡Fiyat Orta-Üst Bant Aralığında,EMA5 Destek: 63.80 (%0.6 altta),44.46-45.83 (%28.6 altta),-,58.77,97.69,0.91,,0.0,15.17,
2026-08-18 13:50,ALUM.L,4.34,🩸 SAT (Trend Kırıldı),🔴 SAT,-,-,"📉 Düşüş Hazırlığı (50<100 Kesti, 150 Bekleniyor)",🟡 Normal Genişlik,🟡Fiyat Orta-Üst Bant Aralığında,EMA200 Destek: 4.17 (%3.8 altta) | EMA21 Direnç: 4.35 (%0.2 üstte),3.64-3.71 (%14.5 altta),-,49.36,27.96,0.62,,0.0,4.0,
2026-08-18 13:50,BZ=F,90.66,🔴 Düşüş Trendinde,🟢 AL (Trend Onaylı),-,-,"📉 Düşüş Hazırlığı (50<100 Kesti, 150 Bekleniyor)",🟠 Daralıyor,🟡Fiyat Orta-Üst Bant Aralığında,EMA5 Destek: 89.32 (%1.5 altta),59.45-60.91 (%32.8 altta),106.87-112.69 (%17.9 üstte),56.13,95.19,0.45,,0.0,13.03,
2026-08-18 13:50,CCJ,97.74,🟢 Yükseliş Trendinde,🟢 AL (Trend Onaylı),🩸 SAT (Zirveden Dönüş),-,🔴 Ayı Piyasası (EMA 50 En Altta),⚪ Yelpaze Açık,🟡Fiyat Orta-Üst Bant Aralığında,EMA5 Destek: 97.48 (%0.3 altta) | EMA55 Direnç: 97.80 (%0.1 üstte),-,-,56.93,92.61,0.94,,0.0,3.57,
2026-08-18 13:50,CGW,65.43,🟢 Yükseliş Trendinde,🔴 SAT,-,-,⚠️ Yükseliş Trendinde Düzeltme (SSL Negatif),🟠 Daralıyor,⚪Fiyat Alt_Orta Bant Aralığında,EMA55 Destek: 65.00 (%0.7 altta) | EMA21 Direnç: 65.59 (%0.2 üstte),-,-,49.78,19.23,0.39,,0.0,1.19,
2026-08-18 13:50,COPA,52.5,🟢 Yükseliş Trendinde,🔴 SAT,-,-,🟢 EMA Yükselişte (SSL Ok Bekleniyor),⚪ Yelpaze Açık,🟡Fiyat Orta-Üst Bant Aralığında,EMA21 Destek: 50.95 (%2.9 altta) | EMA5 Direnç: 53.01 (%1.0 üstte),-,54.23-55.84 (%3.3 üstte),57.57,65.88,0.85,,0.0,15.43,
2026-08-18 13:50,COPX,85.7,🟢 Yükseliş Trendinde,🔴 SAT,-,-,🟢 EMA Yükselişte (SSL Ok Bekleniyor),⚪ Yelpaze Açık,🟡Fiyat Orta-Üst Bant Aralığında,EMA21 Destek: 83.12 (%3.0 altta) | EMA5 Direnç: 86.51 (%0.9 üstte),-,91.20-93.89 (%6.4 üstte),57.64,62.76,0.84,,0.0,13.51,
2026-08-18 13:50,EEM,66.61,🟢 Yükseliş Trendinde,🟢 AL (Trend Onaylı),-,-,🟢 EMA Yükselişte (SSL Ok Bekleniyor),🟠 Daralıyor,🟡Fiyat Orta-Üst Bant Aralığında,EMA5 Destek: 66.20 (%0.6 altta),52.58-53.31 (%20.0 altta),-,56.13,99.45,0.86,,0.0,9.59,
2026-08-18 13:50,EWZ,33.93,🔴 Düşüş Trendinde,🔴 SAT,-,-,"📉 Düşüş Hazırlığı (50<100 Kesti, 150 Bekleniyor)",⚪ Yelpaze Açık,⚪Fiyat Alt_Orta Bant Aralığında,EMA5 Direnç: 34.22 (%0.9 üstte),-,36.15-36.84 (%6.5 üstte),36.31,2.76,-0.84,,0.0,-0.85,
2026-08-18 13:50,GC=F,4453.5,🟢 Yükseliş Trendinde,🟢 AL (Trend Onaylı),-,-,🔴 Ayı Piyasası (EMA 50 En Altta),⚪ Yelpaze Açık,🟡Fiyat Orta-Üst Bant Aralığında,EMA5 Destek: 4403.68 (%1.1 altta),-,4767.20-4879.70 (%7.0 üstte),68.66,92.78,0.92,,0.0,4.57,
2026-08-18 13:50,GLTR,197.79,🟢 Yükseliş Trendinde,⏳ BEKLE,-,-,🔴 Ayı Piyasası (EMA 50 En Altta),⚪ Yelpaze Açık,🟡Fiyat Orta-Üst Bant Aralığında,EMA5 Destek: 196.96 (%0.4 altta) | EMA100 Direnç: 198.57 (%0.4 üstte),-,248.82-257.80 (%25.8 üstte),61.11,83.03,0.93,,0.0,3.82,
2026-08-18 13:50,HG=F,6.55,🟢 Yükseliş Trendinde,🔴 SAT,-,-,⚠️ Yükseliş Trendinde Düzeltme (SSL Negatif),🟡 Normal Genişlik,🟡Fiyat Orta-Üst Bant Aralığında,EMA21 Destek: 6.51 (%0.6 altta) | EMA5 Direnç: 6.58 (%0.5 üstte),5.79-5.90 (%10.0 altta),-,55.43,38.12,0.38,,0.0,12.33,
2026-08-18 13:50,IBB,198.26,🟢 Yükseliş Trendinde,⏳ BEKLE,🩸 SAT (Zirveden Dönüş),-,🟢 EMA Yükselişte (SSL Ok Bekleniyor),⚪ Yelpaze Açık,🟡Fiyat Orta-Üst Bant Aralığında,EMA21 Destek: 193.33 (%2.5 altta) | EMA5 Direnç: 198.35 (%0.0 üstte),163.90-167.80 (%15.4 altta),-,63.15,83.24,0.86,,0.0,14.7,
2026-08-18 13:50,ICLN,18.21,🔴 Düşüş Trendinde,⏳ BEKLE,🩸 SAT (Zirveden Dönüş),-,"📉 Düşüş Hazırlığı (50<100 Kesti, 150 Bekleniyor)",🟠 Daralıyor,🟡Fiyat Orta-Üst Bant Aralığında,EMA5 Direnç: 18.25 (%0.2 üstte),-,21.34-21.75 (%17.2 üstte),46.3,95.13,0.79,,0.0,-0.23,
2026-08-18 13:50,INDA,49.78,🟢 Yükseliş Trendinde,🔴 SAT,-,-,🔴 Ayı Piyasası (EMA 50 En Altta),⚪ Yelpaze Açık,🟡Fiyat Orta-Üst Bant Aralığında,EMA21 Destek: 49.66 (%0.2 altta) | EMA5 Direnç: 49.96 (%0.4 üstte),47.28-47.85 (%3.9 altta),54.75-55.02 (%10.0 üstte),53.24,31.93,0.43,,0.0,0.99,
2026-08-18 13:50,IWM,305.09,🟢 Yükseliş Trendinde,🟢 AL (Trend Onaylı),-,-,🟢 EMA Yükselişte (SSL Ok Bekleniyor),🟡 Normal Genişlik,🟡Fiyat Orta-Üst Bant Aralığında,EMA5 Destek: 302.83 (%0.7 altta),238.69-245.37 (%19.6 altta),-,63.41,98.47,0.9,,0.0,12.64,
2026-08-18 13:50,KOID,39.22,🟢 Yükseliş Trendinde,⏳ BEKLE,🩸 SAT (Zirveden Dönüş),-,🟢 EMA Yükselişte (SSL Ok Bekleniyor),⚪ Yelpaze Açık,🟡Fiyat Orta-Üst Bant Aralığında,EMA5 Destek: 39.01 (%0.5 altta),29.86-30.85 (%21.3 altta),42.40-42.86 (%8.1 üstte),55.48,97.67,0.87,,0.0,10.56,
2026-08-18 13:50,MARS,28.25,🟢 Yükseliş Trendinde,🟢 AL (Trend Onaylı),-,-,-,-,🟡Fiyat Orta-Üst Bant Aralığında,EMA55 Destek: 28.25 (%0.0 altta) | EMA100 Direnç: 29.71 (%5.2 üstte),-,43.89-45.92 (%55.4 üstte),56.12,92.68,0.95,,0.0,999.0,
2026-08-18 13:50,NASA,26.38,🟢 Yükseliş Trendinde,🟢 AL (Trend Onaylı),-,-,-,-,🟡Fiyat Orta-Üst Bant Aralığında,EMA5 Destek: 25.99 (%1.5 altta) | EMA55 Direnç: 26.65 (%1.0 üstte),-,-,56.37,95.64,0.95,,0.0,999.0,
2026-08-18 13:50,PA=F,1324.0,🟢 Yükseliş Trendinde,🔴 SAT,-,-,🔴 Ayı Piyasası (EMA 50 En Altta),🟡 Normal Genişlik,🟡Fiyat Orta-Üst Bant Aralığında,EMA55 Destek: 1323.00 (%0.1 altta) | EMA5 Direnç: 1333.82 (%0.7 üstte),-,1774.50-1842.00 (%34.0 üstte),51.71,38.05,0.31,,0.0,0.33,
2026-08-18 13:50,PHO,71.97,🟢 Yükseliş Trendinde,🔴 SAT,-,-,⚠️ Yükseliş Trendinde Düzeltme (SSL Negatif),⚪ Yelpaze Açık,🟡Fiyat Orta-Üst Bant Aralığında,EMA21 Destek: 71.19 (%1.1 altta) | EMA5 Direnç: 72.29 (%0.5 üstte),-,72.60-73.56 (%0.9 üstte),57.41,43.13,0.63,,0.0,3.8,
2026-08-18 13:50,PL=F,1754.7,🟢 Yükseliş Trendinde,⏳ BEKLE,-,-,🔴 Ayı Piyasası (EMA 50 En Altta),🟡 Normal Genişlik,🟡Fiyat Orta-Üst Bant Aralığında,EMA5 Destek: 1754.68 (%0.0 altta) | EMA100 Direnç: 1785.22 (%1.7 üstte),-,2357.40-2365.60 (%34.3 üstte),57.56,85.37,0.75,,0.0,2.72,
2026-08-18 13:50,QQQ,731.07,🟢 Yükseliş Trendinde,🟢 AL (Trend Onaylı),-,-,🟢 EMA Yükselişte (SSL Ok Bekleniyor),⚪ Yelpaze Açık,🟡Fiyat Orta-Üst Bant Aralığında,EMA5 Destek: 725.97 (%0.7 altta),555.60-568.05 (%22.3 altta),732.51-741.82 (%0.2 üstte),59.57,98.09,0.89,,0.0,11.36,
2026-08-18 13:50,SI=F,65.21,🟢 Yükseliş Trendinde,🟢 AL (Trend Onaylı),🩸 SAT (Zirveden Dönüş),-,🔴 Ayı Piyasası (EMA 50 En Altta),🟡 Normal Genişlik,🟡Fiyat Orta-Üst Bant Aralığında,EMA5 Destek: 65.12 (%0.1 altta) | EMA100 Direnç: 66.31 (%1.7 üstte),-,86.93-88.89 (%33.3 üstte),59.93,90.67,0.92,,0.0,4.3,
2026-08-18 13:50,SMH,587.82,🔴 Düşüş Trendinde,⏳ BEKLE,-,-,🟢 EMA Yükselişte (SSL Ok Bekleniyor),🟡 Normal Genişlik,🟡Fiyat Orta-Üst Bant Aralığında,EMA5 Destek: 582.55 (%0.9 altta),359.86-379.24 (%35.5 altta),-,54.1,99.36,0.89,,0.0,24.98,
2026-08-18 13:50,SOXX,550.42,🔴 Düşüş Trendinde,⏳ BEKLE,-,-,🟢 EMA Yükselişte (SSL Ok Bekleniyor),🟠 Daralıyor,🟡Fiyat Orta-Üst Bant Aralığında,EMA5 Destek: 544.42 (%1.1 altta),-,643.93-655.95 (%17.0 üstte),53.06,99.85,0.87,,0.0,28.98,
2026-08-18 13:50,VNM,17.16,🟢 Yükseliş Trendinde,🔴 SAT,-,-,🔴 Ayı Piyasası (EMA 50 En Altta),⚪ Yelpaze Açık,🟡Fiyat Orta-Üst Bant Aralığında,EMA21 Direnç: 17.40 (%1.4 üstte),-,19.58-19.78 (%14.1 üstte),45.36,78.03,0.62,,0.0,-1.36,
2026-08-18 13:50,WQTM,35.33,🟢 Yükseliş Trendinde,🟢 AL (Trend Onaylı),-,-,🟢 EMA Yükselişte (SSL Ok Bekleniyor),⚪ Yelpaze Açık,🟡Fiyat Orta-Üst Bant Aralığında,EMA5 Destek: 34.85 (%1.4 altta),23.18-24.30 (%31.2 altta),-,58.76,99.94,0.91,,0.0,16.98,
2026-08-18 13:50,XBI,157.41,🟢 Yükseliş Trendinde,⏳ BEKLE,🩸 SAT (Zirveden Dönüş),-,🟢 EMA Yükselişte (SSL Ok Bekleniyor),⚪ Yelpaze Açık,🟡Fiyat Orta-Üst Bant Aralığında,EMA5 Destek: 157.21 (%0.1 altta),-,-,58.16,81.48,0.87,,0.0,19.96,
2026-08-18 13:50,XLV,167.37,🟢 Yükseliş Trendinde,🟢 AL (Trend Onaylı),-,-,⚪ Karışık / Testere Piyasası,⚪ Yelpaze Açık,🟡Fiyat Orta-Üst Bant Aralığında,EMA21 Destek: 164.51 (%1.7 altta) | EMA5 Direnç: 167.49 (%0.1 üstte),145.31-147.27 (%12.0 altta),-,61.94,76.37,0.57,,0.0,9.24,
2026-08-18 13:50,XU100.IS,14124.83,🟢 Yükseliş Trendinde,🟢 AL (Trend Onaylı),-,-,🟢 EMA Yükselişte (SSL Ok Bekleniyor),🟠 Daralıyor,🟡Fiyat Orta-Üst Bant Aralığında,EMA5 Destek: 14057.05 (%0.5 altta),-,-,56.04,97.97,0.93,,0.0,8.69,
2026-08-18 17:57,AIQ,62.53,🟢 Yükseliş Trendinde,🔴 SAT,🩸 SAT (Zirveden Dönüş),-,🟢 EMA Yükselişte (SSL Ok Bekleniyor),⚪ Yelpaze Açık,🟡Fiyat Orta-Üst Bant Aralığında,EMA21 Destek: 62.15 (%0.6 altta) | EMA5 Direnç: 63.37 (%1.4 üstte),44.46-45.83 (%26.7 altta),-,51.61,87.12,0.82,,0.0,12.19,
2026-08-18 17:57,ALUM.L,4.34,🩸 SAT (Trend Kırıldı),🔴 SAT,-,-,"📉 Düşüş Hazırlığı (50<100 Kesti, 150 Bekleniyor)",🟡 Normal Genişlik,🟡Fiyat Orta-Üst Bant Aralığında,EMA200 Destek: 4.17 (%3.8 altta) | EMA21 Direnç: 4.35 (%0.2 üstte),3.64-3.71 (%14.5 altta),-,49.17,27.66,0.62,,0.0,3.95,
2026-08-18 17:57,BZ=F,90.86,🔴 Düşüş Trendinde,🟢 AL (Trend Onaylı),-,-,"📉 Düşüş Hazırlığı (50<100 Kesti, 150 Bekleniyor)",🟠 Daralıyor,🟡Fiyat Orta-Üst Bant Aralığında,EMA5 Destek: 89.39 (%1.6 altta),59.45-60.91 (%33.0 altta),106.87-112.69 (%17.6 üstte),56.47,95.98,0.46,,0.0,13.28,
2026-08-18 17:57,CCJ,94.28,🟢 Yükseliş Trendinde,🔴 SAT,-,-,🔴 Ayı Piyasası (EMA 50 En Altta),⚪ Yelpaze Açık,🟡Fiyat Orta-Üst Bant Aralığında,EMA21 Direnç: 94.36 (%0.1 üstte),-,-,49.4,79.38,0.85,,0.0,-0.09,
2026-08-18 17:57,CGW,64.78,🟢 Yükseliş Trendinde,🔴 SAT,-,-,⚠️ Yükseliş Trendinde Düzeltme (SSL Negatif),🟠 Daralıyor,⚪Fiyat Alt_Orta Bant Aralığında,EMA100 Destek: 64.76 (%0.0 altta) | EMA55 Direnç: 64.97 (%0.3 üstte),-,-,44.42,9.01,0.05,,0.0,0.19,
2026-08-18 17:57,COPA,52.81,🟢 Yükseliş Trendinde,🔴 SAT,-,-,🟢 EMA Yükselişte (SSL Ok Bekleniyor),⚪ Yelpaze Açık,🟡Fiyat Orta-Üst Bant Aralığında,EMA21 Destek: 51.08 (%3.3 altta) | EMA5 Direnç: 52.94 (%0.2 üstte),-,54.23-55.84 (%2.7 üstte),58.37,56.68,0.79,,0.0,16.18,
2026-08-18 17:57,COPX,85.14,🟢 Yükseliş Trendinde,🔴 SAT,-,-,🟢 EMA Yükselişte (SSL Ok Bekleniyor),⚪ Yelpaze Açık,🟡Fiyat Orta-Üst Bant Aralığında,EMA21 Destek: 83.30 (%2.2 altta) | EMA5 Direnç: 86.05 (%1.1 üstte),-,91.20-93.89 (%7.1 üstte),56.18,49.8,0.74,,0.0,12.63,
2026-08-18 17:57,EEM,65.49,🟢 Yükseliş Trendinde,⏳ BEKLE,🩸 SAT (Zirveden Dönüş),-,⚪ Karışık / Testere Piyasası,🟠 Daralıyor,🟡Fiyat Orta-Üst Bant Aralığında,EMA21 Destek: 65.37 (%0.2 altta) | EMA5 Direnç: 65.96 (%0.7 üstte),52.58-53.31 (%18.6 altta),-,50.41,90.2,0.78,,0.0,7.73,
2026-08-18 17:57,EWZ,33.93,🔴 Düşüş Trendinde,🔴 SAT,🟢 POTANSİYEL DİP (0 Altı - Hacimsiz),-,"📉 Düşüş Hazırlığı (50<100 Kesti, 150 Bekleniyor)",⚪ Yelpaze Açık,⚪Fiyat Alt_Orta Bant Aralığında,EMA5 Direnç: 34.12 (%0.6 üstte),-,36.15-36.84 (%6.5 üstte),36.68,5.5,-0.88,,0.0,-0.57,
2026-08-18 17:57,GC=F,4440.8,🟢 Yükseliş Trendinde,🟢 AL (Trend Onaylı),-,-,🔴 Ayı Piyasası (EMA 50 En Altta),⚪ Yelpaze Açık,🟡Fiyat Orta-Üst Bant Aralığında,EMA5 Destek: 4399.44 (%0.9 altta),-,4767.20-4879.70 (%7.4 üstte),67.99,92.34,0.92,,0.0,4.28,
2026-08-18 17:57,GLTR,197.38,🟢 Yükseliş Trendinde,⏳ BEKLE,-,-,🔴 Ayı Piyasası (EMA 50 En Altta),⚪ Yelpaze Açık,🟡Fiyat Orta-Üst Bant Aralığında,EMA5 Destek: 197.10 (%0.1 altta) | EMA100 Direnç: 199.36 (%1.0 üstte),-,248.82-257.80 (%26.1 üstte),60.03,77.48,0.91,,0.0,3.22,
2026-08-18 17:57,HG=F,6.48,🟢 Yükseliş Trendinde,🔴 SAT,-,-,⚠️ Yükseliş Trendinde Düzeltme (SSL Negatif),🟡 Normal Genişlik,⚪Fiyat Alt_Orta Bant Aralığında,EMA55 Destek: 6.37 (%1.8 altta) | EMA21 Direnç: 6.50 (%0.3 üstte),5.79-5.90 (%9.0 altta),-,50.68,38.12,0.26,,0.0,11.18,
2026-08-18 17:57,IBB,202.7,🟢 Yükseliş Trendinde,🟢 AL (Trend Onaylı),-,-,🟢 EMA Yükselişte (SSL Ok Bekleniyor),⚪ Yelpaze Açık,🟡Fiyat Orta-Üst Bant Aralığında,EMA5 Destek: 199.81 (%1.4 altta),163.90-167.80 (%17.2 altta),-,68.56,82.52,0.9,,0.0,17.38,
2026-08-18 17:57,ICLN,17.75,🔴 Düşüş Trendinde,🔴 SAT,-,-,"📉 Düşüş Hazırlığı (50<100 Kesti, 150 Bekleniyor)",🟠 Daralıyor,⚪Fiyat Alt_Orta Bant Aralığında,EMA5 Direnç: 18.09 (%1.9 üstte),-,21.34-21.75 (%20.2 üstte),41.15,82.92,0.57,,0.0,-1.85,
2026-08-18 17:57,INDA,49.47,🟢 Yükseliş Trendinde,🔴 SAT,-,-,🔴 Ayı Piyasası (EMA 50 En Altta),⚪ Yelpaze Açık,⚪Fiyat Alt_Orta Bant Aralığında,EMA100 Destek: 49.46 (%0.0 altta) | EMA21 Direnç: 49.61 (%0.3 üstte),47.28-47.85 (%3.3 altta),54.75-55.02 (%10.7 üstte),49.36,26.36,0.15,,0.0,0.38,
2026-08-18 17:57,IWM,301.26,🟢 Yükseliş Trendinde,⏳ BEKLE,🩸 SAT (Zirveden Dönüş),-,🟢 EMA Yükselişte (SSL Ok Bekleniyor),🟡 Normal Genişlik,🟡Fiyat Orta-Üst Bant Aralığında,EMA21 Destek: 298.58 (%0.9 altta) | EMA5 Direnç: 302.31 (%0.3 üstte),238.69-245.37 (%18.6 altta),-,55.92,88.45,0.86,,0.0,11.11,
2026-08-18 17:57,KOID,38.28,🟢 Yükseliş Trendinde,🔴 SAT,🩸 SAT (Zirveden Dönüş),-,🟢 EMA Yükselişte (SSL Ok Bekleniyor),⚪ Yelpaze Açık,🟡Fiyat Orta-Üst Bant Aralığında,EMA100 Destek: 37.86 (%1.1 altta) | EMA21 Direnç: 38.40 (%0.3 üstte),29.86-30.85 (%19.4 altta),42.40-42.86 (%10.8 üstte),48.83,89.12,0.76,,0.0,7.98,
2026-08-18 17:57,MARS,27.55,🟢 Yükseliş Trendinde,⏳ BEKLE,🩸 SAT (Zirveden Dönüş),-,-,-,🟡Fiyat Orta-Üst Bant Aralığında,EMA21 Destek: 27.00 (%2.0 altta) | EMA5 Direnç: 27.84 (%1.1 üstte),-,43.89-45.92 (%59.3 üstte),51.4,85.53,0.9,,0.0,999.0,
2026-08-18 17:57,NASA,25.53,🟢 Yükseliş Trendinde,⏳ BEKLE,🩸 SAT (Zirveden Dönüş),-,-,-,🟡Fiyat Orta-Üst Bant Aralığında,EMA21 Destek: 24.97 (%2.2 altta) | EMA5 Direnç: 25.84 (%1.2 üstte),-,-,51.73,88.65,0.92,,0.0,999.0,
2026-08-18 17:57,PA=F,1301.0,🟢 Yükseliş Trendinde,🔴 SAT,-,-,🔴 Ayı Piyasası (EMA 50 En Altta),🟡 Normal Genişlik,⚪Fiyat Alt_Orta Bant Aralığında,EMA21 Direnç: 1317.57 (%1.3 üstte),-,1774.50-1842.00 (%36.4 üstte),48.09,29.31,0.24,,0.0,-1.26,
2026-08-18 17:57,PHO,71.35,🟢 Yükseliş Trendinde,🔴 SAT,-,-,⚠️ Yükseliş Trendinde Düzeltme (SSL Negatif),⚪ Yelpaze Açık,🟡Fiyat Orta-Üst Bant Aralığında,EMA21 Destek: 71.21 (%0.2 altta) | EMA5 Direnç: 71.98 (%0.9 üstte),-,72.60-73.56 (%1.8 üstte),53.31,23.51,0.34,,0.0,2.85,
2026-08-18 17:57,PL=F,1743.3,🟢 Yükseliş Trendinde,⏳ BEKLE,-,-,🔴 Ayı Piyasası (EMA 50 En Altta),🟡 Normal Genişlik,🟡Fiyat Orta-Üst Bant Aralığında,EMA55 Destek: 1728.33 (%0.9 altta) | EMA5 Direnç: 1750.88 (%0.4 üstte),-,2357.40-2365.60 (%35.2 üstte),55.85,81.72,0.73,,0.0,2.12,
2026-08-18 17:57,QQQ,716.77,🟢 Yükseliş Trendinde,🔴 SAT,🩸 SAT (Zirveden Dönüş),-,🟢 EMA Yükselişte (SSL Ok Bekleniyor),⚪ Yelpaze Açık,🟡Fiyat Orta-Üst Bant Aralığında,EMA21 Destek: 712.97 (%0.5 altta) | EMA5 Direnç: 722.91 (%0.9 üstte),555.60-568.05 (%20.7 altta),732.51-741.82 (%2.2 üstte),52.27,89.91,0.81,,0.0,9.08,
2026-08-18 17:57,SI=F,64.61,🟢 Yükseliş Trendinde,⏳ BEKLE,🩸 SAT (Zirveden Dönüş),-,🔴 Ayı Piyasası (EMA 50 En Altta),🟡 Normal Genişlik,🟡Fiyat Orta-Üst Bant Aralığında,EMA200 Destek: 64.37 (%0.4 altta) | EMA5 Direnç: 64.92 (%0.5 üstte),-,86.93-88.89 (%34.6 üstte),57.7,87.15,0.9,,0.0,3.43,
2026-08-18 17:57,SMH,564.76,🔴 Düşüş Trendinde,🔴 SAT,🩸 SAT (Zirveden Dönüş),-,🟢 EMA Yükselişte (SSL Ok Bekleniyor),🟡 Normal Genişlik,🟡Fiyat Orta-Üst Bant Aralığında,EMA100 Destek: 542.65 (%3.9 altta) | EMA55 Direnç: 570.09 (%0.9 üstte),359.86-379.24 (%32.8 altta),-,47.26,88.14,0.78,,0.0,19.84,
2026-08-18 17:57,SOXX,525.38,🔴 Düşüş Trendinde,🔴 SAT,🩸 SAT (Zirveden Dönüş),-,🟢 EMA Yükselişte (SSL Ok Bekleniyor),🟠 Daralıyor,⚪Fiyat Alt_Orta Bant Aralığında,EMA100 Destek: 505.30 (%3.8 altta) | EMA55 Direnç: 535.47 (%1.9 üstte),-,643.93-655.95 (%22.6 üstte),46.44,88.71,0.75,,0.0,22.83,
2026-08-18 17:57,VNM,17.16,🟢 Yükseliş Trendinde,🔴 SAT,-,-,🔴 Ayı Piyasası (EMA 50 En Altta),⚪ Yelpaze Açık,⚪Fiyat Alt_Orta Bant Aralığında,EMA5 Direnç: 17.34 (%1.1 üstte),-,19.58-19.78 (%14.1 üstte),43.57,65.2,0.43,,0.0,-1.08,
2026-08-18 17:57,WQTM,33.74,🟢 Yükseliş Trendinde,🔴 SAT,🩸 SAT (Zirveden Dönüş),-,🟢 EMA Yükselişte (SSL Ok Bekleniyor),⚪ Yelpaze Açık,🟡Fiyat Orta-Üst Bant Aralığında,EMA100 Destek: 32.97 (%2.3 altta) | EMA21 Direnç: 33.75 (%0.0 üstte),23.18-24.30 (%28.0 altta),-,49.77,90.09,0.81,,0.0,11.67,
2026-08-18 17:57,XBI,158.33,🟢 Yükseliş Trendinde,⏳ BEKLE,-,-,🟢 EMA Yükselişte (SSL Ok Bekleniyor),⚪ Yelpaze Açık,🟡Fiyat Orta-Üst Bant Aralığında,EMA5 Destek: 157.59 (%0.5 altta),-,-,59.69,75.65,0.88,,0.0,20.41,
2026-08-18 17:57,XLV,169.8,🟢 Yükseliş Trendinde,🟢 AL (Trend Onaylı),-,-,🟢 EMA Yükselişte (SSL Ok Bekleniyor),⚪ Yelpaze Açık,🟡Fiyat Orta-Üst Bant Aralığında,EMA5 Destek: 168.26 (%0.9 altta),145.31-147.27 (%13.3 altta),-,66.96,80.86,0.79,,0.0,10.71,
2026-08-18 17:57,XU100.IS,14124.41,🟢 Yükseliş Trendinde,🟢 AL (Trend Onaylı),-,-,🟢 EMA Yükselişte (SSL Ok Bekleniyor),🟠 Daralıyor,🟡Fiyat Orta-Üst Bant Aralığında,EMA5 Destek: 14057.44 (%0.5 altta),-,-,55.22,97.98,0.86,,0.0,8.9,
2026-08-18 20:48,AIQ,62.68,🟢 Yükseliş Trendinde,🔴 SAT,-,-,🟢 EMA Yükselişte (SSL Ok Bekleniyor),⚪ Yelpaze Açık,🟡Fiyat Orta-Üst Bant Aralığında,EMA21 Destek: 62.14 (%0.9 altta) | EMA5 Direnç: 63.44 (%1.2 üstte),44.46-45.83 (%26.9 altta),-,52.57,84.16,0.83,,0.0,12.29,
2026-08-18 20:48,ALUM.L,4.32,🩸 SAT (Trend Kırıldı),🔴 SAT,-,-,"📉 Düşüş Hazırlığı (50<100 Kesti, 150 Bekleniyor)",🟡 Normal Genişlik,⚪Fiyat Alt_Orta Bant Aralığında,EMA200 Destek: 4.17 (%3.4 altta) | EMA21 Direnç: 4.34 (%0.6 üstte),3.64-3.71 (%14.1 altta),-,47.43,24.98,0.58,,0.0,3.5,
2026-08-18 20:48,BZ=F,91.17,🔴 Düşüş Trendinde,🟢 AL (Trend Onaylı),-,-,"📉 Düşüş Hazırlığı (50<100 Kesti, 150 Bekleniyor)",🟠 Daralıyor,🟡Fiyat Orta-Üst Bant Aralığında,EMA5 Destek: 89.49 (%1.8 altta),59.45-60.91 (%33.2 altta),106.87-112.69 (%17.2 üstte),56.87,96.02,0.47,,0.0,13.66,
2026-08-18 20:48,CCJ,95.6,🟢 Yükseliş Trendinde,🔴 SAT,-,-,🔴 Ayı Piyasası (EMA 50 En Altta),⚪ Yelpaze Açık,🟡Fiyat Orta-Üst Bant Aralığında,EMA21 Destek: 94.83 (%0.8 altta) | EMA5 Direnç: 97.10 (%1.6 üstte),-,-,51.45,81.15,0.83,,0.0,0.81,
2026-08-18 20:48,CGW,64.69,🟢 Yükseliş Trendinde,🔴 SAT,-,-,⚠️ Yükseliş Trendinde Düzeltme (SSL Negatif),🟠 Daralıyor,⚪Fiyat Alt_Orta Bant Aralığında,EMA200 Destek: 64.66 (%0.1 altta) | EMA100 Direnç: 64.78 (%0.1 üstte),-,-,43.49,2.11,-0.19,,0.0,0.05,
2026-08-18 20:48,COPA,52.4,🟢 Yükseliş Trendinde,🔴 SAT,-,-,🟢 EMA Yükselişte (SSL Ok Bekleniyor),⚪ Yelpaze Açık,🟡Fiyat Orta-Üst Bant Aralığında,EMA21 Destek: 51.07 (%2.5 altta) | EMA5 Direnç: 52.91 (%1.0 üstte),-,54.23-55.84 (%3.5 üstte),56.16,59.43,0.78,,0.0,15.05,
2026-08-18 20:48,COPX,85.42,🟢 Yükseliş Trendinde,🔴 SAT,-,-,🟢 EMA Yükselişte (SSL Ok Bekleniyor),⚪ Yelpaze Açık,🟡Fiyat Orta-Üst Bant Aralığında,EMA21 Destek: 83.68 (%2.0 altta) | EMA5 Direnç: 86.33 (%1.1 üstte),-,91.20-93.89 (%6.8 üstte),55.65,47.71,0.66,,0.0,12.81,
2026-08-18 20:48,EEM,65.42,🟢 Yükseliş Trendinde,⏳ BEKLE,-,-,⚪ Karışık / Testere Piyasası,🟠 Daralıyor,🟡Fiyat Orta-Üst Bant Aralığında,EMA55 Destek: 65.40 (%0.0 altta) | EMA21 Direnç: 65.52 (%0.2 üstte),52.58-53.31 (%18.5 altta),-,49.61,76.56,0.77,,0.0,7.43,
2026-08-18 20:48,EWZ,33.83,🔴 Düşüş Trendinde,⏳ BEKLE,-,-,"📉 Düşüş Hazırlığı (50<100 Kesti, 150 Bekleniyor)",⚪ Yelpaze Açık,⚪Fiyat Alt_Orta Bant Aralığında,EMA5 Direnç: 34.03 (%0.6 üstte),-,36.15-36.84 (%6.9 üstte),35.68,8.14,-0.95,,0.0,-0.61,
2026-08-18 20:48,GC=F,4417.0,🟢 Yükseliş Trendinde,🟢 AL (Trend Onaylı),🩸 SAT (Zirveden Dönüş),-,🔴 Ayı Piyasası (EMA 50 En Altta),⚪ Yelpaze Açık,🟡Fiyat Orta-Üst Bant Aralığında,EMA5 Destek: 4391.51 (%0.6 altta),-,4767.20-4879.70 (%7.9 üstte),66.63,90.43,0.91,,0.0,3.75,
2026-08-18 20:48,GLTR,196.48,🟢 Yükseliş Trendinde,⏳ BEKLE,-,-,🔴 Ayı Piyasası (EMA 50 En Altta),⚪ Yelpaze Açık,🟡Fiyat Orta-Üst Bant Aralığında,EMA55 Destek: 193.57 (%1.5 altta) | EMA200 Direnç: 196.60 (%0.1 üstte),-,248.82-257.80 (%26.6 üstte),57.42,75.61,0.86,,0.0,2.41,
2026-08-18 20:48,HG=F,6.48,🟢 Yükseliş Trendinde,🔴 SAT,-,-,⚠️ Yükseliş Trendinde Düzeltme (SSL Negatif),🟡 Normal Genişlik,⚪Fiyat Alt_Orta Bant Aralığında,EMA55 Destek: 6.37 (%1.8 altta) | EMA21 Direnç: 6.50 (%0.3 üstte),5.79-5.90 (%9.0 altta),-,50.68,38.12,0.26,,0.0,11.18,
2026-08-18 20:48,IBB,203.62,🟢 Yükseliş Trendinde,🟢 AL (Trend Onaylı),-,🔴 ZİRVEDE,🟢 EMA Yükselişte (SSL Ok Bekleniyor),⚪ Yelpaze Açık,🟡Fiyat Orta-Üst Bant Aralığında,EMA5 Destek: 200.90 (%1.3 altta),163.90-167.80 (%17.6 altta),-,70.02,88.16,0.92,,0.0,17.4,
2026-08-18 20:48,ICLN,17.74,🔴 Düşüş Trendinde,🔴 SAT,-,-,"📉 Düşüş Hazırlığı (50<100 Kesti, 150 Bekleniyor)",🟠 Daralıyor,⚪Fiyat Alt_Orta Bant Aralığında,EMA5 Direnç: 18.05 (%1.8 üstte),-,21.34-21.75 (%20.3 üstte),40.74,66.22,0.34,,0.0,-1.73,
2026-08-18 20:48,INDA,49.46,🟢 Yükseliş Trendinde,🔴 SAT,-,-,🔴 Ayı Piyasası (EMA 50 En Altta),🟡 Normal Genişlik,⚪Fiyat Alt_Orta Bant Aralığında,EMA100 Destek: 49.45 (%0.0 altta) | EMA21 Direnç: 49.60 (%0.3 üstte),47.28-47.85 (%3.2 altta),54.75-55.02 (%10.7 üstte),49.26,4.97,-0.05,,0.0,0.35,
2026-08-18 20:48,IWM,300.57,🟢 Yükseliş Trendinde,⏳ BEKLE,🩸 SAT (Zirveden Dönüş),-,🟢 EMA Yükselişte (SSL Ok Bekleniyor),⚪ Yelpaze Açık,🟡Fiyat Orta-Üst Bant Aralığında,EMA21 Destek: 299.00 (%0.5 altta) | EMA5 Direnç: 302.35 (%0.6 üstte),238.69-245.37 (%18.4 altta),-,54.32,78.29,0.81,,0.0,10.72,
2026-08-18 20:48,KOID,38.15,🟢 Yükseliş Trendinde,🔴 SAT,🩸 SAT (Zirveden Dönüş),-,🟢 EMA Yükselişte (SSL Ok Bekleniyor),⚪ Yelpaze Açık,🟡Fiyat Orta-Üst Bant Aralığında,EMA100 Destek: 37.85 (%0.8 altta) | EMA21 Direnç: 38.36 (%0.6 üstte),29.86-30.85 (%19.1 altta),42.40-42.86 (%11.1 üstte),48.64,87.43,0.77,,0.0,7.44,
2026-08-18 20:48,MARS,27.99,🟢 Yükseliş Trendinde,⏳ BEKLE,🩸 SAT (Zirveden Dönüş),-,-,-,🟡Fiyat Orta-Üst Bant Aralığında,EMA21 Destek: 26.95 (%3.7 altta) | EMA5 Direnç: 28.07 (%0.3 üstte),-,43.89-45.92 (%56.8 üstte),54.26,88.97,0.92,,0.0,999.0,
2026-08-18 20:48,NASA,25.95,🟢 Yükseliş Trendinde,⏳ BEKLE,🩸 SAT (Zirveden Dönüş),-,-,-,🟡Fiyat Orta-Üst Bant Aralığında,EMA21 Destek: 25.17 (%3.0 altta) | EMA5 Direnç: 26.15 (%0.8 üstte),-,-,53.34,90.87,0.91,,0.0,999.0,
2026-08-18 20:48,PA=F,1293.5,🩸 SAT (Trend Kırıldı),🔴 SAT,-,-,🔴 Ayı Piyasası (EMA 50 En Altta),🟡 Normal Genişlik,⚪Fiyat Alt_Orta Bant Aralığında,EMA21 Direnç: 1316.89 (%1.8 üstte),-,1774.50-1842.00 (%37.2 üstte),47.02,27.52,0.21,,0.0,-1.78,
2026-08-18 20:48,PHO,71.25,🟢 Yükseliş Trendinde,🔴 SAT,-,-,⚠️ Yükseliş Trendinde Düzeltme (SSL Negatif),⚪ Yelpaze Açık,🟡Fiyat Orta-Üst Bant Aralığında,EMA21 Destek: 71.20 (%0.1 altta) | EMA5 Direnç: 71.70 (%0.6 üstte),67.02-67.70 (%5.0 altta),72.60-73.56 (%1.9 üstte),52.78,4.74,0.22,,0.0,2.66,
2026-08-18 20:48,PL=F,1731.3,🟢 Yükseliş Trendinde,🔴 SAT,-,-,🔴 Ayı Piyasası (EMA 50 En Altta),🟡 Normal Genişlik,🟡Fiyat Orta-Üst Bant Aralığında,EMA55 Destek: 1727.90 (%0.2 altta) | EMA5 Direnç: 1746.88 (%0.9 üstte),-,2357.40-2365.60 (%36.2 üstte),54.16,78.1,0.71,,0.0,1.48,
2026-08-18 20:48,QQQ,717.91,🟢 Yükseliş Trendinde,🔴 SAT,🩸 SAT (Zirveden Dönüş),-,🟢 EMA Yükselişte (SSL Ok Bekleniyor),⚪ Yelpaze Açık,🟡Fiyat Orta-Üst Bant Aralığında,EMA21 Destek: 714.50 (%0.5 altta) | EMA5 Direnç: 724.15 (%0.9 üstte),555.60-568.05 (%20.9 altta),732.51-741.82 (%2.0 üstte),52.37,82.62,0.78,,0.0,9.13,
2026-08-18 20:48,SI=F,63.96,🟢 Yükseliş Trendinde,⏳ BEKLE,🩸 SAT (Zirveden Dönüş),-,🔴 Ayı Piyasası (EMA 50 En Altta),🟡 Normal Genişlik,🟡Fiyat Orta-Üst Bant Aralığında,EMA55 Destek: 63.89 (%0.1 altta) | EMA200 Direnç: 64.36 (%0.6 üstte),-,86.93-88.89 (%35.9 üstte),55.47,83.62,0.89,,0.0,2.49,
2026-08-18 20:48,SMH,566.74,🔴 Düşüş Trendinde,🔴 SAT,🩸 SAT (Zirveden Dönüş),-,🟢 EMA Yükselişte (SSL Ok Bekleniyor),🟡 Normal Genişlik,🟡Fiyat Orta-Üst Bant Aralığında,EMA100 Destek: 543.70 (%4.1 altta) | EMA55 Direnç: 570.98 (%0.7 üstte),359.86-379.24 (%33.1 altta),-,47.4,78.67,0.77,,0.0,19.94,
2026-08-18 20:48,SOXX,526.76,🔴 Düşüş Trendinde,🔴 SAT,🩸 SAT (Zirveden Dönüş),-,🟢 EMA Yükselişte (SSL Ok Bekleniyor),🟠 Daralıyor,⚪Fiyat Alt_Orta Bant Aralığında,EMA100 Destek: 506.38 (%3.9 altta) | EMA55 Direnç: 536.32 (%1.8 üstte),-,643.93-655.95 (%22.2 üstte),46.49,76.9,0.74,,0.0,22.77,
2026-08-18 20:48,VNM,17.15,🟢 Yükseliş Trendinde,🔴 SAT,-,-,🔴 Ayı Piyasası (EMA 50 En Altta),⚪ Yelpaze Açık,🟡Fiyat Orta-Üst Bant Aralığında,EMA5 Direnç: 17.28 (%0.7 üstte),-,19.58-19.78 (%14.1 üstte),45.31,37.46,-0.12,,0.0,-0.72,
2026-08-18 20:48,WQTM,33.87,🟢 Yükseliş Trendinde,🔴 SAT,-,-,🟢 EMA Yükselişte (SSL Ok Bekleniyor),⚪ Yelpaze Açık,🟡Fiyat Orta-Üst Bant Aralığında,EMA21 Destek: 33.82 (%0.2 altta) | EMA5 Direnç: 34.62 (%2.2 üstte),23.18-24.30 (%28.3 altta),-,50.35,82.04,0.8,,0.0,11.84,
2026-08-18 20:48,XBI,159.36,🟢 Yükseliş Trendinde,🟢 AL (Trend Onaylı),-,-,🟢 EMA Yükselişte (SSL Ok Bekleniyor),⚪ Yelpaze Açık,🟡Fiyat Orta-Üst Bant Aralığında,EMA5 Destek: 158.44 (%0.6 altta),-,-,61.1,85.48,0.87,,0.0,20.93,
2026-08-18 20:48,XLV,169.79,🟢 Yükseliş Trendinde,🔥 GÜÇLÜ AL (Taze Kırılım),🟡 RİSKLİ AL (0 Üstü - Hacimsiz),-,🟢 EMA Yükselişte (SSL Ok Bekleniyor),⚪ Yelpaze Açık,🟡Fiyat Orta-Üst Bant Aralığında,EMA5 Destek: 168.16 (%1.0 altta),145.31-147.27 (%13.3 altta),-,66.72,70.49,0.88,,0.0,10.59,
2026-08-18 20:48,XU100.IS,14127.98,🟢 Yükseliş Trendinde,🟢 AL (Trend Onaylı),-,-,🟢 EMA Yükselişte (SSL Ok Bekleniyor),🟡 Normal Genişlik,🟡Fiyat Orta-Üst Bant Aralığında,EMA5 Destek: 14082.31 (%0.3 altta),-,-,56.14,96.36,0.94,,0.0,8.62,
2026-08-19 13:49,AIQ,62.53,🟢 Yükseliş Trendinde,🔴 SAT,-,-,🟢 EMA Yükselişte (SSL Ok Bekleniyor),⚪ Yelpaze Açık,🟡Fiyat Orta-Üst Bant Aralığında,EMA21 Destek: 62.13 (%0.6 altta) | EMA5 Direnç: 63.39 (%1.4 üstte),44.46-45.83 (%26.7 altta),-,52.01,83.45,0.83,,0.0,12.08,
2026-08-19 13:49,ALUM.L,4.32,🩸 SAT (Trend Kırıldı),🔴 SAT,-,-,"📉 Düşüş Hazırlığı (50<100 Kesti, 150 Bekleniyor)",🟡 Normal Genişlik,⚪Fiyat Alt_Orta Bant Aralığında,EMA200 Destek: 4.17 (%3.4 altta) | EMA21 Direnç: 4.35 (%0.6 üstte),4.13-4.23 (%2.1 altta),-,47.44,22.5,0.45,,0.0,3.53,
2026-08-19 13:49,BZ=F,92.12,🔴 Düşüş Trendinde,🟢 AL (Trend Onaylı),-,-,"📉 Düşüş Hazırlığı (50<100 Kesti, 150 Bekleniyor)",🟠 Daralıyor,🟡Fiyat Orta-Üst Bant Aralığında,EMA5 Destek: 90.33 (%1.9 altta),59.45-60.91 (%33.9 altta),106.87-112.69 (%16.0 üstte),58.16,100.0,0.68,,0.0,14.71,
2026-08-19 13:49,CCJ,96.03,🟢 Yükseliş Trendinde,🔴 SAT,-,-,🔴 Ayı Piyasası (EMA 50 En Altta),⚪ Yelpaze Açık,🟡Fiyat Orta-Üst Bant Aralığında,EMA21 Destek: 94.87 (%1.2 altta) | EMA5 Direnç: 97.24 (%1.3 üstte),-,-,52.35,82.59,0.84,,0.0,1.22,
2026-08-19 13:49,CGW,64.55,🟢 Yükseliş Trendinde,🔴 SAT,-,-,⚠️ Yükseliş Trendinde Düzeltme (SSL Negatif),🟠 Daralıyor,⚪Fiyat Alt_Orta Bant Aralığında,EMA200 Direnç: 64.67 (%0.2 üstte),-,-,42.38,2.11,-0.21,,0.0,-0.18,
2026-08-19 13:49,COPA,52.45,🟢 Yükseliş Trendinde,🔴 SAT,-,-,🟢 EMA Yükselişte (SSL Ok Bekleniyor),⚪ Yelpaze Açık,🟡Fiyat Orta-Üst Bant Aralığında,EMA21 Destek: 51.07 (%2.6 altta) | EMA5 Direnç: 52.93 (%0.9 üstte),-,54.23-55.84 (%3.4 üstte),56.36,59.72,0.79,,0.0,15.15,
2026-08-19 13:49,COPX,85.57,🟢 Yükseliş Trendinde,🔴 SAT,-,-,🟢 EMA Yükselişte (SSL Ok Bekleniyor),⚪ Yelpaze Açık,🟡Fiyat Orta-Üst Bant Aralığında,EMA21 Destek: 83.69 (%2.2 altta) | EMA5 Direnç: 86.38 (%0.9 üstte),-,91.20-93.89 (%6.6 üstte),56.01,48.45,0.66,,0.0,12.98,
2026-08-19 13:49,EEM,65.34,🟢 Yükseliş Trendinde,🔴 SAT,-,-,⚪ Karışık / Testere Piyasası,🟠 Daralıyor,🟡Fiyat Orta-Üst Bant Aralığında,EMA100 Destek: 64.36 (%1.5 altta) | EMA55 Direnç: 65.40 (%0.1 üstte),52.58-53.31 (%18.4 altta),-,49.3,75.81,0.77,,0.0,7.33,
2026-08-19 13:49,EWZ,33.7,🔴 Düşüş Trendinde,🔴 SAT,-,🟢 POTANSİYEL DİP,"📉 Düşüş Hazırlığı (50<100 Kesti, 150 Bekleniyor)",⚪ Yelpaze Açık,⚪Fiyat Alt_Orta Bant Aralığında,EMA5 Direnç: 33.99 (%0.9 üstte),-,36.15-36.84 (%7.3 üstte),34.72,6.87,-0.95,,0.0,-0.86,
2026-08-19 13:49,GC=F,4421.6,🟢 Yükseliş Trendinde,⏳ BEKLE,-,-,🔴 Ayı Piyasası (EMA 50 En Altta),⚪ Yelpaze Açık,🟡Fiyat Orta-Üst Bant Aralığında,EMA5 Destek: 4390.21 (%0.7 altta),-,4767.20-4879.70 (%7.8 üstte),64.59,82.75,0.87,,0.0,3.75,
2026-08-19 13:49,GLTR,195.23,🟢 Yükseliş Trendinde,🔴 SAT,-,-,🔴 Ayı Piyasası (EMA 50 En Altta),⚪ Yelpaze Açık,🟡Fiyat Orta-Üst Bant Aralığında,EMA55 Destek: 193.52 (%0.9 altta) | EMA200 Direnç: 196.75 (%0.8 üstte),-,248.82-257.80 (%27.4 üstte),55.61,72.71,0.85,,0.0,1.82,
2026-08-19 13:49,HG=F,6.43,🟢 Yükseliş Trendinde,🔴 SAT,-,-,⚠️ Yükseliş Trendinde Düzeltme (SSL Negatif),🟡 Normal Genişlik,⚪Fiyat Alt_Orta Bant Aralığında,EMA55 Destek: 6.37 (%0.8 altta) | EMA21 Direnç: 6.50 (%1.1 üstte),5.79-5.90 (%8.2 altta),-,46.87,19.3,-0.19,,0.0,10.05,
2026-08-19 13:49,IBB,203.56,🟢 Yükseliş Trendinde,🟢 AL (Trend Onaylı),-,-,🟢 EMA Yükselişte (SSL Ok Bekleniyor),⚪ Yelpaze Açık,🟡Fiyat Orta-Üst Bant Aralığında,EMA5 Destek: 200.88 (%1.3 altta),163.90-167.80 (%17.6 altta),-,69.95,88.16,0.92,,0.0,17.33,
2026-08-19 13:49,ICLN,17.74,🔴 Düşüş Trendinde,🔴 SAT,-,-,"📉 Düşüş Hazırlığı (50<100 Kesti, 150 Bekleniyor)",🟠 Daralıyor,⚪Fiyat Alt_Orta Bant Aralığında,EMA5 Direnç: 18.05 (%1.7 üstte),-,21.34-21.75 (%20.3 üstte),40.76,66.3,0.34,,0.0,-1.72,
2026-08-19 13:49,INDA,49.38,🟢 Yükseliş Trendinde,🔴 SAT,-,-,🔴 Ayı Piyasası (EMA 50 En Altta),🟡 Normal Genişlik,⚪Fiyat Alt_Orta Bant Aralığında,EMA55 Destek: 49.28 (%0.2 altta) | EMA100 Direnç: 49.44 (%0.1 üstte),47.28-47.85 (%3.1 altta),54.75-55.02 (%10.9 üstte),48.33,4.97,-0.08,,0.0,0.21,
2026-08-19 13:49,IWM,300.23,🟢 Yükseliş Trendinde,🔴 SAT,🩸 SAT (Zirveden Dönüş),-,🟢 EMA Yükselişte (SSL Ok Bekleniyor),⚪ Yelpaze Açık,🟡Fiyat Orta-Üst Bant Aralığında,EMA21 Destek: 298.96 (%0.4 altta) | EMA5 Direnç: 302.24 (%0.7 üstte),238.69-245.37 (%18.3 altta),-,53.73,77.11,0.8,,0.0,10.61,
2026-08-19 13:49,KOID,38.16,🟢 Yükseliş Trendinde,🔴 SAT,🩸 SAT (Zirveden Dönüş),-,🟢 EMA Yükselişte (SSL Ok Bekleniyor),⚪ Yelpaze Açık,🟡Fiyat Orta-Üst Bant Aralığında,EMA100 Destek: 37.85 (%0.8 altta) | EMA21 Direnç: 38.36 (%0.5 üstte),29.86-30.85 (%19.2 altta),42.40-42.86 (%11.1 üstte),48.69,87.5,0.77,,0.0,7.51,
2026-08-19 13:49,MARS,27.76,🟢 Yükseliş Trendinde,⏳ BEKLE,🩸 SAT (Zirveden Dönüş),-,-,-,🟡Fiyat Orta-Üst Bant Aralığında,EMA21 Destek: 26.92 (%3.0 altta) | EMA5 Direnç: 27.99 (%0.8 üstte),-,43.89-45.92 (%58.1 üstte),53.15,87.8,0.91,,0.0,999.0,
2026-08-19 13:49,NASA,25.68,🟢 Yükseliş Trendinde,⏳ BEKLE,🩸 SAT (Zirveden Dönüş),-,-,-,🟡Fiyat Orta-Üst Bant Aralığında,EMA21 Destek: 25.14 (%2.1 altta) | EMA5 Direnç: 26.06 (%1.5 üstte),-,-,51.91,88.98,0.9,,0.0,999.0,
2026-08-19 13:49,PA=F,1293.5,🔴 Düşüş Trendinde,🔴 SAT,-,-,🔴 Ayı Piyasası (EMA 50 En Altta),🟡 Normal Genişlik,⚪Fiyat Alt_Orta Bant Aralığında,EMA5 Direnç: 1313.09 (%1.5 üstte),-,1774.50-1842.00 (%37.2 üstte),47.09,16.67,-0.02,,0.0,-1.49,
2026-08-19 13:49,PHO,70.85,🟢 Yükseliş Trendinde,🔴 SAT,-,-,⚠️ Yükseliş Trendinde Düzeltme (SSL Negatif),⚪ Yelpaze Açık,⚪Fiyat Alt_Orta Bant Aralığında,EMA200 Destek: 70.29 (%0.8 altta) | EMA21 Direnç: 71.16 (%0.4 üstte),67.02-67.70 (%4.4 altta),72.60-73.56 (%2.5 üstte),50.23,4.29,0.17,,0.0,2.1,
2026-08-19 13:49,PL=F,1739.8,🟢 Yükseliş Trendinde,🔴 SAT,-,-,🔴 Ayı Piyasası (EMA 50 En Altta),🟡 Normal Genişlik,🟡Fiyat Orta-Üst Bant Aralığında,EMA55 Destek: 1728.16 (%0.7 altta) | EMA5 Direnç: 1743.43 (%0.2 üstte),1576.40-1627.00 (%6.5 altta),2357.40-2365.60 (%35.5 üstte),55.11,67.01,0.59,,0.0,1.82,
2026-08-19 13:49,QQQ,717.51,🟢 Yükseliş Trendinde,🔴 SAT,🩸 SAT (Zirveden Dönüş),-,🟢 EMA Yükselişte (SSL Ok Bekleniyor),⚪ Yelpaze Açık,🟡Fiyat Orta-Üst Bant Aralığında,EMA21 Destek: 714.47 (%0.4 altta) | EMA5 Direnç: 724.02 (%0.9 üstte),555.60-568.05 (%20.8 altta),732.51-741.82 (%2.1 üstte),52.18,82.25,0.78,,0.0,9.11,
2026-08-19 13:49,SI=F,63.4,🟢 Yükseliş Trendinde,🔴 SAT,-,-,🔴 Ayı Piyasası (EMA 50 En Altta),🟡 Normal Genişlik,🟡Fiyat Orta-Üst Bant Aralığında,EMA21 Destek: 62.49 (%1.4 altta) | EMA55 Direnç: 63.87 (%0.7 üstte),55.90-56.08 (%11.5 altta),86.93-88.89 (%37.1 üstte),53.55,70.91,0.8,,0.0,1.45,
2026-08-19 13:49,SMH,569.77,🔴 Düşüş Trendinde,🔴 SAT,🩸 SAT (Zirveden Dönüş),-,🟢 EMA Yükselişte (SSL Ok Bekleniyor),🟡 Normal Genişlik,🟡Fiyat Orta-Üst Bant Aralığında,EMA100 Destek: 543.76 (%4.6 altta) | EMA55 Direnç: 571.09 (%0.2 üstte),359.86-379.24 (%33.4 altta),-,48.21,80.65,0.79,,0.0,20.68,
2026-08-19 13:49,SOXX,531.39,🔴 Düşüş Trendinde,🔴 SAT,🩸 SAT (Zirveden Dönüş),-,🟢 EMA Yükselişte (SSL Ok Bekleniyor),🟠 Daralıyor,🟡Fiyat Orta-Üst Bant Aralığında,EMA100 Destek: 506.47 (%4.7 altta) | EMA55 Direnç: 536.49 (%1.0 üstte),-,643.93-655.95 (%21.2 üstte),47.57,79.73,0.77,,0.0,23.98,
2026-08-19 13:49,VNM,17.11,🟢 Yükseliş Trendinde,🔴 SAT,-,-,🔴 Ayı Piyasası (EMA 50 En Altta),⚪ Yelpaze Açık,⚪Fiyat Alt_Orta Bant Aralığında,EMA5 Direnç: 17.26 (%0.9 üstte),-,19.58-19.78 (%14.4 üstte),44.58,35.4,-0.14,,0.0,-0.89,
2026-08-19 13:49,WQTM,33.81,🟢 Yükseliş Trendinde,🔴 SAT,-,-,🟢 EMA Yükselişte (SSL Ok Bekleniyor),⚪ Yelpaze Açık,🟡Fiyat Orta-Üst Bant Aralığında,EMA55 Destek: 33.79 (%0.1 altta) | EMA21 Direnç: 33.82 (%0.0 üstte),23.18-24.30 (%28.1 altta),-,50.04,81.37,0.79,,0.0,11.63,
2026-08-19 13:49,XBI,160.11,🟢 Yükseliş Trendinde,🟢 AL (Trend Onaylı),🟡 RİSKLİ AL (0 Üstü - Hacimsiz),-,🟢 EMA Yükselişte (SSL Ok Bekleniyor),⚪ Yelpaze Açık,🟡Fiyat Orta-Üst Bant Aralığında,EMA5 Destek: 158.69 (%0.9 altta),-,-,62.41,87.76,0.88,,0.0,21.45,
2026-08-19 13:49,XLV,169.73,🟢 Yükseliş Trendinde,🔥 GÜÇLÜ AL (Taze Kırılım),🟡 RİSKLİ AL (0 Üstü - Hacimsiz),-,🟢 EMA Yükselişte (SSL Ok Bekleniyor),⚪ Yelpaze Açık,🟡Fiyat Orta-Üst Bant Aralığında,EMA5 Destek: 168.14 (%0.9 altta),145.31-147.27 (%13.2 altta),-,66.62,70.36,0.88,,0.0,10.54,
2026-08-19 13:49,XU100.IS,14293.74,🟢 Yükseliş Trendinde,🟢 AL (Trend Onaylı),-,-,🟢 EMA Yükselişte (SSL Ok Bekleniyor),🟡 Normal Genişlik,🟡Fiyat Orta-Üst Bant Aralığında,EMA5 Destek: 14152.79 (%1.0 altta),-,-,60.64,96.36,0.94,,0.0,9.79,
2026-08-19 17:57,AIQ,63.06,🟢 Yükseliş Trendinde,🔴 SAT,-,-,🟢 EMA Yükselişte (SSL Ok Bekleniyor),⚪ Yelpaze Açık,🟡Fiyat Orta-Üst Bant Aralığında,EMA21 Destek: 62.21 (%1.3 altta) | EMA5 Direnç: 63.28 (%0.3 üstte),44.46-45.83 (%27.3 altta),-,53.88,71.8,0.75,,0.0,12.89,
2026-08-19 17:57,ALUM.L,4.35,🟢 Yükseliş Trendinde,🔴 SAT,-,-,"📉 Düşüş Hazırlığı (50<100 Kesti, 150 Bekleniyor)",🟡 Normal Genişlik,🟡Fiyat Orta-Üst Bant Aralığında,EMA200 Destek: 4.17 (%4.0 altta) | EMA21 Direnç: 4.35 (%0.1 üstte),4.13-4.23 (%2.7 altta),-,49.96,25.92,0.51,,0.0,4.17,
2026-08-19 17:57,BZ=F,91.83,🔴 Düşüş Trendinde,🟢 AL (Trend Onaylı),-,-,"📉 Düşüş Hazırlığı (50<100 Kesti, 150 Bekleniyor)",🟠 Daralıyor,🟡Fiyat Orta-Üst Bant Aralığında,EMA5 Destek: 90.24 (%1.7 altta),59.45-60.91 (%33.7 altta),106.87-112.69 (%16.4 üstte),57.78,100.0,0.67,,0.0,14.35,
2026-08-19 17:57,CCJ,97.52,🟢 Yükseliş Trendinde,🔴 SAT,-,-,🔴 Ayı Piyasası (EMA 50 En Altta),⚪ Yelpaze Açık,🟡Fiyat Orta-Üst Bant Aralığında,EMA5 Destek: 97.34 (%0.2 altta) | EMA55 Direnç: 97.76 (%0.2 üstte),-,-,55.29,79.04,0.78,,0.0,2.53,
2026-08-19 17:57,CGW,65.57,🟢 Yükseliş Trendinde,🔴 SAT,-,-,⚠️ Yükseliş Trendinde Düzeltme (SSL Negatif),🟠 Daralıyor,🟡Fiyat Orta-Üst Bant Aralığında,EMA21 Destek: 65.45 (%0.2 altta),-,-,51.77,15.23,-0.39,,0.0,1.39,
2026-08-19 17:57,COPA,53.74,🟢 Yükseliş Trendinde,🔴 SAT,-,-,🟢 EMA Yükselişte (SSL Ok Bekleniyor),⚪ Yelpaze Açık,🟡Fiyat Orta-Üst Bant Aralığında,EMA5 Destek: 53.20 (%1.0 altta),-,54.23-55.84 (%0.9 üstte),60.02,59.08,0.73,,0.0,17.76,
2026-08-19 17:57,COPX,88.61,🟢 Yükseliş Trendinde,⏳ BEKLE,-,-,🚀 ASIL SİNYAL: GÜÇLÜ AL (EMA Sıralı + SSL Onay),⚪ Yelpaze Açık,🟡Fiyat Orta-Üst Bant Aralığında,EMA5 Destek: 87.12 (%1.7 altta),-,91.20-93.89 (%2.9 üstte),61.48,50.94,0.61,,0.0,16.79,
2026-08-19 17:57,EEM,66.21,🟢 Yükseliş Trendinde,⏳ BEKLE,-,-,🟢 EMA Yükselişte (SSL Ok Bekleniyor),🟠 Daralıyor,🟡Fiyat Orta-Üst Bant Aralığında,EMA5 Destek: 66.18 (%0.0 altta),52.58-53.31 (%19.5 altta),-,52.96,59.36,0.69,,0.0,8.66,
2026-08-19 17:57,EWZ,34.69,🔴 Düşüş Trendinde,🔥 GÜÇLÜ AL (Taze Kırılım),-,-,"📉 Düşüş Hazırlığı (50<100 Kesti, 150 Bekleniyor)",⚪ Yelpaze Açık,⚪Fiyat Alt_Orta Bant Aralığında,EMA200 Destek: 34.64 (%0.2 altta) | EMA21 Direnç: 34.89 (%0.6 üstte),-,36.15-36.84 (%4.2 üstte),46.89,20.91,-0.88,,0.0,1.37,
2026-08-19 17:57,GC=F,4542.4,🟢 Yükseliş Trendinde,🔥 GÜÇLÜ AL (Taze Kırılım),📈 TREND DEVAMI (0 Üstü + Hacim),🔴 ZİRVEDE,🔴 Ayı Piyasası (EMA 50 En Altta),⚪ Yelpaze Açık,🟡Fiyat Orta-Üst Bant Aralığında,EMA5 Destek: 4430.47 (%2.5 altta),-,4767.20-4879.70 (%4.9 üstte),70.22,87.94,0.9,,0.0,6.48,
2026-08-19 17:57,GLTR,201.72,🟢 Yükseliş Trendinde,🔥 GÜÇLÜ AL (Taze Kırılım),-,-,🔴 Ayı Piyasası (EMA 50 En Altta),⚪ Yelpaze Açık,🟡Fiyat Orta-Üst Bant Aralığında,EMA5 Destek: 198.65 (%1.5 altta),-,248.82-257.80 (%23.3 üstte),62.25,73.39,0.84,,0.0,4.71,
2026-08-19 17:57,HG=F,6.48,🟢 Yükseliş Trendinde,🔴 SAT,-,-,⚠️ Yükseliş Trendinde Düzeltme (SSL Negatif),🟡 Normal Genişlik,⚪Fiyat Alt_Orta Bant Aralığında,EMA55 Destek: 6.37 (%1.7 altta) | EMA21 Direnç: 6.50 (%0.3 üstte),5.79-5.90 (%9.0 altta),-,50.69,19.57,-0.11,,0.0,11.06,
2026-08-19 17:57,IBB,213.93,🟢 Yükseliş Trendinde,🟢 AL (Trend Onaylı),-,🔴 ZİRVEDE,🚀 ASIL SİNYAL: GÜÇLÜ AL (EMA Sıralı + SSL Onay),⚪ Yelpaze Açık,🚨Fiyat Bandın Üzerinde!,EMA5 Destek: 205.23 (%4.1 altta),163.90-167.80 (%21.6 altta),-,78.68,97.86,0.92,,2.37,23.02,
2026-08-19 17:57,ICLN,17.77,🔴 Düşüş Trendinde,🔴 SAT,-,-,"📉 Düşüş Hazırlığı (50<100 Kesti, 150 Bekleniyor)",🚨 BB SIKIŞMA,⚪Fiyat Alt_Orta Bant Aralığında,EMA5 Direnç: 17.96 (%1.0 üstte),-,21.34-21.75 (%20.1 üstte),41.33,48.02,-0.01,,0.0,-1.02,
2026-08-19 17:57,INDA,49.61,🟢 Yükseliş Trendinde,🔴 SAT,-,-,🔴 Ayı Piyasası (EMA 50 En Altta),🟡 Normal Genişlik,🟡Fiyat Orta-Üst Bant Aralığında,EMA21 Destek: 49.60 (%0.0 altta) | EMA5 Direnç: 49.66 (%0.1 üstte),47.28-47.85 (%3.5 altta),54.75-55.02 (%10.4 üstte),51.36,6.29,-0.51,,0.0,0.65,
2026-08-19 17:57,IWM,302.89,🟢 Yükseliş Trendinde,⏳ BEKLE,-,-,🟢 EMA Yükselişte (SSL Ok Bekleniyor),⚪ Yelpaze Açık,🟡Fiyat Orta-Üst Bant Aralığında,EMA5 Destek: 302.45 (%0.1 altta),238.69-245.37 (%19.0 altta),-,57.6,65.42,0.73,,0.0,11.46,
2026-08-19 17:57,KOID,37.33,🟢 Yükseliş Trendinde,🔴 SAT,-,-,🟢 EMA Yükselişte (SSL Ok Bekleniyor),⚪ Yelpaze Açık,⚪Fiyat Alt_Orta Bant Aralığında,EMA200 Destek: 35.51 (%4.9 altta) | EMA100 Direnç: 37.84 (%1.4 üstte),29.86-30.85 (%17.4 altta),42.40-42.86 (%13.6 üstte),44.56,60.03,0.49,,0.0,5.12,
2026-08-19 17:57,MARS,26.97,🟢 Yükseliş Trendinde,🔴 SAT,-,-,-,-,🟡Fiyat Orta-Üst Bant Aralığında,EMA21 Destek: 26.93 (%0.2 altta) | EMA5 Direnç: 27.65 (%2.5 üstte),-,43.89-45.92 (%62.7 üstte),49.37,78.03,0.82,,0.0,999.0,
2026-08-19 17:57,NASA,24.97,🟢 Yükseliş Trendinde,🔴 SAT,-,-,-,-,🟡Fiyat Orta-Üst Bant Aralığında,EMA21 Direnç: 25.13 (%0.6 üstte),-,-,48.31,77.7,0.78,,0.0,999.0,
2026-08-19 17:57,PA=F,1328.0,🔴 Düşüş Trendinde,🔴 SAT,-,-,🔴 Ayı Piyasası (EMA 50 En Altta),🟡 Normal Genişlik,🟡Fiyat Orta-Üst Bant Aralığında,EMA5 Destek: 1324.59 (%0.3 altta) | EMA100 Direnç: 1363.51 (%2.7 üstte),-,1774.50-1842.00 (%33.6 üstte),52.29,28.66,0.08,,0.0,0.78,
2026-08-19 17:57,PHO,72.65,🟢 Yükseliş Trendinde,🔴 SAT,-,-,🚀 ASIL SİNYAL: GÜÇLÜ AL (EMA Sıralı + SSL Onay),⚪ Yelpaze Açık,🟡Fiyat Orta-Üst Bant Aralığında,EMA5 Destek: 71.93 (%1.0 altta),67.02-67.70 (%6.8 altta),72.60-73.56 (fiyat bandın içinde!),59.83,17.83,0.0,,0.0,4.6,
2026-08-19 17:57,PL=F,1792.2,🟢 Yükseliş Trendinde,⏳ BEKLE,-,-,🔴 Ayı Piyasası (EMA 50 En Altta),🟡 Normal Genişlik,🟡Fiyat Orta-Üst Bant Aralığında,EMA100 Destek: 1784.65 (%0.4 altta) | EMA200 Direnç: 1792.28 (%0.0 üstte),1576.40-1627.00 (%9.2 altta),2357.40-2365.60 (%31.5 üstte),60.48,78.49,0.68,,0.0,4.59,
2026-08-19 17:57,QQQ,718.18,🟢 Yükseliş Trendinde,🔴 SAT,-,-,🟢 EMA Yükselişte (SSL Ok Bekleniyor),⚪ Yelpaze Açık,🟡Fiyat Orta-Üst Bant Aralığında,EMA21 Destek: 714.80 (%0.5 altta) | EMA5 Direnç: 722.07 (%0.5 üstte),555.60-568.05 (%20.9 altta),732.51-741.82 (%2.0 üstte),52.5,66.01,0.63,,0.0,9.11,
2026-08-19 17:57,SI=F,65.71,🟢 Yükseliş Trendinde,⏳ BEKLE,-,-,🔴 Ayı Piyasası (EMA 50 En Altta),🟡 Normal Genişlik,🟡Fiyat Orta-Üst Bant Aralığında,EMA5 Destek: 65.03 (%1.0 altta) | EMA100 Direnç: 66.26 (%0.9 üstte),55.90-56.08 (%14.6 altta),86.93-88.89 (%32.3 üstte),59.95,81.03,0.87,,0.0,4.79,
2026-08-19 17:57,SMH,563.65,🔴 Düşüş Trendinde,🔴 SAT,-,-,🟢 EMA Yükselişte (SSL Ok Bekleniyor),🟡 Normal Genişlik,⚪Fiyat Alt_Orta Bant Aralığında,EMA100 Destek: 544.15 (%3.5 altta) | EMA55 Direnç: 570.83 (%1.3 üstte),359.86-379.24 (%32.7 altta),-,46.49,57.64,0.57,,0.0,19.16,
2026-08-19 17:57,SOXX,522.25,🔴 Düşüş Trendinde,🔴 SAT,-,-,🟢 EMA Yükselişte (SSL Ok Bekleniyor),🟠 Daralıyor,⚪Fiyat Alt_Orta Bant Aralığında,EMA100 Destek: 506.78 (%3.0 altta) | EMA55 Direnç: 535.98 (%2.6 üstte),-,643.93-655.95 (%23.3 üstte),45.33,53.74,0.52,,0.0,21.59,
2026-08-19 17:57,VNM,17.13,🟢 Yükseliş Trendinde,🔴 SAT,-,-,🔴 Ayı Piyasası (EMA 50 En Altta),🟡 Normal Genişlik,⚪Fiyat Alt_Orta Bant Aralığında,EMA5 Direnç: 17.22 (%0.5 üstte),-,19.58-19.78 (%14.3 üstte),44.99,19.92,-0.3,,0.0,-0.52,
2026-08-19 17:57,WQTM,33.45,🟢 Yükseliş Trendinde,🔴 SAT,-,-,🟢 EMA Yükselişte (SSL Ok Bekleniyor),⚪ Yelpaze Açık,🟡Fiyat Orta-Üst Bant Aralığında,EMA100 Destek: 33.00 (%1.3 altta) | EMA55 Direnç: 33.78 (%1.0 üstte),23.18-24.30 (%27.4 altta),35.05-35.83 (%4.8 üstte),48.2,58.74,0.58,,0.0,10.32,
2026-08-19 17:57,XBI,167.44,🟢 Yükseliş Trendinde,🟢 AL (Trend Onaylı),-,🔴 ZİRVEDE,🚀 ASIL SİNYAL: GÜÇLÜ AL (EMA Sıralı + SSL Onay),⚪ Yelpaze Açık,🚨Fiyat Bandın Üzerinde!,EMA5 Destek: 161.61 (%3.5 altta),-,-,71.41,96.24,0.91,,1.63,26.67,
2026-08-19 17:57,XLV,175.14,🟢 Yükseliş Trendinde,🟢 AL (Trend Onaylı),-,🔴 ZİRVEDE,🚀 ASIL SİNYAL: GÜÇLÜ AL (EMA Sıralı + SSL Onay),⚪ Yelpaze Açık,🚨Fiyat Bandın Üzerinde!,EMA5 Destek: 170.47 (%2.7 altta),145.31-147.27 (%15.9 altta),-,74.83,84.48,0.89,,1.54,13.9,
2026-08-19 17:57,XU100.IS,14480.61,🟢 Yükseliş Trendinde,🟢 AL (Trend Onaylı),-,-,🟢 EMA Yükselişte (SSL Ok Bekleniyor),🟡 Normal Genişlik,🚨Fiyat Bandın Üzerinde!,EMA5 Destek: 14215.08 (%1.8 altta),-,-,64.72,96.36,0.94,,0.34,11.21,
2026-08-19 20:45,AIQ,62.93,🟢 Yükseliş Trendinde,🔴 SAT,-,-,🟢 EMA Yükselişte (SSL Ok Bekleniyor),⚪ Yelpaze Açık,🟡Fiyat Orta-Üst Bant Aralığında,EMA21 Destek: 62.31 (%1.0 altta) | EMA5 Direnç: 63.26 (%0.5 üstte),44.46-45.83 (%27.2 altta),-,53.15,62.43,0.66,,0.0,12.51,
2026-08-19 20:45,ALUM.L,4.33,🩸 SAT (Trend Kırıldı),🔴 SAT,-,-,"📉 Düşüş Hazırlığı (50<100 Kesti, 150 Bekleniyor)",🟡 Normal Genişlik,⚪Fiyat Alt_Orta Bant Aralığında,EMA200 Destek: 4.17 (%3.7 altta) | EMA21 Direnç: 4.35 (%0.4 üstte),4.13-4.23 (%2.4 altta),-,48.62,23.78,0.48,,0.0,3.84,
2026-08-19 20:45,BZ=F,92.27,🔴 Düşüş Trendinde,🟢 AL (Trend Onaylı),-,-,"📉 Düşüş Hazırlığı (50<100 Kesti, 150 Bekleniyor)",🟠 Daralıyor,🟡Fiyat Orta-Üst Bant Aralığında,EMA5 Destek: 90.38 (%2.0 altta),59.45-60.91 (%34.0 altta),106.87-112.69 (%15.8 üstte),58.36,100.0,0.68,,0.0,14.89,
2026-08-19 20:45,CCJ,97.03,🟢 Yükseliş Trendinde,🔴 SAT,-,-,🔴 Ayı Piyasası (EMA 50 En Altta),⚪ Yelpaze Açık,🟡Fiyat Orta-Üst Bant Aralığında,EMA21 Destek: 95.07 (%2.0 altta) | EMA5 Direnç: 97.17 (%0.1 üstte),-,-,54.37,77.57,0.76,,0.0,2.07,
2026-08-19 20:45,CGW,65.24,🟢 Yükseliş Trendinde,🔴 SAT,-,-,⚠️ Yükseliş Trendinde Düzeltme (SSL Negatif),🟠 Daralıyor,⚪Fiyat Alt_Orta Bant Aralığında,EMA5 Destek: 65.19 (%0.1 altta) | EMA21 Direnç: 65.42 (%0.3 üstte),-,-,49.06,10.83,-0.44,,0.0,0.88,
2026-08-19 20:45,COPA,53.74,🟢 Yükseliş Trendinde,🔴 SAT,-,-,🟢 EMA Yükselişte (SSL Ok Bekleniyor),⚪ Yelpaze Açık,🟡Fiyat Orta-Üst Bant Aralığında,EMA5 Destek: 53.23 (%0.9 altta),-,54.23-55.84 (%0.9 üstte),59.56,56.9,0.62,,0.0,17.8,
2026-08-19 20:45,COPX,88.03,🟢 Yükseliş Trendinde,🔴 SAT,-,-,🟢 EMA Yükselişte (SSL Ok Bekleniyor),⚪ Yelpaze Açık,🟡Fiyat Orta-Üst Bant Aralığında,EMA5 Destek: 86.93 (%1.2 altta),-,91.20-93.89 (%3.6 üstte),60.55,49.02,0.59,,0.0,16.04,
2026-08-19 20:45,EEM,66.01,🟢 Yükseliş Trendinde,⏳ BEKLE,-,-,🟢 EMA Yükselişte (SSL Ok Bekleniyor),🟠 Daralıyor,🟡Fiyat Orta-Üst Bant Aralığında,EMA21 Destek: 65.55 (%0.7 altta) | EMA5 Direnç: 66.11 (%0.1 üstte),52.58-53.31 (%19.2 altta),-,52.19,57.18,0.66,,0.0,8.35,
2026-08-19 20:45,EWZ,34.34,🔴 Düşüş Trendinde,⏳ BEKLE,-,-,"📉 Düşüş Hazırlığı (50<100 Kesti, 150 Bekleniyor)",⚪ Yelpaze Açık,⚪Fiyat Alt_Orta Bant Aralığında,EMA5 Destek: 34.11 (%0.7 altta) | EMA200 Direnç: 34.63 (%0.8 üstte),-,36.15-36.84 (%5.3 üstte),43.29,15.8,-0.91,,0.0,0.68,
2026-08-19 20:45,GC=F,4546.2,🟢 Yükseliş Trendinde,🔥 GÜÇLÜ AL (Taze Kırılım),📈 TREND DEVAMI (0 Üstü + Hacim),🔴 ZİRVEDE,🔴 Ayı Piyasası (EMA 50 En Altta),⚪ Yelpaze Açık,🟡Fiyat Orta-Üst Bant Aralığında,EMA5 Destek: 4431.74 (%2.5 altta),-,4767.20-4879.70 (%4.9 üstte),70.37,87.94,0.9,,0.0,6.56,
2026-08-19 20:45,GLTR,202.23,🟢 Yükseliş Trendinde,⏳ BEKLE,-,-,🔴 Ayı Piyasası (EMA 50 En Altta),⚪ Yelpaze Açık,🟡Fiyat Orta-Üst Bant Aralığında,EMA100 Destek: 199.38 (%1.4 altta),-,248.82-257.80 (%23.0 üstte),62.42,77.17,0.84,,0.0,4.9,
2026-08-19 20:45,HG=F,6.49,🟢 Yükseliş Trendinde,🔴 SAT,-,-,⚠️ Yükseliş Trendinde Düzeltme (SSL Negatif),🟡 Normal Genişlik,⚪Fiyat Alt_Orta Bant Aralığında,EMA55 Destek: 6.37 (%1.8 altta) | EMA21 Direnç: 6.50 (%0.1 üstte),5.79-5.90 (%9.2 altta),-,51.31,20.82,-0.1,,0.0,11.22,
2026-08-19 20:45,IBB,214.7,🟢 Yükseliş Trendinde,🟢 AL (Trend Onaylı),-,🔴 ZİRVEDE,🚀 ASIL SİNYAL: GÜÇLÜ AL (EMA Sıralı + SSL Onay),⚪ Yelpaze Açık,🚨Fiyat Bandın Üzerinde!,EMA5 Destek: 205.49 (%4.3 altta),163.90-167.80 (%21.8 altta),-,78.71,97.99,0.9,,2.62,23.78,
2026-08-19 20:45,ICLN,17.75,🔴 Düşüş Trendinde,🔴 SAT,-,-,"📉 Düşüş Hazırlığı (50<100 Kesti, 150 Bekleniyor)",🚨 BB SIKIŞMA,⚪Fiyat Alt_Orta Bant Aralığında,EMA5 Direnç: 17.95 (%1.1 üstte),-,21.34-21.75 (%20.2 üstte),41.01,47.05,-0.02,,0.0,-1.1,
2026-08-19 20:45,INDA,49.52,🟢 Yükseliş Trendinde,🔴 SAT,-,-,🔴 Ayı Piyasası (EMA 50 En Altta),🟡 Normal Genişlik,⚪Fiyat Alt_Orta Bant Aralığında,EMA100 Destek: 49.46 (%0.1 altta) | EMA21 Direnç: 49.59 (%0.2 üstte),47.28-47.85 (%3.4 altta),54.75-55.02 (%10.6 üstte),50.11,4.04,-0.68,,0.0,0.46,
2026-08-19 20:45,IWM,301.8,🟢 Yükseliş Trendinde,⏳ BEKLE,-,-,🟢 EMA Yükselişte (SSL Ok Bekleniyor),⚪ Yelpaze Açık,🟡Fiyat Orta-Üst Bant Aralığında,EMA21 Destek: 299.22 (%0.9 altta) | EMA5 Direnç: 302.09 (%0.1 üstte),238.69-245.37 (%18.7 altta),-,56.1,62.38,0.7,,0.0,11.06,
2026-08-19 20:45,KOID,37.22,🟢 Yükseliş Trendinde,🔴 SAT,-,-,🟢 EMA Yükselişte (SSL Ok Bekleniyor),⚪ Yelpaze Açık,⚪Fiyat Alt_Orta Bant Aralığında,EMA200 Destek: 35.49 (%4.6 altta) | EMA100 Direnç: 37.88 (%1.8 üstte),29.86-30.85 (%17.1 altta),42.40-42.86 (%13.9 üstte),43.22,58.76,0.33,,0.0,4.87,
2026-08-19 20:45,MARS,27.06,🟢 Yükseliş Trendinde,🔴 SAT,-,-,-,-,🟡Fiyat Orta-Üst Bant Aralığında,EMA21 Destek: 27.03 (%0.1 altta) | EMA5 Direnç: 27.72 (%2.4 üstte),-,43.89-45.92 (%62.2 üstte),49.47,75.65,0.77,,0.0,999.0,
2026-08-19 20:45,NASA,25.01,🟢 Yükseliş Trendinde,🔴 SAT,-,-,-,-,🟡Fiyat Orta-Üst Bant Aralığında,EMA21 Direnç: 25.13 (%0.5 üstte),-,-,48.5,77.95,0.78,,0.0,999.0,
2026-08-19 20:45,PA=F,1329.5,🔴 Düşüş Trendinde,🔴 SAT,-,-,🔴 Ayı Piyasası (EMA 50 En Altta),🟡 Normal Genişlik,🟡Fiyat Orta-Üst Bant Aralığında,EMA5 Destek: 1325.09 (%0.3 altta) | EMA100 Direnç: 1363.54 (%2.6 üstte),-,1774.50-1842.00 (%33.5 üstte),52.49,29.13,0.09,,0.0,0.88,
2026-08-19 20:45,PHO,72.43,🟢 Yükseliş Trendinde,🔴 SAT,-,-,⚠️ Yükseliş Trendinde Düzeltme (SSL Negatif),⚪ Yelpaze Açık,🟡Fiyat Orta-Üst Bant Aralığında,EMA5 Destek: 71.86 (%0.8 altta),-,72.60-73.56 (%0.2 üstte),58.51,16.49,-0.0,,0.0,4.28,
2026-08-19 20:45,PL=F,1812.4,🟢 Yükseliş Trendinde,⏳ BEKLE,-,-,🔴 Ayı Piyasası (EMA 50 En Altta),🟡 Normal Genişlik,🟡Fiyat Orta-Üst Bant Aralığında,EMA200 Destek: 1792.48 (%1.1 altta),1576.40-1627.00 (%10.2 altta),2357.40-2365.60 (%30.1 üstte),62.23,81.78,0.7,,0.0,5.66,
2026-08-19 20:45,QQQ,716.61,🟢 Yükseliş Trendinde,🔴 SAT,-,-,🟢 EMA Yükselişte (SSL Ok Bekleniyor),⚪ Yelpaze Açık,🟡Fiyat Orta-Üst Bant Aralığında,EMA21 Destek: 714.66 (%0.3 altta) | EMA5 Direnç: 721.55 (%0.7 üstte),555.60-568.05 (%20.7 altta),732.51-741.82 (%2.2 üstte),51.72,64.28,0.62,,0.0,8.87,
2026-08-19 20:45,SI=F,65.78,🟢 Yükseliş Trendinde,⏳ BEKLE,-,-,🔴 Ayı Piyasası (EMA 50 En Altta),🟡 Normal Genişlik,🟡Fiyat Orta-Üst Bant Aralığında,EMA5 Destek: 65.06 (%1.1 altta) | EMA100 Direnç: 66.27 (%0.7 üstte),55.90-56.08 (%14.7 altta),86.93-88.89 (%32.2 üstte),60.12,81.3,0.87,,0.0,4.9,
2026-08-19 20:45,SMH,562.04,🔴 Düşüş Trendinde,🔴 SAT,-,-,🟢 EMA Yükselişte (SSL Ok Bekleniyor),🟡 Normal Genişlik,⚪Fiyat Alt_Orta Bant Aralığında,EMA100 Destek: 544.12 (%3.2 altta) | EMA55 Direnç: 570.77 (%1.6 üstte),359.86-379.24 (%32.5 altta),-,46.06,56.55,0.56,,0.0,18.82,
2026-08-19 20:45,SOXX,520.22,🔴 Düşüş Trendinde,🔴 SAT,-,-,🟢 EMA Yükselişte (SSL Ok Bekleniyor),🟠 Daralıyor,⚪Fiyat Alt_Orta Bant Aralığında,EMA100 Destek: 506.74 (%2.6 altta) | EMA5 Direnç: 535.64 (%3.0 üstte),-,643.93-655.95 (%23.8 üstte),44.86,52.5,0.5,,0.0,21.12,
2026-08-19 20:45,VNM,17.16,🟢 Yükseliş Trendinde,🔴 SAT,-,-,🔴 Ayı Piyasası (EMA 50 En Altta),🟡 Normal Genişlik,⚪Fiyat Alt_Orta Bant Aralığında,EMA5 Direnç: 17.23 (%0.4 üstte),-,19.58-19.78 (%14.1 üstte),45.51,21.37,-0.29,,0.0,-0.42,
2026-08-19 20:45,WQTM,33.23,🟢 Yükseliş Trendinde,🔴 SAT,-,-,🟢 EMA Yükselişte (SSL Ok Bekleniyor),⚪ Yelpaze Açık,🟡Fiyat Orta-Üst Bant Aralığında,EMA100 Destek: 33.00 (%0.7 altta) | EMA21 Direnç: 33.76 (%1.6 üstte),23.18-24.30 (%26.9 altta),35.05-35.83 (%5.5 üstte),47.15,56.49,0.55,,0.0,9.61,
2026-08-19 20:45,XBI,167.34,🟢 Yükseliş Trendinde,🟢 AL (Trend Onaylı),-,🔴 ZİRVEDE,🚀 ASIL SİNYAL: GÜÇLÜ AL (EMA Sıralı + SSL Onay),⚪ Yelpaze Açık,🚨Fiyat Bandın Üzerinde!,EMA5 Destek: 161.58 (%3.4 altta),-,-,71.32,96.24,0.91,,1.59,26.6,
2026-08-19 20:45,XLV,175.01,🟢 Yükseliş Trendinde,🟢 AL (Trend Onaylı),-,🔴 ZİRVEDE,🚀 ASIL SİNYAL: GÜÇLÜ AL (EMA Sıralı + SSL Onay),⚪ Yelpaze Açık,🚨Fiyat Bandın Üzerinde!,EMA5 Destek: 170.43 (%2.6 altta),145.31-147.27 (%15.9 altta),-,74.68,84.48,0.89,,1.49,13.82,
2026-08-19 20:45,XU100.IS,14458.98,🟢 Yükseliş Trendinde,🟢 AL (Trend Onaylı),-,-,🟢 EMA Yükselişte (SSL Ok Bekleniyor),🟡 Normal Genişlik,🚨Fiyat Bandın Üzerinde!,EMA5 Destek: 14207.87 (%1.7 altta),-,-,64.29,96.36,0.94,,0.23,11.04,
2026-08-20 13:51,AIQ,62.99,🟢 Yükseliş Trendinde,🔴 SAT,-,-,🟢 EMA Yükselişte (SSL Ok Bekleniyor),⚪ Yelpaze Açık,🟡Fiyat Orta-Üst Bant Aralığında,EMA21 Destek: 62.21 (%1.2 altta) | EMA5 Direnç: 63.26 (%0.4 üstte),44.46-45.83 (%27.2 altta),-,53.64,71.32,0.75,,0.0,12.79,
2026-08-20 13:51,ALUM.L,4.3,🔴 Düşüş Trendinde,🔴 SAT,-,-,"📉 Düşüş Hazırlığı (50<100 Kesti, 150 Bekleniyor)",🟠 Daralıyor,⚪Fiyat Alt_Orta Bant Aralığında,EMA200 Destek: 4.17 (%2.9 altta) | EMA21 Direnç: 4.34 (%1.0 üstte),4.13-4.23 (%1.6 altta),-,45.62,10.49,0.15,,0.0,3.03,
2026-08-20 13:51,BZ=F,93.94,🔴 Düşüş Trendinde,🟢 AL (Trend Onaylı),-,-,"📉 Düşüş Hazırlığı (50<100 Kesti, 150 Bekleniyor)",🚨 BB SIKIŞMA,🟡Fiyat Orta-Üst Bant Aralığında,EMA5 Destek: 91.43 (%2.7 altta),59.45-60.91 (%35.2 altta),106.87-112.69 (%13.8 üstte),60.61,100.0,0.92,,0.0,16.8,
2026-08-20 13:51,CCJ,97.98,🟢 Yükseliş Trendinde,🔴 SAT,-,-,🔴 Ayı Piyasası (EMA 50 En Altta),⚪ Yelpaze Açık,🟡Fiyat Orta-Üst Bant Aralığında,EMA55 Destek: 97.77 (%0.2 altta) | EMA200 Direnç: 99.35 (%1.4 üstte),-,-,56.13,80.37,0.79,,0.0,2.97,
2026-08-20 13:51,CGW,65.34,🟢 Yükseliş Trendinde,🔴 SAT,-,-,⚠️ Yükseliş Trendinde Düzeltme (SSL Negatif),🟠 Daralıyor,⚪Fiyat Alt_Orta Bant Aralığında,EMA5 Destek: 65.22 (%0.2 altta) | EMA21 Direnç: 65.43 (%0.1 üstte),-,-,49.9,12.19,-0.42,,0.0,1.02,
2026-08-20 13:51,COPA,53.52,🟢 Yükseliş Trendinde,🔴 SAT,-,-,🟢 EMA Yükselişte (SSL Ok Bekleniyor),⚪ Yelpaze Açık,🟡Fiyat Orta-Üst Bant Aralığında,EMA5 Destek: 53.12 (%0.7 altta),-,54.23-55.84 (%1.3 üstte),59.43,57.96,0.72,,0.0,17.22,
2026-08-20 13:51,COPX,88.28,🟢 Yükseliş Trendinde,🔴 SAT,-,-,🟢 EMA Yükselişte (SSL Ok Bekleniyor),⚪ Yelpaze Açık,🟡Fiyat Orta-Üst Bant Aralığında,EMA5 Destek: 87.01 (%1.4 altta),-,91.20-93.89 (%3.3 üstte),60.96,49.86,0.6,,0.0,16.28,
2026-08-20 13:51,EEM,66.11,🟢 Yükseliş Trendinde,⏳ BEKLE,-,-,🟢 EMA Yükselişte (SSL Ok Bekleniyor),🟠 Daralıyor,🟡Fiyat Orta-Üst Bant Aralığında,EMA21 Destek: 65.56 (%0.8 altta) | EMA5 Direnç: 66.15 (%0.1 üstte),52.58-53.31 (%19.4 altta),-,52.57,58.25,0.68,,0.0,8.5,
2026-08-20 13:51,EWZ,34.26,🔴 Düşüş Trendinde,⏳ BEKLE,-,-,"📉 Düşüş Hazırlığı (50<100 Kesti, 150 Bekleniyor)",⚪ Yelpaze Açık,⚪Fiyat Alt_Orta Bant Aralığında,EMA5 Destek: 34.08 (%0.5 altta) | EMA200 Direnç: 34.66 (%1.2 üstte),-,36.15-36.84 (%5.5 üstte),42.18,14.66,-0.92,,0.0,0.52,
2026-08-20 13:51,GC=F,4547.1,🟢 Yükseliş Trendinde,🟢 AL (Trend Onaylı),-,🔴 ZİRVEDE,🔴 Ayı Piyasası (EMA 50 En Altta),⚪ Yelpaze Açık,🟡Fiyat Orta-Üst Bant Aralığında,EMA5 Destek: 4457.57 (%2.0 altta),-,4767.20-4879.70 (%4.8 üstte),70.57,89.65,0.89,,0.0,6.38,
2026-08-20 13:51,GLTR,203.43,🟢 Yükseliş Trendinde,🔥 GÜÇLÜ AL (Taze Kırılım),-,-,🔴 Ayı Piyasası (EMA 50 En Altta),⚪ Yelpaze Açık,🟡Fiyat Orta-Üst Bant Aralığında,EMA5 Destek: 199.22 (%2.1 altta),-,248.82-257.80 (%22.3 üstte),63.68,75.68,0.85,,0.0,5.51,
2026-08-20 13:51,HG=F,6.45,🟢 Yükseliş Trendinde,🔴 SAT,-,-,⚠️ Yükseliş Trendinde Düzeltme (SSL Negatif),🟠 Daralıyor,⚪Fiyat Alt_Orta Bant Aralığında,EMA55 Destek: 6.38 (%1.1 altta) | EMA21 Direnç: 6.50 (%0.7 üstte),5.79-5.90 (%8.6 altta),-,48.31,0.67,-0.59,,0.0,10.35,
2026-08-20 13:51,IBB,216.96,🟢 Yükseliş Trendinde,🟢 AL (Trend Onaylı),-,🔴 ZİRVEDE,🚀 ASIL SİNYAL: GÜÇLÜ AL (EMA Sıralı + SSL Onay),⚪ Yelpaze Açık,🚨Fiyat Bandın Üzerinde!,EMA5 Destek: 206.24 (%4.9 altta),163.90-167.80 (%22.7 altta),-,80.35,97.86,0.9,,3.32,24.7,
2026-08-20 13:51,ICLN,17.83,🔴 Düşüş Trendinde,🔴 SAT,-,-,"📉 Düşüş Hazırlığı (50<100 Kesti, 150 Bekleniyor)",🚨 BB SIKIŞMA,⚪Fiyat Alt_Orta Bant Aralığında,EMA5 Direnç: 17.98 (%0.8 üstte),-,21.34-21.75 (%19.7 üstte),42.21,50.65,0.01,,0.0,-0.82,
2026-08-20 13:51,INDA,49.54,🟢 Yükseliş Trendinde,🔴 SAT,-,-,🔴 Ayı Piyasası (EMA 50 En Altta),🟡 Normal Genişlik,🟡Fiyat Orta-Üst Bant Aralığında,EMA100 Destek: 49.45 (%0.2 altta) | EMA21 Direnç: 49.59 (%0.1 üstte),47.28-47.85 (%3.4 altta),54.75-55.02 (%10.5 üstte),50.48,4.45,-0.53,,0.0,0.51,
2026-08-20 13:51,IWM,301.72,🟢 Yükseliş Trendinde,⏳ BEKLE,-,-,🟢 EMA Yükselişte (SSL Ok Bekleniyor),🟡 Normal Genişlik,🟡Fiyat Orta-Üst Bant Aralığında,EMA21 Destek: 299.22 (%0.8 altta) | EMA5 Direnç: 302.06 (%0.1 üstte),238.69-245.37 (%18.7 altta),-,55.98,62.15,0.7,,0.0,11.03,
2026-08-20 13:51,KOID,37.15,🟢 Yükseliş Trendinde,🔴 SAT,-,-,🟢 EMA Yükselişte (SSL Ok Bekleniyor),⚪ Yelpaze Açık,⚪Fiyat Alt_Orta Bant Aralığında,EMA200 Destek: 35.50 (%4.4 altta) | EMA100 Direnç: 37.83 (%1.8 üstte),29.86-30.85 (%17.0 altta),42.40-42.86 (%14.1 üstte),43.76,58.31,0.47,,0.0,4.64,
2026-08-20 13:51,MARS,27.09,🟢 Yükseliş Trendinde,🔴 SAT,-,-,-,-,🟡Fiyat Orta-Üst Bant Aralığında,EMA21 Destek: 26.94 (%0.6 altta) | EMA5 Direnç: 27.69 (%2.2 üstte),-,43.89-45.92 (%62.0 üstte),49.91,78.74,0.83,,0.0,999.0,
2026-08-20 13:51,NASA,24.99,🟢 Yükseliş Trendinde,🔴 SAT,-,-,-,-,🟡Fiyat Orta-Üst Bant Aralığında,EMA21 Direnç: 25.13 (%0.5 üstte),-,-,48.41,77.83,0.78,,0.0,999.0,
2026-08-20 13:51,PA=F,1342.0,🔴 Düşüş Trendinde,⏳ BEKLE,-,-,🔴 Ayı Piyasası (EMA 50 En Altta),🟡 Normal Genişlik,🟡Fiyat Orta-Üst Bant Aralığında,EMA5 Destek: 1331.26 (%0.8 altta) | EMA100 Direnç: 1363.07 (%1.6 üstte),-,1774.50-1842.00 (%32.2 üstte),54.21,31.43,-0.11,,0.0,1.65,
2026-08-20 13:51,PHO,72.37,🟢 Yükseliş Trendinde,🔴 SAT,-,-,⚠️ Yükseliş Trendinde Düzeltme (SSL Negatif),⚪ Yelpaze Açık,🟡Fiyat Orta-Üst Bant Aralığında,EMA5 Destek: 71.84 (%0.7 altta),67.02-67.70 (%6.5 altta),72.60-73.56 (%0.3 üstte),58.59,15.52,-0.03,,0.0,4.21,
2026-08-20 13:51,PL=F,1827.2,🟢 Yükseliş Trendinde,🟢 AL (Trend Onaylı),📈 TREND DEVAMI (0 Üstü + Hacim),-,🔴 Ayı Piyasası (EMA 50 En Altta),⚪ Yelpaze Açık,🟡Fiyat Orta-Üst Bant Aralığında,EMA200 Destek: 1794.67 (%1.8 altta),-,2357.40-2365.60 (%29.0 üstte),63.55,80.45,0.69,,0.0,5.94,
2026-08-20 13:51,QQQ,716.08,🟢 Yükseliş Trendinde,🔴 SAT,-,-,🟢 EMA Yükselişte (SSL Ok Bekleniyor),⚪ Yelpaze Açık,🟡Fiyat Orta-Üst Bant Aralığında,EMA21 Destek: 714.61 (%0.2 altta) | EMA5 Direnç: 721.37 (%0.7 üstte),555.60-568.05 (%20.7 altta),732.51-741.82 (%2.3 üstte),51.45,63.69,0.61,,0.0,8.81,
2026-08-20 13:51,SI=F,67.01,🟢 Yükseliş Trendinde,⏳ BEKLE,-,-,🔴 Ayı Piyasası (EMA 50 En Altta),🟡 Normal Genişlik,🟡Fiyat Orta-Üst Bant Aralığında,EMA100 Destek: 66.27 (%1.1 altta),55.90-56.08 (%16.3 altta),86.93-88.89 (%29.7 üstte),62.94,79.95,0.85,,0.0,6.2,
2026-08-20 13:51,SMH,560.92,🔴 Düşüş Trendinde,🔴 SAT,-,-,🟢 EMA Yükselişte (SSL Ok Bekleniyor),🟡 Normal Genişlik,⚪Fiyat Alt_Orta Bant Aralığında,EMA100 Destek: 544.09 (%3.0 altta) | EMA55 Direnç: 570.73 (%1.7 üstte),359.86-379.24 (%32.4 altta),-,45.76,55.8,0.54,,0.0,18.64,
2026-08-20 13:51,SOXX,519.67,🔴 Düşüş Trendinde,🔴 SAT,-,-,🟢 EMA Yükselişte (SSL Ok Bekleniyor),🟠 Daralıyor,⚪Fiyat Alt_Orta Bant Aralığında,EMA100 Destek: 506.73 (%2.5 altta) | EMA5 Direnç: 535.45 (%3.0 üstte),-,643.93-655.95 (%23.9 üstte),44.74,52.17,0.49,,0.0,21.07,
2026-08-20 13:51,VNM,17.08,🟢 Yükseliş Trendinde,🔴 SAT,-,-,🔴 Ayı Piyasası (EMA 50 En Altta),🟡 Normal Genişlik,⚪Fiyat Alt_Orta Bant Aralığında,EMA5 Direnç: 17.20 (%0.7 üstte),-,19.58-19.78 (%14.6 üstte),44.08,17.97,-0.32,,0.0,-0.71,
2026-08-20 13:51,WQTM,33.22,🟢 Yükseliş Trendinde,🔴 SAT,-,-,🟢 EMA Yükselişte (SSL Ok Bekleniyor),⚪ Yelpaze Açık,🟡Fiyat Orta-Üst Bant Aralığında,EMA100 Destek: 33.00 (%0.7 altta) | EMA21 Direnç: 33.76 (%1.6 üstte),23.18-24.30 (%26.9 altta),35.05-35.83 (%5.5 üstte),47.11,56.39,0.55,,0.0,9.58,
2026-08-20 13:51,XBI,169.55,🟢 Yükseliş Trendinde,🟢 AL (Trend Onaylı),-,🔴 ZİRVEDE,🚀 ASIL SİNYAL: GÜÇLÜ AL (EMA Sıralı + SSL Onay),⚪ Yelpaze Açık,🚨Fiyat Bandın Üzerinde!,EMA5 Destek: 162.31 (%4.3 altta),-,-,73.26,96.24,0.89,,2.5,28.19,
2026-08-20 13:51,XLV,175.68,🟢 Yükseliş Trendinde,🟢 AL (Trend Onaylı),-,🔴 ZİRVEDE,🚀 ASIL SİNYAL: GÜÇLÜ AL (EMA Sıralı + SSL Onay),⚪ Yelpaze Açık,🚨Fiyat Bandın Üzerinde!,EMA5 Destek: 170.65 (%2.9 altta),145.31-147.27 (%16.2 altta),-,75.43,84.48,0.88,,1.75,14.23,
2026-08-20 13:51,XU100.IS,14359.58,🟢 Yükseliş Trendinde,🟢 AL (Trend Onaylı),-,-,🟢 EMA Yükselişte (SSL Ok Bekleniyor),🟡 Normal Genişlik,🟡Fiyat Orta-Üst Bant Aralığında,EMA5 Destek: 14258.44 (%0.7 altta),-,-,60.64,93.84,0.94,,0.0,10.17,
2026-08-20 17:59,AIQ,62.97,🟢 Yükseliş Trendinde,🔴 SAT,-,-,🟢 EMA Yükselişte (SSL Ok Bekleniyor),⚪ Yelpaze Açık,🟡Fiyat Orta-Üst Bant Aralığında,EMA21 Destek: 62.28 (%1.1 altta) | EMA5 Direnç: 63.16 (%0.3 üstte),44.46-45.83 (%27.2 altta),-,53.58,59.53,0.61,,0.0,12.62,
2026-08-20 17:59,ALUM.L,4.29,🔴 Düşüş Trendinde,🔴 SAT,-,-,"📉 Düşüş Hazırlığı (50<100 Kesti, 150 Bekleniyor)",🟠 Daralıyor,⚪Fiyat Alt_Orta Bant Aralığında,EMA200 Destek: 4.17 (%2.6 altta) | EMA5 Direnç: 4.34 (%1.2 üstte),4.13-4.23 (%1.3 altta),-,44.5,10.49,0.12,,0.0,2.72,
2026-08-20 17:59,BZ=F,93.28,🔴 Düşüş Trendinde,🟢 AL (Trend Onaylı),-,-,"📉 Düşüş Hazırlığı (50<100 Kesti, 150 Bekleniyor)",🚨 BB SIKIŞMA,🟡Fiyat Orta-Üst Bant Aralığında,EMA5 Destek: 91.20 (%2.2 altta),59.45-60.91 (%34.7 altta),106.87-112.69 (%14.6 üstte),59.78,100.0,0.91,,0.0,15.99,
2026-08-20 17:59,CCJ,95.81,🟢 Yükseliş Trendinde,🔴 SAT,-,-,🔴 Ayı Piyasası (EMA 50 En Altta),⚪ Yelpaze Açık,🟡Fiyat Orta-Üst Bant Aralığında,EMA21 Destek: 95.21 (%0.6 altta) | EMA5 Direnç: 96.93 (%1.2 üstte),-,-,51.26,62.37,0.64,,0.0,0.63,
2026-08-20 17:59,CGW,65.06,🟢 Yükseliş Trendinde,🔴 SAT,-,-,⚠️ Yükseliş Trendinde Düzeltme (SSL Negatif),🟠 Daralıyor,⚪Fiyat Alt_Orta Bant Aralığında,EMA55 Destek: 65.00 (%0.1 altta) | EMA5 Direnç: 65.17 (%0.2 üstte),-,-,47.53,20.54,-0.7,,0.0,0.58,
2026-08-20 17:59,COPA,53.97,🟢 Yükseliş Trendinde,⏳ BEKLE,-,-,🟢 EMA Yükselişte (SSL Ok Bekleniyor),⚪ Yelpaze Açık,🟡Fiyat Orta-Üst Bant Aralığında,EMA5 Destek: 53.41 (%1.0 altta),-,54.23-55.84 (%0.5 üstte),60.7,53.68,0.66,,0.0,18.0,
2026-08-20 17:59,COPX,88.98,🟢 Yükseliş Trendinde,🔥 GÜÇLÜ AL (Taze Kırılım),-,-,🚀 ASIL SİNYAL: GÜÇLÜ AL (EMA Sıralı + SSL Onay),⚪ Yelpaze Açık,🟡Fiyat Orta-Üst Bant Aralığında,EMA5 Destek: 87.67 (%1.5 altta),-,91.20-93.89 (%2.5 üstte),62.14,48.25,0.52,,0.0,17.0,
2026-08-20 17:59,EEM,66.54,🟢 Yükseliş Trendinde,⏳ BEKLE,-,-,🟢 EMA Yükselişte (SSL Ok Bekleniyor),🟠 Daralıyor,🟡Fiyat Orta-Üst Bant Aralığında,EMA5 Destek: 66.28 (%0.4 altta),52.58-53.31 (%19.9 altta),-,54.34,44.09,0.61,,0.0,9.1,
2026-08-20 17:59,EWZ,34.44,🔴 Düşüş Trendinde,🔥 GÜÇLÜ AL (Taze Kırılım),-,-,"📉 Düşüş Hazırlığı (50<100 Kesti, 150 Bekleniyor)",⚪ Yelpaze Açık,⚪Fiyat Alt_Orta Bant Aralığında,EMA5 Destek: 34.20 (%0.7 altta) | EMA200 Direnç: 34.65 (%0.6 üstte),-,36.15-36.84 (%5.0 üstte),44.38,26.07,-0.84,,0.0,0.7,
2026-08-20 17:59,GC=F,4561.6,🟢 Yükseliş Trendinde,🟢 AL (Trend Onaylı),📈 TREND DEVAMI (0 Üstü + Hacim),🔴 ZİRVEDE,🔴 Ayı Piyasası (EMA 50 En Altta),⚪ Yelpaze Açık,🟡Fiyat Orta-Üst Bant Aralığında,EMA5 Destek: 4462.40 (%2.2 altta),-,4767.20-4879.70 (%4.5 üstte),71.16,89.65,0.89,,0.0,6.71,
2026-08-20 17:59,GLTR,204.84,🟢 Yükseliş Trendinde,🟢 AL (Trend Onaylı),🟡 RİSKLİ AL (0 Üstü - Hacimsiz),-,🔴 Ayı Piyasası (EMA 50 En Altta),⚪ Yelpaze Açık,🟡Fiyat Orta-Üst Bant Aralığında,EMA5 Destek: 201.10 (%1.8 altta),-,248.82-257.80 (%21.5 üstte),64.86,77.14,0.85,,0.0,5.64,
2026-08-20 17:59,HG=F,6.44,🟢 Yükseliş Trendinde,🔴 SAT,-,-,⚠️ Yükseliş Trendinde Düzeltme (SSL Negatif),🟠 Daralıyor,⚪Fiyat Alt_Orta Bant Aralığında,EMA55 Destek: 6.38 (%1.0 altta) | EMA21 Direnç: 6.50 (%0.9 üstte),5.79-5.90 (%8.4 altta),-,47.46,0.67,-0.6,,0.0,10.13,
2026-08-20 17:59,IBB,212.23,🟢 Yükseliş Trendinde,🟢 AL (Trend Onaylı),🩸 SAT (Zirveden Dönüş),🔴 ZİRVEDE,🟢 EMA Yükselişte (SSL Ok Bekleniyor),⚪ Yelpaze Açık,🟡Fiyat Orta-Üst Bant Aralığında,EMA5 Destek: 208.24 (%1.9 altta),163.90-167.80 (%20.9 altta),-,71.01,90.42,0.91,,0.0,21.71,
2026-08-20 17:59,ICLN,17.69,🔴 Düşüş Trendinde,🔴 SAT,-,-,🔴 Ayı Piyasası (EMA 50 En Altta),🚨 BB SIKIŞMA,⚪Fiyat Alt_Orta Bant Aralığında,EMA5 Direnç: 17.88 (%1.1 üstte),-,21.34-21.75 (%20.6 üstte),40.55,23.21,-0.52,,0.0,-1.07,
2026-08-20 17:59,INDA,49.6,🟢 Yükseliş Trendinde,🔴 SAT,-,-,🔴 Ayı Piyasası (EMA 50 En Altta),🟠 Daralıyor,⚪Fiyat Alt_Orta Bant Aralığında,EMA21 Destek: 49.59 (%0.0 altta) | EMA5 Direnç: 49.62 (%0.1 üstte),47.28-47.85 (%3.5 altta),54.75-55.02 (%10.4 üstte),51.23,10.47,-0.74,,0.0,0.6,
2026-08-20 17:59,IWM,298.83,🟢 Yükseliş Trendinde,🔴 SAT,-,-,⚠️ Yükseliş Trendinde Düzeltme (SSL Negatif),🟡 Normal Genişlik,🟡Fiyat Orta-Üst Bant Aralığında,EMA55 Destek: 294.12 (%1.6 altta) | EMA21 Direnç: 299.18 (%0.1 üstte),238.69-245.37 (%17.9 altta),-,50.82,32.22,0.42,,0.0,9.86,
2026-08-20 17:59,KOID,36.78,🩸 SAT (Trend Kırıldı),🔴 SAT,-,-,⚠️ Yükseliş Trendinde Düzeltme (SSL Negatif),⚪ Yelpaze Açık,⚪Fiyat Alt_Orta Bant Aralığında,EMA200 Destek: 35.52 (%3.4 altta) | EMA5 Direnç: 37.78 (%2.7 üstte),29.86-30.85 (%16.1 altta),42.40-42.86 (%15.3 üstte),42.08,24.98,0.02,,0.0,3.56,
2026-08-20 17:59,MARS,26.21,🟢 Yükseliş Trendinde,🔴 SAT,-,-,-,-,🟡Fiyat Orta-Üst Bant Aralığında,EMA21 Direnç: 26.87 (%2.5 üstte),-,43.89-45.92 (%67.5 üstte),45.94,63.09,0.63,,0.0,999.0,
2026-08-20 17:59,NASA,24.25,🟢 Yükseliş Trendinde,🔴 SAT,-,-,-,-,🟡Fiyat Orta-Üst Bant Aralığında,EMA21 Direnç: 25.05 (%3.3 üstte),-,-,44.91,52.89,0.53,,0.0,999.0,
2026-08-20 17:59,PA=F,1328.5,🔴 Düşüş Trendinde,🔴 SAT,-,-,🔴 Ayı Piyasası (EMA 50 En Altta),🟡 Normal Genişlik,🟡Fiyat Orta-Üst Bant Aralığında,EMA5 Destek: 1326.76 (%0.1 altta) | EMA100 Direnç: 1362.80 (%2.6 üstte),-,1774.50-1842.00 (%33.6 üstte),52.27,26.95,-0.15,,0.0,0.72,
2026-08-20 17:59,PHO,72.08,🟢 Yükseliş Trendinde,⏳ BEKLE,-,-,⚠️ Yükseliş Trendinde Düzeltme (SSL Negatif),⚪ Yelpaze Açık,🟡Fiyat Orta-Üst Bant Aralığında,EMA5 Destek: 71.92 (%0.2 altta),67.02-67.70 (%6.1 altta),72.60-73.56 (%0.7 üstte),56.67,27.47,-0.4,,0.0,3.72,
2026-08-20 17:59,PL=F,1819.5,🟢 Yükseliş Trendinde,🟢 AL (Trend Onaylı),-,-,🔴 Ayı Piyasası (EMA 50 En Altta),⚪ Yelpaze Açık,🟡Fiyat Orta-Üst Bant Aralığında,EMA200 Destek: 1794.60 (%1.4 altta),-,2357.40-2365.60 (%29.6 üstte),62.91,80.45,0.69,,0.0,5.54,
2026-08-20 17:59,QQQ,712.51,🟢 Yükseliş Trendinde,🔴 SAT,-,-,🟢 EMA Yükselişte (SSL Ok Bekleniyor),⚪ Yelpaze Açık,🟡Fiyat Orta-Üst Bant Aralığında,EMA55 Destek: 707.24 (%0.7 altta) | EMA21 Direnç: 714.42 (%0.3 üstte),555.60-568.05 (%20.3 altta),732.51-741.82 (%2.8 üstte),49.59,31.84,0.29,,0.0,8.18,
2026-08-20 17:59,SI=F,67.99,🟢 Yükseliş Trendinde,⏳ BEKLE,📈 TREND DEVAMI (0 Üstü + Hacim),-,🔴 Ayı Piyasası (EMA 50 En Altta),🟡 Normal Genişlik,🟡Fiyat Orta-Üst Bant Aralığında,EMA100 Destek: 66.29 (%2.5 altta),55.90-56.08 (%17.5 altta),86.93-88.89 (%27.9 üstte),64.92,81.14,0.86,,0.0,7.6,
2026-08-20 17:59,SMH,563.39,🔴 Düşüş Trendinde,🔴 SAT,-,-,🟢 EMA Yükselişte (SSL Ok Bekleniyor),🟠 Daralıyor,🟡Fiyat Orta-Üst Bant Aralığında,EMA100 Destek: 544.48 (%3.4 altta) | EMA55 Direnç: 570.47 (%1.3 üstte),359.86-379.24 (%32.7 altta),-,46.58,29.88,0.23,,0.0,18.93,
2026-08-20 17:59,SOXX,522.45,🔴 Düşüş Trendinde,🔴 SAT,-,-,🟢 EMA Yükselişte (SSL Ok Bekleniyor),🟠 Daralıyor,⚪Fiyat Alt_Orta Bant Aralığında,EMA100 Destek: 507.04 (%2.9 altta) | EMA5 Direnç: 531.12 (%1.7 üstte),-,643.93-655.95 (%23.3 üstte),45.57,25.26,0.16,,0.0,21.46,
2026-08-20 17:59,VNM,17.23,🟢 Yükseliş Trendinde,🔴 SAT,-,-,🔴 Ayı Piyasası (EMA 50 En Altta),🟡 Normal Genişlik,🟡Fiyat Orta-Üst Bant Aralığında,EMA5 Destek: 17.21 (%0.1 altta) | EMA21 Direnç: 17.32 (%0.5 üstte),-,19.58-19.78 (%13.7 üstte),47.17,9.34,-0.69,,0.0,0.09,
2026-08-20 17:59,WQTM,32.83,🟢 Yükseliş Trendinde,🔴 SAT,-,-,🟢 EMA Yükselişte (SSL Ok Bekleniyor),⚪ Yelpaze Açık,⚪Fiyat Alt_Orta Bant Aralığında,EMA200 Destek: 30.34 (%7.6 altta) | EMA100 Direnç: 32.99 (%0.5 üstte),23.18-24.30 (%26.0 altta),35.05-35.83 (%6.8 üstte),45.24,23.28,0.12,,0.0,8.21,
2026-08-20 17:59,XBI,164.25,🟢 Yükseliş Trendinde,⏳ BEKLE,🩸 SAT (Zirveden Dönüş),-,🟢 EMA Yükselişte (SSL Ok Bekleniyor),⚪ Yelpaze Açık,🟡Fiyat Orta-Üst Bant Aralığında,EMA5 Destek: 162.96 (%0.8 altta),-,-,62.38,86.33,0.88,,0.0,23.88,
2026-08-20 17:59,XLV,174.2,🟢 Yükseliş Trendinde,🟢 AL (Trend Onaylı),-,🔴 ZİRVEDE,🟢 EMA Yükselişte (SSL Ok Bekleniyor),⚪ Yelpaze Açık,🚨Fiyat Bandın Üzerinde!,EMA5 Destek: 171.83 (%1.4 altta),145.31-147.27 (%15.5 altta),-,70.45,92.19,0.89,,0.19,13.12,
2026-08-20 17:59,XU100.IS,14355.4,🟢 Yükseliş Trendinde,🟢 AL (Trend Onaylı),-,-,🟢 EMA Yükselişte (SSL Ok Bekleniyor),🟡 Normal Genişlik,🟡Fiyat Orta-Üst Bant Aralığında,EMA5 Destek: 14257.05 (%0.7 altta),-,-,60.5,93.67,0.94,,0.0,10.14,
2026-08-20 20:49,AIQ,62.92,🟢 Yükseliş Trendinde,🔴 SAT,-,-,🟢 EMA Yükselişte (SSL Ok Bekleniyor),⚪ Yelpaze Açık,🟡Fiyat Orta-Üst Bant Aralığında,EMA21 Destek: 62.27 (%1.0 altta) | EMA5 Direnç: 63.14 (%0.4 üstte),44.46-45.83 (%27.1 altta),-,53.32,58.99,0.61,,0.0,12.51,
2026-08-20 20:49,ALUM.L,4.31,🔴 Düşüş Trendinde,🔴 SAT,-,-,"📉 Düşüş Hazırlığı (50<100 Kesti, 150 Bekleniyor)",🟠 Daralıyor,⚪Fiyat Alt_Orta Bant Aralığında,EMA200 Destek: 4.17 (%3.1 altta) | EMA21 Direnç: 4.34 (%0.8 üstte),4.13-4.23 (%1.8 altta),-,46.39,10.49,0.17,,0.0,3.23,
2026-08-20 20:49,BZ=F,93.46,🔴 Düşüş Trendinde,🟢 AL (Trend Onaylı),-,-,"📉 Düşüş Hazırlığı (50<100 Kesti, 150 Bekleniyor)",🚨 BB SIKIŞMA,🟡Fiyat Orta-Üst Bant Aralığında,EMA5 Destek: 91.26 (%2.3 altta),59.45-60.91 (%34.8 altta),106.87-112.69 (%14.3 üstte),60.01,100.0,0.91,,0.0,16.21,
2026-08-20 20:49,CCJ,94.91,🟢 Yükseliş Trendinde,🔴 SAT,-,-,🔴 Ayı Piyasası (EMA 50 En Altta),⚪ Yelpaze Açık,🟡Fiyat Orta-Üst Bant Aralığında,EMA21 Direnç: 95.13 (%0.2 üstte),-,-,49.48,58.28,0.6,,0.0,-0.23,
2026-08-20 20:49,CGW,64.97,🟢 Yükseliş Trendinde,🔴 SAT,-,-,⚠️ Yükseliş Trendinde Düzeltme (SSL Negatif),🟠 Daralıyor,⚪Fiyat Alt_Orta Bant Aralığında,EMA100 Destek: 64.79 (%0.3 altta) | EMA55 Direnç: 65.00 (%0.0 üstte),-,-,46.82,19.38,-0.71,,0.0,0.45,
2026-08-20 20:49,COPA,54.45,🟢 Yükseliş Trendinde,🔥 GÜÇLÜ AL (Taze Kırılım),-,-,🚀 ASIL SİNYAL: GÜÇLÜ AL (EMA Sıralı + SSL Onay),⚪ Yelpaze Açık,🟡Fiyat Orta-Üst Bant Aralığında,EMA5 Destek: 53.57 (%1.6 altta),-,54.23-55.84 (fiyat bandın içinde!),61.96,56.05,0.68,,0.0,19.03,
2026-08-20 20:49,COPX,89.5,🟢 Yükseliş Trendinde,🔥 GÜÇLÜ AL (Taze Kırılım),-,-,🚀 ASIL SİNYAL: GÜÇLÜ AL (EMA Sıralı + SSL Onay),⚪ Yelpaze Açık,🟡Fiyat Orta-Üst Bant Aralığında,EMA5 Destek: 87.84 (%1.8 altta),-,91.20-93.89 (%1.9 üstte),62.96,50.06,0.53,,0.0,17.67,
2026-08-20 20:49,EEM,66.44,🟢 Yükseliş Trendinde,⏳ BEKLE,-,-,🟢 EMA Yükselişte (SSL Ok Bekleniyor),🟠 Daralıyor,🟡Fiyat Orta-Üst Bant Aralığında,EMA5 Destek: 66.25 (%0.3 altta),52.58-53.31 (%19.8 altta),-,53.96,42.93,0.6,,0.0,8.95,
2026-08-20 20:49,EWZ,34.13,🔴 Düşüş Trendinde,⏳ BEKLE,-,-,"📉 Düşüş Hazırlığı (50<100 Kesti, 150 Bekleniyor)",⚪ Yelpaze Açık,⚪Fiyat Alt_Orta Bant Aralığında,EMA5 Destek: 34.10 (%0.1 altta) | EMA200 Direnç: 34.65 (%1.5 üstte),-,36.15-36.84 (%5.9 üstte),41.01,21.12,-0.87,,0.0,0.1,
2026-08-20 20:49,GC=F,4573.4,🟢 Yükseliş Trendinde,🟢 AL (Trend Onaylı),📈 TREND DEVAMI (0 Üstü + Hacim),🔴 ZİRVEDE,🔴 Ayı Piyasası (EMA 50 En Altta),⚪ Yelpaze Açık,🟡Fiyat Orta-Üst Bant Aralığında,EMA5 Destek: 4466.34 (%2.3 altta),-,4767.20-4879.70 (%4.2 üstte),71.62,89.65,0.9,,0.0,6.97,
2026-08-20 20:49,GLTR,205.34,🟢 Yükseliş Trendinde,🟢 AL (Trend Onaylı),🟡 RİSKLİ AL (0 Üstü - Hacimsiz),-,🔴 Ayı Piyasası (EMA 50 En Altta),⚪ Yelpaze Açık,🟡Fiyat Orta-Üst Bant Aralığında,EMA5 Destek: 201.26 (%2.0 altta),-,248.82-257.80 (%21.2 üstte),65.26,77.79,0.85,,0.0,5.87,
2026-08-20 20:49,HG=F,6.47,🟢 Yükseliş Trendinde,🔴 SAT,-,-,⚠️ Yükseliş Trendinde Düzeltme (SSL Negatif),🟠 Daralıyor,⚪Fiyat Alt_Orta Bant Aralığında,EMA55 Destek: 6.38 (%1.4 altta) | EMA21 Direnç: 6.50 (%0.5 üstte),5.79-5.90 (%8.8 altta),-,49.62,0.67,-0.58,,0.0,10.67,
2026-08-20 20:49,IBB,211.61,🟢 Yükseliş Trendinde,🟢 AL (Trend Onaylı),🩸 SAT (Zirveden Dönüş),-,🟢 EMA Yükselişte (SSL Ok Bekleniyor),⚪ Yelpaze Açık,🟡Fiyat Orta-Üst Bant Aralığında,EMA5 Destek: 208.03 (%1.7 altta),163.90-167.80 (%20.7 altta),-,69.94,89.33,0.91,,0.0,21.36,
2026-08-20 20:49,ICLN,17.57,🔴 Düşüş Trendinde,🔴 SAT,-,-,🔴 Ayı Piyasası (EMA 50 En Altta),🚨 BB SIKIŞMA,⚪Fiyat Alt_Orta Bant Aralığında,EMA5 Direnç: 17.84 (%1.5 üstte),-,21.34-21.75 (%21.5 üstte),39.22,23.21,-0.54,,0.0,-1.52,
2026-08-20 20:49,INDA,49.57,🟢 Yükseliş Trendinde,🔴 SAT,-,-,🔴 Ayı Piyasası (EMA 50 En Altta),🟠 Daralıyor,⚪Fiyat Alt_Orta Bant Aralığında,EMA100 Destek: 49.45 (%0.2 altta) | EMA21 Direnç: 49.59 (%0.0 üstte),47.28-47.85 (%3.5 altta),54.75-55.02 (%10.4 üstte),50.89,9.76,-0.75,,0.0,0.55,
2026-08-20 20:49,IWM,297.74,🟢 Yükseliş Trendinde,🔴 SAT,-,-,⚠️ Yükseliş Trendinde Düzeltme (SSL Negatif),🟡 Normal Genişlik,⚪Fiyat Alt_Orta Bant Aralığında,EMA55 Destek: 294.08 (%1.2 altta) | EMA21 Direnç: 299.08 (%0.4 üstte),238.69-245.37 (%17.6 altta),-,49.11,32.22,0.35,,0.0,9.46,
2026-08-20 20:49,KOID,36.65,🩸 SAT (Trend Kırıldı),🔴 SAT,-,-,⚠️ Yükseliş Trendinde Düzeltme (SSL Negatif),⚪ Yelpaze Açık,⚪Fiyat Alt_Orta Bant Aralığında,EMA200 Destek: 35.51 (%3.1 altta) | EMA5 Direnç: 37.74 (%3.0 üstte),29.86-30.85 (%15.8 altta),42.40-42.86 (%15.7 üstte),41.52,24.98,0.01,,0.0,3.2,
2026-08-20 20:49,MARS,25.97,🟢 Yükseliş Trendinde,🔴 SAT,-,-,-,-,🟡Fiyat Orta-Üst Bant Aralığında,EMA21 Direnç: 26.85 (%3.4 üstte),-,43.89-45.92 (%69.0 üstte),44.96,61.79,0.61,,0.0,999.0,
2026-08-20 20:49,NASA,24.17,🟢 Yükseliş Trendinde,🔴 SAT,-,-,-,-,🟡Fiyat Orta-Üst Bant Aralığında,EMA21 Direnç: 25.04 (%3.6 üstte),-,-,44.56,52.24,0.52,,0.0,999.0,
2026-08-20 20:49,PA=F,1336.0,🔴 Düşüş Trendinde,🔴 SAT,-,-,🔴 Ayı Piyasası (EMA 50 En Altta),🟡 Normal Genişlik,🟡Fiyat Orta-Üst Bant Aralığında,EMA5 Destek: 1329.26 (%0.5 altta) | EMA100 Direnç: 1362.95 (%2.0 üstte),-,1774.50-1842.00 (%32.8 üstte),53.39,29.53,-0.13,,0.0,1.24,
2026-08-20 20:49,PHO,71.89,🟢 Yükseliş Trendinde,⏳ BEKLE,-,-,⚠️ Yükseliş Trendinde Düzeltme (SSL Negatif),⚪ Yelpaze Açık,🟡Fiyat Orta-Üst Bant Aralığında,EMA5 Destek: 71.86 (%0.0 altta),67.02-67.70 (%5.8 altta),72.60-73.56 (%1.0 üstte),55.43,25.16,-0.43,,0.0,3.44,
2026-08-20 20:49,PL=F,1833.6,🟢 Yükseliş Trendinde,🟢 AL (Trend Onaylı),📈 TREND DEVAMI (0 Üstü + Hacim),-,🔴 Ayı Piyasası (EMA 50 En Altta),⚪ Yelpaze Açık,🟡Fiyat Orta-Üst Bant Aralığında,EMA200 Destek: 1794.74 (%2.1 altta),-,2357.40-2365.60 (%28.6 üstte),64.08,80.45,0.7,,0.0,6.28,
2026-08-20 20:49,QQQ,711.15,🟢 Yükseliş Trendinde,🔴 SAT,-,-,🟢 EMA Yükselişte (SSL Ok Bekleniyor),⚪ Yelpaze Açık,🟡Fiyat Orta-Üst Bant Aralığında,EMA55 Destek: 707.20 (%0.6 altta) | EMA21 Direnç: 714.30 (%0.4 üstte),555.60-568.05 (%20.1 altta),732.51-741.82 (%3.0 üstte),48.91,31.84,0.27,,0.0,7.97,
2026-08-20 20:49,SI=F,68.26,🟢 Yükseliş Trendinde,⏳ BEKLE,-,-,🔴 Ayı Piyasası (EMA 50 En Altta),🟡 Normal Genişlik,🟡Fiyat Orta-Üst Bant Aralığında,EMA100 Destek: 66.30 (%2.9 altta),55.90-56.08 (%17.8 altta),86.93-88.89 (%27.4 üstte),65.42,81.14,0.87,,0.0,7.99,
2026-08-20 20:49,SMH,561.03,🔴 Düşüş Trendinde,🔴 SAT,-,-,🟢 EMA Yükselişte (SSL Ok Bekleniyor),🟠 Daralıyor,⚪Fiyat Alt_Orta Bant Aralığında,EMA100 Destek: 544.43 (%3.0 altta) | EMA5 Direnç: 569.81 (%1.6 üstte),359.86-379.24 (%32.4 altta),-,45.8,27.7,0.21,,0.0,18.44,
2026-08-20 20:49,SOXX,520.68,🔴 Düşüş Trendinde,🔴 SAT,-,-,🟢 EMA Yükselişte (SSL Ok Bekleniyor),🟠 Daralıyor,⚪Fiyat Alt_Orta Bant Aralığında,EMA100 Destek: 507.01 (%2.6 altta) | EMA5 Direnç: 530.53 (%1.9 üstte),-,643.93-655.95 (%23.7 üstte),45.04,23.8,0.15,,0.0,21.05,
2026-08-20 20:49,VNM,17.21,🟢 Yükseliş Trendinde,🔴 SAT,-,-,🔴 Ayı Piyasası (EMA 50 En Altta),🟡 Normal Genişlik,🟡Fiyat Orta-Üst Bant Aralığında,EMA5 Destek: 17.21 (%0.0 altta) | EMA21 Direnç: 17.31 (%0.6 üstte),-,19.58-19.78 (%13.8 üstte),46.86,8.49,-0.7,,0.0,0.03,
2026-08-20 20:49,WQTM,32.71,🟢 Yükseliş Trendinde,🔴 SAT,-,-,🟢 EMA Yükselişte (SSL Ok Bekleniyor),⚪ Yelpaze Açık,⚪Fiyat Alt_Orta Bant Aralığında,EMA200 Destek: 30.34 (%7.2 altta) | EMA100 Direnç: 32.99 (%0.9 üstte),23.18-24.30 (%25.7 altta),35.05-35.83 (%7.2 üstte),44.67,23.28,0.1,,0.0,7.81,
2026-08-20 20:49,XBI,163.5,🟢 Yükseliş Trendinde,⏳ BEKLE,🩸 SAT (Zirveden Dönüş),-,🟢 EMA Yükselişte (SSL Ok Bekleniyor),⚪ Yelpaze Açık,🟡Fiyat Orta-Üst Bant Aralığında,EMA5 Destek: 162.71 (%0.5 altta),-,-,61.09,84.85,0.88,,0.0,23.33,
2026-08-20 20:49,XLV,173.84,🟢 Yükseliş Trendinde,🟢 AL (Trend Onaylı),-,-,🟢 EMA Yükselişte (SSL Ok Bekleniyor),⚪ Yelpaze Açık,🚨Fiyat Bandın Üzerinde!,EMA5 Destek: 171.71 (%1.2 altta),145.31-147.27 (%15.3 altta),-,69.32,90.45,0.89,,0.03,12.89,
2026-08-20 20:49,XU100.IS,14396.54,🟢 Yükseliş Trendinde,🟢 AL (Trend Onaylı),-,-,🟢 EMA Yükselişte (SSL Ok Bekleniyor),🟡 Normal Genişlik,🟡Fiyat Orta-Üst Bant Aralığında,EMA5 Destek: 14270.76 (%0.9 altta),-,-,61.95,95.36,0.94,,0.0,10.45,
2026-08-21 13:52,AIQ,63.03,🟢 Yükseliş Trendinde,🔴 SAT,-,-,🟢 EMA Yükselişte (SSL Ok Bekleniyor),⚪ Yelpaze Açık,🟡Fiyat Orta-Üst Bant Aralığında,EMA21 Destek: 62.38 (%1.0 altta) | EMA5 Direnç: 63.19 (%0.3 üstte),44.46-45.83 (%27.3 altta),-,53.51,43.28,0.49,,0.0,12.6,
2026-08-21 13:52,ALUM.L,4.34,🔴 Düşüş Trendinde,🔴 SAT,-,-,"📉 Düşüş Hazırlığı (50<100 Kesti, 150 Bekleniyor)",🟠 Daralıyor,🟡Fiyat Orta-Üst Bant Aralığında,EMA200 Destek: 4.18 (%3.8 altta) | EMA21 Direnç: 4.35 (%0.1 üstte),4.13-4.23 (%2.5 altta),-,49.55,6.22,-0.08,,0.0,3.94,
2026-08-21 13:52,BZ=F,93.65,🔴 Düşüş Trendinde,🟢 AL (Trend Onaylı),-,-,🟢 EMA Yükselişte (SSL Ok Bekleniyor),🚨 BB SIKIŞMA,🟡Fiyat Orta-Üst Bant Aralığında,EMA5 Destek: 92.13 (%1.6 altta),59.45-60.91 (%35.0 altta),106.87-112.69 (%14.1 üstte),60.15,99.51,0.95,,0.0,16.28,
2026-08-21 13:52,CCJ,95.59,🟢 Yükseliş Trendinde,🔴 SAT,-,-,🔴 Ayı Piyasası (EMA 50 En Altta),⚪ Yelpaze Açık,🟡Fiyat Orta-Üst Bant Aralığında,EMA21 Destek: 95.19 (%0.4 altta) | EMA5 Direnç: 96.86 (%1.3 üstte),-,-,50.81,61.34,0.63,,0.0,0.42,
2026-08-21 13:52,CGW,64.86,🟢 Yükseliş Trendinde,🔴 SAT,-,-,⚠️ Yükseliş Trendinde Düzeltme (SSL Negatif),🟠 Daralıyor,⚪Fiyat Alt_Orta Bant Aralığında,EMA100 Destek: 64.79 (%0.1 altta) | EMA55 Direnç: 64.99 (%0.2 üstte),-,-,45.97,18.02,-0.71,,0.0,0.27,
2026-08-21 13:52,COPA,54.73,🟢 Yükseliş Trendinde,🔥 GÜÇLÜ AL (Taze Kırılım),-,-,🚀 ASIL SİNYAL: GÜÇLÜ AL (EMA Sıralı + SSL Onay),⚪ Yelpaze Açık,🟡Fiyat Orta-Üst Bant Aralığında,EMA5 Destek: 53.68 (%1.9 altta),-,54.23-55.84 (fiyat bandın içinde!),62.53,49.94,0.54,,0.0,19.37,
2026-08-21 13:52,COPX,89.93,🟢 Yükseliş Trendinde,🔥 GÜÇLÜ AL (Taze Kırılım),-,-,🚀 ASIL SİNYAL: GÜÇLÜ AL (EMA Sıralı + SSL Onay),⚪ Yelpaze Açık,🟡Fiyat Orta-Üst Bant Aralığında,EMA5 Destek: 87.99 (%2.2 altta),-,91.20-93.89 (%1.4 üstte),63.63,51.53,0.54,,0.0,18.15,
2026-08-21 13:52,EEM,66.62,🟢 Yükseliş Trendinde,⏳ BEKLE,-,-,🟢 EMA Yükselişte (SSL Ok Bekleniyor),🟡 Normal Genişlik,🟡Fiyat Orta-Üst Bant Aralığında,EMA5 Destek: 66.30 (%0.5 altta),52.58-53.31 (%20.0 altta),-,54.66,45.04,0.62,,0.0,9.23,
2026-08-21 13:52,EWZ,34.14,🔴 Düşüş Trendinde,⏳ BEKLE,-,-,"📉 Düşüş Hazırlığı (50<100 Kesti, 150 Bekleniyor)",⚪ Yelpaze Açık,⚪Fiyat Alt_Orta Bant Aralığında,EMA5 Destek: 34.10 (%0.1 altta) | EMA200 Direnç: 34.67 (%1.6 üstte),-,36.15-36.84 (%5.9 üstte),41.1,21.25,-0.87,,0.0,0.12,
2026-08-21 13:52,GC=F,4649.9,🟢 Yükseliş Trendinde,🟢 AL (Trend Onaylı),-,🔴 ZİRVEDE,🔴 Ayı Piyasası (EMA 50 En Altta),⚪ Yelpaze Açık,🚨Fiyat Bandın Üzerinde!,EMA5 Destek: 4514.84 (%2.9 altta),-,4767.20-4879.70 (%2.5 üstte),74.6,99.55,0.89,,0.14,8.47,
2026-08-21 13:52,GLTR,205.83,🟢 Yükseliş Trendinde,🟢 AL (Trend Onaylı),🟡 RİSKLİ AL (0 Üstü - Hacimsiz),-,🔴 Ayı Piyasası (EMA 50 En Altta),⚪ Yelpaze Açık,🟡Fiyat Orta-Üst Bant Aralığında,EMA5 Destek: 201.43 (%2.1 altta),-,248.82-257.80 (%20.9 üstte),65.64,78.4,0.85,,0.0,6.1,
2026-08-21 13:52,HG=F,6.59,🟢 Yükseliş Trendinde,⏳ BEKLE,-,-,⚠️ Yükseliş Trendinde Düzeltme (SSL Negatif),🟠 Daralıyor,🟡Fiyat Orta-Üst Bant Aralığında,EMA5 Destek: 6.54 (%0.8 altta),5.79-5.90 (%10.5 altta),-,57.26,15.81,-0.72,,0.0,12.56,
2026-08-21 13:52,IBB,210.83,🟢 Yükseliş Trendinde,🟢 AL (Trend Onaylı),🩸 SAT (Zirveden Dönüş),-,🟢 EMA Yükselişte (SSL Ok Bekleniyor),⚪ Yelpaze Açık,🟡Fiyat Orta-Üst Bant Aralığında,EMA5 Destek: 207.77 (%1.5 altta),163.90-167.80 (%20.4 altta),-,68.65,88.0,0.9,,0.0,20.87,
2026-08-21 13:52,ICLN,17.63,🔴 Düşüş Trendinde,🔴 SAT,-,-,🔴 Ayı Piyasası (EMA 50 En Altta),🚨 BB SIKIŞMA,⚪Fiyat Alt_Orta Bant Aralığında,EMA5 Direnç: 17.86 (%1.3 üstte),-,21.34-21.75 (%21.0 üstte),39.88,23.21,-0.53,,0.0,-1.29,
2026-08-21 13:52,INDA,49.55,🟢 Yükseliş Trendinde,🔴 SAT,-,-,🔴 Ayı Piyasası (EMA 50 En Altta),🟠 Daralıyor,⚪Fiyat Alt_Orta Bant Aralığında,EMA100 Destek: 49.46 (%0.2 altta) | EMA5 Direnç: 49.61 (%0.1 üstte),47.28-47.85 (%3.4 altta),54.75-55.02 (%10.5 üstte),50.19,9.51,-0.91,,0.0,0.46,
2026-08-21 13:52,IWM,297.67,🟢 Yükseliş Trendinde,🔴 SAT,-,-,⚠️ Yükseliş Trendinde Düzeltme (SSL Negatif),🟡 Normal Genişlik,⚪Fiyat Alt_Orta Bant Aralığında,EMA55 Destek: 294.07 (%1.2 altta) | EMA21 Direnç: 299.07 (%0.5 üstte),238.69-245.37 (%17.6 altta),-,49.0,32.22,0.34,,0.0,9.43,
2026-08-21 13:52,KOID,36.62,🔴 Düşüş Trendinde,🔴 SAT,-,-,⚠️ Yükseliş Trendinde Düzeltme (SSL Negatif),⚪ Yelpaze Açık,⚪Fiyat Alt_Orta Bant Aralığında,EMA200 Destek: 35.54 (%3.0 altta) | EMA5 Direnç: 37.74 (%3.1 üstte),29.86-30.85 (%15.8 altta),42.40-42.86 (%15.8 üstte),40.77,13.39,-0.27,,0.0,3.05,
2026-08-21 13:52,MARS,26.16,🟢 Yükseliş Trendinde,🔴 SAT,-,-,-,-,🟡Fiyat Orta-Üst Bant Aralığında,EMA21 Direnç: 26.95 (%3.0 üstte),-,43.89-45.92 (%67.8 üstte),45.26,52.72,0.51,,0.0,999.0,
2026-08-21 13:52,NASA,24.32,🟢 Yükseliş Trendinde,🔴 SAT,-,-,-,-,🟡Fiyat Orta-Üst Bant Aralığında,EMA21 Direnç: 25.05 (%3.0 üstte),-,-,45.22,53.47,0.53,,0.0,999.0,
2026-08-21 13:52,PA=F,1356.0,🔴 Düşüş Trendinde,🔥 GÜÇLÜ AL (Taze Kırılım),📈 TREND DEVAMI (0 Üstü + Hacim),-,🔴 Ayı Piyasası (EMA 50 En Altta),🟠 Daralıyor,🟡Fiyat Orta-Üst Bant Aralığında,EMA5 Destek: 1338.24 (%1.3 altta) | EMA100 Direnç: 1362.74 (%0.5 üstte),-,1774.50-1842.00 (%30.9 üstte),56.21,51.57,-0.59,,0.0,2.49,
2026-08-21 13:52,PHO,71.65,🟢 Yükseliş Trendinde,⏳ BEKLE,-,-,⚠️ Yükseliş Trendinde Düzeltme (SSL Negatif),⚪ Yelpaze Açık,🟡Fiyat Orta-Üst Bant Aralığında,EMA21 Destek: 71.31 (%0.5 altta) | EMA5 Direnç: 71.78 (%0.2 üstte),67.02-67.70 (%5.5 altta),72.60-73.56 (%1.3 üstte),53.97,22.45,-0.45,,0.0,3.11,
2026-08-21 13:52,PL=F,1891.7,🟢 Yükseliş Trendinde,🟢 AL (Trend Onaylı),-,-,🔴 Ayı Piyasası (EMA 50 En Altta),⚪ Yelpaze Açık,🚨Fiyat Bandın Üzerinde!,EMA5 Destek: 1821.62 (%3.7 altta),-,2357.40-2365.60 (%24.6 üstte),68.5,98.67,0.7,,0.84,8.74,
2026-08-21 13:52,QQQ,710.93,🟢 Yükseliş Trendinde,🔴 SAT,-,-,🟢 EMA Yükselişte (SSL Ok Bekleniyor),⚪ Yelpaze Açık,🟡Fiyat Orta-Üst Bant Aralığında,EMA55 Destek: 707.19 (%0.5 altta) | EMA21 Direnç: 714.28 (%0.5 üstte),555.60-568.05 (%20.1 altta),732.51-741.82 (%3.0 üstte),48.8,31.84,0.26,,0.0,7.96,
2026-08-21 13:52,SI=F,69.51,🟢 Yükseliş Trendinde,🟢 AL (Trend Onaylı),📈 TREND DEVAMI (0 Üstü + Hacim),-,🔴 Ayı Piyasası (EMA 50 En Altta),⚪ Yelpaze Açık,🟡Fiyat Orta-Üst Bant Aralığında,EMA5 Destek: 67.19 (%3.3 altta),55.90-56.08 (%19.3 altta),86.93-88.89 (%25.1 üstte),67.78,94.2,0.88,,0.0,9.01,
2026-08-21 13:52,SMH,562.65,🔴 Düşüş Trendinde,🔴 SAT,-,-,🟢 EMA Yükselişte (SSL Ok Bekleniyor),🟠 Daralıyor,⚪Fiyat Alt_Orta Bant Aralığında,EMA100 Destek: 544.46 (%3.2 altta) | EMA5 Direnç: 570.35 (%1.4 üstte),359.86-379.24 (%32.6 altta),-,46.33,29.2,0.22,,0.0,18.85,
2026-08-21 13:52,SOXX,522.35,🔴 Düşüş Trendinde,🔴 SAT,-,-,🟢 EMA Yükselişte (SSL Ok Bekleniyor),🟠 Daralıyor,⚪Fiyat Alt_Orta Bant Aralığında,EMA100 Destek: 507.04 (%2.9 altta) | EMA5 Direnç: 531.08 (%1.7 üstte),-,643.93-655.95 (%23.3 üstte),45.54,25.18,0.16,,0.0,21.54,
2026-08-21 13:52,VNM,17.15,🟢 Yükseliş Trendinde,🔴 SAT,-,-,🔴 Ayı Piyasası (EMA 50 En Altta),🟡 Normal Genişlik,⚪Fiyat Alt_Orta Bant Aralığında,EMA5 Direnç: 17.19 (%0.2 üstte),-,19.58-19.78 (%14.2 üstte),45.61,5.03,-0.71,,0.0,-0.21,
2026-08-21 13:52,WQTM,32.77,🟢 Yükseliş Trendinde,🔴 SAT,-,-,🟢 EMA Yükselişte (SSL Ok Bekleniyor),⚪ Yelpaze Açık,⚪Fiyat Alt_Orta Bant Aralığında,EMA200 Destek: 30.34 (%7.4 altta) | EMA100 Direnç: 32.99 (%0.7 üstte),23.18-24.30 (%25.8 altta),35.05-35.83 (%7.0 üstte),44.95,23.28,0.11,,0.0,8.01,
2026-08-21 13:52,XBI,163.38,🟢 Yükseliş Trendinde,⏳ BEKLE,🩸 SAT (Zirveden Dönüş),-,🟢 EMA Yükselişte (SSL Ok Bekleniyor),⚪ Yelpaze Açık,🟡Fiyat Orta-Üst Bant Aralığında,EMA5 Destek: 162.67 (%0.4 altta),-,-,60.89,84.62,0.87,,0.0,23.18,
2026-08-21 13:52,XLV,172.39,🟢 Yükseliş Trendinde,🟢 AL (Trend Onaylı),🩸 SAT (Zirveden Dönüş),-,🟢 EMA Yükselişte (SSL Ok Bekleniyor),⚪ Yelpaze Açık,🟡Fiyat Orta-Üst Bant Aralığında,EMA5 Destek: 171.23 (%0.7 altta),145.31-147.27 (%14.6 altta),-,65.19,84.07,0.89,,0.0,11.94,
2026-08-21 13:52,XU100.IS,14469.85,🟢 Yükseliş Trendinde,🟢 AL (Trend Onaylı),-,-,🟢 EMA Yükselişte (SSL Ok Bekleniyor),⚪ Yelpaze Açık,🟡Fiyat Orta-Üst Bant Aralığında,EMA5 Destek: 14337.12 (%0.9 altta),-,-,63.62,96.17,0.94,,0.0,10.9,
2026-08-21 17:57,AIQ,63.33,🟢 Yükseliş Trendinde,🔴 SAT,-,-,🟢 EMA Yükselişte (SSL Ok Bekleniyor),⚪ Yelpaze Açık,🟡Fiyat Orta-Üst Bant Aralığında,EMA5 Destek: 63.24 (%0.1 altta),44.46-45.83 (%27.6 altta),-,54.7,39.51,0.25,,0.0,12.99,
2026-08-21 17:57,ALUM.L,4.35,🔴 Düşüş Trendinde,🔴 SAT,-,-,"📉 Düşüş Hazırlığı (50<100 Kesti, 150 Bekleniyor)",🟠 Daralıyor,🟡Fiyat Orta-Üst Bant Aralığında,EMA200 Destek: 4.18 (%3.9 altta) | EMA21 Direnç: 4.35 (%0.0 üstte),4.13-4.23 (%2.6 altta),-,50.07,7.02,-0.07,,0.0,4.06,
2026-08-21 17:57,BZ=F,93.87,🔴 Düşüş Trendinde,🟢 AL (Trend Onaylı),-,-,🟢 EMA Yükselişte (SSL Ok Bekleniyor),🚨 BB SIKIŞMA,🟡Fiyat Orta-Üst Bant Aralığında,EMA5 Destek: 92.20 (%1.8 altta),59.45-60.91 (%35.1 altta),106.87-112.69 (%13.8 üstte),60.53,100.0,0.95,,0.0,16.55,
2026-08-21 17:57,CCJ,99.67,🟢 Yükseliş Trendinde,⏳ BEKLE,-,-,🔴 Ayı Piyasası (EMA 50 En Altta),⚪ Yelpaze Açık,🟡Fiyat Orta-Üst Bant Aralığında,EMA200 Destek: 99.40 (%0.3 altta) | EMA100 Direnç: 100.80 (%1.1 üstte),-,-,58.11,66.81,0.58,,0.0,4.26,
2026-08-21 17:57,CGW,65.07,🟢 Yükseliş Trendinde,⏳ BEKLE,-,-,⚠️ Yükseliş Trendinde Düzeltme (SSL Negatif),🟠 Daralıyor,⚪Fiyat Alt_Orta Bant Aralığında,EMA55 Destek: 65.00 (%0.1 altta) | EMA5 Direnç: 65.09 (%0.0 üstte),-,-,47.86,26.9,-0.9,,0.0,0.58,
2026-08-21 17:57,COPA,57.59,🟢 Yükseliş Trendinde,🟢 AL (Trend Onaylı),🟡 RİSKLİ AL (0 Üstü - Hacimsiz),-,🟢 EMA Yükselişte (SSL Ok Bekleniyor),⚪ Yelpaze Açık,🟡Fiyat Orta-Üst Bant Aralığında,EMA5 Destek: 54.99 (%4.5 altta),-,-,69.06,72.66,0.53,,0.0,25.28,
2026-08-21 17:57,COPX,93.04,🟢 Yükseliş Trendinde,🟢 AL (Trend Onaylı),🟡 RİSKLİ AL (0 Üstü - Hacimsiz),-,🟢 EMA Yükselişte (SSL Ok Bekleniyor),⚪ Yelpaze Açık,🟡Fiyat Orta-Üst Bant Aralığında,EMA5 Destek: 89.67 (%3.6 altta),-,91.20-93.89 (fiyat bandın içinde!),68.09,76.09,0.53,,0.0,21.97,
2026-08-21 17:57,EEM,67.05,🟢 Yükseliş Trendinde,⏳ BEKLE,-,-,🟢 EMA Yükselişte (SSL Ok Bekleniyor),🟡 Normal Genişlik,🟡Fiyat Orta-Üst Bant Aralığında,EMA5 Destek: 66.55 (%0.7 altta),52.58-53.31 (%20.5 altta),-,56.39,59.7,0.58,,0.0,9.83,
2026-08-21 17:57,EWZ,34.99,🔴 Düşüş Trendinde,🔥 GÜÇLÜ AL (Taze Kırılım),-,-,"📉 Düşüş Hazırlığı (50<100 Kesti, 150 Bekleniyor)",⚪ Yelpaze Açık,⚪Fiyat Alt_Orta Bant Aralığında,EMA21 Destek: 34.81 (%0.5 altta) | EMA55 Direnç: 35.33 (%0.9 üstte),-,36.15-36.84 (%3.3 üstte),50.79,48.83,-0.69,,0.0,1.73,
2026-08-21 17:57,GC=F,4640.9,🟢 Yükseliş Trendinde,🟢 AL (Trend Onaylı),-,🔴 ZİRVEDE,🔴 Ayı Piyasası (EMA 50 En Altta),⚪ Yelpaze Açık,🟡Fiyat Orta-Üst Bant Aralığında,EMA5 Destek: 4511.84 (%2.8 altta),-,4767.20-4879.70 (%2.7 üstte),74.3,99.55,0.9,,0.0,8.27,
2026-08-21 17:57,GLTR,208.51,🟢 Yükseliş Trendinde,🟢 AL (Trend Onaylı),-,-,🔴 Ayı Piyasası (EMA 50 En Altta),⚪ Yelpaze Açık,🟡Fiyat Orta-Üst Bant Aralığında,EMA5 Destek: 203.79 (%2.3 altta),-,248.82-257.80 (%19.3 üstte),67.75,95.26,0.85,,0.0,7.03,
2026-08-21 17:57,HG=F,6.56,🟢 Yükseliş Trendinde,⏳ BEKLE,-,-,⚠️ Yükseliş Trendinde Düzeltme (SSL Negatif),🟠 Daralıyor,🟡Fiyat Orta-Üst Bant Aralığında,EMA5 Destek: 6.53 (%0.5 altta),5.79-5.90 (%10.0 altta),-,55.51,12.64,-0.77,,0.0,12.03,
2026-08-21 17:57,IBB,214.69,🟢 Yükseliş Trendinde,🟢 AL (Trend Onaylı),-,🔴 ZİRVEDE,🟢 EMA Yükselişte (SSL Ok Bekleniyor),⚪ Yelpaze Açık,🟡Fiyat Orta-Üst Bant Aralığında,EMA5 Destek: 210.08 (%2.1 altta),163.90-167.80 (%21.8 altta),-,71.47,76.01,0.9,,0.0,22.8,
2026-08-21 17:57,ICLN,17.61,🔴 Düşüş Trendinde,🔴 SAT,-,-,🔴 Ayı Piyasası (EMA 50 En Altta),🚨 BB SIKIŞMA,⚪Fiyat Alt_Orta Bant Aralığında,EMA5 Direnç: 17.78 (%1.0 üstte),-,21.34-21.75 (%21.2 üstte),39.64,13.78,-0.74,,0.0,-0.94,
2026-08-21 17:57,INDA,49.71,🟢 Yükseliş Trendinde,⏳ BEKLE,-,-,🔴 Ayı Piyasası (EMA 50 En Altta),🚨 BB SIKIŞMA,⚪Fiyat Alt_Orta Bant Aralığında,EMA5 Destek: 49.64 (%0.1 altta) | EMA200 Direnç: 50.74 (%2.1 üstte),47.28-47.85 (%3.7 altta),54.75-55.02 (%10.1 üstte),52.54,19.1,-0.92,,0.0,0.75,
2026-08-21 17:57,IWM,298.72,🟢 Yükseliş Trendinde,🔴 SAT,-,-,⚠️ Yükseliş Trendinde Düzeltme (SSL Negatif),🟡 Normal Genişlik,🟡Fiyat Orta-Üst Bant Aralığında,EMA55 Destek: 294.24 (%1.5 altta) | EMA21 Direnç: 299.04 (%0.1 üstte),238.69-245.37 (%17.9 altta),-,50.72,22.35,-0.03,,0.0,9.71,
2026-08-21 17:57,KOID,36.74,🔴 Düşüş Trendinde,🔴 SAT,-,-,⚠️ Yükseliş Trendinde Düzeltme (SSL Negatif),⚪ Yelpaze Açık,⚪Fiyat Alt_Orta Bant Aralığında,EMA200 Destek: 35.55 (%3.2 altta) | EMA5 Direnç: 37.40 (%1.8 üstte),29.86-30.85 (%16.0 altta),42.40-42.86 (%15.4 üstte),41.58,1.58,-0.61,,0.0,3.35,
2026-08-21 17:57,MARS,26.23,🟢 Yükseliş Trendinde,🔴 SAT,-,-,-,-,🟡Fiyat Orta-Üst Bant Aralığında,EMA5 Direnç: 26.88 (%2.5 üstte),-,43.89-45.92 (%67.3 üstte),45.65,29.0,0.16,,0.0,999.0,
2026-08-21 17:57,NASA,24.47,🟢 Yükseliş Trendinde,🔴 SAT,-,-,-,-,🟡Fiyat Orta-Üst Bant Aralığında,EMA5 Direnç: 24.99 (%2.1 üstte),-,-,46.07,30.88,0.22,,0.0,999.0,
2026-08-21 17:57,PA=F,1337.0,🔴 Düşüş Trendinde,⏳ BEKLE,-,-,🔴 Ayı Piyasası (EMA 50 En Altta),🟠 Daralıyor,🟡Fiyat Orta-Üst Bant Aralığında,EMA5 Destek: 1331.91 (%0.4 altta) | EMA100 Direnç: 1362.36 (%1.9 üstte),-,1774.50-1842.00 (%32.7 üstte),53.54,45.4,-0.68,,0.0,1.19,
2026-08-21 17:57,PHO,71.92,🟢 Yükseliş Trendinde,⏳ BEKLE,-,-,⚠️ Yükseliş Trendinde Düzeltme (SSL Negatif),🟡 Normal Genişlik,🟡Fiyat Orta-Üst Bant Aralığında,EMA5 Destek: 71.82 (%0.1 altta),67.02-67.70 (%5.9 altta),72.60-73.56 (%1.0 üstte),55.37,31.98,-0.74,,0.0,3.42,
2026-08-21 17:57,PL=F,1900.6,🟢 Yükseliş Trendinde,🟢 AL (Trend Onaylı),-,-,🔴 Ayı Piyasası (EMA 50 En Altta),⚪ Yelpaze Açık,🚨Fiyat Bandın Üzerinde!,EMA5 Destek: 1824.58 (%4.0 altta),-,2357.40-2365.60 (%24.0 üstte),69.08,98.67,0.69,,1.18,9.23,
2026-08-21 17:57,QQQ,711.59,🟢 Yükseliş Trendinde,🔴 SAT,-,-,🟢 EMA Yükselişte (SSL Ok Bekleniyor),⚪ Yelpaze Açık,🟡Fiyat Orta-Üst Bant Aralığında,EMA55 Destek: 707.35 (%0.6 altta) | EMA21 Direnç: 714.03 (%0.3 üstte),555.60-568.05 (%20.2 altta),732.51-741.82 (%2.9 üstte),49.16,15.18,-0.22,,0.0,7.97,
2026-08-21 17:57,SI=F,69.11,🟢 Yükseliş Trendinde,🟢 AL (Trend Onaylı),📈 TREND DEVAMI (0 Üstü + Hacim),-,🔴 Ayı Piyasası (EMA 50 En Altta),⚪ Yelpaze Açık,🟡Fiyat Orta-Üst Bant Aralığında,EMA5 Destek: 67.06 (%3.0 altta),55.90-56.08 (%18.8 altta),86.93-88.89 (%25.8 üstte),67.07,94.2,0.88,,0.0,8.45,
2026-08-21 17:57,SMH,556.67,🔴 Düşüş Trendinde,🔴 SAT,-,-,🟢 EMA Yükselişte (SSL Ok Bekleniyor),🟠 Daralıyor,⚪Fiyat Alt_Orta Bant Aralığında,EMA100 Destek: 544.70 (%2.1 altta) | EMA5 Direnç: 565.79 (%1.6 üstte),359.86-379.24 (%31.9 altta),-,44.58,14.58,-0.27,,0.0,17.38,
2026-08-21 17:57,SOXX,515.36,🔴 Düşüş Trendinde,🔴 SAT,-,-,🟢 EMA Yükselişte (SSL Ok Bekleniyor),🟠 Daralıyor,⚪Fiyat Alt_Orta Bant Aralığında,EMA100 Destek: 507.20 (%1.6 altta) | EMA5 Direnç: 525.84 (%2.0 üstte),-,643.93-655.95 (%24.9 üstte),43.76,11.97,-0.31,,0.0,19.68,
2026-08-21 17:57,VNM,17.81,🟢 Yükseliş Trendinde,🔥 GÜÇLÜ AL (Taze Kırılım),🟢 POTANSİYEL DİP (0 Altı - Hacimsiz),-,🔴 Ayı Piyasası (EMA 50 En Altta),🟡 Normal Genişlik,🟡Fiyat Orta-Üst Bant Aralığında,EMA55 Destek: 17.62 (%1.0 altta) | EMA100 Direnç: 17.85 (%0.3 üstte),-,19.58-19.78 (%10.0 üstte),57.39,37.59,-0.42,,0.0,2.6,
2026-08-21 17:57,WQTM,33.22,🟢 Yükseliş Trendinde,🔴 SAT,-,-,🟢 EMA Yükselişte (SSL Ok Bekleniyor),⚪ Yelpaze Açık,🟡Fiyat Orta-Üst Bant Aralığında,EMA100 Destek: 33.00 (%0.7 altta) | EMA5 Direnç: 33.53 (%0.9 üstte),23.18-24.30 (%26.9 altta),35.05-35.83 (%5.5 üstte),47.54,14.61,-0.22,,0.0,9.39,
2026-08-21 17:57,XBI,166.64,🟢 Yükseliş Trendinde,⏳ BEKLE,-,-,🟢 EMA Yükselişte (SSL Ok Bekleniyor),⚪ Yelpaze Açık,🟡Fiyat Orta-Üst Bant Aralığında,EMA5 Destek: 163.99 (%1.6 altta),-,-,64.31,71.57,0.87,,0.0,25.31,
2026-08-21 17:57,XLV,175.32,🟢 Yükseliş Trendinde,🟢 AL (Trend Onaylı),🟡 RİSKLİ AL (0 Üstü - Hacimsiz),-,🟢 EMA Yükselişte (SSL Ok Bekleniyor),⚪ Yelpaze Açık,🚨Fiyat Bandın Üzerinde!,EMA5 Destek: 172.59 (%1.6 altta),145.31-147.27 (%16.0 altta),-,69.19,74.59,0.89,,0.28,13.69,
2026-08-21 17:57,XU100.IS,14490.91,🟢 Yükseliş Trendinde,🟢 AL (Trend Onaylı),-,-,🟢 EMA Yükselişte (SSL Ok Bekleniyor),⚪ Yelpaze Açık,🟡Fiyat Orta-Üst Bant Aralığında,EMA5 Destek: 14344.14 (%1.0 altta),-,-,64.08,96.92,0.94,,0.0,11.06,
2026-08-21 20:50,AIQ,63.41,🟢 Yükseliş Trendinde,🔴 SAT,-,-,🟢 EMA Yükselişte (SSL Ok Bekleniyor),⚪ Yelpaze Açık,🟡Fiyat Orta-Üst Bant Aralığında,EMA5 Destek: 63.27 (%0.2 altta),44.46-45.83 (%27.7 altta),-,55.01,40.66,0.27,,0.0,13.13,
2026-08-21 20:50,ALUM.L,4.35,🔴 Düşüş Trendinde,🔴 SAT,-,-,"📉 Düşüş Hazırlığı (50<100 Kesti, 150 Bekleniyor)",🟠 Daralıyor,🟡Fiyat Orta-Üst Bant Aralığında,EMA21 Destek: 4.35 (%0.1 altta) | EMA5 Direnç: 4.35 (%0.1 üstte),4.13-4.23 (%2.8 altta),-,50.57,7.8,-0.06,,0.0,4.17,
2026-08-21 20:50,BZ=F,94.62,🔴 Düşüş Trendinde,🟢 AL (Trend Onaylı),-,-,🟢 EMA Yükselişte (SSL Ok Bekleniyor),🚨 BB SIKIŞMA,🟡Fiyat Orta-Üst Bant Aralığında,EMA5 Destek: 92.45 (%2.3 altta),59.45-60.91 (%35.6 altta),106.87-112.69 (%12.9 üstte),61.52,100.0,0.95,,0.0,17.47,
2026-08-21 20:50,CCJ,101.36,🟢 Yükseliş Trendinde,⏳ BEKLE,-,-,🔴 Ayı Piyasası (EMA 50 En Altta),⚪ Yelpaze Açık,🟡Fiyat Orta-Üst Bant Aralığında,EMA100 Destek: 100.83 (%0.5 altta),-,-,60.53,73.27,0.62,,0.0,5.86,
2026-08-21 20:50,CGW,65.13,🟢 Yükseliş Trendinde,⏳ BEKLE,-,-,⚠️ Yükseliş Trendinde Düzeltme (SSL Negatif),🟠 Daralıyor,⚪Fiyat Alt_Orta Bant Aralığında,EMA5 Destek: 65.11 (%0.0 altta) | EMA21 Direnç: 65.35 (%0.3 üstte),-,-,48.4,27.77,-0.9,,0.0,0.67,
2026-08-21 20:50,COPA,57.59,🟢 Yükseliş Trendinde,🟢 AL (Trend Onaylı),🟡 RİSKLİ AL (0 Üstü - Hacimsiz),-,🟢 EMA Yükselişte (SSL Ok Bekleniyor),⚪ Yelpaze Açık,🟡Fiyat Orta-Üst Bant Aralığında,EMA5 Destek: 54.99 (%4.5 altta),-,-,69.06,72.66,0.53,,0.0,25.28,
2026-08-21 20:50,COPX,94.16,🟢 Yükseliş Trendinde,🟢 AL (Trend Onaylı),📈 TREND DEVAMI (0 Üstü + Hacim),-,🟢 EMA Yükselişte (SSL Ok Bekleniyor),⚪ Yelpaze Açık,🟡Fiyat Orta-Üst Bant Aralığında,EMA5 Destek: 90.04 (%4.4 altta),-,-,69.43,76.09,0.54,,0.0,23.42,
2026-08-21 20:50,EEM,67.17,🟢 Yükseliş Trendinde,⏳ BEKLE,-,-,🟢 EMA Yükselişte (SSL Ok Bekleniyor),🟡 Normal Genişlik,🟡Fiyat Orta-Üst Bant Aralığında,EMA5 Destek: 66.59 (%0.9 altta),52.58-53.31 (%20.6 altta),-,56.84,61.22,0.59,,0.0,10.02,
2026-08-21 20:50,EWZ,35.04,🔴 Düşüş Trendinde,🔥 GÜÇLÜ AL (Taze Kırılım),-,-,"📉 Düşüş Hazırlığı (50<100 Kesti, 150 Bekleniyor)",⚪ Yelpaze Açık,⚪Fiyat Alt_Orta Bant Aralığında,EMA21 Destek: 34.81 (%0.7 altta) | EMA55 Direnç: 35.33 (%0.8 üstte),-,36.15-36.84 (%3.2 üstte),51.21,49.55,-0.68,,0.0,1.82,
2026-08-21 20:50,GC=F,4681.3,🟢 Yükseliş Trendinde,🟢 AL (Trend Onaylı),-,🔴 ZİRVEDE,🔴 Ayı Piyasası (EMA 50 En Altta),⚪ Yelpaze Açık,🚨Fiyat Bandın Üzerinde!,EMA5 Destek: 4525.30 (%3.3 altta),-,4767.20-4879.70 (%1.8 üstte),75.59,99.55,0.89,,0.64,9.18,
2026-08-21 20:50,GLTR,209.89,🟢 Yükseliş Trendinde,🟢 AL (Trend Onaylı),-,-,🔴 Ayı Piyasası (EMA 50 En Altta),⚪ Yelpaze Açık,🟡Fiyat Orta-Üst Bant Aralığında,EMA5 Destek: 204.25 (%2.7 altta),-,248.82-257.80 (%18.5 üstte),68.73,95.26,0.85,,0.0,7.71,
2026-08-21 20:50,HG=F,6.59,🟢 Yükseliş Trendinde,⏳ BEKLE,-,-,⚠️ Yükseliş Trendinde Düzeltme (SSL Negatif),🟠 Daralıyor,🟡Fiyat Orta-Üst Bant Aralığında,EMA5 Destek: 6.54 (%0.8 altta),5.79-5.90 (%10.4 altta),-,57.09,15.51,-0.73,,0.0,12.51,
2026-08-21 20:50,IBB,214.26,🟢 Yükseliş Trendinde,🟢 AL (Trend Onaylı),-,🔴 ZİRVEDE,🟢 EMA Yükselişte (SSL Ok Bekleniyor),⚪ Yelpaze Açık,🟡Fiyat Orta-Üst Bant Aralığında,EMA5 Destek: 209.93 (%2.0 altta),163.90-167.80 (%21.7 altta),-,71.18,75.62,0.9,,0.0,22.56,
2026-08-21 20:50,ICLN,17.61,🔴 Düşüş Trendinde,🔴 SAT,-,-,🔴 Ayı Piyasası (EMA 50 En Altta),🚨 BB SIKIŞMA,⚪Fiyat Alt_Orta Bant Aralığında,EMA5 Direnç: 17.78 (%1.0 üstte),-,21.34-21.75 (%21.2 üstte),39.64,13.78,-0.74,,0.0,-0.94,
2026-08-21 20:50,INDA,49.67,🟢 Yükseliş Trendinde,⏳ BEKLE,-,-,🔴 Ayı Piyasası (EMA 50 En Altta),🚨 BB SIKIŞMA,⚪Fiyat Alt_Orta Bant Aralığında,EMA5 Destek: 49.63 (%0.1 altta) | EMA200 Direnç: 50.74 (%2.2 üstte),47.28-47.85 (%3.7 altta),54.75-55.02 (%10.2 üstte),51.95,17.93,-0.92,,0.0,0.67,
2026-08-21 20:50,IWM,299.82,🟢 Yükseliş Trendinde,🔴 SAT,-,-,⚠️ Yükseliş Trendinde Düzeltme (SSL Negatif),🟡 Normal Genişlik,🟡Fiyat Orta-Üst Bant Aralığında,EMA21 Destek: 299.14 (%0.2 altta) | EMA5 Direnç: 300.34 (%0.2 üstte),238.69-245.37 (%18.2 altta),-,52.4,26.23,0.03,,0.0,10.11,
2026-08-21 20:50,KOID,36.85,🔴 Düşüş Trendinde,🔴 SAT,-,-,⚠️ Yükseliş Trendinde Düzeltme (SSL Negatif),⚪ Yelpaze Açık,⚪Fiyat Alt_Orta Bant Aralığında,EMA200 Destek: 35.55 (%3.5 altta) | EMA5 Direnç: 37.44 (%1.6 üstte),29.86-30.85 (%16.3 altta),42.40-42.86 (%15.1 üstte),42.3,2.99,-0.61,,0.0,3.65,
2026-08-21 20:50,MARS,26.72,🟢 Yükseliş Trendinde,🔴 SAT,-,-,-,-,🟡Fiyat Orta-Üst Bant Aralığında,EMA21 Direnç: 26.93 (%0.8 üstte),-,43.89-45.92 (%64.3 üstte),48.21,34.91,0.22,,0.0,999.0,
2026-08-21 20:50,NASA,24.77,🟢 Yükseliş Trendinde,🔴 SAT,-,-,-,-,🟡Fiyat Orta-Üst Bant Aralığında,EMA21 Direnç: 25.03 (%1.0 üstte),-,-,47.74,35.09,0.26,,0.0,999.0,
2026-08-21 20:50,PA=F,1349.5,🔴 Düşüş Trendinde,🔥 GÜÇLÜ AL (Taze Kırılım),🚀 KUSURSUZ DÖNÜŞ (0 Altı + Hacim),-,🔴 Ayı Piyasası (EMA 50 En Altta),🟠 Daralıyor,🟡Fiyat Orta-Üst Bant Aralığında,EMA5 Destek: 1336.07 (%1.0 altta) | EMA100 Direnç: 1362.61 (%1.0 üstte),-,1774.50-1842.00 (%31.5 üstte),55.33,49.54,-0.63,,0.0,2.05,
2026-08-21 20:50,PHO,72.16,🟢 Yükseliş Trendinde,⏳ BEKLE,-,-,⚠️ Yükseliş Trendinde Düzeltme (SSL Negatif),🟡 Normal Genişlik,🟡Fiyat Orta-Üst Bant Aralığında,EMA5 Destek: 71.90 (%0.4 altta),67.02-67.70 (%6.2 altta),72.60-73.56 (%0.6 üstte),56.58,34.25,-0.7,,0.0,3.76,
2026-08-21 20:50,PL=F,1890.9,🟢 Yükseliş Trendinde,🟢 AL (Trend Onaylı),-,-,🔴 Ayı Piyasası (EMA 50 En Altta),⚪ Yelpaze Açık,🚨Fiyat Bandın Üzerinde!,EMA5 Destek: 1821.35 (%3.7 altta),-,2357.40-2365.60 (%24.7 üstte),68.44,98.67,0.7,,0.81,8.7,
2026-08-21 20:50,QQQ,713.38,🟢 Yükseliş Trendinde,🔴 SAT,-,-,🟢 EMA Yükselişte (SSL Ok Bekleniyor),⚪ Yelpaze Açık,🟡Fiyat Orta-Üst Bant Aralığında,EMA55 Destek: 707.41 (%0.8 altta) | EMA21 Direnç: 714.20 (%0.1 üstte),555.60-568.05 (%20.4 altta),732.51-741.82 (%2.7 üstte),50.12,17.99,-0.19,,0.0,8.24,
2026-08-21 20:50,SI=F,69.67,🟢 Yükseliş Trendinde,🟢 AL (Trend Onaylı),📈 TREND DEVAMI (0 Üstü + Hacim),-,🔴 Ayı Piyasası (EMA 50 En Altta),⚪ Yelpaze Açık,🟡Fiyat Orta-Üst Bant Aralığında,EMA5 Destek: 67.25 (%3.5 altta),55.90-56.08 (%19.5 altta),86.93-88.89 (%24.8 üstte),68.05,94.2,0.88,,0.0,9.24,
2026-08-21 20:50,SMH,560.82,🔴 Düşüş Trendinde,🔴 SAT,-,-,🟢 EMA Yükselişte (SSL Ok Bekleniyor),🟠 Daralıyor,⚪Fiyat Alt_Orta Bant Aralığında,EMA100 Destek: 544.79 (%2.9 altta) | EMA5 Direnç: 567.18 (%1.1 üstte),359.86-379.24 (%32.4 altta),-,45.78,14.65,-0.24,,0.0,18.24,
2026-08-21 20:50,SOXX,519.78,🔴 Düşüş Trendinde,🔴 SAT,-,-,🟢 EMA Yükselişte (SSL Ok Bekleniyor),🟠 Daralıyor,⚪Fiyat Alt_Orta Bant Aralığında,EMA100 Destek: 507.29 (%2.4 altta) | EMA5 Direnç: 527.32 (%1.4 üstte),-,643.93-655.95 (%23.9 üstte),44.87,12.37,-0.28,,0.0,20.69,
2026-08-21 20:50,VNM,17.9,🟢 Yükseliş Trendinde,🔥 GÜÇLÜ AL (Taze Kırılım),🟢 POTANSİYEL DİP (0 Altı - Hacimsiz),-,🔴 Ayı Piyasası (EMA 50 En Altta),🟡 Normal Genişlik,🟡Fiyat Orta-Üst Bant Aralığında,EMA100 Destek: 17.85 (%0.2 altta) | EMA200 Direnç: 18.01 (%0.6 üstte),-,19.58-19.78 (%9.4 üstte),58.62,37.59,-0.36,,0.0,3.07,
2026-08-21 20:50,WQTM,33.53,🟢 Yükseliş Trendinde,🔴 SAT,-,-,🟢 EMA Yükselişte (SSL Ok Bekleniyor),⚪ Yelpaze Açık,🟡Fiyat Orta-Üst Bant Aralığında,EMA100 Destek: 33.00 (%1.6 altta) | EMA5 Direnç: 33.63 (%0.3 üstte),23.18-24.30 (%27.5 altta),35.05-35.83 (%4.5 üstte),49.19,18.58,-0.19,,0.0,10.4,
2026-08-21 20:50,XBI,166.17,🟢 Yükseliş Trendinde,⏳ BEKLE,-,-,🟢 EMA Yükselişte (SSL Ok Bekleniyor),⚪ Yelpaze Açık,🟡Fiyat Orta-Üst Bant Aralığında,EMA5 Destek: 163.84 (%1.4 altta),-,-,63.86,70.85,0.87,,0.0,24.97,
2026-08-21 20:50,XLV,174.75,🟢 Yükseliş Trendinde,🟢 AL (Trend Onaylı),-,-,🟢 EMA Yükselişte (SSL Ok Bekleniyor),⚪ Yelpaze Açık,🚨Fiyat Bandın Üzerinde!,EMA5 Destek: 172.40 (%1.3 altta),145.31-147.27 (%15.7 altta),-,68.49,73.51,0.89,,0.04,13.33,
2026-08-21 20:50,XU100.IS,14514.82,🟢 Yükseliş Trendinde,🟢 AL (Trend Onaylı),-,-,🟢 EMA Yükselişte (SSL Ok Bekleniyor),⚪ Yelpaze Açık,🟡Fiyat Orta-Üst Bant Aralığında,EMA5 Destek: 14352.11 (%1.1 altta),-,-,64.58,97.27,0.94,,0.0,11.24,
2026-08-22 20:41,AIQ,63.43,🟢 Yükseliş Trendinde,🔴 SAT,-,-,🟢 EMA Yükselişte (SSL Ok Bekleniyor),⚪ Yelpaze Açık,🟡Fiyat Orta-Üst Bant Aralığında,EMA5 Destek: 63.27 (%0.2 altta),44.46-45.83 (%27.7 altta),-,55.09,40.94,0.27,,0.0,13.18,
2026-08-22 20:41,ALUM.L,4.31,🔴 Düşüş Trendinde,🔴 SAT,-,-,"📉 Düşüş Hazırlığı (50<100 Kesti, 150 Bekleniyor)",🟠 Daralıyor,⚪Fiyat Alt_Orta Bant Aralığında,EMA200 Destek: 4.18 (%3.1 altta) | EMA5 Direnç: 4.34 (%0.7 üstte),4.13-4.23 (%1.8 altta),-,46.44,2.54,-0.14,,0.0,3.19,
2026-08-22 20:41,BZ=F,94.39,🔴 Düşüş Trendinde,🟢 AL (Trend Onaylı),-,-,🟢 EMA Yükselişte (SSL Ok Bekleniyor),🚨 BB SIKIŞMA,🟡Fiyat Orta-Üst Bant Aralığında,EMA5 Destek: 92.38 (%2.1 altta),59.45-60.91 (%35.5 altta),106.87-112.69 (%13.2 üstte),61.22,100.0,0.95,,0.0,17.2,
2026-08-22 20:41,CCJ,102.51,🟢 Yükseliş Trendinde,⏳ BEKLE,-,-,🔴 Ayı Piyasası (EMA 50 En Altta),⚪ Yelpaze Açık,🟡Fiyat Orta-Üst Bant Aralığında,EMA100 Destek: 100.85 (%1.6 altta),-,-,62.03,73.27,0.63,,0.0,6.94,
2026-08-22 20:41,CGW,65.1,🟢 Yükseliş Trendinde,⏳ BEKLE,-,-,⚠️ Yükseliş Trendinde Düzeltme (SSL Negatif),🟠 Daralıyor,⚪Fiyat Alt_Orta Bant Aralığında,EMA55 Destek: 65.00 (%0.2 altta) | EMA5 Direnç: 65.10 (%0.0 üstte),-,-,48.17,27.4,-0.9,,0.0,0.62,
2026-08-22 20:41,COPA,57.51,🟢 Yükseliş Trendinde,🟢 AL (Trend Onaylı),📈 TREND DEVAMI (0 Üstü + Hacim),-,🟢 EMA Yükselişte (SSL Ok Bekleniyor),⚪ Yelpaze Açık,🟡Fiyat Orta-Üst Bant Aralığında,EMA5 Destek: 54.96 (%4.4 altta),-,-,68.91,72.66,0.53,,0.0,25.05,
2026-08-22 20:41,COPX,94.59,🟢 Yükseliş Trendinde,🟢 AL (Trend Onaylı),📈 TREND DEVAMI (0 Üstü + Hacim),-,🟢 EMA Yükselişte (SSL Ok Bekleniyor),⚪ Yelpaze Açık,🟡Fiyat Orta-Üst Bant Aralığında,EMA5 Destek: 90.19 (%4.7 altta),-,-,69.91,76.09,0.54,,0.0,23.88,
2026-08-22 20:41,EEM,67.12,🟢 Yükseliş Trendinde,⏳ BEKLE,-,-,🟢 EMA Yükselişte (SSL Ok Bekleniyor),🟡 Normal Genişlik,🟡Fiyat Orta-Üst Bant Aralığında,EMA5 Destek: 66.58 (%0.8 altta),52.58-53.31 (%20.6 altta),-,56.67,60.63,0.59,,0.0,9.94,
2026-08-22 20:41,EWZ,35.06,🔴 Düşüş Trendinde,🔥 GÜÇLÜ AL (Taze Kırılım),-,-,"📉 Düşüş Hazırlığı (50<100 Kesti, 150 Bekleniyor)",⚪ Yelpaze Açık,⚪Fiyat Alt_Orta Bant Aralığında,EMA21 Destek: 34.81 (%0.7 altta) | EMA55 Direnç: 35.33 (%0.8 üstte),-,36.15-36.84 (%3.1 üstte),51.4,49.87,-0.68,,0.0,1.86,
2026-08-22 20:41,GC=F,4624.1,🟢 Yükseliş Trendinde,🟢 AL (Trend Onaylı),-,🔴 ZİRVEDE,🔴 Ayı Piyasası (EMA 50 En Altta),⚪ Yelpaze Açık,🟡Fiyat Orta-Üst Bant Aralığında,EMA5 Destek: 4506.24 (%2.5 altta),-,4767.20-4879.70 (%3.1 üstte),73.71,99.55,0.9,,0.0,7.89,
2026-08-22 20:41,GLTR,209.62,🟢 Yükseliş Trendinde,🟢 AL (Trend Onaylı),-,-,🔴 Ayı Piyasası (EMA 50 En Altta),⚪ Yelpaze Açık,🟡Fiyat Orta-Üst Bant Aralığında,EMA5 Destek: 204.16 (%2.6 altta),-,248.82-257.80 (%18.7 üstte),68.54,95.26,0.85,,0.0,7.58,
2026-08-22 20:41,HG=F,6.58,🟢 Yükseliş Trendinde,⏳ BEKLE,-,-,⚠️ Yükseliş Trendinde Düzeltme (SSL Negatif),🟠 Daralıyor,🟡Fiyat Orta-Üst Bant Aralığında,EMA5 Destek: 6.53 (%0.7 altta),5.79-5.90 (%10.3 altta),-,56.74,14.86,-0.74,,0.0,12.38,
2026-08-22 20:41,IBB,213.56,🟢 Yükseliş Trendinde,🟢 AL (Trend Onaylı),-,🔴 ZİRVEDE,🟢 EMA Yükselişte (SSL Ok Bekleniyor),⚪ Yelpaze Açık,🟡Fiyat Orta-Üst Bant Aralığında,EMA5 Destek: 209.70 (%1.8 altta),163.90-167.80 (%21.4 altta),-,70.7,74.97,0.9,,0.0,22.12,
2026-08-22 20:41,ICLN,17.59,🔴 Düşüş Trendinde,🔴 SAT,-,-,🔴 Ayı Piyasası (EMA 50 En Altta),🚨 BB SIKIŞMA,⚪Fiyat Alt_Orta Bant Aralığında,EMA5 Direnç: 17.77 (%1.0 üstte),-,21.34-21.75 (%21.3 üstte),39.41,13.78,-0.74,,0.0,-1.02,
2026-08-22 20:41,INDA,49.64,🟢 Yükseliş Trendinde,⏳ BEKLE,-,-,🔴 Ayı Piyasası (EMA 50 En Altta),🚨 BB SIKIŞMA,⚪Fiyat Alt_Orta Bant Aralığında,EMA5 Destek: 49.62 (%0.0 altta) | EMA200 Direnç: 50.74 (%2.2 üstte),47.28-47.85 (%3.6 altta),54.75-55.02 (%10.3 üstte),51.58,17.19,-0.93,,0.0,0.62,
2026-08-22 20:41,IWM,299.96,🟢 Yükseliş Trendinde,🔴 SAT,-,-,⚠️ Yükseliş Trendinde Düzeltme (SSL Negatif),🟡 Normal Genişlik,🟡Fiyat Orta-Üst Bant Aralığında,EMA21 Destek: 299.16 (%0.3 altta) | EMA5 Direnç: 300.39 (%0.1 üstte),238.69-245.37 (%18.2 altta),-,52.6,26.71,0.04,,0.0,10.16,
2026-08-22 20:41,KOID,36.89,🔴 Düşüş Trendinde,🔴 SAT,-,-,⚠️ Yükseliş Trendinde Düzeltme (SSL Negatif),⚪ Yelpaze Açık,⚪Fiyat Alt_Orta Bant Aralığında,EMA200 Destek: 35.54 (%3.7 altta) | EMA5 Direnç: 37.45 (%1.5 üstte),29.86-30.85 (%16.4 altta),42.40-42.86 (%14.9 üstte),42.56,3.5,-0.6,,0.0,3.79,
2026-08-22 20:41,MARS,26.44,🟢 Yükseliş Trendinde,🔴 SAT,-,-,-,-,🟡Fiyat Orta-Üst Bant Aralığında,EMA21 Direnç: 26.90 (%1.8 üstte),-,43.89-45.92 (%66.0 üstte),46.77,31.6,0.19,,0.0,999.0,
2026-08-22 20:41,NASA,24.64,🟢 Yükseliş Trendinde,🔴 SAT,-,-,-,-,🟡Fiyat Orta-Üst Bant Aralığında,EMA21 Direnç: 25.02 (%1.5 üstte),-,-,47.01,33.27,0.25,,0.0,999.0,
2026-08-22 20:41,PA=F,1348.5,🔴 Düşüş Trendinde,🔥 GÜÇLÜ AL (Taze Kırılım),🟢 POTANSİYEL DİP (0 Altı - Hacimsiz),-,🔴 Ayı Piyasası (EMA 50 En Altta),🟠 Daralıyor,🟡Fiyat Orta-Üst Bant Aralığında,EMA5 Destek: 1335.74 (%0.9 altta) | EMA100 Direnç: 1362.53 (%1.0 üstte),-,1774.50-1842.00 (%31.6 üstte),55.2,49.22,-0.63,,0.0,1.98,
2026-08-22 20:41,PHO,72.19,🟢 Yükseliş Trendinde,⏳ BEKLE,-,-,⚠️ Yükseliş Trendinde Düzeltme (SSL Negatif),🟡 Normal Genişlik,🟡Fiyat Orta-Üst Bant Aralığında,EMA5 Destek: 71.91 (%0.4 altta),67.02-67.70 (%6.2 altta),72.60-73.56 (%0.6 üstte),56.73,34.51,-0.7,,0.0,3.8,
2026-08-22 20:41,PL=F,1887.3,🟢 Yükseliş Trendinde,🟢 AL (Trend Onaylı),-,-,🔴 Ayı Piyasası (EMA 50 En Altta),⚪ Yelpaze Açık,🚨Fiyat Bandın Üzerinde!,EMA5 Destek: 1820.15 (%3.6 altta),-,2357.40-2365.60 (%24.9 üstte),68.2,98.67,0.7,,0.67,8.5,
2026-08-22 20:41,QQQ,713.44,🟢 Yükseliş Trendinde,🔴 SAT,-,-,🟢 EMA Yükselişte (SSL Ok Bekleniyor),⚪ Yelpaze Açık,🟡Fiyat Orta-Üst Bant Aralığında,EMA55 Destek: 707.41 (%0.8 altta) | EMA21 Direnç: 714.20 (%0.1 üstte),555.60-568.05 (%20.4 altta),732.51-741.82 (%2.7 üstte),50.15,18.08,-0.19,,0.0,8.26,
2026-08-22 20:41,SI=F,69.47,🟢 Yükseliş Trendinde,🟢 AL (Trend Onaylı),🟡 RİSKLİ AL (0 Üstü - Hacimsiz),-,🔴 Ayı Piyasası (EMA 50 En Altta),⚪ Yelpaze Açık,🟡Fiyat Orta-Üst Bant Aralığında,EMA5 Destek: 67.18 (%3.3 altta),55.90-56.08 (%19.3 altta),86.93-88.89 (%25.1 üstte),67.7,94.2,0.88,,0.0,8.95,
2026-08-22 20:41,SMH,560.42,🔴 Düşüş Trendinde,🔴 SAT,-,-,🟢 EMA Yükselişte (SSL Ok Bekleniyor),🟠 Daralıyor,⚪Fiyat Alt_Orta Bant Aralığında,EMA100 Destek: 544.78 (%2.8 altta) | EMA5 Direnç: 567.04 (%1.2 üstte),359.86-379.24 (%32.3 altta),-,45.66,14.58,-0.24,,0.0,18.22,
2026-08-22 20:41,SOXX,520.05,🔴 Düşüş Trendinde,🔴 SAT,-,-,🟢 EMA Yükselişte (SSL Ok Bekleniyor),🟠 Daralıyor,⚪Fiyat Alt_Orta Bant Aralığında,EMA100 Destek: 507.29 (%2.5 altta) | EMA5 Direnç: 527.41 (%1.4 üstte),-,643.93-655.95 (%23.8 üstte),44.94,12.59,-0.28,,0.0,20.85,
2026-08-22 20:41,VNM,17.87,🟢 Yükseliş Trendinde,🔥 GÜÇLÜ AL (Taze Kırılım),🟢 POTANSİYEL DİP (0 Altı - Hacimsiz),-,🔴 Ayı Piyasası (EMA 50 En Altta),🟡 Normal Genişlik,🟡Fiyat Orta-Üst Bant Aralığında,EMA100 Destek: 17.85 (%0.1 altta) | EMA200 Direnç: 18.01 (%0.8 üstte),-,19.58-19.78 (%9.6 üstte),58.29,37.59,-0.38,,0.0,2.94,
2026-08-22 20:41,WQTM,33.65,🟢 Yükseliş Trendinde,🔴 SAT,-,-,🟢 EMA Yükselişte (SSL Ok Bekleniyor),⚪ Yelpaze Açık,🟡Fiyat Orta-Üst Bant Aralığında,EMA100 Destek: 33.00 (%1.9 altta) | EMA21 Direnç: 33.67 (%0.1 üstte),23.18-24.30 (%27.8 altta),35.05-35.83 (%4.2 üstte),49.8,20.06,-0.17,,0.0,10.79,
2026-08-22 20:41,XBI,165.73,🟢 Yükseliş Trendinde,⏳ BEKLE,-,-,🟢 EMA Yükselişte (SSL Ok Bekleniyor),⚪ Yelpaze Açık,🟡Fiyat Orta-Üst Bant Aralığında,EMA5 Destek: 163.69 (%1.2 altta),-,-,63.42,70.16,0.87,,0.0,24.59,
2026-08-22 20:41,XLV,174.62,🟢 Yükseliş Trendinde,🟢 AL (Trend Onaylı),-,-,🟢 EMA Yükselişte (SSL Ok Bekleniyor),⚪ Yelpaze Açık,🟡Fiyat Orta-Üst Bant Aralığında,EMA5 Destek: 172.36 (%1.3 altta),145.31-147.27 (%15.7 altta),-,68.33,73.25,0.89,,0.0,13.23,
2026-08-22 20:41,XU100.IS,14514.8,🟢 Yükseliş Trendinde,🟢 AL (Trend Onaylı),-,-,🟢 EMA Yükselişte (SSL Ok Bekleniyor),⚪ Yelpaze Açık,🟡Fiyat Orta-Üst Bant Aralığında,EMA5 Destek: 14352.10 (%1.1 altta),-,-,64.58,97.27,0.94,,0.0,11.24,
2026-08-22 21:03,AIQ,63.43,🟢 Yükseliş Trendinde,🔴 SAT,-,-,🟢 EMA Yükselişte (SSL Ok Bekleniyor),⚪ Yelpaze Açık,🟡Fiyat Orta-Üst Bant Aralığında,EMA5 Destek: 63.27 (%0.2 altta),44.46-45.83 (%27.7 altta),-,55.09,40.94,0.27,,0.0,13.18,
2026-08-22 21:03,ALUM.L,4.31,🔴 Düşüş Trendinde,🔴 SAT,-,-,"📉 Düşüş Hazırlığı (50<100 Kesti, 150 Bekleniyor)",🟠 Daralıyor,⚪Fiyat Alt_Orta Bant Aralığında,EMA200 Destek: 4.18 (%3.1 altta) | EMA5 Direnç: 4.34 (%0.7 üstte),4.13-4.23 (%1.8 altta),-,46.44,2.54,-0.14,,0.0,3.19,
2026-08-22 21:03,BZ=F,94.39,🔴 Düşüş Trendinde,🟢 AL (Trend Onaylı),-,-,🟢 EMA Yükselişte (SSL Ok Bekleniyor),🚨 BB SIKIŞMA,🟡Fiyat Orta-Üst Bant Aralığında,EMA5 Destek: 92.38 (%2.1 altta),59.45-60.91 (%35.5 altta),106.87-112.69 (%13.2 üstte),61.22,100.0,0.95,,0.0,17.2,
2026-08-22 21:03,CCJ,102.51,🟢 Yükseliş Trendinde,⏳ BEKLE,-,-,🔴 Ayı Piyasası (EMA 50 En Altta),⚪ Yelpaze Açık,🟡Fiyat Orta-Üst Bant Aralığında,EMA100 Destek: 100.85 (%1.6 altta),-,-,62.03,73.27,0.63,,0.0,6.94,
2026-08-22 21:03,CGW,65.1,🟢 Yükseliş Trendinde,⏳ BEKLE,-,-,⚠️ Yükseliş Trendinde Düzeltme (SSL Negatif),🟠 Daralıyor,⚪Fiyat Alt_Orta Bant Aralığında,EMA55 Destek: 65.00 (%0.2 altta) | EMA5 Direnç: 65.10 (%0.0 üstte),-,-,48.17,27.4,-0.9,,0.0,0.62,
2026-08-22 21:03,COPA,57.51,🟢 Yükseliş Trendinde,🟢 AL (Trend Onaylı),📈 TREND DEVAMI (0 Üstü + Hacim),-,🟢 EMA Yükselişte (SSL Ok Bekleniyor),⚪ Yelpaze Açık,🟡Fiyat Orta-Üst Bant Aralığında,EMA5 Destek: 54.96 (%4.4 altta),-,-,68.91,72.66,0.53,,0.0,25.05,
2026-08-22 21:03,COPX,94.59,🟢 Yükseliş Trendinde,🟢 AL (Trend Onaylı),📈 TREND DEVAMI (0 Üstü + Hacim),-,🟢 EMA Yükselişte (SSL Ok Bekleniyor),⚪ Yelpaze Açık,🟡Fiyat Orta-Üst Bant Aralığında,EMA5 Destek: 90.19 (%4.7 altta),-,-,69.91,76.09,0.54,,0.0,23.88,
2026-08-22 21:03,EEM,67.12,🟢 Yükseliş Trendinde,⏳ BEKLE,-,-,🟢 EMA Yükselişte (SSL Ok Bekleniyor),🟡 Normal Genişlik,🟡Fiyat Orta-Üst Bant Aralığında,EMA5 Destek: 66.58 (%0.8 altta),52.58-53.31 (%20.6 altta),-,56.67,60.63,0.59,,0.0,9.94,
2026-08-22 21:03,EWZ,35.06,🔴 Düşüş Trendinde,🔥 GÜÇLÜ AL (Taze Kırılım),-,-,"📉 Düşüş Hazırlığı (50<100 Kesti, 150 Bekleniyor)",⚪ Yelpaze Açık,⚪Fiyat Alt_Orta Bant Aralığında,EMA21 Destek: 34.81 (%0.7 altta) | EMA55 Direnç: 35.33 (%0.8 üstte),-,36.15-36.84 (%3.1 üstte),51.4,49.87,-0.68,,0.0,1.86,
2026-08-22 21:03,GC=F,4624.1,🟢 Yükseliş Trendinde,🟢 AL (Trend Onaylı),-,🔴 ZİRVEDE,🔴 Ayı Piyasası (EMA 50 En Altta),⚪ Yelpaze Açık,🟡Fiyat Orta-Üst Bant Aralığında,EMA5 Destek: 4506.24 (%2.5 altta),-,4767.20-4879.70 (%3.1 üstte),73.71,99.55,0.9,,0.0,7.89,
2026-08-22 21:03,GLTR,209.62,🟢 Yükseliş Trendinde,🟢 AL (Trend Onaylı),-,-,🔴 Ayı Piyasası (EMA 50 En Altta),⚪ Yelpaze Açık,🟡Fiyat Orta-Üst Bant Aralığında,EMA5 Destek: 204.16 (%2.6 altta),-,248.82-257.80 (%18.7 üstte),68.54,95.26,0.85,,0.0,7.58,
2026-08-22 21:03,HG=F,6.58,🟢 Yükseliş Trendinde,⏳ BEKLE,-,-,⚠️ Yükseliş Trendinde Düzeltme (SSL Negatif),🟠 Daralıyor,🟡Fiyat Orta-Üst Bant Aralığında,EMA5 Destek: 6.53 (%0.7 altta),5.79-5.90 (%10.3 altta),-,56.74,14.86,-0.74,,0.0,12.38,
2026-08-22 21:03,IBB,213.56,🟢 Yükseliş Trendinde,🟢 AL (Trend Onaylı),-,🔴 ZİRVEDE,🟢 EMA Yükselişte (SSL Ok Bekleniyor),⚪ Yelpaze Açık,🟡Fiyat Orta-Üst Bant Aralığında,EMA5 Destek: 209.70 (%1.8 altta),163.90-167.80 (%21.4 altta),-,70.7,74.97,0.9,,0.0,22.12,
2026-08-22 21:03,ICLN,17.59,🔴 Düşüş Trendinde,🔴 SAT,-,-,🔴 Ayı Piyasası (EMA 50 En Altta),🚨 BB SIKIŞMA,⚪Fiyat Alt_Orta Bant Aralığında,EMA5 Direnç: 17.77 (%1.0 üstte),-,21.34-21.75 (%21.3 üstte),39.41,13.78,-0.74,,0.0,-1.02,
2026-08-22 21:03,INDA,49.64,🟢 Yükseliş Trendinde,⏳ BEKLE,-,-,🔴 Ayı Piyasası (EMA 50 En Altta),🚨 BB SIKIŞMA,⚪Fiyat Alt_Orta Bant Aralığında,EMA5 Destek: 49.62 (%0.0 altta) | EMA200 Direnç: 50.74 (%2.2 üstte),47.28-47.85 (%3.6 altta),54.75-55.02 (%10.3 üstte),51.58,17.19,-0.93,,0.0,0.62,
2026-08-22 21:03,IWM,299.96,🟢 Yükseliş Trendinde,🔴 SAT,-,-,⚠️ Yükseliş Trendinde Düzeltme (SSL Negatif),🟡 Normal Genişlik,🟡Fiyat Orta-Üst Bant Aralığında,EMA21 Destek: 299.16 (%0.3 altta) | EMA5 Direnç: 300.39 (%0.1 üstte),238.69-245.37 (%18.2 altta),-,52.6,26.71,0.04,,0.0,10.16,
2026-08-22 21:03,KOID,36.89,🔴 Düşüş Trendinde,🔴 SAT,-,-,⚠️ Yükseliş Trendinde Düzeltme (SSL Negatif),⚪ Yelpaze Açık,⚪Fiyat Alt_Orta Bant Aralığında,EMA200 Destek: 35.54 (%3.7 altta) | EMA5 Direnç: 37.45 (%1.5 üstte),29.86-30.85 (%16.4 altta),42.40-42.86 (%14.9 üstte),42.56,3.5,-0.6,,0.0,3.79,
2026-08-22 21:03,MARS,26.44,🟢 Yükseliş Trendinde,🔴 SAT,-,-,-,-,🟡Fiyat Orta-Üst Bant Aralığında,EMA21 Direnç: 26.90 (%1.8 üstte),-,43.89-45.92 (%66.0 üstte),46.77,31.6,0.19,,0.0,999,
2026-08-22 21:03,NASA,24.64,🟢 Yükseliş Trendinde,🔴 SAT,-,-,-,-,🟡Fiyat Orta-Üst Bant Aralığında,EMA21 Direnç: 25.02 (%1.5 üstte),-,-,47.01,33.27,0.25,,0.0,999,
2026-08-22 21:03,PA=F,1348.5,🔴 Düşüş Trendinde,🔥 GÜÇLÜ AL (Taze Kırılım),🟢 POTANSİYEL DİP (0 Altı - Hacimsiz),-,🔴 Ayı Piyasası (EMA 50 En Altta),🟠 Daralıyor,🟡Fiyat Orta-Üst Bant Aralığında,EMA5 Destek: 1335.74 (%0.9 altta) | EMA100 Direnç: 1362.53 (%1.0 üstte),-,1774.50-1842.00 (%31.6 üstte),55.2,49.22,-0.63,,0.0,1.98,
2026-08-22 21:03,PHO,72.19,🟢 Yükseliş Trendinde,⏳ BEKLE,-,-,⚠️ Yükseliş Trendinde Düzeltme (SSL Negatif),🟡 Normal Genişlik,🟡Fiyat Orta-Üst Bant Aralığında,EMA5 Destek: 71.91 (%0.4 altta),67.02-67.70 (%6.2 altta),72.60-73.56 (%0.6 üstte),56.73,34.51,-0.7,,0.0,3.8,
2026-08-22 21:03,PL=F,1887.3,🟢 Yükseliş Trendinde,🟢 AL (Trend Onaylı),-,-,🔴 Ayı Piyasası (EMA 50 En Altta),⚪ Yelpaze Açık,🚨Fiyat Bandın Üzerinde!,EMA5 Destek: 1820.15 (%3.6 altta),-,2357.40-2365.60 (%24.9 üstte),68.2,98.67,0.7,,0.67,8.5,
2026-08-22 21:03,QQQ,713.44,🟢 Yükseliş Trendinde,🔴 SAT,-,-,🟢 EMA Yükselişte (SSL Ok Bekleniyor),⚪ Yelpaze Açık,🟡Fiyat Orta-Üst Bant Aralığında,EMA55 Destek: 707.41 (%0.8 altta) | EMA21 Direnç: 714.20 (%0.1 üstte),555.60-568.05 (%20.4 altta),732.51-741.82 (%2.7 üstte),50.15,18.08,-0.19,,0.0,8.26,
2026-08-22 21:03,SI=F,69.47,🟢 Yükseliş Trendinde,🟢 AL (Trend Onaylı),🟡 RİSKLİ AL (0 Üstü - Hacimsiz),-,🔴 Ayı Piyasası (EMA 50 En Altta),⚪ Yelpaze Açık,🟡Fiyat Orta-Üst Bant Aralığında,EMA5 Destek: 67.18 (%3.3 altta),55.90-56.08 (%19.3 altta),86.93-88.89 (%25.1 üstte),67.7,94.2,0.88,,0.0,8.95,
2026-08-22 21:03,SMH,560.42,🔴 Düşüş Trendinde,🔴 SAT,-,-,🟢 EMA Yükselişte (SSL Ok Bekleniyor),🟠 Daralıyor,⚪Fiyat Alt_Orta Bant Aralığında,EMA100 Destek: 544.78 (%2.8 altta) | EMA5 Direnç: 567.04 (%1.2 üstte),359.86-379.24 (%32.3 altta),-,45.66,14.58,-0.24,,0.0,18.22,
2026-08-22 21:03,SOXX,520.05,🔴 Düşüş Trendinde,🔴 SAT,-,-,🟢 EMA Yükselişte (SSL Ok Bekleniyor),🟠 Daralıyor,⚪Fiyat Alt_Orta Bant Aralığında,EMA100 Destek: 507.29 (%2.5 altta) | EMA5 Direnç: 527.41 (%1.4 üstte),-,643.93-655.95 (%23.8 üstte),44.94,12.59,-0.28,,0.0,20.85,
2026-08-22 21:03,VNM,17.87,🟢 Yükseliş Trendinde,🔥 GÜÇLÜ AL (Taze Kırılım),🟢 POTANSİYEL DİP (0 Altı - Hacimsiz),-,🔴 Ayı Piyasası (EMA 50 En Altta),🟡 Normal Genişlik,🟡Fiyat Orta-Üst Bant Aralığında,EMA100 Destek: 17.85 (%0.1 altta) | EMA200 Direnç: 18.01 (%0.8 üstte),-,19.58-19.78 (%9.6 üstte),58.29,37.59,-0.38,,0.0,2.94,
2026-08-22 21:03,WQTM,33.65,🟢 Yükseliş Trendinde,🔴 SAT,-,-,🟢 EMA Yükselişte (SSL Ok Bekleniyor),⚪ Yelpaze Açık,🟡Fiyat Orta-Üst Bant Aralığında,EMA100 Destek: 33.00 (%1.9 altta) | EMA21 Direnç: 33.67 (%0.1 üstte),23.18-24.30 (%27.8 altta),35.05-35.83 (%4.2 üstte),49.8,20.06,-0.17,,0.0,10.79,
2026-08-22 21:03,XBI,165.73,🟢 Yükseliş Trendinde,⏳ BEKLE,-,-,🟢 EMA Yükselişte (SSL Ok Bekleniyor),⚪ Yelpaze Açık,🟡Fiyat Orta-Üst Bant Aralığında,EMA5 Destek: 163.69 (%1.2 altta),-,-,63.42,70.16,0.87,,0.0,24.59,
2026-08-22 21:03,XLV,174.62,🟢 Yükseliş Trendinde,🟢 AL (Trend Onaylı),-,-,🟢 EMA Yükselişte (SSL Ok Bekleniyor),⚪ Yelpaze Açık,🟡Fiyat Orta-Üst Bant Aralığında,EMA5 Destek: 172.36 (%1.3 altta),145.31-147.27 (%15.7 altta),-,68.33,73.25,0.89,,0.0,13.23,
2026-08-22 21:03,XU100.IS,14514.8,🟢 Yükseliş Trendinde,🟢 AL (Trend Onaylı),-,-,🟢 EMA Yükselişte (SSL Ok Bekleniyor),⚪ Yelpaze Açık,🟡Fiyat Orta-Üst Bant Aralığında,EMA5 Destek: 14352.10 (%1.1 altta),-,-,64.58,97.27,0.94,,0.0,11.24,
