Varlık,Fiyat,EMA_Durumu,RSI,StochRSI,TSI,SSL&EMA_Sinyal,Tilson_Sinyal,Hacim_SMI,Kombine_Dip,Supertrend_Sinyal,Alim_Bandi,Satim_Bandi,BB_Fiyat_Durum,BB_Sikisma,BB_Bant_Durum,Destek_Direnc
A1CAP,4.35,999,20.95,0.0,-0.95,⚠️ Yükseliş Trendinde Düzeltme (SSL Negatif),🔴 SAT,-,🟢 POTANSİYEL DİP,🔴 Düşüş Trendinde,-,-,🚨Fiyat Bandın Altında!,⚪ Yelpaze Açık,-8.05,EMA5 Direnç: 5.54 (%27.3 üstte)
A1YEN,1.81,-11.72,32.16,9.02,-0.83,⚠️ Yükseliş Trendinde Düzeltme (SSL Negatif),🔴 SAT,-,🟢 POTANSİYEL DİP,🔴 Düşüş Trendinde,-,-,⚪Fiyat Alt_Orta Bant Aralığında,⚪ Yelpaze Açık,0,EMA5 Direnç: 2.05 (%13.3 üstte)
AAGYO,9.06,999,14.5,,-0.93,-,🔴 SAT,🚀 KUSURSUZ DÖNÜŞ (0 Altı + Hacim),-,🔴 Düşüş Trendinde,-,-,⚪Fiyat Alt_Orta Bant Aralığında,-,0,EMA5 Direnç: 9.87 (%8.9 üstte)
ACSEL,89.0,-10.29,28.75,0.0,-0.94,⚠️ Yükseliş Trendinde Düzeltme (SSL Negatif),🔴 SAT,-,-,🔴 Düşüş Trendinde,-,-,⚪Fiyat Alt_Orta Bant Aralığında,⚪ Yelpaze Açık,0,EMA5 Direnç: 99.20 (%11.5 üstte)
ADEL,24.98,-11.11,36.12,2.97,-0.33,🔴 Ayı Piyasası (EMA 50 En Altta),🔴 SAT,-,-,🔴 Düşüş Trendinde,-,47.64-57.64 (%90.7 üstte),🚨Fiyat Bandın Altında!,🟠 Daralıyor,-5.14,EMA5 Direnç: 28.10 (%12.5 üstte)
ADESE,0.66,-11.04,25.5,0.0,-0.89,"📉 Düşüş Hazırlığı (50<100 Kesti, 150 Bekleniyor)",🔴 SAT,-,🟢 POTANSİYEL DİP,🔴 Düşüş Trendinde,-,-,🚨Fiyat Bandın Altında!,⚪ Yelpaze Açık,-4.44,EMA5 Direnç: 0.74 (%12.4 üstte)
ADGYO,45.86,999,41.44,17.1,0.06,-,🔴 SAT,-,-,🔴 Düşüş Trendinde,27.44-28.60 (%37.6 altta),-,🚨Fiyat Bandın Altında!,⚪ Yelpaze Açık,-0.42,EMA100 Destek: 45.80 (%0.1 altta) | EMA5 Direnç: 51.92 (%13.2 üstte)
AEFES,18.04,28.13,42.81,9.11,-0.76,⚠️ Yükseliş Trendinde Düzeltme (SSL Negatif),🔴 SAT,-,-,🟢 Yükseliş Trendinde,13.44-13.99 (%22.4 altta),-,⚪Fiyat Alt_Orta Bant Aralığında,🚨 BB SIKIŞMA,0,EMA100 Destek: 17.54 (%2.8 altta) | EMA55 Direnç: 18.56 (%2.9 üstte)
AFYON,11.02,6.11,32.09,0.0,-0.84,⚠️ Yükseliş Trendinde Düzeltme (SSL Negatif),🔴 SAT,-,🟢 POTANSİYEL DİP,🔴 Düşüş Trendinde,-,-,🚨Fiyat Bandın Altında!,🟠 Daralıyor,-2.66,EMA200 Destek: 10.39 (%5.8 altta) | EMA5 Direnç: 11.59 (%5.2 üstte)
AGESA,237.0,74.22,49.41,4.69,0.11,⚠️ Yükseliş Trendinde Düzeltme (SSL Negatif),🔴 SAT,-,-,🟢 Yükseliş Trendinde,-,-,⚪Fiyat Alt_Orta Bant Aralığında,🚨 BB SIKIŞMA,0,EMA55 Destek: 220.36 (%7.0 altta) | EMA21 Direnç: 240.77 (%1.6 üstte)
AGHOL,32.5,35.13,49.09,52.34,-0.17,⚠️ Yükseliş Trendinde Düzeltme (SSL Negatif),🟢 AL (Trend Onaylı),-,-,🟢 Yükseliş Trendinde,24.14-25.64 (%21.1 altta),-,⚪Fiyat Alt_Orta Bant Aralığında,🚨 BB SIKIŞMA,0,EMA55 Destek: 31.74 (%2.3 altta) | EMA21 Direnç: 32.97 (%1.5 üstte)
AGROT,1.4,999,22.55,0.0,-0.92,🔴 Ayı Piyasası (EMA 50 En Altta),🔴 SAT,-,🟢 POTANSİYEL DİP,🔴 Düşüş Trendinde,-,9.07-11.88 (%548.2 üstte),🚨Fiyat Bandın Altında!,⚪ Yelpaze Açık,-3.12,EMA5 Direnç: 1.66 (%18.8 üstte)
AGYO,6.62,-2.59,36.96,16.35,-0.69,⚠️ Yükseliş Trendinde Düzeltme (SSL Negatif),🔴 SAT,-,-,🔴 Düşüş Trendinde,5.90-6.64 (fiyat bandın içinde!),-,⚪Fiyat Alt_Orta Bant Aralığında,⚪ Yelpaze Açık,0,EMA200 Direnç: 6.80 (%2.7 üstte)
AHGAZ,45.6,999,76.05,98.98,0.77,🟢 EMA Yükselişte (SSL Ok Bekleniyor),🟢 AL (Trend Onaylı),-,🔴 ZİRVEDE,🟢 Yükseliş Trendinde,-,-,🚨Fiyat Bandın Üzerinde!,⚪ Yelpaze Açık,2.62,EMA5 Destek: 42.46 (%6.9 altta)
AHSGY,6.83,999,27.62,0.0,-0.87,-,🔴 SAT,-,🟢 POTANSİYEL DİP,🔴 Düşüş Trendinde,5.35-5.78 (%15.4 altta),-,🚨Fiyat Bandın Altında!,-,-34.41,EMA5 Direnç: 11.66 (%70.8 üstte)
AKBNK,67.1,38.13,45.69,44.49,0.22,⚠️ Yükseliş Trendinde Düzeltme (SSL Negatif),🔴 SAT,🩸 SAT (Zirveden Dönüş),-,🔴 Düşüş Trendinde,-,-,⚪Fiyat Alt_Orta Bant Aralığında,🚨 BB SIKIŞMA,0,EMA100 Destek: 63.81 (%4.9 altta) | EMA55 Direnç: 68.91 (%2.7 üstte)
AKCNS,205.5,46.9,45.75,11.07,-0.68,⚠️ Yükseliş Trendinde Düzeltme (SSL Negatif),🔴 SAT,-,-,🟢 Yükseliş Trendinde,-,-,⚪Fiyat Alt_Orta Bant Aralığında,⚪ Yelpaze Açık,0,EMA55 Destek: 198.61 (%3.4 altta) | EMA5 Direnç: 214.88 (%4.6 üstte)
AKENR,8.16,-6.77,36.24,0.0,-0.75,⚠️ Yükseliş Trendinde Düzeltme (SSL Negatif),🔴 SAT,-,-,🔴 Düşüş Trendinde,-,-,⚪Fiyat Alt_Orta Bant Aralığında,⚪ Yelpaze Açık,0,EMA200 Direnç: 8.75 (%7.3 üstte)
AKFGY,2.58,8.21,46.02,28.51,-0.61,⚠️ Yükseliş Trendinde Düzeltme (SSL Negatif),🔴 SAT,🚀 KUSURSUZ DÖNÜŞ (0 Altı + Hacim),-,🟢 Yükseliş Trendinde,-,-,⚪Fiyat Alt_Orta Bant Aralığında,🟠 Daralıyor,0,EMA100 Destek: 2.57 (%0.3 altta) | EMA21 Direnç: 2.67 (%3.5 üstte)
AKFIS,18.1,999,70.18,11.02,0.6,-,⏳ BEKLE,-,-,🟢 Yükseliş Trendinde,-,-,🟡Fiyat Orta-Üst Bant Aralığında,-,0,EMA5 Destek: 16.79 (%7.3 altta)
AKFYE,3.72,999,48.92,5.23,-0.55,⚠️ Yükseliş Trendinde Düzeltme (SSL Negatif),🔴 SAT,-,-,🟢 Yükseliş Trendinde,2.53-2.78 (%25.3 altta),-,⚪Fiyat Alt_Orta Bant Aralığında,🟡 Normal Genişlik,0,EMA55 Destek: 3.58 (%3.8 altta) | EMA5 Direnç: 3.76 (%1.2 üstte)
AKGRT,5.2,-6.89,21.93,0.0,-0.98,⚠️ Yükseliş Trendinde Düzeltme (SSL Negatif),🔴 SAT,-,🟢 POTANSİYEL DİP,🔴 Düşüş Trendinde,1.27-1.46 (%71.9 altta),-,🚨Fiyat Bandın Altında!,⚪ Yelpaze Açık,-1.41,EMA5 Direnç: 5.58 (%7.4 üstte)
AKHAN,26.84,999,38.98,0.0,-0.56,-,🔴 SAT,-,-,🔴 Düşüş Trendinde,-,-,⚪Fiyat Alt_Orta Bant Aralığında,-,0,EMA5 Direnç: 30.91 (%15.2 üstte)
AKMGY,216.8,26.04,39.32,0.0,-0.27,⚠️ Yükseliş Trendinde Düzeltme (SSL Negatif),🔴 SAT,-,-,🔴 Düşüş Trendinde,-,-,🚨Fiyat Bandın Altında!,🟡 Normal Genişlik,-0.4,EMA200 Destek: 172.00 (%20.7 altta) | EMA100 Direnç: 216.91 (%0.1 üstte)
AKSA,10.75,29.16,46.18,3.81,-0.78,⚠️ Yükseliş Trendinde Düzeltme (SSL Negatif),🔴 SAT,-,-,🟢 Yükseliş Trendinde,-,-,⚪Fiyat Alt_Orta Bant Aralığında,🟠 Daralıyor,0,EMA100 Destek: 10.09 (%6.1 altta) | EMA55 Direnç: 10.76 (%0.0 üstte)
AKSEN,74.2,50.12,45.49,12.32,-0.75,⚠️ Yükseliş Trendinde Düzeltme (SSL Negatif),🔴 SAT,🚀 KUSURSUZ DÖNÜŞ (0 Altı + Hacim),-,🔴 Düşüş Trendinde,-,-,⚪Fiyat Alt_Orta Bant Aralığında,⚪ Yelpaze Açık,0,EMA55 Destek: 72.11 (%2.8 altta) | EMA5 Direnç: 74.99 (%1.1 üstte)
AKSGY,9.5,65.7,53.34,9.05,0.09,⚠️ Yükseliş Trendinde Düzeltme (SSL Negatif),🔴 SAT,-,-,🟢 Yükseliş Trendinde,-,-,⚪Fiyat Alt_Orta Bant Aralığında,🚨 BB SIKIŞMA,0,EMA21 Destek: 9.46 (%0.5 altta) | EMA5 Direnç: 9.59 (%1.0 üstte)
AKSUE,15.08,-31.39,28.61,0.0,-0.88,⚠️ Yükseliş Trendinde Düzeltme (SSL Negatif),🔴 SAT,-,🟢 POTANSİYEL DİP,🔴 Düşüş Trendinde,10.00-11.73 (%22.2 altta),-,🚨Fiyat Bandın Altında!,⚪ Yelpaze Açık,-13.09,EMA200 Direnç: 21.98 (%45.7 üstte)
AKYHO,1.58,-13.36,21.63,0.0,-0.92,🔴 Ayı Piyasası (EMA 50 En Altta),🔴 SAT,-,🟢 POTANSİYEL DİP,🔴 Düşüş Trendinde,1.54-1.70 (fiyat bandın içinde!),-,🚨Fiyat Bandın Altında!,⚪ Yelpaze Açık,-5.86,EMA5 Direnç: 1.82 (%15.4 üstte)
ALARK,102.9,21.18,49.29,10.49,0.48,⚠️ Yükseliş Trendinde Düzeltme (SSL Negatif),🔴 SAT,-,-,🟢 Yükseliş Trendinde,-,-,⚪Fiyat Alt_Orta Bant Aralığında,🚨 BB SIKIŞMA,0,EMA55 Destek: 99.85 (%3.0 altta) | EMA21 Direnç: 104.62 (%1.7 üstte)
ALBRK,8.49,45.98,50.76,37.43,0.7,🟢 EMA Yükselişte (SSL Ok Bekleniyor),🔴 SAT,-,-,🟢 Yükseliş Trendinde,-,-,🟡Fiyat Orta-Üst Bant Aralığında,🚨 BB SIKIŞMA,0,EMA21 Destek: 8.48 (%0.2 altta) | EMA5 Direnç: 8.60 (%1.3 üstte)
ALCAR,615.0,-6.84,36.86,2.18,-0.85,🩸 ASIL SİNYAL: GÜÇLÜ SAT (EMA Çöktü + SSL Onay),🔴 SAT,-,-,🔴 Düşüş Trendinde,-,894.50-945.50 (%45.4 üstte),⚪Fiyat Alt_Orta Bant Aralığında,⚪ Yelpaze Açık,0,EMA5 Direnç: 660.14 (%7.3 üstte)
ALCTL,85.2,-14.29,31.73,0.95,-0.83,⚠️ Yükseliş Trendinde Düzeltme (SSL Negatif),🔴 SAT,-,-,🔴 Düşüş Trendinde,-,-,⚪Fiyat Alt_Orta Bant Aralığında,⚪ Yelpaze Açık,0,EMA5 Direnç: 99.41 (%16.7 üstte)
ALFAS,31.5,-9.41,29.58,0.0,-0.94,🔴 Ayı Piyasası (EMA 50 En Altta),🔴 SAT,-,-,🔴 Düşüş Trendinde,-,99.37-121.39 (%215.5 üstte),⚪Fiyat Alt_Orta Bant Aralığında,⚪ Yelpaze Açık,0,EMA5 Direnç: 34.77 (%10.4 üstte)
ALGYO,2.99,-7.29,37.19,7.72,-0.45,⚠️ Yükseliş Trendinde Düzeltme (SSL Negatif),🔴 SAT,🔴 ZAYIFLAMA (Zaten Dipte),-,🔴 Düşüş Trendinde,2.42-2.88 (%3.5 altta),3.63-3.85 (%21.4 üstte),⚪Fiyat Alt_Orta Bant Aralığında,⚪ Yelpaze Açık,0,EMA200 Direnç: 3.23 (%7.9 üstte)
ALKA,6.21,-11.24,27.84,0.0,-0.89,⚠️ Yükseliş Trendinde Düzeltme (SSL Negatif),🔴 SAT,-,🟢 POTANSİYEL DİP,🔴 Düşüş Trendinde,-,-,🚨Fiyat Bandın Altında!,⚪ Yelpaze Açık,-2.66,EMA5 Direnç: 7.00 (%12.7 üstte)
ALKIM,11.97,-11.28,28.29,0.0,-0.89,"📉 Düşüş Hazırlığı (50<100 Kesti, 150 Bekleniyor)",🔴 SAT,-,🟢 POTANSİYEL DİP,🔴 Düşüş Trendinde,-,-,🚨Fiyat Bandın Altında!,⚪ Yelpaze Açık,-5.39,EMA5 Direnç: 13.49 (%12.7 üstte)
ALKLC,132.6,999,29.89,0.0,-0.35,-,🔴 SAT,-,🟢 POTANSİYEL DİP,🔴 Düşüş Trendinde,-,-,🚨Fiyat Bandın Altında!,⚪ Yelpaze Açık,-36.95,EMA100 Direnç: 192.32 (%45.0 üstte)
ALTNY,13.16,999,39.49,0.51,-0.37,-,🔴 SAT,-,-,🔴 Düşüş Trendinde,-,-,🚨Fiyat Bandın Altında!,⚪ Yelpaze Açık,-0.35,EMA5 Direnç: 14.55 (%10.5 üstte)
ALVES,0.51,999,18.24,0.0,-0.98,-,🔴 SAT,-,-,🔴 Düşüş Trendinde,-,4.54-5.64 (%791.0 üstte),⚪Fiyat Alt_Orta Bant Aralığında,⚪ Yelpaze Açık,0,EMA5 Direnç: 0.84 (%64.8 üstte)
ANELE,36.72,13.58,37.58,0.0,-0.05,⚠️ Yükseliş Trendinde Düzeltme (SSL Negatif),🔴 SAT,-,-,🔴 Düşüş Trendinde,-,-,🚨Fiyat Bandın Altında!,⚪ Yelpaze Açık,-1.58,EMA200 Destek: 32.33 (%12.0 altta) | EMA100 Direnç: 51.39 (%40.0 üstte)
ANGEN,7.24,-7.54,26.87,3.46,-0.93,🔴 Ayı Piyasası (EMA 50 En Altta),🔴 SAT,-,🟢 POTANSİYEL DİP,🔴 Düşüş Trendinde,-,13.77-16.45 (%90.2 üstte),⚪Fiyat Alt_Orta Bant Aralığında,⚪ Yelpaze Açık,0,EMA5 Direnç: 7.83 (%8.2 üstte)
ANHYT,99.85,45.39,45.42,7.57,-0.18,⚠️ Yükseliş Trendinde Düzeltme (SSL Negatif),🔴 SAT,-,-,🟢 Yükseliş Trendinde,-,-,⚪Fiyat Alt_Orta Bant Aralığında,🚨 BB SIKIŞMA,0,EMA100 Destek: 92.16 (%7.7 altta) | EMA55 Direnç: 100.64 (%0.8 üstte)
ANSGR,23.98,35.9,38.39,8.9,-0.62,⚠️ Yükseliş Trendinde Düzeltme (SSL Negatif),🔴 SAT,-,-,🔴 Düşüş Trendinde,-,-,🚨Fiyat Bandın Altında!,🚨 BB SIKIŞMA,-3.36,EMA100 Destek: 23.64 (%1.4 altta) | EMA5 Direnç: 25.56 (%6.6 üstte)
ARASE,98.35,53.22,42.63,0.0,-0.63,⚠️ Yükseliş Trendinde Düzeltme (SSL Negatif),🔴 SAT,-,-,🟢 Yükseliş Trendinde,48.94-52.24 (%46.9 altta),-,🚨Fiyat Bandın Altında!,🟠 Daralıyor,-1.51,EMA55 Destek: 94.32 (%4.1 altta) | EMA5 Direnç: 106.35 (%8.1 üstte)
ARCLK,81.1,-6.75,27.74,2.2,-0.9,🔴 Ayı Piyasası (EMA 50 En Altta),🔴 SAT,-,🟢 POTANSİYEL DİP,🔴 Düşüş Trendinde,-,170.00-193.30 (%109.6 üstte),🚨Fiyat Bandın Altında!,🟡 Normal Genişlik,-3.25,EMA5 Direnç: 86.97 (%7.2 üstte)
ARDYZ,67.95,98.46,52.01,7.66,0.22,⚠️ Yükseliş Trendinde Düzeltme (SSL Negatif),🔴 SAT,-,-,🔴 Düşüş Trendinde,24.49-26.55 (%60.9 altta),-,⚪Fiyat Alt_Orta Bant Aralığında,⚪ Yelpaze Açık,0,EMA55 Destek: 54.99 (%19.1 altta) | EMA21 Direnç: 68.40 (%0.7 üstte)
ARENA,15.96,-8.46,30.99,1.97,-0.95,🔴 Ayı Piyasası (EMA 50 En Altta),🔴 SAT,🟢 POTANSİYEL DİP (0 Altı - Hacimsiz),-,🔴 Düşüş Trendinde,-,-,⚪Fiyat Alt_Orta Bant Aralığında,⚪ Yelpaze Açık,0,EMA5 Direnç: 17.44 (%9.2 üstte)
ARFYE,13.7,999,24.69,0.0,-0.97,-,🔴 SAT,-,-,🔴 Düşüş Trendinde,-,-,⚪Fiyat Alt_Orta Bant Aralığında,-,0,EMA5 Direnç: 16.54 (%20.7 üstte)
ARMGD,105.3,999,37.68,2.86,-0.7,-,🔴 SAT,-,-,🔴 Düşüş Trendinde,-,-,🚨Fiyat Bandın Altında!,-,-4.49,EMA55 Direnç: 121.25 (%15.1 üstte)
ARSAN,3.58,52.28,49.26,30.89,0.48,🟢 EMA Yükselişte (SSL Ok Bekleniyor),🔴 SAT,-,-,🔴 Düşüş Trendinde,0.63-0.66 (%81.5 altta),-,🟡Fiyat Orta-Üst Bant Aralığında,🟡 Normal Genişlik,0,EMA55 Destek: 3.44 (%3.8 altta) | EMA21 Direnç: 3.65 (%1.9 üstte)
ARTMS,34.6,999,38.3,5.36,-0.7,-,🔴 SAT,-,-,🔴 Düşüş Trendinde,-,-,🚨Fiyat Bandın Altında!,🟡 Normal Genişlik,-0.28,EMA5 Direnç: 36.83 (%6.4 üstte)
ARZUM,1.22,-9.95,25.61,0.0,-0.95,🔴 Ayı Piyasası (EMA 50 En Altta),🔴 SAT,-,-,🔴 Düşüş Trendinde,-,5.10-5.72 (%318.0 üstte),⚪Fiyat Alt_Orta Bant Aralığında,⚪ Yelpaze Açık,0,EMA5 Direnç: 1.35 (%11.0 üstte)
ASELS,362.75,113.56,49.53,16.33,0.11,⚠️ Yükseliş Trendinde Düzeltme (SSL Negatif),🔴 SAT,-,-,🟢 Yükseliş Trendinde,-,-,⚪Fiyat Alt_Orta Bant Aralığında,🟠 Daralıyor,0,EMA55 Destek: 318.80 (%12.1 altta) | EMA21 Direnç: 372.29 (%2.6 üstte)
ASGYO,9.97,999,35.81,5.9,-0.88,-,🔴 SAT,-,-,🔴 Düşüş Trendinde,-,-,🚨Fiyat Bandın Altında!,⚪ Yelpaze Açık,-0.09,EMA5 Direnç: 10.43 (%4.6 üstte)
ASTOR,220.0,999,40.95,3.82,-0.57,⚠️ Yükseliş Trendinde Düzeltme (SSL Negatif),🔴 SAT,-,-,🩸 SAT (Trend Kırıldı),-,-,🚨Fiyat Bandın Altında!,⚪ Yelpaze Açık,-6.35,EMA100 Destek: 187.04 (%15.0 altta) | EMA55 Direnç: 228.84 (%4.0 üstte)
ASUZU,42.9,-5.12,29.75,4.22,-0.96,🔴 Ayı Piyasası (EMA 50 En Altta),🔴 SAT,-,-,🔴 Düşüş Trendinde,-,-,⚪Fiyat Alt_Orta Bant Aralığında,⚪ Yelpaze Açık,0,EMA5 Direnç: 45.21 (%5.4 üstte)
ATAGY,8.8,-5.23,27.48,0.0,-0.97,⚠️ Yükseliş Trendinde Düzeltme (SSL Negatif),🔴 SAT,-,-,🔴 Düşüş Trendinde,-,13.71-15.98 (%55.8 üstte),⚪Fiyat Alt_Orta Bant Aralığında,⚪ Yelpaze Açık,0,EMA5 Direnç: 9.29 (%5.5 üstte)
ATAKP,33.08,999,27.28,5.31,-0.96,"📉 Düşüş Hazırlığı (50<100 Kesti, 150 Bekleniyor)",🔴 SAT,-,🟢 POTANSİYEL DİP,🔴 Düşüş Trendinde,-,-,🚨Fiyat Bandın Altında!,⚪ Yelpaze Açık,-1.81,EMA5 Direnç: 37.19 (%12.4 üstte)
ATATP,254.0,114.12,55.67,3.32,0.44,⚠️ Yükseliş Trendinde Düzeltme (SSL Negatif),🔴 SAT,-,-,🟢 Yükseliş Trendinde,72.71-79.58 (%68.7 altta),-,🟡Fiyat Orta-Üst Bant Aralığında,⚪ Yelpaze Açık,0,EMA21 Destek: 243.38 (%4.2 altta) | EMA5 Direnç: 261.62 (%3.0 üstte)
ATATR,5.57,999,29.78,0.0,-0.78,-,🔴 SAT,-,🟢 POTANSİYEL DİP,🔴 Düşüş Trendinde,-,-,🚨Fiyat Bandın Altında!,-,-26.74,EMA5 Direnç: 8.84 (%58.7 üstte)
ATEKS,81.0,-9.81,38.47,5.86,-0.97,"📉 Düşüş Hazırlığı (50<100 Kesti, 150 Bekleniyor)",🔴 SAT,-,-,🩸 SAT (Trend Kırıldı),72.80-80.80 (%0.2 altta),173.00-196.60 (%113.6 üstte),⚪Fiyat Alt_Orta Bant Aralığında,⚪ Yelpaze Açık,0,EMA5 Direnç: 89.81 (%10.9 üstte)
ATLAS,5.17,-2.08,35.22,7.16,-0.96,⚠️ Yükseliş Trendinde Düzeltme (SSL Negatif),🔴 SAT,-,-,🔴 Düşüş Trendinde,-,-,⚪Fiyat Alt_Orta Bant Aralığında,⚪ Yelpaze Açık,0,EMA200 Direnç: 5.28 (%2.1 üstte)
ATSYH,76.2,10.83,40.72,0.0,-0.5,⚠️ Yükseliş Trendinde Düzeltme (SSL Negatif),🔴 SAT,-,-,🔴 Düşüş Trendinde,-,-,⚪Fiyat Alt_Orta Bant Aralığında,⚪ Yelpaze Açık,0,EMA100 Destek: 74.18 (%2.7 altta) | EMA55 Direnç: 83.17 (%9.1 üstte)
AVGYO,16.46,72.6,54.77,37.22,0.43,🟢 EMA Yükselişte (SSL Ok Bekleniyor),🔴 SAT,-,-,🟢 Yükseliş Trendinde,-,-,🟡Fiyat Orta-Üst Bant Aralığında,⚪ Yelpaze Açık,0,EMA5 Destek: 16.33 (%0.8 altta)
AVHOL,25.92,-11.6,28.97,0.0,-0.88,"📉 Düşüş Hazırlığı (50<100 Kesti, 150 Bekleniyor)",🔴 SAT,-,🟢 POTANSİYEL DİP,🔴 Düşüş Trendinde,-,-,🚨Fiyat Bandın Altında!,⚪ Yelpaze Açık,-0.01,EMA5 Direnç: 29.32 (%13.1 üstte)
AVOD,3.02,-13.9,35.64,2.33,-0.51,⚠️ Yükseliş Trendinde Düzeltme (SSL Negatif),🔴 SAT,-,-,🔴 Düşüş Trendinde,2.51-2.73 (%9.6 altta),-,🚨Fiyat Bandın Altında!,⚪ Yelpaze Açık,-6.14,EMA5 Direnç: 3.51 (%16.1 üstte)
AVPGY,52.85,999,46.45,46.47,-0.05,-,⏳ BEKLE,-,-,🟢 Yükseliş Trendinde,44.96-49.00 (%7.3 altta),-,⚪Fiyat Alt_Orta Bant Aralığında,🚨 BB SIKIŞMA,0,EMA100 Destek: 51.34 (%2.9 altta) | EMA5 Direnç: 53.58 (%1.4 üstte)
AVTUR,9.44,-12.93,25.73,0.0,-0.95,⚠️ Yükseliş Trendinde Düzeltme (SSL Negatif),🔴 SAT,🟢 POTANSİYEL DİP (0 Altı - Hacimsiz),-,🔴 Düşüş Trendinde,-,-,⚪Fiyat Alt_Orta Bant Aralığında,⚪ Yelpaze Açık,0,EMA5 Direnç: 10.84 (%14.8 üstte)
AYCES,371.25,-8.81,36.9,0.0,-0.93,⚠️ Yükseliş Trendinde Düzeltme (SSL Negatif),🔴 SAT,🟢 POTANSİYEL DİP (0 Altı - Hacimsiz),-,🔴 Düşüş Trendinde,-,-,⚪Fiyat Alt_Orta Bant Aralığında,⚪ Yelpaze Açık,0,EMA5 Direnç: 407.13 (%9.7 üstte)
AYDEM,24.9,19.55,48.45,33.55,-0.16,⚠️ Yükseliş Trendinde Düzeltme (SSL Negatif),🔴 SAT,-,-,🔴 Düşüş Trendinde,16.99-18.00 (%27.7 altta),-,⚪Fiyat Alt_Orta Bant Aralığında,🚨 BB SIKIŞMA,0,EMA55 Destek: 24.46 (%1.8 altta) | EMA5 Direnç: 25.05 (%0.6 üstte)
AYEN,26.3,3.84,36.34,0.0,-0.92,⚠️ Yükseliş Trendinde Düzeltme (SSL Negatif),🔴 SAT,-,-,🩸 SAT (Trend Kırıldı),-,-,🚨Fiyat Bandın Altında!,⚪ Yelpaze Açık,-0.15,EMA200 Destek: 25.33 (%3.7 altta) | EMA5 Direnç: 28.49 (%8.3 üstte)
AYES,8.1,-44.38,22.93,0.67,-0.74,⚠️ Yükseliş Trendinde Düzeltme (SSL Negatif),🔴 SAT,-,🟢 POTANSİYEL DİP,🔴 Düşüş Trendinde,-,-,🚨Fiyat Bandın Altında!,⚪ Yelpaze Açık,-43.1,EMA200 Direnç: 14.56 (%79.8 üstte)
AYGAZ,288.5,83.67,53.98,54.88,0.74,⚠️ Yükseliş Trendinde Düzeltme (SSL Negatif),🔴 SAT,-,-,🟢 Yükseliş Trendinde,-,-,🟡Fiyat Orta-Üst Bant Aralığında,⚪ Yelpaze Açık,0,EMA21 Destek: 284.18 (%1.5 altta) | EMA5 Direnç: 305.28 (%5.8 üstte)
AZTEK,3.21,-9.7,32.53,5.44,-0.93,🔴 Ayı Piyasası (EMA 50 En Altta),⏳ BEKLE,-,-,🔴 Düşüş Trendinde,-,-,⚪Fiyat Alt_Orta Bant Aralığında,⚪ Yelpaze Açık,0,EMA5 Direnç: 3.55 (%10.7 üstte)
BAGFS,22.74,-6.15,38.14,29.66,-0.08,"📉 Düşüş Hazırlığı (50<100 Kesti, 150 Bekleniyor)",🔴 SAT,-,-,🔴 Düşüş Trendinde,17.60-21.64 (%4.8 altta),25.92-29.40 (%14.0 üstte),⚪Fiyat Alt_Orta Bant Aralığında,🟠 Daralıyor,0,EMA5 Direnç: 24.23 (%6.6 üstte)
BAHKM,156.7,999,58.06,71.74,0.83,-,⏳ BEKLE,🩸 SAT (Zirveden Dönüş),-,🟢 Yükseliş Trendinde,-,-,🟡Fiyat Orta-Üst Bant Aralığında,-,0,EMA21 Destek: 140.99 (%10.0 altta) | EMA5 Direnç: 166.51 (%6.3 üstte)
BAKAB,31.82,-9.55,31.91,0.86,-0.98,⚠️ Yükseliş Trendinde Düzeltme (SSL Negatif),🔴 SAT,-,-,🔴 Düşüş Trendinde,-,51.85-57.15 (%62.9 üstte),⚪Fiyat Alt_Orta Bant Aralığında,⚪ Yelpaze Açık,0,EMA5 Direnç: 35.18 (%10.6 üstte)
BALAT,52.8,3.66,35.29,26.23,-0.46,⚠️ Yükseliş Trendinde Düzeltme (SSL Negatif),🔴 SAT,-,-,🔴 Düşüş Trendinde,-,90.15-116.30 (%70.7 üstte),🚨Fiyat Bandın Altında!,🟠 Daralıyor,-2.86,EMA200 Destek: 50.94 (%3.5 altta) | EMA5 Direnç: 60.12 (%13.9 üstte)
BALSU,8.22,999,37.64,11.97,-0.93,-,⏳ BEKLE,-,-,🔴 Düşüş Trendinde,-,-,⚪Fiyat Alt_Orta Bant Aralığında,-,0,EMA5 Direnç: 8.33 (%1.3 üstte)
BANVT,133.3,-5.4,33.82,0.56,-0.91,🔴 Ayı Piyasası (EMA 50 En Altta),🔴 SAT,-,🟢 POTANSİYEL DİP,🔴 Düşüş Trendinde,-,347.25-395.00 (%160.5 üstte),🚨Fiyat Bandın Altında!,🟡 Normal Genişlik,-0.2,EMA5 Direnç: 140.91 (%5.7 üstte)
BARMA,5.59,999,22.53,0.72,-0.86,-,🔴 SAT,-,-,🔴 Düşüş Trendinde,-,-,⚪Fiyat Alt_Orta Bant Aralığında,⚪ Yelpaze Açık,0,EMA5 Direnç: 8.51 (%52.2 üstte)
BASCM,11.6,7.42,36.29,8.45,-0.76,⚠️ Yükseliş Trendinde Düzeltme (SSL Negatif),🔴 SAT,-,-,🔴 Düşüş Trendinde,8.86-9.68 (%16.6 altta),-,⚪Fiyat Alt_Orta Bant Aralığında,⚪ Yelpaze Açık,0,EMA200 Destek: 10.80 (%6.9 altta) | EMA5 Direnç: 12.11 (%4.4 üstte)
BASGZ,40.62,38.2,38.55,0.0,-0.81,⚠️ Yükseliş Trendinde Düzeltme (SSL Negatif),🔴 SAT,-,-,🟢 Yükseliş Trendinde,-,-,⚪Fiyat Alt_Orta Bant Aralığında,🟠 Daralıyor,0,EMA100 Destek: 38.12 (%6.2 altta) | EMA5 Direnç: 42.10 (%3.6 üstte)
BAYRK,2.78,-17.45,23.68,0.0,-0.84,"📉 Düşüş Hazırlığı (50<100 Kesti, 150 Bekleniyor)",🔴 SAT,-,🟢 POTANSİYEL DİP,🔴 Düşüş Trendinde,-,-,🚨Fiyat Bandın Altında!,⚪ Yelpaze Açık,-8.16,EMA5 Direnç: 3.37 (%21.1 üstte)
BEGYO,2.67,999,22.05,0.0,-0.91,-,🔴 SAT,-,🟢 POTANSİYEL DİP,🔴 Düşüş Trendinde,-,-,🚨Fiyat Bandın Altında!,🟡 Normal Genişlik,-1.92,EMA5 Direnç: 2.96 (%10.8 üstte)
BERA,13.02,1.95,40.55,37.85,-0.73,"📉 Düşüş Hazırlığı (50<100 Kesti, 150 Bekleniyor)",🔴 SAT,🚀 KUSURSUZ DÖNÜŞ (0 Altı + Hacim),-,🔴 Düşüş Trendinde,-,-,⚪Fiyat Alt_Orta Bant Aralığında,⚪ Yelpaze Açık,0,EMA5 Destek: 12.77 (%1.9 altta) | EMA200 Direnç: 14.25 (%9.5 üstte)
BESLR,10.95,-7.55,33.05,0.0,-0.74,"📉 Düşüş Hazırlığı (50<100 Kesti, 150 Bekleniyor)",🔴 SAT,-,🟢 POTANSİYEL DİP,🔴 Düşüş Trendinde,-,-,🚨Fiyat Bandın Altında!,🟠 Daralıyor,-2.61,EMA5 Direnç: 11.84 (%8.2 üstte)
BESTE,20.1,999,40.24,0.0,-0.71,-,🔴 SAT,-,-,🔴 Düşüş Trendinde,-,-,🚨Fiyat Bandın Altında!,-,-3.27,EMA5 Direnç: 24.82 (%23.5 üstte)
BETAE,64.5,999,,,-0.22,-,🔴 SAT,-,-,🟢 Yükseliş Trendinde,-,-,-,-,-,EMA5 Direnç: 71.10 (%10.2 üstte)
BEYAZ,17.41,-11.69,30.68,0.0,-0.87,⚠️ Yükseliş Trendinde Düzeltme (SSL Negatif),🔴 SAT,-,🟢 POTANSİYEL DİP,🔴 Düşüş Trendinde,-,-,🚨Fiyat Bandın Altında!,⚪ Yelpaze Açık,-4.27,EMA5 Direnç: 19.72 (%13.2 üstte)
BFREN,110.3,-5.59,28.37,0.0,-0.77,🔴 Ayı Piyasası (EMA 50 En Altta),🔴 SAT,-,🟢 POTANSİYEL DİP,🔴 Düşüş Trendinde,-,766.50-880.00 (%594.9 üstte),🚨Fiyat Bandın Altında!,🟡 Normal Genişlik,-1.69,EMA5 Direnç: 116.83 (%5.9 üstte)
BIENY,14.83,999,27.24,0.0,-0.76,🔴 Ayı Piyasası (EMA 50 En Altta),🔴 SAT,-,🟢 POTANSİYEL DİP,🔴 Düşüş Trendinde,-,46.10-56.05 (%210.9 üstte),🚨Fiyat Bandın Altında!,⚪ Yelpaze Açık,-8.66,EMA5 Direnç: 17.34 (%16.9 üstte)
BIGCH,3.75,999,29.17,0.0,-0.9,-,🔴 SAT,-,🟢 POTANSİYEL DİP,🔴 Düşüş Trendinde,-,-,🚨Fiyat Bandın Altında!,⚪ Yelpaze Açık,-6.76,EMA5 Direnç: 4.46 (%19.0 üstte)
BIGEN,40.04,999,39.38,0.0,-0.08,-,🔴 SAT,-,-,🔴 Düşüş Trendinde,-,-,⚪Fiyat Alt_Orta Bant Aralığında,-,0,EMA55 Direnç: 59.07 (%47.5 üstte)
BIGTK,78.15,-57.9,29.87,0.0,-0.53,⚠️ Yükseliş Trendinde Düzeltme (SSL Negatif),🔴 SAT,-,🟢 POTANSİYEL DİP,🔴 Düşüş Trendinde,-,-,🚨Fiyat Bandın Altında!,⚪ Yelpaze Açık,-29.36,EMA5 Direnç: 185.64 (%137.5 üstte)
BIMAS,414.0,81.24,60.12,65.1,0.89,🟢 EMA Yükselişte (SSL Ok Bekleniyor),⏳ BEKLE,🩸 SAT (Zirveden Dönüş),-,🟢 Yükseliş Trendinde,-,-,🟡Fiyat Orta-Üst Bant Aralığında,🟠 Daralıyor,0,EMA21 Destek: 392.21 (%5.3 altta) | EMA5 Direnç: 416.84 (%0.7 üstte)
BINBN,47.48,999,16.01,0.0,-0.67,-,🔴 SAT,-,🟢 POTANSİYEL DİP,🔴 Düşüş Trendinde,-,-,🚨Fiyat Bandın Altında!,-,-49.28,EMA5 Direnç: 106.42 (%124.1 üstte)
BINHO,6.15,999,32.17,0.0,-0.76,-,🔴 SAT,-,🟢 POTANSİYEL DİP,🔴 Düşüş Trendinde,-,15.18-17.84 (%146.9 üstte),🚨Fiyat Bandın Altında!,⚪ Yelpaze Açık,-9.4,EMA5 Direnç: 7.59 (%23.5 üstte)
BIOEN,10.57,-22.3,29.67,1.62,-0.52,"📉 Düşüş Hazırlığı (50<100 Kesti, 150 Bekleniyor)",🔴 SAT,-,🟢 POTANSİYEL DİP,🔴 Düşüş Trendinde,-,23.28-27.28 (%120.2 üstte),🚨Fiyat Bandın Altında!,⚪ Yelpaze Açık,-11.83,EMA5 Direnç: 13.60 (%28.7 üstte)
BIZIM,19.6,-8.98,30.67,0.0,-0.78,🔴 Ayı Piyasası (EMA 50 En Altta),🔴 SAT,-,🟢 POTANSİYEL DİP,🔴 Düşüş Trendinde,-,23.46-26.82 (%19.7 üstte),🚨Fiyat Bandın Altında!,⚪ Yelpaze Açık,-4.35,EMA5 Direnç: 21.53 (%9.9 üstte)
BJKAS,1.6,-16.15,45.66,1.1,0.24,🔴 Ayı Piyasası (EMA 50 En Altta),🔴 SAT,-,-,🔴 Düşüş Trendinde,-,72.25-89.75 (%4415.6 üstte),⚪Fiyat Alt_Orta Bant Aralığında,⚪ Yelpaze Açık,0,EMA5 Direnç: 1.91 (%19.3 üstte)
BLCYT,1.79,-4.98,36.97,21.58,-0.59,⚠️ Yükseliş Trendinde Düzeltme (SSL Negatif),🔴 SAT,-,-,🔴 Düşüş Trendinde,-,-,⚪Fiyat Alt_Orta Bant Aralığında,⚪ Yelpaze Açık,0,EMA5 Direnç: 1.88 (%5.2 üstte)
BLUME,35.5,42.55,45.15,48.59,0.27,🟢 EMA Yükselişte (SSL Ok Bekleniyor),🔴 SAT,-,-,🔴 Düşüş Trendinde,-,46.52-50.75 (%31.0 üstte),⚪Fiyat Alt_Orta Bant Aralığında,🟡 Normal Genişlik,0,EMA100 Destek: 35.07 (%1.2 altta) | EMA5 Direnç: 36.72 (%3.4 üstte)
BMSCH,9.58,-4.26,32.85,28.51,-0.95,⚠️ Yükseliş Trendinde Düzeltme (SSL Negatif),🔴 SAT,🟢 POTANSİYEL DİP (0 Altı - Hacimsiz),-,🔴 Düşüş Trendinde,-,-,⚪Fiyat Alt_Orta Bant Aralığında,⚪ Yelpaze Açık,0,EMA5 Direnç: 10.01 (%4.5 üstte)
BMSTL,40.22,82.0,44.06,28.8,-0.25,⚠️ Yükseliş Trendinde Düzeltme (SSL Negatif),🔴 SAT,-,-,🔴 Düşüş Trendinde,-,-,⚪Fiyat Alt_Orta Bant Aralığında,🚨 BB SIKIŞMA,0,EMA100 Destek: 34.86 (%13.3 altta) | EMA55 Direnç: 40.87 (%1.6 üstte)
BNTAS,5.58,-2.8,39.75,7.19,-0.55,🔴 Ayı Piyasası (EMA 50 En Altta),🔴 SAT,-,-,🔴 Düşüş Trendinde,-,11.98-12.80 (%114.7 üstte),⚪Fiyat Alt_Orta Bant Aralığında,⚪ Yelpaze Açık,0,EMA5 Direnç: 5.74 (%2.9 üstte)
BOBET,16.58,-9.16,41.37,6.75,0.03,"📉 Düşüş Hazırlığı (50<100 Kesti, 150 Bekleniyor)",🔴 SAT,-,-,🔴 Düşüş Trendinde,-,32.11-35.81 (%93.6 üstte),⚪Fiyat Alt_Orta Bant Aralığında,⚪ Yelpaze Açık,0,EMA5 Direnç: 18.25 (%10.1 üstte)
BORLS,1.73,999,28.93,0.0,-0.98,-,🔴 SAT,-,🟢 POTANSİYEL DİP,🔴 Düşüş Trendinde,-,27.00-31.20 (%1460.7 üstte),🚨Fiyat Bandın Altında!,⚪ Yelpaze Açık,-2.84,EMA5 Direnç: 2.52 (%45.7 üstte)
BORSK,5.56,999,41.0,16.14,-0.05,-,🔴 SAT,-,-,🟢 Yükseliş Trendinde,5.33-5.69 (fiyat bandın içinde!),6.76-7.82 (%21.5 üstte),⚪Fiyat Alt_Orta Bant Aralığında,🟡 Normal Genişlik,0,EMA5 Direnç: 5.86 (%5.3 üstte)
BOSSA,5.88,4.74,41.8,38.92,-0.14,⚠️ Yükseliş Trendinde Düzeltme (SSL Negatif),🔴 SAT,-,-,🩸 SAT (Trend Kırıldı),5.63-5.90 (fiyat bandın içinde!),-,⚪Fiyat Alt_Orta Bant Aralığında,🟠 Daralıyor,0,EMA200 Destek: 5.61 (%4.5 altta) | EMA5 Direnç: 6.35 (%7.9 üstte)
BRISA,72.95,-0.64,36.57,7.71,-0.91,⚠️ Yükseliş Trendinde Düzeltme (SSL Negatif),🔴 SAT,-,-,🔴 Düşüş Trendinde,71.80-77.15 (fiyat bandın içinde!),-,⚪Fiyat Alt_Orta Bant Aralığında,⚪ Yelpaze Açık,0,EMA200 Direnç: 73.42 (%0.6 üstte)
BRKO,6.43,-18.36,34.45,0.0,-0.8,⚠️ Yükseliş Trendinde Düzeltme (SSL Negatif),🔴 SAT,-,🟢 POTANSİYEL DİP,🔴 Düşüş Trendinde,3.14-3.40 (%47.1 altta),-,🚨Fiyat Bandın Altında!,⚪ Yelpaze Açık,-9.03,EMA200 Direnç: 7.88 (%22.5 üstte)
BRKSN,6.15,-9.54,28.54,0.0,-0.64,"📉 Düşüş Hazırlığı (50<100 Kesti, 150 Bekleniyor)",🔴 SAT,-,🟢 POTANSİYEL DİP,🔴 Düşüş Trendinde,-,-,🚨Fiyat Bandın Altında!,⚪ Yelpaze Açık,-5.71,EMA5 Direnç: 6.80 (%10.5 üstte)
BRKVY,53.2,999,31.17,0.0,-0.65,⚠️ Yükseliş Trendinde Düzeltme (SSL Negatif),🔴 SAT,-,🟢 POTANSİYEL DİP,🔴 Düşüş Trendinde,-,85.15-95.10 (%60.1 üstte),🚨Fiyat Bandın Altında!,⚪ Yelpaze Açık,-8.39,EMA5 Direnç: 64.36 (%21.0 üstte)
BRLSM,11.1,-22.27,38.45,0.08,-0.32,⚠️ Yükseliş Trendinde Düzeltme (SSL Negatif),🔴 SAT,-,-,🩸 SAT (Trend Kırıldı),-,-,🚨Fiyat Bandın Altında!,⚪ Yelpaze Açık,-4.79,EMA5 Direnç: 14.28 (%28.6 üstte)
BRMEN,7.82,-0.88,37.97,1.52,-0.94,⚠️ Yükseliş Trendinde Düzeltme (SSL Negatif),🔴 SAT,-,-,🔴 Düşüş Trendinde,-,-,⚪Fiyat Alt_Orta Bant Aralığında,⚪ Yelpaze Açık,0,EMA200 Direnç: 7.89 (%0.9 üstte)
BRSAN,703.5,67.19,59.97,61.18,0.81,🟢 EMA Yükselişte (SSL Ok Bekleniyor),⏳ BEKLE,-,-,🟢 Yükseliş Trendinde,301.25-319.75 (%54.5 altta),673.50-784.00 (fiyat bandın içinde!),🟡Fiyat Orta-Üst Bant Aralığında,⚪ Yelpaze Açık,0,EMA5 Destek: 684.00 (%2.8 altta)
BRYAT,1530.0,-3.66,32.55,2.23,-0.93,"📉 Düşüş Hazırlığı (50<100 Kesti, 150 Bekleniyor)",🔴 SAT,🟢 POTANSİYEL DİP (0 Altı - Hacimsiz),-,🔴 Düşüş Trendinde,-,-,⚪Fiyat Alt_Orta Bant Aralığında,⚪ Yelpaze Açık,0,EMA5 Direnç: 1588.07 (%3.8 üstte)
BSOKE,5.75,-58.92,16.35,0.0,-0.91,⚠️ Yükseliş Trendinde Düzeltme (SSL Negatif),🔴 SAT,-,🟢 POTANSİYEL DİP,🔴 Düşüş Trendinde,-,50.10-60.95 (%771.3 üstte),🚨Fiyat Bandın Altında!,⚪ Yelpaze Açık,-46.45,EMA5 Direnç: 14.00 (%143.4 üstte)
BTCIM,2.11,-27.57,17.64,0.0,-0.96,⚠️ Yükseliş Trendinde Düzeltme (SSL Negatif),🔴 SAT,-,🟢 POTANSİYEL DİP,🔴 Düşüş Trendinde,-,-,🚨Fiyat Bandın Altında!,⚪ Yelpaze Açık,-11.61,EMA5 Direnç: 2.91 (%38.1 üstte)
BUCIM,5.03,-3.7,36.61,40.8,-0.14,🔴 Ayı Piyasası (EMA 50 En Altta),🔴 SAT,-,-,🔴 Düşüş Trendinde,-,8.64-9.22 (%71.7 üstte),⚪Fiyat Alt_Orta Bant Aralığında,⚪ Yelpaze Açık,0,EMA5 Direnç: 5.22 (%3.8 üstte)
BULGS,11.73,999,16.81,0.0,-0.89,-,🔴 SAT,-,🟢 POTANSİYEL DİP,🔴 Düşüş Trendinde,-,-,🚨Fiyat Bandın Altında!,-,-30.39,EMA5 Direnç: 19.85 (%69.2 üstte)
BURCE,26.32,3.63,28.45,0.0,-0.96,⚠️ Yükseliş Trendinde Düzeltme (SSL Negatif),🔴 SAT,🟢 POTANSİYEL DİP (0 Altı - Hacimsiz),-,🔴 Düşüş Trendinde,13.57-14.41 (%45.3 altta),-,⚪Fiyat Alt_Orta Bant Aralığında,⚪ Yelpaze Açık,0,EMA200 Destek: 25.40 (%3.5 altta) | EMA5 Direnç: 29.09 (%10.5 üstte)
BURVA,403.75,17.26,32.89,0.0,-0.93,⚠️ Yükseliş Trendinde Düzeltme (SSL Negatif),🔴 SAT,-,🟢 POTANSİYEL DİP,🔴 Düşüş Trendinde,-,-,🚨Fiyat Bandın Altında!,⚪ Yelpaze Açık,-0.29,EMA200 Destek: 344.31 (%14.7 altta) | EMA100 Direnç: 524.34 (%29.9 üstte)
BVSAN,76.6,999,36.07,0.0,-0.73,⚠️ Yükseliş Trendinde Düzeltme (SSL Negatif),🔴 SAT,-,-,🔴 Düşüş Trendinde,76.60-82.34 (fiyat bandın içinde!),-,🚨Fiyat Bandın Altında!,⚪ Yelpaze Açık,-6.06,EMA5 Direnç: 89.92 (%17.4 üstte)
BYDNR,20.44,999,25.46,0.0,-0.77,⚠️ Yükseliş Trendinde Düzeltme (SSL Negatif),🔴 SAT,-,🟢 POTANSİYEL DİP,🔴 Düşüş Trendinde,19.98-21.80 (fiyat bandın içinde!),-,🚨Fiyat Bandın Altında!,⚪ Yelpaze Açık,-15.3,EMA5 Direnç: 26.27 (%28.5 üstte)
CANTE,1.06,-9.53,28.62,26.49,-0.49,🔴 Ayı Piyasası (EMA 50 En Altta),🔴 SAT,-,🟢 POTANSİYEL DİP,🔴 Düşüş Trendinde,-,2.43-2.87 (%129.2 üstte),⚪Fiyat Alt_Orta Bant Aralığında,⚪ Yelpaze Açık,0,EMA5 Direnç: 1.17 (%10.5 üstte)
CASA,47.08,-16.45,24.01,5.22,-0.85,🔴 Ayı Piyasası (EMA 50 En Altta),🔴 SAT,-,🟢 POTANSİYEL DİP,🔴 Düşüş Trendinde,-,-,🚨Fiyat Bandın Altında!,⚪ Yelpaze Açık,-7.0,EMA5 Direnç: 56.35 (%19.7 üstte)
CATES,32.2,999,37.96,0.0,0.07,-,🔴 SAT,-,-,🔴 Düşüş Trendinde,29.46-31.40 (%2.5 altta),-,⚪Fiyat Alt_Orta Bant Aralığında,⚪ Yelpaze Açık,0,EMA100 Direnç: 43.47 (%35.0 üstte)
CCOLA,79.15,-0.52,49.99,7.9,-0.76,🔴 Ayı Piyasası (EMA 50 En Altta),🔴 SAT,-,-,🟢 Yükseliş Trendinde,44.66-47.00 (%40.6 altta),773.03-888.15 (%876.7 üstte),⚪Fiyat Alt_Orta Bant Aralığında,🟠 Daralıyor,0,EMA5 Direnç: 79.57 (%0.5 üstte)
CELHA,28.04,68.53,69.89,50.02,0.81,🟢 EMA Yükselişte (SSL Ok Bekleniyor),⏳ BEKLE,-,-,🟢 Yükseliş Trendinde,-,-,🟡Fiyat Orta-Üst Bant Aralığında,⚪ Yelpaze Açık,0,EMA5 Destek: 26.97 (%3.8 altta)
CEMAS,3.2,-9.89,27.75,0.0,-0.74,"📉 Düşüş Hazırlığı (50<100 Kesti, 150 Bekleniyor)",🔴 SAT,-,🟢 POTANSİYEL DİP,🔴 Düşüş Trendinde,2.56-3.01 (%5.9 altta),-,🚨Fiyat Bandın Altında!,⚪ Yelpaze Açık,-1.87,EMA5 Direnç: 3.55 (%11.0 üstte)
CEMTS,7.74,-4.98,29.02,13.9,-0.9,"📉 Düşüş Hazırlığı (50<100 Kesti, 150 Bekleniyor)",🔴 SAT,🔴 ZAYIFLAMA (Zaten Dipte),🟢 POTANSİYEL DİP,🔴 Düşüş Trendinde,-,-,⚪Fiyat Alt_Orta Bant Aralığında,⚪ Yelpaze Açık,0,EMA5 Direnç: 8.15 (%5.2 üstte)
CEMZY,5.8,999,31.49,0.0,-0.45,-,🔴 SAT,-,🟢 POTANSİYEL DİP,🔴 Düşüş Trendinde,-,-,🚨Fiyat Bandın Altında!,-,-28.72,EMA100 Direnç: 7.20 (%24.2 üstte)
CEOEM,19.11,-16.78,39.81,33.33,-0.32,"📉 Düşüş Hazırlığı (50<100 Kesti, 150 Bekleniyor)",🔴 SAT,-,-,🔴 Düşüş Trendinde,-,-,🚨Fiyat Bandın Altında!,🟡 Normal Genişlik,-2.28,EMA5 Direnç: 22.96 (%20.2 üstte)
CGCAM,21.4,999,27.58,0.0,-0.96,-,🔴 SAT,-,🟢 POTANSİYEL DİP,🔴 Düşüş Trendinde,-,-,🚨Fiyat Bandın Altında!,-,-3.89,EMA5 Direnç: 26.28 (%22.8 üstte)
CIMSA,41.8,20.65,38.2,15.64,-0.83,⚠️ Yükseliş Trendinde Düzeltme (SSL Negatif),⏳ BEKLE,-,-,🔴 Düşüş Trendinde,-,-,⚪Fiyat Alt_Orta Bant Aralığında,⚪ Yelpaze Açık,0,EMA200 Destek: 34.65 (%17.1 altta) | EMA5 Direnç: 43.05 (%3.0 üstte)
CLEBI,1368.0,5.39,34.1,5.89,-0.86,"📉 Düşüş Hazırlığı (50<100 Kesti, 150 Bekleniyor)",🔴 SAT,-,-,🔴 Düşüş Trendinde,-,-,⚪Fiyat Alt_Orta Bant Aralığında,🟠 Daralıyor,0,EMA200 Destek: 1297.99 (%5.1 altta) | EMA5 Direnç: 1408.63 (%3.0 üstte)
CMBTN,1251.0,-10.29,32.43,11.68,-0.83,🔴 Ayı Piyasası (EMA 50 En Altta),🔴 SAT,-,🟢 POTANSİYEL DİP,🔴 Düşüş Trendinde,-,2500.00-3047.50 (%99.8 üstte),🚨Fiyat Bandın Altında!,⚪ Yelpaze Açık,-4.77,EMA5 Direnç: 1394.51 (%11.5 üstte)
CMENT,242.0,0.08,34.96,12.93,-0.97,"📉 Düşüş Hazırlığı (50<100 Kesti, 150 Bekleniyor)",⏳ BEKLE,-,-,🔴 Düşüş Trendinde,-,-,⚪Fiyat Alt_Orta Bant Aralığında,⚪ Yelpaze Açık,0,EMA5 Destek: 241.81 (%0.1 altta) | EMA200 Direnç: 258.80 (%6.9 üstte)
CONSE,1.71,-10.8,26.1,0.0,-0.9,🔴 Ayı Piyasası (EMA 50 En Altta),🔴 SAT,🟢 POTANSİYEL DİP (0 Altı - Hacimsiz),🚀 KUSURSUZ DİP,🔴 Düşüş Trendinde,-,-,🚨Fiyat Bandın Altında!,⚪ Yelpaze Açık,-0.68,EMA5 Direnç: 1.92 (%12.1 üstte)
COSMO,86.5,-12.71,27.77,5.2,-0.88,⚠️ Yükseliş Trendinde Düzeltme (SSL Negatif),🔴 SAT,-,-,🔴 Düşüş Trendinde,-,-,⚪Fiyat Alt_Orta Bant Aralığında,⚪ Yelpaze Açık,0,EMA5 Direnç: 99.09 (%14.6 üstte)
CRDFA,8.81,-27.72,24.74,0.0,-0.91,⚠️ Yükseliş Trendinde Düzeltme (SSL Negatif),🔴 SAT,-,🟢 POTANSİYEL DİP,🔴 Düşüş Trendinde,0.63-0.71 (%92.0 altta),-,🚨Fiyat Bandın Altında!,⚪ Yelpaze Açık,-21.42,EMA200 Direnç: 12.19 (%38.3 üstte)
CRFSA,199.8,78.18,50.76,13.0,0.56,⚠️ Yükseliş Trendinde Düzeltme (SSL Negatif),🔴 SAT,-,-,🟢 Yükseliş Trendinde,77.20-83.70 (%58.1 altta),-,🟡Fiyat Orta-Üst Bant Aralığında,⚪ Yelpaze Açık,0,EMA55 Destek: 163.99 (%17.9 altta) | EMA21 Direnç: 206.30 (%3.3 üstte)
CUSAN,18.84,-9.85,37.4,0.0,-0.6,⚠️ Yükseliş Trendinde Düzeltme (SSL Negatif),🔴 SAT,-,-,🔴 Düşüş Trendinde,-,-,🚨Fiyat Bandın Altında!,⚪ Yelpaze Açık,-3.02,EMA5 Direnç: 20.90 (%10.9 üstte)
CVKMD,12.86,999,28.17,1.27,-0.88,⚠️ Yükseliş Trendinde Düzeltme (SSL Negatif),🔴 SAT,-,-,🔴 Düşüş Trendinde,8.73-11.01 (%14.4 altta),-,⚪Fiyat Alt_Orta Bant Aralığında,⚪ Yelpaze Açık,0,EMA5 Direnç: 14.74 (%14.6 üstte)
CWENE,20.08,999,34.99,1.63,-0.83,⚠️ Yükseliş Trendinde Düzeltme (SSL Negatif),🔴 SAT,-,🟢 POTANSİYEL DİP,🔴 Düşüş Trendinde,12.34-13.76 (%31.5 altta),-,🚨Fiyat Bandın Altında!,⚪ Yelpaze Açık,-13.28,EMA5 Direnç: 25.81 (%28.5 üstte)
DAGI,5.57,13.28,34.6,0.0,-0.61,⚠️ Yükseliş Trendinde Düzeltme (SSL Negatif),🔴 SAT,-,-,🔴 Düşüş Trendinde,5.36-5.99 (fiyat bandın içinde!),-,⚪Fiyat Alt_Orta Bant Aralığında,⚪ Yelpaze Açık,0,EMA200 Destek: 4.92 (%11.7 altta) | EMA100 Direnç: 6.56 (%17.8 üstte)
DAPGM,2.95,-43.0,22.8,0.0,-0.83,⚠️ Yükseliş Trendinde Düzeltme (SSL Negatif),🔴 SAT,-,🟢 POTANSİYEL DİP,🔴 Düşüş Trendinde,-,9.61-12.30 (%225.8 üstte),🚨Fiyat Bandın Altında!,⚪ Yelpaze Açık,-34.15,EMA5 Direnç: 5.18 (%75.4 üstte)
DARDL,1.19,-11.38,20.86,0.0,-0.95,🔴 Ayı Piyasası (EMA 50 En Altta),🔴 SAT,🟢 POTANSİYEL DİP (0 Altı - Hacimsiz),-,🔴 Düşüş Trendinde,-,7.39-8.43 (%521.0 üstte),⚪Fiyat Alt_Orta Bant Aralığında,⚪ Yelpaze Açık,0,EMA5 Direnç: 1.34 (%12.8 üstte)
DCTTR,3.47,999,22.92,0.0,-0.98,-,🔴 SAT,-,-,🔴 Düşüş Trendinde,-,12.18-14.22 (%251.0 üstte),⚪Fiyat Alt_Orta Bant Aralığında,-,0,EMA5 Direnç: 4.66 (%34.2 üstte)
DENGE,1.8,-12.06,32.54,5.38,-0.71,🔴 Ayı Piyasası (EMA 50 En Altta),🔴 SAT,-,🟢 POTANSİYEL DİP,🔴 Düşüş Trendinde,-,2.51-2.75 (%39.4 üstte),🚨Fiyat Bandın Altında!,🚨 BB SIKIŞMA,-6.98,EMA5 Direnç: 2.05 (%13.7 üstte)
DERHL,1.64,-8.38,27.79,5.56,-0.88,🔴 Ayı Piyasası (EMA 50 En Altta),🔴 SAT,-,-,🔴 Düşüş Trendinde,-,-,⚪Fiyat Alt_Orta Bant Aralığında,🟡 Normal Genişlik,0,EMA5 Direnç: 1.79 (%9.1 üstte)
DERIM,27.8,0.06,34.82,0.0,-0.73,⚠️ Yükseliş Trendinde Düzeltme (SSL Negatif),🔴 SAT,-,🟢 POTANSİYEL DİP,🔴 Düşüş Trendinde,-,-,🚨Fiyat Bandın Altında!,⚪ Yelpaze Açık,-1.52,EMA200 Destek: 27.78 (%0.1 altta) | EMA5 Direnç: 30.51 (%9.8 üstte)
DESA,9.17,-0.81,36.3,24.11,-0.7,⚠️ Yükseliş Trendinde Düzeltme (SSL Negatif),🔴 SAT,-,-,🔴 Düşüş Trendinde,7.61-9.59 (fiyat bandın içinde!),-,⚪Fiyat Alt_Orta Bant Aralığında,⚪ Yelpaze Açık,0,EMA5 Direnç: 9.25 (%0.8 üstte)
DESPC,30.88,-10.21,31.85,0.0,-0.81,"📉 Düşüş Hazırlığı (50<100 Kesti, 150 Bekleniyor)",🔴 SAT,-,🟢 POTANSİYEL DİP,🔴 Düşüş Trendinde,-,47.28-52.05 (%53.1 üstte),🚨Fiyat Bandın Altında!,⚪ Yelpaze Açık,-3.32,EMA5 Direnç: 34.39 (%11.4 üstte)
DEVA,89.0,40.14,59.58,60.09,0.85,⚪ Karışık / Testere Piyasası,⏳ BEKLE,-,-,🟢 Yükseliş Trendinde,-,-,🟡Fiyat Orta-Üst Bant Aralığında,⚪ Yelpaze Açık,0,EMA21 Destek: 81.49 (%8.4 altta) | EMA5 Direnç: 92.98 (%4.5 üstte)
DGATE,65.05,17.98,33.14,0.0,-0.84,⚠️ Yükseliş Trendinde Düzeltme (SSL Negatif),🔴 SAT,-,🟢 POTANSİYEL DİP,🔴 Düşüş Trendinde,-,-,🚨Fiyat Bandın Altında!,⚪ Yelpaze Açık,-5.12,EMA200 Destek: 55.14 (%15.2 altta) | EMA100 Direnç: 75.17 (%15.6 üstte)
DGGYO,28.14,-3.49,37.69,0.07,-0.93,⚠️ Yükseliş Trendinde Düzeltme (SSL Negatif),⏳ BEKLE,🟢 POTANSİYEL DİP (0 Altı - Hacimsiz),-,🔴 Düşüş Trendinde,26.74-28.72 (fiyat bandın içinde!),-,⚪Fiyat Alt_Orta Bant Aralığında,⚪ Yelpaze Açık,0,EMA200 Direnç: 29.16 (%3.6 üstte)
DGNMO,3.91,-28.07,29.77,0.0,-0.77,"📉 Düşüş Hazırlığı (50<100 Kesti, 150 Bekleniyor)",🔴 SAT,-,🟢 POTANSİYEL DİP,🔴 Düşüş Trendinde,3.51-3.92 (fiyat bandın içinde!),9.10-9.64 (%132.7 üstte),🚨Fiyat Bandın Altında!,⚪ Yelpaze Açık,-19.66,EMA5 Direnç: 5.44 (%39.0 üstte)
DIRIT,21.0,7.4,40.96,22.34,0.05,⚠️ Yükseliş Trendinde Düzeltme (SSL Negatif),🔴 SAT,-,-,🔴 Düşüş Trendinde,-,23.40-28.06 (%11.4 üstte),⚪Fiyat Alt_Orta Bant Aralığında,🟡 Normal Genişlik,0,EMA200 Destek: 19.55 (%6.9 altta) | EMA5 Direnç: 22.90 (%9.0 üstte)
DITAS,8.94,-34.71,25.46,0.0,-0.89,⚠️ Yükseliş Trendinde Düzeltme (SSL Negatif),🔴 SAT,-,-,🔴 Düşüş Trendinde,-,-,⚪Fiyat Alt_Orta Bant Aralığında,⚪ Yelpaze Açık,0,EMA5 Direnç: 13.69 (%53.2 üstte)
DMRGD,7.43,999,40.0,3.59,-0.8,-,🔴 SAT,-,-,🩸 SAT (Trend Kırıldı),1.48-1.85 (%75.1 altta),-,🚨Fiyat Bandın Altında!,🟡 Normal Genişlik,-13.25,EMA100 Destek: 5.69 (%23.4 altta) | EMA55 Direnç: 7.58 (%2.0 üstte)
DMSAS,6.47,-6.43,34.93,7.25,-0.68,⚠️ Yükseliş Trendinde Düzeltme (SSL Negatif),🔴 SAT,-,-,🔴 Düşüş Trendinde,5.18-5.62 (%13.1 altta),-,⚪Fiyat Alt_Orta Bant Aralığında,⚪ Yelpaze Açık,0,EMA5 Direnç: 6.91 (%6.9 üstte)
DNISI,4.17,14.44,42.36,9.37,-0.64,⚠️ Yükseliş Trendinde Düzeltme (SSL Negatif),🔴 SAT,-,-,🔴 Düşüş Trendinde,-,5.26-5.72 (%26.2 üstte),⚪Fiyat Alt_Orta Bant Aralığında,⚪ Yelpaze Açık,0,EMA200 Destek: 3.64 (%12.6 altta) | EMA5 Direnç: 4.35 (%4.2 üstte)
DOAS,142.3,1.11,31.07,0.0,-0.81,⚠️ Yükseliş Trendinde Düzeltme (SSL Negatif),🔴 SAT,-,🟢 POTANSİYEL DİP,🔴 Düşüş Trendinde,-,-,🚨Fiyat Bandın Altında!,🟡 Normal Genişlik,-4.77,EMA200 Destek: 140.73 (%1.1 altta) | EMA5 Direnç: 154.18 (%8.3 üstte)
DOCO,10650.0,57.1,49.18,7.74,-0.43,⚠️ Yükseliş Trendinde Düzeltme (SSL Negatif),🔴 SAT,-,-,🟢 Yükseliş Trendinde,-,-,⚪Fiyat Alt_Orta Bant Aralığında,🚨 BB SIKIŞMA,0,EMA55 Destek: 10143.50 (%4.8 altta) | EMA5 Direnç: 10827.57 (%1.7 üstte)
DOFER,22.24,999,26.23,1.74,-0.86,🔴 Ayı Piyasası (EMA 50 En Altta),🔴 SAT,-,🟢 POTANSİYEL DİP,🔴 Düşüş Trendinde,-,-,🚨Fiyat Bandın Altında!,⚪ Yelpaze Açık,-0.27,EMA5 Direnç: 24.30 (%9.3 üstte)
DOFRB,79.5,999,32.97,0.0,-0.97,-,🔴 SAT,-,🟢 POTANSİYEL DİP,🔴 Düşüş Trendinde,-,-,🚨Fiyat Bandın Altında!,-,-2.57,EMA5 Direnç: 95.70 (%20.4 üstte)
DOGUB,18.87,-49.48,28.18,0.0,-0.87,⚠️ Yükseliş Trendinde Düzeltme (SSL Negatif),🔴 SAT,-,🟢 POTANSİYEL DİP,🔴 Düşüş Trendinde,15.00-15.93 (%15.6 altta),-,🚨Fiyat Bandın Altında!,⚪ Yelpaze Açık,-32.43,EMA200 Direnç: 37.35 (%97.9 üstte)
DOHOL,18.93,28.85,38.8,0.0,-0.25,⚠️ Yükseliş Trendinde Düzeltme (SSL Negatif),🔴 SAT,-,-,🩸 SAT (Trend Kırıldı),-,-,🚨Fiyat Bandın Altında!,🚨 BB SIKIŞMA,-1.41,EMA100 Destek: 18.31 (%3.3 altta) | EMA55 Direnç: 20.01 (%5.7 üstte)
DOKTA,15.46,-17.54,29.71,1.0,-0.72,🔴 Ayı Piyasası (EMA 50 En Altta),🔴 SAT,-,🟢 POTANSİYEL DİP,🔴 Düşüş Trendinde,-,32.46-34.22 (%110.0 üstte),🚨Fiyat Bandın Altında!,⚪ Yelpaze Açık,-7.09,EMA5 Direnç: 18.75 (%21.3 üstte)
DSTKF,694.0,999,35.05,3.44,-0.73,-,🔴 SAT,-,-,🔴 Düşüş Trendinde,-,-,🚨Fiyat Bandın Altında!,-,-8.62,EMA5 Direnç: 1460.36 (%110.4 üstte)
DUNYH,26.36,-57.15,1.62,66.67,-0.45,⚠️ Yükseliş Trendinde Düzeltme (SSL Negatif),🔴 SAT,🔴 ZAYIFLAMA (Zaten Dipte),🟢 POTANSİYEL DİP,🩸 SAT (Trend Kırıldı),-,-,🚨Fiyat Bandın Altında!,⚪ Yelpaze Açık,-61.74,EMA200 Direnç: 61.51 (%133.4 üstte)
DURDO,5.06,44.64,55.5,17.37,-0.4,⚠️ Yükseliş Trendinde Düzeltme (SSL Negatif),🔴 SAT,📈 TREND DEVAMI (0 Üstü + Hacim),-,🟢 Yükseliş Trendinde,2.11-2.40 (%52.6 altta),-,⚪Fiyat Alt_Orta Bant Aralığında,🚨 BB SIKIŞMA,0,EMA5 Destek: 4.94 (%2.4 altta)
DURKN,10.7,999,28.42,0.0,-0.64,-,🔴 SAT,-,🟢 POTANSİYEL DİP,🔴 Düşüş Trendinde,-,-,🚨Fiyat Bandın Altında!,-,-18.49,EMA5 Direnç: 14.60 (%36.5 üstte)
DYOBY,10.53,-9.24,31.74,0.0,-0.75,"📉 Düşüş Hazırlığı (50<100 Kesti, 150 Bekleniyor)",🔴 SAT,-,🟢 POTANSİYEL DİP,🔴 Düşüş Trendinde,-,28.50-30.88 (%170.7 üstte),🚨Fiyat Bandın Altında!,⚪ Yelpaze Açık,-1.84,EMA5 Direnç: 11.60 (%10.2 üstte)
DZGYO,6.55,8.31,35.78,2.8,-0.83,⚠️ Yükseliş Trendinde Düzeltme (SSL Negatif),🔴 SAT,🔴 ZAYIFLAMA (Zaten Dipte),-,🔴 Düşüş Trendinde,6.30-7.05 (fiyat bandın içinde!),-,⚪Fiyat Alt_Orta Bant Aralığında,🟡 Normal Genişlik,0,EMA200 Destek: 6.05 (%7.7 altta) | EMA5 Direnç: 6.94 (%6.0 üstte)
EBEBK,82.25,999,55.99,4.35,0.2,-,⏳ BEKLE,-,-,🟢 Yükseliş Trendinde,-,-,🟡Fiyat Orta-Üst Bant Aralığında,🚨 BB SIKIŞMA,0,EMA5 Destek: 81.95 (%0.4 altta)
ECILC,64.05,14.03,38.95,34.71,-0.55,⚠️ Yükseliş Trendinde Düzeltme (SSL Negatif),🔴 SAT,-,-,🔴 Düşüş Trendinde,40.18-42.32 (%33.9 altta),-,⚪Fiyat Alt_Orta Bant Aralığında,🟡 Normal Genişlik,0,EMA200 Destek: 56.17 (%12.3 altta) | EMA5 Direnç: 67.43 (%5.3 üstte)
ECOGR,26.76,999,40.27,1.5,-0.76,-,🔴 SAT,-,-,🩸 SAT (Trend Kırıldı),-,-,🚨Fiyat Bandın Altında!,-,-7.92,EMA5 Direnç: 31.48 (%17.7 üstte)
ECZYT,228.4,2.41,29.6,3.29,-0.79,⚠️ Yükseliş Trendinde Düzeltme (SSL Negatif),🔴 SAT,-,🟢 POTANSİYEL DİP,🔴 Düşüş Trendinde,161.43-172.16 (%24.6 altta),-,🚨Fiyat Bandın Altında!,⚪ Yelpaze Açık,-5.5,EMA200 Destek: 223.03 (%2.4 altta) | EMA5 Direnç: 257.95 (%12.9 üstte)
EDATA,4.67,-41.72,28.11,0.0,-0.69,⚠️ Yükseliş Trendinde Düzeltme (SSL Negatif),🔴 SAT,-,🟢 POTANSİYEL DİP,🔴 Düşüş Trendinde,3.81-4.36 (%6.6 altta),-,🚨Fiyat Bandın Altında!,⚪ Yelpaze Açık,-46.55,EMA200 Direnç: 8.01 (%71.6 üstte)
EDIP,29.74,24.51,38.08,0.0,-0.81,⚠️ Yükseliş Trendinde Düzeltme (SSL Negatif),🔴 SAT,-,-,🔴 Düşüş Trendinde,-,-,🚨Fiyat Bandın Altında!,🟡 Normal Genişlik,-3.66,EMA200 Destek: 23.89 (%19.7 altta) | EMA100 Direnç: 31.53 (%6.0 üstte)
EFOR,14.07,999,43.51,20.49,-0.05,-,🔴 SAT,-,-,🟢 Yükseliş Trendinde,-,22.18-32.00 (%57.6 üstte),⚪Fiyat Alt_Orta Bant Aralığında,-,0,EMA100 Direnç: 15.39 (%9.4 üstte)
EGEEN,5142.5,-4.3,42.09,50.61,-0.27,🔴 Ayı Piyasası (EMA 50 En Altta),⏳ BEKLE,🔴 ZAYIFLAMA (Zaten Dipte),-,🔴 Düşüş Trendinde,-,9445.71-10325.66 (%83.7 üstte),⚪Fiyat Alt_Orta Bant Aralığında,🚨 BB SIKIŞMA,0,EMA5 Direnç: 5373.41 (%4.5 üstte)
EGEGY,16.2,999,28.47,0.58,-0.79,-,🔴 SAT,-,🟢 POTANSİYEL DİP,🔴 Düşüş Trendinde,-,-,🚨Fiyat Bandın Altında!,-,-5.63,EMA5 Direnç: 19.67 (%21.4 üstte)
EGEPO,7.09,-15.1,22.37,0.74,-0.9,⚠️ Yükseliş Trendinde Düzeltme (SSL Negatif),🔴 SAT,-,🟢 POTANSİYEL DİP,🔴 Düşüş Trendinde,-,-,🚨Fiyat Bandın Altında!,⚪ Yelpaze Açık,-6.29,EMA200 Direnç: 8.35 (%17.8 üstte)
EGGUB,101.1,42.15,47.29,38.25,0.42,⚠️ Yükseliş Trendinde Düzeltme (SSL Negatif),🔴 SAT,-,-,🔴 Düşüş Trendinde,-,-,⚪Fiyat Alt_Orta Bant Aralığında,🚨 BB SIKIŞMA,0,EMA100 Destek: 92.18 (%8.8 altta) | EMA55 Direnç: 101.52 (%0.4 üstte)
EGPRO,34.88,55.84,49.18,9.19,-0.14,⚠️ Yükseliş Trendinde Düzeltme (SSL Negatif),🔴 SAT,-,-,🟢 Yükseliş Trendinde,17.30-18.68 (%46.4 altta),-,⚪Fiyat Alt_Orta Bant Aralığında,🟡 Normal Genişlik,0,EMA55 Destek: 32.33 (%7.3 altta) | EMA5 Direnç: 35.33 (%1.3 üstte)
EGSER,2.62,-3.96,36.18,1.07,-0.79,🔴 Ayı Piyasası (EMA 50 En Altta),🔴 SAT,-,-,🔴 Düşüş Trendinde,-,3.54-4.20 (%35.1 üstte),⚪Fiyat Alt_Orta Bant Aralığında,⚪ Yelpaze Açık,0,EMA5 Direnç: 2.73 (%4.1 üstte)
EKDMR,30.42,999,32.21,,-0.92,-,🔴 SAT,-,🟢 POTANSİYEL DİP,🟢 Yükseliş Trendinde,-,-,🚨Fiyat Bandın Altında!,-,-4.87,EMA5 Direnç: 36.94 (%21.4 üstte)
EKGYO,19.07,43.05,47.2,48.09,-0.13,🟢 EMA Yükselişte (SSL Ok Bekleniyor),⏳ BEKLE,-,-,🔴 Düşüş Trendinde,10.39-12.29 (%35.6 altta),-,⚪Fiyat Alt_Orta Bant Aralığında,🚨 BB SIKIŞMA,0,EMA100 Destek: 17.45 (%8.5 altta) | EMA55 Direnç: 19.22 (%0.8 üstte)
EKIM,12.82,999,,,,-,🔴 SAT,-,-,🟢 Yükseliş Trendinde,-,-,-,-,-,EMA5 Direnç: 15.05 (%17.4 üstte)
EKIZ,50.0,-4.84,27.51,11.29,-0.97,⚠️ Yükseliş Trendinde Düzeltme (SSL Negatif),🔴 SAT,🚀 KUSURSUZ DÖNÜŞ (0 Altı + Hacim),-,🔴 Düşüş Trendinde,-,-,⚪Fiyat Alt_Orta Bant Aralığında,⚪ Yelpaze Açık,0,EMA5 Direnç: 52.54 (%5.1 üstte)
EKOS,3.53,999,22.52,0.0,-0.95,-,🔴 SAT,🟢 POTANSİYEL DİP (0 Altı - Hacimsiz),-,🔴 Düşüş Trendinde,-,8.46-10.27 (%139.7 üstte),⚪Fiyat Alt_Orta Bant Aralığında,⚪ Yelpaze Açık,0,EMA5 Direnç: 4.13 (%17.0 üstte)
EKSUN,4.48,999,30.97,0.0,-0.89,🔴 Ayı Piyasası (EMA 50 En Altta),🔴 SAT,-,🟢 POTANSİYEL DİP,🔴 Düşüş Trendinde,-,-,🚨Fiyat Bandın Altında!,⚪ Yelpaze Açık,-0.05,EMA5 Direnç: 4.98 (%11.1 üstte)
ELITE,20.02,-11.79,25.99,0.0,-0.95,"📉 Düşüş Hazırlığı (50<100 Kesti, 150 Bekleniyor)",🔴 SAT,🟢 POTANSİYEL DİP (0 Altı - Hacimsiz),-,🔴 Düşüş Trendinde,-,52.56-64.18 (%162.5 üstte),⚪Fiyat Alt_Orta Bant Aralığında,⚪ Yelpaze Açık,0,EMA5 Direnç: 22.70 (%13.4 üstte)
EMKEL,7.89,-23.74,25.55,0.0,-0.95,🔴 Ayı Piyasası (EMA 50 En Altta),🔴 SAT,-,🟢 POTANSİYEL DİP,🔴 Düşüş Trendinde,-,66.00-76.85 (%736.5 üstte),🚨Fiyat Bandın Altında!,⚪ Yelpaze Açık,-5.12,EMA5 Direnç: 10.35 (%31.1 üstte)
EMNIS,129.8,-7.28,36.89,16.25,-0.64,🔴 Ayı Piyasası (EMA 50 En Altta),🔴 SAT,-,-,🔴 Düşüş Trendinde,-,350.00-384.00 (%169.6 üstte),🚨Fiyat Bandın Altında!,🟠 Daralıyor,-2.5,EMA5 Direnç: 139.99 (%7.8 üstte)
EMPAE,47.1,999,45.22,0.0,-0.6,-,🔴 SAT,-,-,🔴 Düşüş Trendinde,-,-,⚪Fiyat Alt_Orta Bant Aralığında,-,0,EMA5 Direnç: 54.58 (%15.9 üstte)
ENDAE,13.25,999,38.43,0.0,-0.44,-,🔴 SAT,-,-,🟢 Yükseliş Trendinde,-,-,🚨Fiyat Bandın Altında!,-,-4.14,EMA5 Direnç: 15.09 (%13.9 üstte)
ENERY,13.64,999,76.76,100.0,0.8,🟢 EMA Yükselişte (SSL Ok Bekleniyor),🟢 AL (Trend Onaylı),-,🔴 ZİRVEDE,🟢 Yükseliş Trendinde,-,-,🚨Fiyat Bandın Üzerinde!,⚪ Yelpaze Açık,2.64,EMA5 Destek: 12.60 (%7.6 altta)
ENJSA,110.5,69.84,52.2,22.97,0.56,⚠️ Yükseliş Trendinde Düzeltme (SSL Negatif),🔴 SAT,-,-,🟢 Yükseliş Trendinde,49.53-62.47 (%43.5 altta),-,🟡Fiyat Orta-Üst Bant Aralığında,🚨 BB SIKIŞMA,0,EMA5 Destek: 110.46 (%0.0 altta)
ENKAI,84.0,49.51,43.36,39.54,-0.63,⚠️ Yükseliş Trendinde Düzeltme (SSL Negatif),🔴 SAT,-,-,🔴 Düşüş Trendinde,-,-,⚪Fiyat Alt_Orta Bant Aralığında,🚨 BB SIKIŞMA,0,EMA100 Destek: 74.97 (%10.8 altta) | EMA55 Direnç: 84.89 (%1.1 üstte)
ENPRA,42.9,999,17.6,,-0.91,-,🔴 SAT,-,🟢 POTANSİYEL DİP,🔴 Düşüş Trendinde,-,-,⚪Fiyat Alt_Orta Bant Aralığında,-,0,EMA5 Direnç: 47.73 (%11.3 üstte)
ENSRI,2.98,-19.46,29.28,0.0,-0.9,⚠️ Yükseliş Trendinde Düzeltme (SSL Negatif),🔴 SAT,-,-,🔴 Düşüş Trendinde,-,-,⚪Fiyat Alt_Orta Bant Aralığında,⚪ Yelpaze Açık,0,EMA5 Direnç: 3.70 (%24.2 üstte)
ENTRA,4.22,999,43.9,13.58,-0.71,-,🔴 SAT,🟢 POTANSİYEL DİP (0 Altı - Hacimsiz),-,🔴 Düşüş Trendinde,-,-,⚪Fiyat Alt_Orta Bant Aralığında,⚪ Yelpaze Açık,0,EMA5 Direnç: 4.24 (%0.5 üstte)
EPLAS,5.16,-6.46,42.32,30.93,0.02,⚠️ Yükseliş Trendinde Düzeltme (SSL Negatif),🔴 SAT,-,-,🩸 SAT (Trend Kırıldı),-,-,🚨Fiyat Bandın Altında!,🚨 BB SIKIŞMA,-0.23,EMA200 Direnç: 5.52 (%6.9 üstte)
ERBOS,119.5,-7.53,25.38,2.21,-0.94,🔴 Ayı Piyasası (EMA 50 En Altta),🔴 SAT,🟢 POTANSİYEL DİP (0 Altı - Hacimsiz),-,🔴 Düşüş Trendinde,-,-,⚪Fiyat Alt_Orta Bant Aralığında,⚪ Yelpaze Açık,0,EMA5 Direnç: 129.23 (%8.1 üstte)
ERCB,36.36,-8.3,31.23,2.63,-0.86,🔴 Ayı Piyasası (EMA 50 En Altta),🔴 SAT,-,-,🔴 Düşüş Trendinde,33.24-36.42 (fiyat bandın içinde!),69.55-103.00 (%91.3 üstte),⚪Fiyat Alt_Orta Bant Aralığında,⚪ Yelpaze Açık,0,EMA5 Direnç: 39.65 (%9.0 üstte)
EREGL,37.02,45.99,50.21,5.65,-0.73,⚠️ Yükseliş Trendinde Düzeltme (SSL Negatif),🔴 SAT,-,-,🟢 Yükseliş Trendinde,18.45-20.50 (%44.6 altta),-,⚪Fiyat Alt_Orta Bant Aralığında,🚨 BB SIKIŞMA,0,EMA55 Destek: 33.71 (%8.9 altta) | EMA5 Direnç: 37.62 (%1.6 üstte)
ERSU,14.05,-15.16,29.39,0.55,-0.63,⚠️ Yükseliş Trendinde Düzeltme (SSL Negatif),🔴 SAT,-,🟢 POTANSİYEL DİP,🔴 Düşüş Trendinde,-,-,🚨Fiyat Bandın Altında!,⚪ Yelpaze Açık,-10.95,EMA200 Direnç: 16.56 (%17.9 üstte)
ESCAR,15.37,-44.97,22.67,0.0,-0.78,⚠️ Yükseliş Trendinde Düzeltme (SSL Negatif),🔴 SAT,-,🟢 POTANSİYEL DİP,🔴 Düşüş Trendinde,-,73.92-77.79 (%381.0 üstte),🚨Fiyat Bandın Altında!,⚪ Yelpaze Açık,-38.21,EMA5 Direnç: 27.93 (%81.7 üstte)
ESCOM,4.7,33.1,44.41,4.24,-0.76,⚠️ Yükseliş Trendinde Düzeltme (SSL Negatif),🔴 SAT,-,-,🟢 Yükseliş Trendinde,3.02-3.20 (%31.9 altta),-,⚪Fiyat Alt_Orta Bant Aralığında,🟠 Daralıyor,0,EMA100 Destek: 4.28 (%8.9 altta) | EMA55 Direnç: 4.72 (%0.4 üstte)
ESEN,2.59,-12.11,30.66,0.0,-0.72,🔴 Ayı Piyasası (EMA 50 En Altta),🔴 SAT,-,🟢 POTANSİYEL DİP,🔴 Düşüş Trendinde,-,14.06-15.00 (%442.9 üstte),🚨Fiyat Bandın Altında!,🟡 Normal Genişlik,-6.69,EMA5 Direnç: 2.95 (%13.8 üstte)
ETILR,7.65,44.64,64.33,54.43,0.37,🔴 Ayı Piyasası (EMA 50 En Altta),🟢 AL (Trend Onaylı),-,-,🟢 Yükseliş Trendinde,-,8.91-10.52 (%16.5 üstte),🚨Fiyat Bandın Üzerinde!,🟠 Daralıyor,6.63,EMA5 Destek: 6.65 (%13.0 altta)
ETYAT,9.62,60.56,42.67,3.63,-0.44,⚠️ Yükseliş Trendinde Düzeltme (SSL Negatif),🔴 SAT,-,-,🔴 Düşüş Trendinde,3.01-3.23 (%66.4 altta),-,⚪Fiyat Alt_Orta Bant Aralığında,⚪ Yelpaze Açık,0,EMA100 Destek: 8.26 (%14.1 altta) | EMA55 Direnç: 10.03 (%4.2 üstte)
EUHOL,8.5,13.08,37.72,21.59,-0.63,⚠️ Yükseliş Trendinde Düzeltme (SSL Negatif),🔴 SAT,🟢 POTANSİYEL DİP (0 Altı - Hacimsiz),-,🔴 Düşüş Trendinde,2.51-2.73 (%67.9 altta),-,⚪Fiyat Alt_Orta Bant Aralığında,⚪ Yelpaze Açık,0,EMA200 Destek: 7.52 (%11.6 altta) | EMA5 Direnç: 8.78 (%3.3 üstte)
EUKYO,9.45,68.6,41.98,0.0,-0.41,⚠️ Yükseliş Trendinde Düzeltme (SSL Negatif),🔴 SAT,-,-,🔴 Düşüş Trendinde,-,-,⚪Fiyat Alt_Orta Bant Aralığında,⚪ Yelpaze Açık,0,EMA55 Destek: 8.96 (%5.2 altta) | EMA5 Direnç: 11.21 (%18.7 üstte)
EUPWR,55.3,999,42.31,0.0,-0.68,⚠️ Yükseliş Trendinde Düzeltme (SSL Negatif),🔴 SAT,-,-,🔴 Düşüş Trendinde,25.50-26.88 (%51.4 altta),-,🚨Fiyat Bandın Altında!,⚪ Yelpaze Açık,-2.08,EMA100 Destek: 52.42 (%5.2 altta) | EMA55 Direnç: 60.07 (%8.6 üstte)
EUREN,2.9,-12.06,24.78,0.0,-0.86,🔴 Ayı Piyasası (EMA 50 En Altta),🔴 SAT,-,🟢 POTANSİYEL DİP,🔴 Düşüş Trendinde,-,15.05-16.70 (%419.0 üstte),🚨Fiyat Bandın Altında!,⚪ Yelpaze Açık,-3.9,EMA5 Direnç: 3.30 (%13.7 üstte)
EUYO,4.23,6.87,40.04,11.95,-0.69,⚠️ Yükseliş Trendinde Düzeltme (SSL Negatif),🔴 SAT,🚀 KUSURSUZ DÖNÜŞ (0 Altı + Hacim),-,🔴 Düşüş Trendinde,-,-,⚪Fiyat Alt_Orta Bant Aralığında,⚪ Yelpaze Açık,0,EMA200 Destek: 3.96 (%6.4 altta) | EMA5 Direnç: 4.30 (%1.6 üstte)
EYGYO,1.93,999,37.27,18.61,-0.3,-,🔴 SAT,-,-,🔴 Düşüş Trendinde,-,2.70-3.04 (%39.9 üstte),🚨Fiyat Bandın Altında!,🟡 Normal Genişlik,-3.57,EMA5 Direnç: 2.21 (%14.4 üstte)
FADE,11.75,-10.14,34.15,0.0,-0.69,⚠️ Yükseliş Trendinde Düzeltme (SSL Negatif),🔴 SAT,-,🟢 POTANSİYEL DİP,🔴 Düşüş Trendinde,-,16.54-18.08 (%40.8 üstte),🚨Fiyat Bandın Altında!,⚪ Yelpaze Açık,-4.79,EMA5 Direnç: 13.08 (%11.3 üstte)
FENER,2.4,-9.1,28.97,1.08,-0.67,🔴 Ayı Piyasası (EMA 50 En Altta),🔴 SAT,-,-,🔴 Düşüş Trendinde,-,104.30-114.90 (%4245.8 üstte),⚪Fiyat Alt_Orta Bant Aralığında,🟡 Normal Genişlik,0,EMA5 Direnç: 2.64 (%10.0 üstte)
FLAP,11.92,28.14,52.17,61.92,0.58,⚠️ Yükseliş Trendinde Düzeltme (SSL Negatif),🟢 AL (Trend Onaylı),-,-,🔴 Düşüş Trendinde,-,-,🟡Fiyat Orta-Üst Bant Aralığında,🟡 Normal Genişlik,0,EMA5 Destek: 11.84 (%0.6 altta)
FMIZP,272.0,5.84,43.32,12.21,-0.52,⚠️ Yükseliş Trendinde Düzeltme (SSL Negatif),🔴 SAT,🚀 KUSURSUZ DÖNÜŞ (0 Altı + Hacim),-,🔴 Düşüş Trendinde,-,316.39-332.39 (%16.3 üstte),⚪Fiyat Alt_Orta Bant Aralığında,🟠 Daralıyor,0,EMA200 Destek: 256.99 (%5.5 altta) | EMA5 Direnç: 279.96 (%2.9 üstte)
FONET,4.52,66.77,46.61,19.36,-0.74,⚠️ Yükseliş Trendinde Düzeltme (SSL Negatif),🔴 SAT,🚀 KUSURSUZ DÖNÜŞ (0 Altı + Hacim),-,🟢 Yükseliş Trendinde,1.92-2.21 (%51.1 altta),-,⚪Fiyat Alt_Orta Bant Aralığında,⚪ Yelpaze Açık,0,EMA55 Destek: 4.29 (%5.1 altta) | EMA5 Direnç: 4.53 (%0.2 üstte)
FORMT,0.99,-17.97,14.13,0.0,-0.97,🔴 Ayı Piyasası (EMA 50 En Altta),🔴 SAT,🟢 POTANSİYEL DİP (0 Altı - Hacimsiz),🚀 KUSURSUZ DİP,🔴 Düşüş Trendinde,0.56-0.69 (%30.0 altta),5.45-7.11 (%450.5 üstte),🚨Fiyat Bandın Altında!,⚪ Yelpaze Açık,-1.68,EMA5 Direnç: 1.21 (%21.9 üstte)
FORTE,104.2,999,50.41,5.05,0.05,-,🔴 SAT,-,-,🟢 Yükseliş Trendinde,-,-,⚪Fiyat Alt_Orta Bant Aralığında,⚪ Yelpaze Açık,0,EMA55 Destek: 95.26 (%8.6 altta) | EMA5 Direnç: 105.12 (%0.9 üstte)
FRIGO,1.76,0.76,39.01,19.61,-0.25,⚠️ Yükseliş Trendinde Düzeltme (SSL Negatif),🔴 SAT,-,-,🔴 Düşüş Trendinde,1.12-1.24 (%29.5 altta),-,⚪Fiyat Alt_Orta Bant Aralığında,⚪ Yelpaze Açık,0,EMA200 Destek: 1.75 (%0.8 altta) | EMA5 Direnç: 1.92 (%9.1 üstte)
FRMPL,24.26,999,35.88,0.79,-0.71,-,🔴 SAT,-,-,🔴 Düşüş Trendinde,-,-,⚪Fiyat Alt_Orta Bant Aralığında,-,0,EMA5 Direnç: 27.11 (%11.7 üstte)
FROTO,74.15,0.4,36.85,23.21,-0.74,⚠️ Yükseliş Trendinde Düzeltme (SSL Negatif),🔴 SAT,🔴 ZAYIFLAMA (Zaten Dipte),-,🔴 Düşüş Trendinde,20.16-21.94 (%70.4 altta),78.40-84.85 (%5.7 üstte),⚪Fiyat Alt_Orta Bant Aralığında,🚨 BB SIKIŞMA,0,EMA200 Destek: 73.86 (%0.4 altta) | EMA5 Direnç: 76.79 (%3.6 üstte)
FZLGY,5.3,999,28.84,4.48,-0.96,-,🔴 SAT,-,-,🔴 Düşüş Trendinde,-,-,⚪Fiyat Alt_Orta Bant Aralığında,⚪ Yelpaze Açık,0,EMA5 Direnç: 7.12 (%34.3 üstte)
GARAN,125.9,38.66,44.79,36.95,0.15,⚠️ Yükseliş Trendinde Düzeltme (SSL Negatif),🔴 SAT,🩸 SAT (Zirveden Dönüş),-,🔴 Düşüş Trendinde,94.91-100.34 (%20.3 altta),-,⚪Fiyat Alt_Orta Bant Aralığında,🚨 BB SIKIŞMA,0,EMA100 Destek: 121.33 (%3.6 altta) | EMA5 Direnç: 129.16 (%2.6 üstte)
GARFA,22.46,13.08,36.82,0.0,-0.8,⚠️ Yükseliş Trendinde Düzeltme (SSL Negatif),🔴 SAT,-,-,🔴 Düşüş Trendinde,15.75-19.85 (%11.6 altta),-,🚨Fiyat Bandın Altında!,⚪ Yelpaze Açık,-0.61,EMA200 Destek: 19.86 (%11.6 altta) | EMA5 Direnç: 24.43 (%8.8 üstte)
GATEG,127.9,-18.52,24.85,0.0,-0.71,⚠️ Yükseliş Trendinde Düzeltme (SSL Negatif),🔴 SAT,-,🟢 POTANSİYEL DİP,🔴 Düşüş Trendinde,23.40-28.76 (%77.5 altta),-,🚨Fiyat Bandın Altında!,⚪ Yelpaze Açık,-31.04,EMA200 Direnç: 156.97 (%22.7 üstte)
GEDIK,5.0,21.57,34.88,0.0,-0.95,⚠️ Yükseliş Trendinde Düzeltme (SSL Negatif),🔴 SAT,-,🟢 POTANSİYEL DİP,🩸 SAT (Trend Kırıldı),4.95-5.39 (fiyat bandın içinde!),-,⚪Fiyat Alt_Orta Bant Aralığında,⚪ Yelpaze Açık,0,EMA200 Destek: 4.11 (%17.7 altta) | EMA100 Direnç: 5.36 (%7.2 üstte)
GEDZA,22.66,-2.34,34.53,0.0,-0.82,⚠️ Yükseliş Trendinde Düzeltme (SSL Negatif),🔴 SAT,-,-,🔴 Düşüş Trendinde,-,-,⚪Fiyat Alt_Orta Bant Aralığında,⚪ Yelpaze Açık,0,EMA200 Direnç: 23.20 (%2.4 üstte)
GENIL,5.3,-22.91,32.35,0.0,-0.19,⚠️ Yükseliş Trendinde Düzeltme (SSL Negatif),🔴 SAT,-,🟢 POTANSİYEL DİP,🔴 Düşüş Trendinde,-,13.04-14.41 (%146.0 üstte),🚨Fiyat Bandın Altında!,⚪ Yelpaze Açık,-12.7,EMA200 Direnç: 6.88 (%29.7 üstte)
GENKM,7.58,999,31.2,0.0,-0.89,-,🔴 SAT,-,-,🔴 Düşüş Trendinde,-,-,⚪Fiyat Alt_Orta Bant Aralığında,-,0,EMA5 Direnç: 8.89 (%17.3 üstte)
GENTS,4.17,-9.57,24.42,0.0,-0.95,⚠️ Yükseliş Trendinde Düzeltme (SSL Negatif),🔴 SAT,-,-,🔴 Düşüş Trendinde,2.78-2.90 (%30.4 altta),11.81-13.62 (%183.2 üstte),⚪Fiyat Alt_Orta Bant Aralığında,⚪ Yelpaze Açık,0,EMA5 Direnç: 4.61 (%10.6 üstte)
GEREL,18.0,3.99,34.35,3.45,-0.54,⚠️ Yükseliş Trendinde Düzeltme (SSL Negatif),🔴 SAT,-,🟢 POTANSİYEL DİP,🔴 Düşüş Trendinde,7.71-9.27 (%48.5 altta),-,🚨Fiyat Bandın Altında!,⚪ Yelpaze Açık,-25.96,EMA200 Destek: 17.31 (%3.8 altta) | EMA100 Direnç: 24.68 (%37.1 üstte)
GESAN,45.68,-11.86,37.24,0.0,-0.72,⚠️ Yükseliş Trendinde Düzeltme (SSL Negatif),🔴 SAT,-,-,🔴 Düşüş Trendinde,41.48-44.50 (%2.6 altta),95.55-116.50 (%109.2 üstte),🚨Fiyat Bandın Altında!,⚪ Yelpaze Açık,-0.47,EMA200 Direnç: 51.83 (%13.5 üstte)
GIPTA,29.02,999,32.43,0.9,-0.41,-,🔴 SAT,-,🟢 POTANSİYEL DİP,🔴 Düşüş Trendinde,-,-,🚨Fiyat Bandın Altında!,⚪ Yelpaze Açık,-19.59,EMA5 Direnç: 46.44 (%60.0 üstte)
GLBMD,10.68,7.22,38.63,9.85,-0.93,⚠️ Yükseliş Trendinde Düzeltme (SSL Negatif),🔴 SAT,-,-,🔴 Düşüş Trendinde,9.65-10.99 (fiyat bandın içinde!),14.37-18.07 (%34.6 üstte),⚪Fiyat Alt_Orta Bant Aralığında,⚪ Yelpaze Açık,0,EMA200 Destek: 9.96 (%6.7 altta) | EMA5 Direnç: 10.90 (%2.1 üstte)
GLCVY,40.98,-6.88,28.25,3.74,-0.85,⚠️ Yükseliş Trendinde Düzeltme (SSL Negatif),🔴 SAT,-,🟢 POTANSİYEL DİP,🔴 Düşüş Trendinde,-,-,🚨Fiyat Bandın Altında!,⚪ Yelpaze Açık,-4.75,EMA200 Direnç: 44.01 (%7.4 üstte)
GLRMK,143.2,999,41.54,12.87,-0.35,-,🔴 SAT,-,-,🔴 Düşüş Trendinde,-,-,⚪Fiyat Alt_Orta Bant Aralığında,-,0,EMA5 Direnç: 152.07 (%6.2 üstte)
GLRYH,1.83,-18.67,26.99,0.35,-0.74,"📉 Düşüş Hazırlığı (50<100 Kesti, 150 Bekleniyor)",🔴 SAT,-,🟢 POTANSİYEL DİP,🔴 Düşüş Trendinde,-,-,🚨Fiyat Bandın Altında!,⚪ Yelpaze Açık,-10.08,EMA5 Direnç: 2.25 (%23.0 üstte)
GLYHO,16.24,90.44,51.9,10.75,-0.76,⚠️ Yükseliş Trendinde Düzeltme (SSL Negatif),🔴 SAT,-,-,🟢 Yükseliş Trendinde,-,-,⚪Fiyat Alt_Orta Bant Aralığında,🚨 BB SIKIŞMA,0,EMA21 Destek: 16.22 (%0.1 altta)
GMTAS,50.8,191.04,60.69,50.99,0.44,⚠️ Yükseliş Trendinde Düzeltme (SSL Negatif),🟢 AL (Trend Onaylı),-,-,🟢 Yükseliş Trendinde,-,-,🟡Fiyat Orta-Üst Bant Aralığında,🚨 BB SIKIŞMA,0,EMA5 Destek: 48.04 (%5.4 altta)
GOKNR,15.03,999,29.53,5.34,-0.95,🔴 Ayı Piyasası (EMA 50 En Altta),🔴 SAT,-,-,🔴 Düşüş Trendinde,-,26.61-29.06 (%77.1 üstte),⚪Fiyat Alt_Orta Bant Aralığında,⚪ Yelpaze Açık,0,EMA5 Direnç: 16.60 (%10.5 üstte)
GOLDA,9.13,999,,,,-,🔴 SAT,-,-,🟢 Yükseliş Trendinde,-,-,-,-,-,EMA5 Direnç: 10.25 (%12.3 üstte)
GOLTS,258.5,-4.85,31.73,6.14,-0.8,"📉 Düşüş Hazırlığı (50<100 Kesti, 150 Bekleniyor)",🔴 SAT,-,🟢 POTANSİYEL DİP,🔴 Düşüş Trendinde,-,473.34-531.44 (%83.1 üstte),⚪Fiyat Alt_Orta Bant Aralığında,⚪ Yelpaze Açık,0,EMA200 Direnç: 271.67 (%5.1 üstte)
GOODY,2.18,-8.24,36.78,1.17,-0.65,🔴 Ayı Piyasası (EMA 50 En Altta),🔴 SAT,-,-,🔴 Düşüş Trendinde,-,4.26-4.70 (%95.6 üstte),⚪Fiyat Alt_Orta Bant Aralığında,⚪ Yelpaze Açık,0,EMA5 Direnç: 2.38 (%9.0 üstte)
GOZDE,19.27,-3.9,41.55,0.0,-0.69,⚠️ Yükseliş Trendinde Düzeltme (SSL Negatif),🔴 SAT,-,-,🩸 SAT (Trend Kırıldı),-,26.86-28.34 (%39.4 üstte),⚪Fiyat Alt_Orta Bant Aralığında,⚪ Yelpaze Açık,0,EMA200 Direnç: 20.05 (%4.1 üstte)
GRNYO,7.63,-22.12,29.98,2.66,-0.91,⚠️ Yükseliş Trendinde Düzeltme (SSL Negatif),🔴 SAT,-,🟢 POTANSİYEL DİP,🔴 Düşüş Trendinde,-,-,🚨Fiyat Bandın Altında!,⚪ Yelpaze Açık,-3.61,EMA5 Direnç: 9.80 (%28.4 üstte)
GRSEL,269.5,46.97,37.05,4.44,-0.62,⚠️ Yükseliş Trendinde Düzeltme (SSL Negatif),🔴 SAT,-,-,🔴 Düşüş Trendinde,-,-,⚪Fiyat Alt_Orta Bant Aralığında,🟡 Normal Genişlik,0,EMA200 Destek: 183.36 (%32.0 altta) | EMA100 Direnç: 276.23 (%2.5 üstte)
GRTHO,120.5,999,31.27,1.9,-0.82,-,🔴 SAT,-,🟢 POTANSİYEL DİP,🔴 Düşüş Trendinde,-,-,🚨Fiyat Bandın Altında!,⚪ Yelpaze Açık,-12.7,EMA5 Direnç: 156.45 (%29.8 üstte)
GSDDE,12.12,31.96,47.95,0.0,-0.5,⚠️ Yükseliş Trendinde Düzeltme (SSL Negatif),🔴 SAT,-,-,🔴 Düşüş Trendinde,-,-,⚪Fiyat Alt_Orta Bant Aralığında,🟠 Daralıyor,0,EMA55 Destek: 11.66 (%3.8 altta) | EMA5 Direnç: 12.70 (%4.8 üstte)
GSDHO,4.12,4.17,38.51,0.49,-0.92,⚠️ Yükseliş Trendinde Düzeltme (SSL Negatif),🔴 SAT,-,-,🔴 Düşüş Trendinde,3.35-3.54 (%14.1 altta),-,⚪Fiyat Alt_Orta Bant Aralığında,⚪ Yelpaze Açık,0,EMA200 Destek: 3.95 (%4.0 altta) | EMA5 Direnç: 4.32 (%4.9 üstte)
GSRAY,0.81,-11.43,29.11,3.74,-0.46,🔴 Ayı Piyasası (EMA 50 En Altta),🔴 SAT,-,🟢 POTANSİYEL DİP,🔴 Düşüş Trendinde,-,6.85-9.63 (%745.7 üstte),🚨Fiyat Bandın Altında!,🟡 Normal Genişlik,-7.29,EMA5 Direnç: 0.91 (%12.9 üstte)
GUBRF,419.75,38.83,44.3,47.95,0.34,⚠️ Yükseliş Trendinde Düzeltme (SSL Negatif),🔴 SAT,🔴 ZAYIFLAMA (Zaten Dipte),-,🔴 Düşüş Trendinde,216.90-233.40 (%44.4 altta),-,⚪Fiyat Alt_Orta Bant Aralığında,🟠 Daralıyor,0,EMA100 Destek: 377.12 (%10.2 altta) | EMA55 Direnç: 429.59 (%2.3 üstte)
GUNDG,187.2,999,34.83,0.0,-0.87,-,🔴 SAT,-,🟢 POTANSİYEL DİP,🔴 Düşüş Trendinde,-,-,🚨Fiyat Bandın Altında!,-,-18.53,EMA100 Direnç: 430.69 (%130.1 üstte)
GWIND,20.4,-5.18,33.57,0.0,-0.92,⚠️ Yükseliş Trendinde Düzeltme (SSL Negatif),🔴 SAT,-,🟢 POTANSİYEL DİP,🔴 Düşüş Trendinde,-,-,⚪Fiyat Alt_Orta Bant Aralığında,⚪ Yelpaze Açık,0,EMA5 Direnç: 21.51 (%5.5 üstte)
GZNMI,30.7,-22.66,28.18,0.0,-0.84,🔴 Ayı Piyasası (EMA 50 En Altta),🔴 SAT,-,🟢 POTANSİYEL DİP,🔴 Düşüş Trendinde,-,62.50-87.15 (%103.6 üstte),🚨Fiyat Bandın Altında!,⚪ Yelpaze Açık,-13.73,EMA5 Direnç: 39.69 (%29.3 üstte)
HALKB,44.42,80.65,53.3,51.87,0.51,⚪ Karışık / Testere Piyasası,⏳ BEKLE,🩸 SAT (Zirveden Dönüş),-,🟢 Yükseliş Trendinde,-,-,🟡Fiyat Orta-Üst Bant Aralığında,⚪ Yelpaze Açık,0,EMA21 Destek: 42.71 (%3.9 altta) | EMA5 Direnç: 45.38 (%2.2 üstte)
HATEK,8.25,-19.55,28.58,7.63,-0.86,"📉 Düşüş Hazırlığı (50<100 Kesti, 150 Bekleniyor)",🔴 SAT,-,🟢 POTANSİYEL DİP,🔴 Düşüş Trendinde,-,-,🚨Fiyat Bandın Altında!,⚪ Yelpaze Açık,-7.11,EMA5 Direnç: 10.25 (%24.3 üstte)
HATSN,32.36,999,40.04,0.0,-0.35,-,🔴 SAT,-,-,🔴 Düşüş Trendinde,-,-,🚨Fiyat Bandın Altında!,⚪ Yelpaze Açık,-4.97,EMA5 Direnç: 44.51 (%37.6 üstte)
HDFGS,0.97,-34.84,24.52,0.0,-0.83,⚠️ Yükseliş Trendinde Düzeltme (SSL Negatif),🔴 SAT,-,🟢 POTANSİYEL DİP,🔴 Düşüş Trendinde,-,-,🚨Fiyat Bandın Altında!,⚪ Yelpaze Açık,-25.65,EMA5 Direnç: 1.49 (%53.5 üstte)
HEDEF,8.54,-76.18,33.85,0.0,-0.8,⚠️ Yükseliş Trendinde Düzeltme (SSL Negatif),🔴 SAT,-,-,🔴 Düşüş Trendinde,-,-,⚪Fiyat Alt_Orta Bant Aralığında,⚪ Yelpaze Açık,0,EMA5 Direnç: 35.86 (%319.9 üstte)
HEKTS,2.16,-9.54,32.51,0.0,-0.91,🔴 Ayı Piyasası (EMA 50 En Altta),🔴 SAT,🟢 POTANSİYEL DİP (0 Altı - Hacimsiz),-,🔴 Düşüş Trendinde,-,30.60-32.94 (%1316.7 üstte),⚪Fiyat Alt_Orta Bant Aralığında,⚪ Yelpaze Açık,0,EMA5 Direnç: 2.39 (%10.5 üstte)
HKTM,9.91,-10.52,39.25,12.14,0.14,🔴 Ayı Piyasası (EMA 50 En Altta),🔴 SAT,-,-,🔴 Düşüş Trendinde,-,17.85-20.34 (%80.1 üstte),⚪Fiyat Alt_Orta Bant Aralığında,⚪ Yelpaze Açık,0,EMA5 Direnç: 11.08 (%11.8 üstte)
HLGYO,4.12,35.87,39.04,3.55,-0.88,⚠️ Yükseliş Trendinde Düzeltme (SSL Negatif),🔴 SAT,-,-,🔴 Düşüş Trendinde,0.69-0.78 (%81.0 altta),-,⚪Fiyat Alt_Orta Bant Aralığında,⚪ Yelpaze Açık,0,EMA100 Destek: 3.83 (%7.0 altta) | EMA5 Direnç: 4.23 (%2.7 üstte)
HOROZ,43.44,999,34.14,2.19,-0.74,-,🔴 SAT,-,🟢 POTANSİYEL DİP,🔴 Düşüş Trendinde,-,-,🚨Fiyat Bandın Altında!,⚪ Yelpaze Açık,-4.04,EMA5 Direnç: 49.68 (%14.4 üstte)
HRKET,8.44,999,64.4,69.6,0.15,-,🟢 AL (Trend Onaylı),-,-,🔴 Düşüş Trendinde,4.22-4.61 (%45.3 altta),-,🟡Fiyat Orta-Üst Bant Aralığında,⚪ Yelpaze Açık,0,EMA5 Destek: 7.49 (%11.3 altta)
HTTBT,34.2,11.83,40.44,31.5,-0.81,⚠️ Yükseliş Trendinde Düzeltme (SSL Negatif),⏳ BEKLE,🚀 KUSURSUZ DÖNÜŞ (0 Altı + Hacim),-,🔴 Düşüş Trendinde,-,44.10-46.50 (%28.9 üstte),⚪Fiyat Alt_Orta Bant Aralığında,⚪ Yelpaze Açık,0,EMA5 Destek: 33.57 (%1.8 altta) | EMA21 Direnç: 36.91 (%7.9 üstte)
HUBVC,1.56,-18.14,27.72,0.0,-0.9,⚠️ Yükseliş Trendinde Düzeltme (SSL Negatif),🔴 SAT,-,🟢 POTANSİYEL DİP,🔴 Düşüş Trendinde,1.53-1.70 (fiyat bandın içinde!),-,🚨Fiyat Bandın Altında!,⚪ Yelpaze Açık,-4.76,EMA5 Direnç: 1.91 (%22.2 üstte)
HUNER,4.53,22.88,65.2,83.19,0.7,🔴 Ayı Piyasası (EMA 50 En Altta),🟢 AL (Trend Onaylı),-,-,🟢 Yükseliş Trendinde,2.93-3.10 (%31.6 altta),4.38-5.04 (fiyat bandın içinde!),🚨Fiyat Bandın Üzerinde!,🟠 Daralıyor,3.1,EMA5 Destek: 4.21 (%7.1 altta)
HURGZ,5.3,1.01,38.74,4.1,-0.06,⚠️ Yükseliş Trendinde Düzeltme (SSL Negatif),🔴 SAT,-,-,🩸 SAT (Trend Kırıldı),4.05-5.14 (%3.0 altta),-,🚨Fiyat Bandın Altında!,⚪ Yelpaze Açık,-5.23,EMA200 Destek: 5.25 (%1.0 altta) | EMA100 Direnç: 6.15 (%16.0 üstte)
ICBCT,15.51,13.55,38.46,0.0,-0.82,⚠️ Yükseliş Trendinde Düzeltme (SSL Negatif),🔴 SAT,-,-,🔴 Düşüş Trendinde,11.92-14.92 (%3.8 altta),-,🚨Fiyat Bandın Altında!,⚪ Yelpaze Açık,-2.46,EMA200 Destek: 13.66 (%11.9 altta) | EMA100 Direnç: 16.30 (%5.1 üstte)
ICUGS,1.25,-51.31,22.94,0.0,-0.87,⚠️ Yükseliş Trendinde Düzeltme (SSL Negatif),🔴 SAT,-,🟢 POTANSİYEL DİP,🔴 Düşüş Trendinde,-,-,🚨Fiyat Bandın Altında!,⚪ Yelpaze Açık,-40.02,EMA5 Direnç: 2.57 (%105.4 üstte)
IDGYO,2.12,-17.03,31.44,0.0,-0.98,"📉 Düşüş Hazırlığı (50<100 Kesti, 150 Bekleniyor)",🔴 SAT,-,-,🔴 Düşüş Trendinde,2.09-2.57 (fiyat bandın içinde!),6.40-7.35 (%201.9 üstte),⚪Fiyat Alt_Orta Bant Aralığında,⚪ Yelpaze Açık,0,EMA5 Direnç: 2.56 (%20.5 üstte)
IEYHO,58.7,22.63,31.37,0.0,-0.22,⚠️ Yükseliş Trendinde Düzeltme (SSL Negatif),🔴 SAT,-,🟢 POTANSİYEL DİP,🔴 Düşüş Trendinde,0.71-0.75 (%98.7 altta),-,🚨Fiyat Bandın Altında!,⚪ Yelpaze Açık,-20.1,EMA200 Destek: 47.87 (%18.5 altta) | EMA100 Direnç: 78.33 (%33.4 üstte)
IHAAS,16.91,-49.09,28.66,0.0,-0.8,⚠️ Yükseliş Trendinde Düzeltme (SSL Negatif),🔴 SAT,-,🟢 POTANSİYEL DİP,🔴 Düşüş Trendinde,12.87-13.78 (%18.5 altta),-,🚨Fiyat Bandın Altında!,⚪ Yelpaze Açık,-10.85,EMA5 Direnç: 33.22 (%96.4 üstte)
IHEVA,1.66,-6.55,26.35,0.0,-0.81,🔴 Ayı Piyasası (EMA 50 En Altta),🔴 SAT,-,🟢 POTANSİYEL DİP,🔴 Düşüş Trendinde,-,2.17-2.34 (%30.7 üstte),🚨Fiyat Bandın Altında!,🟡 Normal Genişlik,-3.14,EMA5 Direnç: 1.78 (%7.0 üstte)
IHGZT,0.95,-10.62,26.76,13.47,-0.86,"📉 Düşüş Hazırlığı (50<100 Kesti, 150 Bekleniyor)",🔴 SAT,-,🟢 POTANSİYEL DİP,🔴 Düşüş Trendinde,0.62-0.66 (%30.5 altta),1.82-2.14 (%91.6 üstte),🚨Fiyat Bandın Altında!,⚪ Yelpaze Açık,-3.84,EMA5 Direnç: 1.06 (%11.9 üstte)
IHLAS,0.88,-9.77,27.6,36.0,-0.69,🔴 Ayı Piyasası (EMA 50 En Altta),🔴 SAT,-,-,🔴 Düşüş Trendinde,-,2.25-2.56 (%155.7 üstte),⚪Fiyat Alt_Orta Bant Aralığında,⚪ Yelpaze Açık,0,EMA5 Direnç: 0.98 (%10.8 üstte)
IHLGM,1.2,-12.56,25.87,0.0,-0.85,"📉 Düşüş Hazırlığı (50<100 Kesti, 150 Bekleniyor)",🔴 SAT,-,🟢 POTANSİYEL DİP,🔴 Düşüş Trendinde,-,-,🚨Fiyat Bandın Altında!,⚪ Yelpaze Açık,-3.97,EMA5 Direnç: 1.37 (%14.4 üstte)
IHYAY,1.04,-6.27,21.7,0.0,-0.94,🔴 Ayı Piyasası (EMA 50 En Altta),🔴 SAT,-,-,🔴 Düşüş Trendinde,-,4.67-5.23 (%349.0 üstte),⚪Fiyat Alt_Orta Bant Aralığında,⚪ Yelpaze Açık,0,EMA5 Direnç: 1.11 (%6.7 üstte)
IMASM,1.63,-13.29,21.87,0.98,-0.96,🔴 Ayı Piyasası (EMA 50 En Altta),🔴 SAT,🟢 POTANSİYEL DİP (0 Altı - Hacimsiz),-,🔴 Düşüş Trendinde,-,-,⚪Fiyat Alt_Orta Bant Aralığında,⚪ Yelpaze Açık,0,EMA5 Direnç: 1.88 (%15.3 üstte)
INDES,11.61,60.15,58.19,20.08,0.3,⚠️ Yükseliş Trendinde Düzeltme (SSL Negatif),⏳ BEKLE,-,-,🟢 Yükseliş Trendinde,5.94-6.20 (%46.6 altta),-,🟡Fiyat Orta-Üst Bant Aralığında,🚨 BB SIKIŞMA,0,EMA5 Destek: 11.20 (%3.6 altta)
INFO,0.96,-40.14,32.68,0.0,-0.81,⚠️ Yükseliş Trendinde Düzeltme (SSL Negatif),🔴 SAT,-,-,🔴 Düşüş Trendinde,-,-,⚪Fiyat Alt_Orta Bant Aralığında,⚪ Yelpaze Açık,0,EMA200 Direnç: 1.60 (%67.1 üstte)
INGRM,313.25,-6.88,34.35,0.0,-0.86,"📉 Düşüş Hazırlığı (50<100 Kesti, 150 Bekleniyor)",🔴 SAT,-,🟢 POTANSİYEL DİP,🔴 Düşüş Trendinde,-,529.50-592.50 (%69.0 üstte),🚨Fiyat Bandın Altında!,⚪ Yelpaze Açık,-0.54,EMA5 Direnç: 336.39 (%7.4 üstte)
INTEK,182.0,-11.01,37.09,1.77,-0.74,🔴 Ayı Piyasası (EMA 50 En Altta),🔴 SAT,-,-,🔴 Düşüş Trendinde,-,431.25-463.00 (%137.0 üstte),⚪Fiyat Alt_Orta Bant Aralığında,⚪ Yelpaze Açık,0,EMA5 Direnç: 204.51 (%12.4 üstte)
INTEM,200.1,-6.17,32.34,0.0,-0.82,⚠️ Yükseliş Trendinde Düzeltme (SSL Negatif),🔴 SAT,-,🟢 POTANSİYEL DİP,🔴 Düşüş Trendinde,-,-,🚨Fiyat Bandın Altında!,⚪ Yelpaze Açık,-4.86,EMA200 Direnç: 213.25 (%6.6 üstte)
INVEO,5.6,-10.03,30.33,0.0,-0.94,"📉 Düşüş Hazırlığı (50<100 Kesti, 150 Bekleniyor)",🔴 SAT,-,🟢 POTANSİYEL DİP,🔴 Düşüş Trendinde,-,9.19-10.25 (%64.1 üstte),🚨Fiyat Bandın Altında!,⚪ Yelpaze Açık,-2.2,EMA5 Direnç: 6.22 (%11.1 üstte)
INVES,695.0,999,54.01,15.88,0.55,-,🔴 SAT,-,-,🟢 Yükseliş Trendinde,183.50-210.00 (%69.8 altta),-,⚪Fiyat Alt_Orta Bant Aralığında,🟠 Daralıyor,0,EMA21 Destek: 688.07 (%1.0 altta) | EMA5 Direnç: 737.39 (%6.1 üstte)
ISATR,4950000.0,46.63,5.39,33.33,,🟢 EMA Yükselişte (SSL Ok Bekleniyor),⏳ BEKLE,-,🟢 POTANSİYEL DİP,🔴 Düşüş Trendinde,300995.94-307995.84 (%93.8 altta),-,🚨Fiyat Bandın Altında!,🚨 BB SIKIŞMA,0.0,EMA5 Destek: 4950000.00 (%0.0 altta) | EMA21 Direnç: 4953160.97 (%0.1 üstte)
ISBIR,61.75,-4.79,36.48,13.51,-0.41,🔴 Ayı Piyasası (EMA 50 En Altta),🔴 SAT,-,-,🔴 Düşüş Trendinde,-,115.80-129.99 (%87.5 üstte),⚪Fiyat Alt_Orta Bant Aralığında,🟠 Daralıyor,0,EMA5 Direnç: 64.86 (%5.0 üstte)
ISBTR,425000.0,15.21,43.47,0.0,-0.63,⚠️ Yükseliş Trendinde Düzeltme (SSL Negatif),🔴 SAT,-,-,🟢 Yükseliş Trendinde,4271.97-43898.61 (%89.7 altta),-,⚪Fiyat Alt_Orta Bant Aralığında,⚪ Yelpaze Açık,0,EMA200 Destek: 368884.94 (%13.2 altta) | EMA5 Direnç: 454190.66 (%6.9 üstte)
ISCTR,12.45,22.13,42.75,37.46,-0.35,⚠️ Yükseliş Trendinde Düzeltme (SSL Negatif),🔴 SAT,🔴 ZAYIFLAMA (Zaten Dipte),-,🔴 Düşüş Trendinde,10.65-11.73 (%5.8 altta),-,⚪Fiyat Alt_Orta Bant Aralığında,🚨 BB SIKIŞMA,0,EMA200 Destek: 10.19 (%18.1 altta) | EMA100 Direnç: 12.82 (%3.0 üstte)
ISDMR,60.95,64.53,63.45,77.82,0.59,🟢 EMA Yükselişte (SSL Ok Bekleniyor),🟢 AL (Trend Onaylı),-,-,🟢 Yükseliş Trendinde,32.77-33.83 (%44.5 altta),-,🟡Fiyat Orta-Üst Bant Aralığında,⚪ Yelpaze Açık,0,EMA5 Destek: 60.30 (%1.1 altta)
ISFIN,17.3,25.33,34.63,0.0,-0.67,⚠️ Yükseliş Trendinde Düzeltme (SSL Negatif),🔴 SAT,-,🟢 POTANSİYEL DİP,🟢 Yükseliş Trendinde,-,-,🚨Fiyat Bandın Altında!,🚨 BB SIKIŞMA,-3.39,EMA100 Destek: 17.14 (%0.9 altta) | EMA5 Direnç: 18.30 (%5.8 üstte)
ISGSY,12.96,37.39,35.26,0.0,-0.92,⚠️ Yükseliş Trendinde Düzeltme (SSL Negatif),🔴 SAT,-,-,🔴 Düşüş Trendinde,3.38-3.88 (%70.0 altta),-,⚪Fiyat Alt_Orta Bant Aralığında,⚪ Yelpaze Açık,0,EMA200 Destek: 9.43 (%27.2 altta) | EMA100 Direnç: 13.27 (%2.4 üstte)
ISGYO,23.6,33.52,49.3,4.68,-0.57,⚠️ Yükseliş Trendinde Düzeltme (SSL Negatif),🔴 SAT,-,-,🟢 Yükseliş Trendinde,17.74-19.47 (%17.5 altta),-,⚪Fiyat Alt_Orta Bant Aralığında,⚪ Yelpaze Açık,0,EMA55 Destek: 22.34 (%5.3 altta) | EMA5 Direnç: 24.03 (%1.8 üstte)
ISKPL,3.32,-31.5,33.21,0.0,-0.57,⚠️ Yükseliş Trendinde Düzeltme (SSL Negatif),🔴 SAT,-,-,🔴 Düşüş Trendinde,-,-,⚪Fiyat Alt_Orta Bant Aralığında,⚪ Yelpaze Açık,0,EMA5 Direnç: 4.85 (%46.0 üstte)
ISKUR,4125000.0,999,,,,-,-,-,-,-,-,-,-,-,-,-
ISMEN,30.14,7.46,32.61,19.18,-0.72,⚠️ Yükseliş Trendinde Düzeltme (SSL Negatif),🔴 SAT,-,🟢 POTANSİYEL DİP,🔴 Düşüş Trendinde,-,-,🚨Fiyat Bandın Altında!,🟠 Daralıyor,-2.24,EMA200 Destek: 28.05 (%6.9 altta) | EMA5 Direnç: 32.33 (%7.3 üstte)
ISSEN,5.62,-7.18,27.77,7.08,-0.81,🔴 Ayı Piyasası (EMA 50 En Altta),🔴 SAT,🟢 POTANSİYEL DİP (0 Altı - Hacimsiz),-,🔴 Düşüş Trendinde,-,22.03-29.24 (%292.0 üstte),⚪Fiyat Alt_Orta Bant Aralığında,⚪ Yelpaze Açık,0,EMA5 Direnç: 6.05 (%7.7 üstte)
ISVEA,24.8,999,,,,-,🔴 SAT,-,-,🩸 SAT (Trend Kırıldı),-,-,-,-,-,EMA5 Direnç: 52.24 (%110.6 üstte)
ISYAT,6.76,-4.36,31.06,6.05,-0.93,"📉 Düşüş Hazırlığı (50<100 Kesti, 150 Bekleniyor)",🔴 SAT,-,🟢 POTANSİYEL DİP,🔴 Düşüş Trendinde,-,9.40-11.20 (%39.1 üstte),🚨Fiyat Bandın Altında!,⚪ Yelpaze Açık,-1.19,EMA5 Direnç: 7.07 (%4.6 üstte)
IZENR,3.94,999,27.03,0.0,-0.88,⚠️ Yükseliş Trendinde Düzeltme (SSL Negatif),🔴 SAT,-,🟢 POTANSİYEL DİP,🔴 Düşüş Trendinde,-,-,🚨Fiyat Bandın Altında!,⚪ Yelpaze Açık,-6.61,EMA5 Direnç: 5.25 (%33.2 üstte)
IZFAS,13.0,-52.83,26.22,0.0,-0.81,⚠️ Yükseliş Trendinde Düzeltme (SSL Negatif),🔴 SAT,-,🟢 POTANSİYEL DİP,🔴 Düşüş Trendinde,-,-,🚨Fiyat Bandın Altında!,⚪ Yelpaze Açık,-51.29,EMA200 Direnç: 27.56 (%112.0 üstte)
IZINV,31.7,-19.07,23.24,0.0,-0.94,⚠️ Yükseliş Trendinde Düzeltme (SSL Negatif),🔴 SAT,🟢 POTANSİYEL DİP (0 Altı - Hacimsiz),🚀 KUSURSUZ DİP,🔴 Düşüş Trendinde,15.75-16.90 (%46.7 altta),-,🚨Fiyat Bandın Altında!,⚪ Yelpaze Açık,-7.98,EMA5 Direnç: 39.17 (%23.6 üstte)
IZMDC,6.75,5.43,40.02,0.0,-0.4,⚠️ Yükseliş Trendinde Düzeltme (SSL Negatif),🔴 SAT,-,-,🔴 Düşüş Trendinde,4.50-5.48 (%18.8 altta),-,⚪Fiyat Alt_Orta Bant Aralığında,⚪ Yelpaze Açık,0,EMA200 Destek: 6.40 (%5.2 altta) | EMA100 Direnç: 7.46 (%10.5 üstte)
JANTS,13.81,-6.41,35.83,28.55,-0.56,🔴 Ayı Piyasası (EMA 50 En Altta),🔴 SAT,-,-,🔴 Düşüş Trendinde,-,26.24-29.46 (%90.0 üstte),🚨Fiyat Bandın Altında!,🟠 Daralıyor,-0.7,EMA5 Direnç: 14.76 (%6.8 üstte)
KAPLM,140.9,-41.12,23.0,0.0,-0.89,⚠️ Yükseliş Trendinde Düzeltme (SSL Negatif),🔴 SAT,🚀 KUSURSUZ DÖNÜŞ (0 Altı + Hacim),🚀 KUSURSUZ DİP,🔴 Düşüş Trendinde,-,-,🚨Fiyat Bandın Altında!,⚪ Yelpaze Açık,-18.97,EMA5 Direnç: 239.30 (%69.8 üstte)
KAREL,6.32,-9.28,32.91,1.43,-0.94,"📉 Düşüş Hazırlığı (50<100 Kesti, 150 Bekleniyor)",🔴 SAT,🟢 POTANSİYEL DİP (0 Altı - Hacimsiz),-,🔴 Düşüş Trendinde,-,15.00-17.48 (%137.3 üstte),⚪Fiyat Alt_Orta Bant Aralığında,⚪ Yelpaze Açık,0,EMA5 Direnç: 6.97 (%10.2 üstte)
KARSN,9.23,-9.33,43.42,21.43,-0.24,"📉 Düşüş Hazırlığı (50<100 Kesti, 150 Bekleniyor)",🔴 SAT,-,-,🔴 Düşüş Trendinde,-,-,⚪Fiyat Alt_Orta Bant Aralığında,⚪ Yelpaze Açık,0,EMA5 Direnç: 10.18 (%10.3 üstte)
KARTN,88.2,-7.56,35.46,0.0,-0.8,⚠️ Yükseliş Trendinde Düzeltme (SSL Negatif),🔴 SAT,-,-,🔴 Düşüş Trendinde,63.05-68.70 (%22.1 altta),-,⚪Fiyat Alt_Orta Bant Aralığında,⚪ Yelpaze Açık,0,EMA200 Direnç: 95.42 (%8.2 üstte)
KATMR,1.57,-8.17,24.81,0.0,-0.97,"📉 Düşüş Hazırlığı (50<100 Kesti, 150 Bekleniyor)",🔴 SAT,🚀 KUSURSUZ DÖNÜŞ (0 Altı + Hacim),-,🔴 Düşüş Trendinde,1.47-1.62 (fiyat bandın içinde!),-,⚪Fiyat Alt_Orta Bant Aralığında,⚪ Yelpaze Açık,0,EMA5 Direnç: 1.71 (%8.9 üstte)
KAYSE,3.07,999,28.07,0.0,-0.75,🔴 Ayı Piyasası (EMA 50 En Altta),🔴 SAT,-,🟢 POTANSİYEL DİP,🔴 Düşüş Trendinde,-,-,🚨Fiyat Bandın Altında!,⚪ Yelpaze Açık,-6.07,EMA5 Direnç: 3.50 (%13.9 üstte)
KBORU,12.35,999,30.32,1.79,-0.93,-,🔴 SAT,-,🟢 POTANSİYEL DİP,🔴 Düşüş Trendinde,-,76.07-89.10 (%515.9 üstte),🚨Fiyat Bandın Altında!,⚪ Yelpaze Açık,-4.45,EMA5 Direnç: 15.01 (%21.6 üstte)
KCAER,10.5,-13.25,35.29,0.0,-0.55,⚠️ Yükseliş Trendinde Düzeltme (SSL Negatif),🔴 SAT,-,-,🔴 Düşüş Trendinde,10.48-11.57 (fiyat bandın içinde!),-,🚨Fiyat Bandın Altında!,⚪ Yelpaze Açık,-2.65,EMA5 Direnç: 12.10 (%15.3 üstte)
KCHOL,206.8,42.85,52.5,39.93,0.79,⚠️ Yükseliş Trendinde Düzeltme (SSL Negatif),🔴 SAT,-,-,🟢 Yükseliş Trendinde,145.08-157.70 (%23.7 altta),-,🟡Fiyat Orta-Üst Bant Aralığında,🟡 Normal Genişlik,0,EMA21 Destek: 205.34 (%0.7 altta) | EMA5 Direnç: 212.91 (%3.0 üstte)
KENT,295.5,-6.79,34.02,47.82,-0.48,🔴 Ayı Piyasası (EMA 50 En Altta),🔴 SAT,-,-,🟢 Yükseliş Trendinde,-,816.00-1145.00 (%176.1 üstte),⚪Fiyat Alt_Orta Bant Aralığında,🟡 Normal Genişlik,0,EMA5 Direnç: 317.02 (%7.3 üstte)
KERVN,8.0,172.87,53.83,7.99,0.31,⚠️ Yükseliş Trendinde Düzeltme (SSL Negatif),🔴 SAT,-,-,🔴 Düşüş Trendinde,1.83-1.90 (%76.3 altta),-,🟡Fiyat Orta-Üst Bant Aralığında,⚪ Yelpaze Açık,0,EMA21 Destek: 7.57 (%5.3 altta) | EMA5 Direnç: 8.31 (%3.9 üstte)
KFEIN,6.26,-8.97,27.97,0.0,-0.9,"📉 Düşüş Hazırlığı (50<100 Kesti, 150 Bekleniyor)",🔴 SAT,🟢 POTANSİYEL DİP (0 Altı - Hacimsiz),-,🔴 Düşüş Trendinde,-,-,⚪Fiyat Alt_Orta Bant Aralığında,⚪ Yelpaze Açık,0,EMA5 Direnç: 6.88 (%9.8 üstte)
KGYO,9.45,131.71,46.82,29.98,0.19,⚠️ Yükseliş Trendinde Düzeltme (SSL Negatif),🔴 SAT,-,-,🟢 Yükseliş Trendinde,-,-,⚪Fiyat Alt_Orta Bant Aralığında,⚪ Yelpaze Açık,0,EMA55 Destek: 8.59 (%9.1 altta) | EMA5 Direnç: 10.33 (%9.3 üstte)
KIMMR,11.15,4.21,28.1,0.6,-0.96,⚠️ Yükseliş Trendinde Düzeltme (SSL Negatif),🔴 SAT,🟢 POTANSİYEL DİP (0 Altı - Hacimsiz),-,🔴 Düşüş Trendinde,-,-,⚪Fiyat Alt_Orta Bant Aralığında,⚪ Yelpaze Açık,0,EMA200 Destek: 10.70 (%4.0 altta) | EMA5 Direnç: 11.78 (%5.6 üstte)
KLGYO,4.2,-1.2,40.38,21.31,-0.65,⚠️ Yükseliş Trendinde Düzeltme (SSL Negatif),🔴 SAT,-,-,🔴 Düşüş Trendinde,-,-,⚪Fiyat Alt_Orta Bant Aralığında,🟡 Normal Genişlik,0,EMA5 Direnç: 4.25 (%1.2 üstte)
KLKIM,22.7,-5.51,30.92,8.03,-0.74,⚠️ Yükseliş Trendinde Düzeltme (SSL Negatif),🔴 SAT,-,-,🔴 Düşüş Trendinde,-,-,⚪Fiyat Alt_Orta Bant Aralığında,⚪ Yelpaze Açık,0,EMA5 Direnç: 24.02 (%5.8 üstte)
KLMSN,21.78,-10.28,29.88,0.0,-0.87,⚠️ Yükseliş Trendinde Düzeltme (SSL Negatif),🔴 SAT,-,🟢 POTANSİYEL DİP,🔴 Düşüş Trendinde,-,-,🚨Fiyat Bandın Altında!,⚪ Yelpaze Açık,-3.9,EMA5 Direnç: 24.28 (%11.5 üstte)
KLNMA,7.49,-9.2,31.61,0.0,-0.9,🔴 Ayı Piyasası (EMA 50 En Altta),🔴 SAT,-,🟢 POTANSİYEL DİP,🩸 SAT (Trend Kırıldı),-,28.10-38.52 (%275.2 üstte),🚨Fiyat Bandın Altında!,🟠 Daralıyor,-6.08,EMA5 Direnç: 8.25 (%10.1 üstte)
KLRHO,11.27,999,28.23,0.0,-0.89,-,🔴 SAT,-,🟢 POTANSİYEL DİP,🔴 Düşüş Trendinde,-,-,🚨Fiyat Bandın Altında!,⚪ Yelpaze Açık,-51.44,EMA5 Direnç: 32.95 (%192.4 üstte)
KLSER,19.14,999,24.73,0.0,-0.9,🔴 Ayı Piyasası (EMA 50 En Altta),🔴 SAT,-,🟢 POTANSİYEL DİP,🔴 Düşüş Trendinde,-,-,🚨Fiyat Bandın Altında!,⚪ Yelpaze Açık,-2.33,EMA5 Direnç: 20.95 (%9.5 üstte)
KLSYN,14.53,103.93,54.61,11.9,0.28,⚠️ Yükseliş Trendinde Düzeltme (SSL Negatif),🔴 SAT,-,-,🟢 Yükseliş Trendinde,-,-,🟡Fiyat Orta-Üst Bant Aralığında,⚪ Yelpaze Açık,0,EMA21 Destek: 13.81 (%4.9 altta) | EMA5 Direnç: 14.83 (%2.1 üstte)
KLYPV,53.85,999,39.52,2.43,-0.5,-,🔴 SAT,-,-,🔴 Düşüş Trendinde,-,-,🚨Fiyat Bandın Altında!,-,-0.57,EMA5 Direnç: 56.47 (%4.9 üstte)
KMPUR,14.61,-10.82,37.9,0.0,-0.55,🔴 Ayı Piyasası (EMA 50 En Altta),🔴 SAT,-,-,🔴 Düşüş Trendinde,13.04-14.12 (%3.4 altta),31.59-34.44 (%116.3 üstte),🚨Fiyat Bandın Altında!,⚪ Yelpaze Açık,-2.63,EMA5 Direnç: 16.38 (%12.1 üstte)
KNFRT,12.35,18.33,51.06,33.78,-0.19,⚠️ Yükseliş Trendinde Düzeltme (SSL Negatif),⏳ BEKLE,🟢 POTANSİYEL DİP (0 Altı - Hacimsiz),-,🟢 Yükseliş Trendinde,9.51-11.17 (%9.6 altta),-,⚪Fiyat Alt_Orta Bant Aralığında,🟡 Normal Genişlik,0,EMA100 Destek: 12.14 (%1.7 altta) | EMA55 Direnç: 12.38 (%0.2 üstte)
KOCMT,2.68,999,40.47,0.0,-0.56,-,🔴 SAT,-,-,🔴 Düşüş Trendinde,2.36-2.68 (fiyat bandın içinde!),-,⚪Fiyat Alt_Orta Bant Aralığında,⚪ Yelpaze Açık,0,EMA100 Direnç: 3.13 (%16.6 üstte)
KONKA,8.2,-5.33,31.08,8.11,-0.96,🔴 Ayı Piyasası (EMA 50 En Altta),⏳ BEKLE,🚀 KUSURSUZ DÖNÜŞ (0 Altı + Hacim),-,🔴 Düşüş Trendinde,-,-,⚪Fiyat Alt_Orta Bant Aralığında,⚪ Yelpaze Açık,0,EMA5 Direnç: 8.66 (%5.6 üstte)
KONTR,2.34,-16.78,29.13,16.41,-0.83,🔴 Ayı Piyasası (EMA 50 En Altta),🔴 SAT,-,-,🔴 Düşüş Trendinde,-,52.99-67.62 (%2164.3 üstte),⚪Fiyat Alt_Orta Bant Aralığında,⚪ Yelpaze Açık,0,EMA5 Direnç: 2.81 (%20.2 üstte)
KONYA,3560.0,-5.69,41.41,34.08,-0.22,🩸 ASIL SİNYAL: GÜÇLÜ SAT (EMA Çöktü + SSL Onay),🔴 SAT,🔴 ZAYIFLAMA (Zaten Dipte),-,🟢 Yükseliş Trendinde,-,-,⚪Fiyat Alt_Orta Bant Aralığında,🚨 BB SIKIŞMA,0,EMA5 Direnç: 3774.85 (%6.0 üstte)
KOPOL,3.25,999,28.22,0.0,-0.88,🔴 Ayı Piyasası (EMA 50 En Altta),🔴 SAT,-,🟢 POTANSİYEL DİP,🔴 Düşüş Trendinde,-,7.03-9.10 (%116.2 üstte),🚨Fiyat Bandın Altında!,⚪ Yelpaze Açık,-8.08,EMA5 Direnç: 4.00 (%23.1 üstte)
KORDS,3.04,-11.19,41.0,0.0,-0.33,⚠️ Yükseliş Trendinde Düzeltme (SSL Negatif),🔴 SAT,-,-,🔴 Düşüş Trendinde,2.66-2.94 (%3.3 altta),4.99-5.39 (%64.0 üstte),⚪Fiyat Alt_Orta Bant Aralığında,⚪ Yelpaze Açık,0,EMA5 Direnç: 3.42 (%12.6 üstte)
KOTON,10.06,999,24.45,0.0,-0.92,-,🔴 SAT,-,🟢 POTANSİYEL DİP,🔴 Düşüş Trendinde,-,20.20-21.76 (%100.8 üstte),🚨Fiyat Bandın Altında!,⚪ Yelpaze Açık,-3.19,EMA5 Direnç: 11.15 (%10.8 üstte)
KRDMA,39.2,43.72,46.55,0.0,0.36,⚠️ Yükseliş Trendinde Düzeltme (SSL Negatif),🔴 SAT,-,-,🩸 SAT (Trend Kırıldı),17.05-18.33 (%53.2 altta),-,⚪Fiyat Alt_Orta Bant Aralığında,⚪ Yelpaze Açık,0,EMA55 Destek: 38.05 (%2.9 altta) | EMA21 Direnç: 43.26 (%10.4 üstte)
KRDMB,65.65,58.32,32.59,0.0,-0.89,⚠️ Yükseliş Trendinde Düzeltme (SSL Negatif),🔴 SAT,-,🟢 POTANSİYEL DİP,🔴 Düşüş Trendinde,21.40-24.24 (%63.1 altta),-,🚨Fiyat Bandın Altında!,⚪ Yelpaze Açık,-10.22,EMA100 Destek: 60.28 (%8.2 altta) | EMA55 Direnç: 78.94 (%20.3 üstte)
KRDMD,43.28,59.93,55.54,24.34,0.75,⚠️ Yükseliş Trendinde Düzeltme (SSL Negatif),⏳ BEKLE,🩸 SAT (Zirveden Dönüş),-,🟢 Yükseliş Trendinde,23.50-26.00 (%39.9 altta),-,🟡Fiyat Orta-Üst Bant Aralığında,🟠 Daralıyor,0,EMA21 Destek: 41.61 (%3.9 altta) | EMA5 Direnç: 44.55 (%2.9 üstte)
KRGYO,3.38,14.59,57.23,60.51,0.8,🔴 Ayı Piyasası (EMA 50 En Altta),⏳ BEKLE,-,-,🟢 Yükseliş Trendinde,-,-,🟡Fiyat Orta-Üst Bant Aralığında,⚪ Yelpaze Açık,0,EMA5 Destek: 3.20 (%5.4 altta) | EMA55 Direnç: 3.51 (%3.7 üstte)
KRONT,21.14,64.0,48.94,7.63,-0.56,⚠️ Yükseliş Trendinde Düzeltme (SSL Negatif),🔴 SAT,-,-,🟢 Yükseliş Trendinde,7.54-9.28 (%56.1 altta),-,⚪Fiyat Alt_Orta Bant Aralığında,⚪ Yelpaze Açık,0,EMA55 Destek: 19.26 (%8.9 altta) | EMA5 Direnç: 21.37 (%1.1 üstte)
KRPLS,12.16,47.39,63.28,48.93,0.88,🟢 EMA Yükselişte (SSL Ok Bekleniyor),⏳ BEKLE,-,-,🟢 Yükseliş Trendinde,6.12-7.57 (%37.7 altta),-,🟡Fiyat Orta-Üst Bant Aralığında,⚪ Yelpaze Açık,0,EMA5 Destek: 11.78 (%3.2 altta)
KRSTL,7.92,-4.42,30.71,1.15,-0.97,⚠️ Yükseliş Trendinde Düzeltme (SSL Negatif),🔴 SAT,🟢 POTANSİYEL DİP (0 Altı - Hacimsiz),-,🔴 Düşüş Trendinde,5.42-5.80 (%26.8 altta),11.27-12.50 (%42.3 üstte),⚪Fiyat Alt_Orta Bant Aralığında,⚪ Yelpaze Açık,0,EMA5 Direnç: 8.29 (%4.6 üstte)
KRTEK,6.17,-0.39,22.59,27.57,-0.78,🔴 Ayı Piyasası (EMA 50 En Altta),🟢 AL (Trend Onaylı),-,-,🔴 Düşüş Trendinde,-,36.68-41.68 (%494.5 üstte),⚪Fiyat Alt_Orta Bant Aralığında,⚪ Yelpaze Açık,0,EMA5 Direnç: 6.19 (%0.4 üstte)
KRVGD,2.15,-1.77,33.43,11.64,-0.94,⚠️ Yükseliş Trendinde Düzeltme (SSL Negatif),🔴 SAT,-,-,🔴 Düşüş Trendinde,-,-,⚪Fiyat Alt_Orta Bant Aralığında,⚪ Yelpaze Açık,0,EMA5 Direnç: 2.19 (%1.8 üstte)
KSTUR,1900.0,-9.23,28.52,0.0,-0.98,"📉 Düşüş Hazırlığı (50<100 Kesti, 150 Bekleniyor)",🔴 SAT,-,🟢 POTANSİYEL DİP,🔴 Düşüş Trendinde,-,-,🚨Fiyat Bandın Altında!,⚪ Yelpaze Açık,-0.17,EMA5 Direnç: 2093.18 (%10.2 üstte)
KTLEV,8.97,999,33.43,0.0,-0.69,-,🔴 SAT,-,🟢 POTANSİYEL DİP,🔴 Düşüş Trendinde,-,-,🚨Fiyat Bandın Altında!,⚪ Yelpaze Açık,-36.02,EMA100 Direnç: 19.48 (%117.2 üstte)
KTSKR,63.75,-1.82,34.73,2.37,-0.97,⚠️ Yükseliş Trendinde Düzeltme (SSL Negatif),🔴 SAT,🟢 POTANSİYEL DİP (0 Altı - Hacimsiz),-,🔴 Düşüş Trendinde,50.95-56.68 (%11.1 altta),-,⚪Fiyat Alt_Orta Bant Aralığında,⚪ Yelpaze Açık,0,EMA200 Direnç: 64.93 (%1.9 üstte)
KUTPO,67.25,-6.9,25.52,0.0,-0.91,⚠️ Yükseliş Trendinde Düzeltme (SSL Negatif),🔴 SAT,-,🟢 POTANSİYEL DİP,🔴 Düşüş Trendinde,-,95.65-102.70 (%42.2 üstte),🚨Fiyat Bandın Altında!,⚪ Yelpaze Açık,-2.64,EMA5 Direnç: 72.23 (%7.4 üstte)
KUVVA,74.5,-14.86,29.64,0.03,-0.17,⚠️ Yükseliş Trendinde Düzeltme (SSL Negatif),🔴 SAT,-,🟢 POTANSİYEL DİP,🔴 Düşüş Trendinde,-,-,🚨Fiyat Bandın Altında!,⚪ Yelpaze Açık,-23.88,EMA200 Direnç: 87.50 (%17.5 üstte)
KUYAS,21.74,-40.29,24.67,0.0,-0.75,⚠️ Yükseliş Trendinde Düzeltme (SSL Negatif),🔴 SAT,-,🟢 POTANSİYEL DİP,🔴 Düşüş Trendinde,-,-,🚨Fiyat Bandın Altında!,⚪ Yelpaze Açık,-43.16,EMA200 Direnç: 36.41 (%67.5 üstte)
KZBGY,1.44,-9.43,24.72,1.94,-0.95,🔴 Ayı Piyasası (EMA 50 En Altta),🔴 SAT,🟢 POTANSİYEL DİP (0 Altı - Hacimsiz),-,🔴 Düşüş Trendinde,1.25-1.42 (%1.5 altta),-,⚪Fiyat Alt_Orta Bant Aralığında,⚪ Yelpaze Açık,0,EMA5 Direnç: 1.59 (%10.4 üstte)
KZGYO,15.17,999,38.02,13.45,-0.29,🔴 Ayı Piyasası (EMA 50 En Altta),🔴 SAT,-,-,🔴 Düşüş Trendinde,-,-,🚨Fiyat Bandın Altında!,⚪ Yelpaze Açık,-0.05,EMA5 Direnç: 18.49 (%21.9 üstte)
LIDER,7.98,-54.23,25.88,0.0,-0.94,⚠️ Yükseliş Trendinde Düzeltme (SSL Negatif),🔴 SAT,-,-,🔴 Düşüş Trendinde,-,-,⚪Fiyat Alt_Orta Bant Aralığında,⚪ Yelpaze Açık,0,EMA5 Direnç: 17.44 (%118.5 üstte)
LIDFA,1.53,26.39,37.12,0.0,-0.91,⚠️ Yükseliş Trendinde Düzeltme (SSL Negatif),🔴 SAT,-,-,🔴 Düşüş Trendinde,0.85-1.09 (%28.7 altta),-,⚪Fiyat Alt_Orta Bant Aralığında,⚪ Yelpaze Açık,0,EMA200 Destek: 1.21 (%20.9 altta) | EMA100 Direnç: 1.56 (%1.6 üstte)
LILAK,23.84,999,32.39,0.0,-0.9,-,🔴 SAT,-,🟢 POTANSİYEL DİP,🔴 Düşüş Trendinde,19.00-21.07 (%11.6 altta),-,🚨Fiyat Bandın Altında!,⚪ Yelpaze Açık,-1.26,EMA5 Direnç: 26.08 (%9.4 üstte)
LINK,3.9,-12.25,29.47,0.0,-0.95,🔴 Ayı Piyasası (EMA 50 En Altta),🔴 SAT,🟢 POTANSİYEL DİP (0 Altı - Hacimsiz),-,🔴 Düşüş Trendinde,-,15.77-18.76 (%304.3 üstte),⚪Fiyat Alt_Orta Bant Aralığında,⚪ Yelpaze Açık,0,EMA5 Direnç: 4.44 (%14.0 üstte)
LKMNH,11.44,-1.58,30.49,0.0,-0.93,⚠️ Yükseliş Trendinde Düzeltme (SSL Negatif),🔴 SAT,-,🟢 POTANSİYEL DİP,🔴 Düşüş Trendinde,-,-,⚪Fiyat Alt_Orta Bant Aralığında,⚪ Yelpaze Açık,0,EMA200 Direnç: 11.62 (%1.6 üstte)
LMKDC,24.56,999,44.32,76.11,-0.41,-,🔥 GÜÇLÜ AL (Taze Kırılım),-,-,🔴 Düşüş Trendinde,-,-,⚪Fiyat Alt_Orta Bant Aralığında,⚪ Yelpaze Açık,0,EMA5 Destek: 23.70 (%3.5 altta) | EMA21 Direnç: 25.58 (%4.2 üstte)
LOGO,149.6,41.83,57.9,88.27,0.63,🟢 EMA Yükselişte (SSL Ok Bekleniyor),🟢 AL (Trend Onaylı),-,-,🔴 Düşüş Trendinde,-,136.39-157.01 (fiyat bandın içinde!),🟡Fiyat Orta-Üst Bant Aralığında,🚨 BB SIKIŞMA,0,EMA5 Destek: 142.92 (%4.5 altta)
LRSHO,1.89,-11.66,25.02,0.0,-0.95,"📉 Düşüş Hazırlığı (50<100 Kesti, 150 Bekleniyor)",🔴 SAT,🟢 POTANSİYEL DİP (0 Altı - Hacimsiz),-,🔴 Düşüş Trendinde,-,5.66-6.82 (%199.5 üstte),⚪Fiyat Alt_Orta Bant Aralığında,⚪ Yelpaze Açık,0,EMA5 Direnç: 2.14 (%13.2 üstte)
LUKSK,66.0,-9.57,25.3,0.0,-0.97,⚠️ Yükseliş Trendinde Düzeltme (SSL Negatif),🔴 SAT,🟢 POTANSİYEL DİP (0 Altı - Hacimsiz),🚀 KUSURSUZ DİP,🔴 Düşüş Trendinde,-,-,🚨Fiyat Bandın Altında!,⚪ Yelpaze Açık,-0.07,EMA5 Direnç: 72.99 (%10.6 üstte)
LXGYO,7.62,999,33.53,9.35,-0.95,-,⏳ BEKLE,🟢 POTANSİYEL DİP (0 Altı - Hacimsiz),-,🔴 Düşüş Trendinde,-,-,⚪Fiyat Alt_Orta Bant Aralığında,-,0,EMA5 Direnç: 8.09 (%6.2 üstte)
LYDHO,39.02,-54.29,14.75,0.0,-0.88,⚠️ Yükseliş Trendinde Düzeltme (SSL Negatif),🔴 SAT,-,🟢 POTANSİYEL DİP,🔴 Düşüş Trendinde,-,-,🚨Fiyat Bandın Altında!,⚪ Yelpaze Açık,-45.71,EMA5 Direnç: 85.36 (%118.8 üstte)
LYDYE,4285.0,-44.89,16.8,0.0,-0.78,⚠️ Yükseliş Trendinde Düzeltme (SSL Negatif),🔴 SAT,-,🟢 POTANSİYEL DİP,🔴 Düşüş Trendinde,181.30-212.80 (%95.0 altta),12587.50-14907.50 (%193.8 üstte),🚨Fiyat Bandın Altında!,⚪ Yelpaze Açık,-36.29,EMA5 Direnç: 7775.28 (%81.5 üstte)
MAALT,850.5,2.55,37.16,0.0,-0.84,⚠️ Yükseliş Trendinde Düzeltme (SSL Negatif),🔴 SAT,-,-,🔴 Düşüş Trendinde,616.00-651.00 (%23.5 altta),1214.00-1460.00 (%42.7 üstte),⚪Fiyat Alt_Orta Bant Aralığında,⚪ Yelpaze Açık,0,EMA200 Destek: 829.33 (%2.5 altta) | EMA5 Direnç: 928.07 (%9.1 üstte)
MACKO,25.04,999,32.77,0.0,-0.43,⚠️ Yükseliş Trendinde Düzeltme (SSL Negatif),🔴 SAT,-,🟢 POTANSİYEL DİP,🔴 Düşüş Trendinde,13.38-14.47 (%42.2 altta),38.23-42.53 (%52.7 üstte),🚨Fiyat Bandın Altında!,⚪ Yelpaze Açık,-0.86,EMA5 Direnç: 28.26 (%12.8 üstte)
MAGEN,9.53,-53.56,24.9,0.0,-0.67,⚠️ Yükseliş Trendinde Düzeltme (SSL Negatif),🔴 SAT,-,🟢 POTANSİYEL DİP,🔴 Düşüş Trendinde,-,-,🚨Fiyat Bandın Altında!,⚪ Yelpaze Açık,-29.08,EMA200 Direnç: 20.52 (%115.4 üstte)
MAKIM,12.82,-7.5,36.66,14.01,-0.9,🔴 Ayı Piyasası (EMA 50 En Altta),🔴 SAT,-,-,🔴 Düşüş Trendinde,-,24.52-26.38 (%91.3 üstte),🚨Fiyat Bandın Altında!,⚪ Yelpaze Açık,-0.3,EMA5 Direnç: 13.86 (%8.1 üstte)
MAKTK,6.76,-14.44,25.65,0.0,-0.91,⚠️ Yükseliş Trendinde Düzeltme (SSL Negatif),🔴 SAT,-,🟢 POTANSİYEL DİP,🔴 Düşüş Trendinde,5.97-6.31 (%6.7 altta),-,⚪Fiyat Alt_Orta Bant Aralığında,⚪ Yelpaze Açık,0,EMA5 Direnç: 7.90 (%16.9 üstte)
MANAS,8.54,-39.21,31.29,0.0,-0.53,⚠️ Yükseliş Trendinde Düzeltme (SSL Negatif),🔴 SAT,-,🟢 POTANSİYEL DİP,🔴 Düşüş Trendinde,6.35-7.25 (%15.1 altta),-,🚨Fiyat Bandın Altında!,⚪ Yelpaze Açık,-42.53,EMA200 Direnç: 14.05 (%64.5 üstte)
MARBL,9.02,999,27.44,0.0,-0.82,🔴 Ayı Piyasası (EMA 50 En Altta),🔴 SAT,-,🟢 POTANSİYEL DİP,🔴 Düşüş Trendinde,-,-,🚨Fiyat Bandın Altında!,⚪ Yelpaze Açık,-8.06,EMA5 Direnç: 10.31 (%14.3 üstte)
MARKA,43.58,999,,,,-,🔴 SAT,-,-,🟢 Yükseliş Trendinde,-,-,-,-,-,EMA5 Direnç: 61.41 (%40.9 üstte)
MARMR,1.48,999,33.87,0.0,-0.68,-,🔴 SAT,-,🟢 POTANSİYEL DİP,🔴 Düşüş Trendinde,-,-,🚨Fiyat Bandın Altında!,-,-7.74,EMA5 Direnç: 1.75 (%18.4 üstte)
MARTI,1.17,-27.58,39.99,32.97,0.13,🔴 Ayı Piyasası (EMA 50 En Altta),🔴 SAT,-,-,🔴 Düşüş Trendinde,-,2.76-3.05 (%135.9 üstte),⚪Fiyat Alt_Orta Bant Aralığında,⚪ Yelpaze Açık,0,EMA5 Direnç: 1.62 (%38.1 üstte)
MAVI,37.5,22.29,45.13,47.93,-0.73,⚠️ Yükseliş Trendinde Düzeltme (SSL Negatif),⏳ BEKLE,-,-,🔴 Düşüş Trendinde,29.32-36.07 (%3.8 altta),-,⚪Fiyat Alt_Orta Bant Aralığında,🟠 Daralıyor,0,EMA5 Destek: 37.30 (%0.5 altta) | EMA100 Direnç: 38.00 (%1.3 üstte)
MCARD,94.7,999,41.49,1.23,-0.4,-,🔴 SAT,-,-,🔴 Düşüş Trendinde,-,-,🚨Fiyat Bandın Altında!,-,-1.46,EMA5 Direnç: 117.64 (%24.2 üstte)
MEDTR,18.5,-11.11,19.92,0.0,-0.91,🔴 Ayı Piyasası (EMA 50 En Altta),🔴 SAT,-,🟢 POTANSİYEL DİP,🔴 Düşüş Trendinde,-,49.97-54.31 (%170.1 üstte),🚨Fiyat Bandın Altında!,⚪ Yelpaze Açık,-3.46,EMA5 Direnç: 20.81 (%12.5 üstte)
MEGAP,1.25,-13.07,20.69,0.0,-0.96,🔴 Ayı Piyasası (EMA 50 En Altta),🔴 SAT,-,-,🔴 Düşüş Trendinde,-,4.50-5.00 (%260.0 üstte),⚪Fiyat Alt_Orta Bant Aralığında,⚪ Yelpaze Açık,0,EMA5 Direnç: 1.44 (%15.0 üstte)
MEGMT,3.88,999,31.65,3.81,-0.92,-,🔴 SAT,🟢 POTANSİYEL DİP (0 Altı - Hacimsiz),-,🔴 Düşüş Trendinde,2.62-2.86 (%26.2 altta),-,⚪Fiyat Alt_Orta Bant Aralığında,⚪ Yelpaze Açık,0,EMA5 Direnç: 4.24 (%9.3 üstte)
MEKAG,2.05,999,24.17,0.0,-0.9,🔴 Ayı Piyasası (EMA 50 En Altta),🔴 SAT,-,🟢 POTANSİYEL DİP,🔴 Düşüş Trendinde,-,-,🚨Fiyat Bandın Altında!,⚪ Yelpaze Açık,-0.19,EMA5 Direnç: 2.42 (%17.8 üstte)
MEPET,21.18,62.78,50.19,67.73,-0.08,⚠️ Yükseliş Trendinde Düzeltme (SSL Negatif),🟢 AL (Trend Onaylı),-,-,🔴 Düşüş Trendinde,7.44-8.82 (%58.4 altta),-,⚪Fiyat Alt_Orta Bant Aralığında,⚪ Yelpaze Açık,0,EMA21 Destek: 21.10 (%0.4 altta)
MERCN,11.5,-22.91,32.6,0.0,-0.95,⚠️ Yükseliş Trendinde Düzeltme (SSL Negatif),🔴 SAT,-,🟢 POTANSİYEL DİP,🔴 Düşüş Trendinde,-,-,🚨Fiyat Bandın Altında!,⚪ Yelpaze Açık,-10.3,EMA5 Direnç: 14.92 (%29.7 üstte)
MERIT,13.97,16.65,37.3,0.0,-0.93,⚠️ Yükseliş Trendinde Düzeltme (SSL Negatif),🔴 SAT,-,-,🔴 Düşüş Trendinde,-,-,⚪Fiyat Alt_Orta Bant Aralığında,🟠 Daralıyor,0,EMA200 Destek: 11.98 (%14.3 altta) | EMA5 Direnç: 14.65 (%4.9 üstte)
MERKO,0.98,-10.27,19.66,0.0,-0.97,🔴 Ayı Piyasası (EMA 50 En Altta),🔴 SAT,-,-,🔴 Düşüş Trendinde,-,-,⚪Fiyat Alt_Orta Bant Aralığında,⚪ Yelpaze Açık,0,EMA5 Direnç: 1.09 (%11.4 üstte)
METRO,7.79,91.37,51.64,11.4,-0.56,⚠️ Yükseliş Trendinde Düzeltme (SSL Negatif),🔴 SAT,-,-,🟢 Yükseliş Trendinde,-,-,⚪Fiyat Alt_Orta Bant Aralığında,🚨 BB SIKIŞMA,0,EMA21 Destek: 7.76 (%0.4 altta)
MEYSU,8.63,999,36.38,4.63,-0.84,-,🔴 SAT,-,-,🔴 Düşüş Trendinde,-,-,⚪Fiyat Alt_Orta Bant Aralığında,-,0,EMA5 Direnç: 9.44 (%9.4 üstte)
MGROS,515.0,23.78,36.59,2.76,-0.9,⚠️ Yükseliş Trendinde Düzeltme (SSL Negatif),⏳ BEKLE,-,-,🔴 Düşüş Trendinde,150.78-162.32 (%68.5 altta),-,⚪Fiyat Alt_Orta Bant Aralığında,⚪ Yelpaze Açık,0,EMA200 Destek: 416.05 (%19.2 altta) | EMA5 Direnç: 531.64 (%3.2 üstte)
MHRGY,1.91,999,35.82,6.15,-0.89,-,🔴 SAT,🟢 POTANSİYEL DİP (0 Altı - Hacimsiz),-,🔴 Düşüş Trendinde,1.69-2.05 (fiyat bandın içinde!),-,⚪Fiyat Alt_Orta Bant Aralığında,⚪ Yelpaze Açık,0,EMA5 Direnç: 2.00 (%4.6 üstte)
MIATK,25.0,-10.58,38.29,17.14,-0.61,"📉 Düşüş Hazırlığı (50<100 Kesti, 150 Bekleniyor)",🔴 SAT,-,-,🔴 Düşüş Trendinde,-,47.06-53.80 (%88.2 üstte),⚪Fiyat Alt_Orta Bant Aralığında,⚪ Yelpaze Açık,0,EMA5 Direnç: 27.96 (%11.8 üstte)
MMCAS,16.1,-43.28,25.77,0.0,-0.88,⚠️ Yükseliş Trendinde Düzeltme (SSL Negatif),🔴 SAT,-,🟢 POTANSİYEL DİP,🔴 Düşüş Trendinde,-,-,🚨Fiyat Bandın Altında!,⚪ Yelpaze Açık,-28.08,EMA5 Direnç: 28.38 (%76.3 üstte)
MNDRS,9.27,-7.9,32.81,12.41,-0.5,⚠️ Yükseliş Trendinde Düzeltme (SSL Negatif),🔴 SAT,-,🟢 POTANSİYEL DİP,🔴 Düşüş Trendinde,-,14.53-15.66 (%56.7 üstte),🚨Fiyat Bandın Altında!,🟠 Daralıyor,-3.85,EMA5 Direnç: 10.06 (%8.6 üstte)
MNDTR,4.08,-8.14,26.13,0.0,-0.93,🔴 Ayı Piyasası (EMA 50 En Altta),🔴 SAT,-,🟢 POTANSİYEL DİP,🔴 Düşüş Trendinde,-,6.54-7.93 (%60.3 üstte),🚨Fiyat Bandın Altında!,⚪ Yelpaze Açık,-2.29,EMA5 Direnç: 4.44 (%8.9 üstte)
MOBTL,10.26,41.3,36.42,0.0,-0.87,⚠️ Yükseliş Trendinde Düzeltme (SSL Negatif),🔴 SAT,-,-,🔴 Düşüş Trendinde,3.42-4.19 (%59.2 altta),-,🚨Fiyat Bandın Altında!,⚪ Yelpaze Açık,-2.73,EMA100 Destek: 9.69 (%5.6 altta) | EMA5 Direnç: 11.33 (%10.4 üstte)
MOGAN,9.74,999,39.38,1.57,-0.54,-,🔴 SAT,-,-,🔴 Düşüş Trendinde,7.66-7.95 (%18.4 altta),-,⚪Fiyat Alt_Orta Bant Aralığında,⚪ Yelpaze Açık,0,EMA5 Direnç: 11.63 (%19.4 üstte)
MOPAS,19.37,999,22.77,0.0,-0.96,-,🔴 SAT,-,-,🔴 Düşüş Trendinde,-,-,⚪Fiyat Alt_Orta Bant Aralığında,-,0,EMA5 Direnç: 21.87 (%12.9 üstte)
MPARK,434.75,55.11,51.32,65.95,0.55,⚠️ Yükseliş Trendinde Düzeltme (SSL Negatif),🔴 SAT,-,-,🟢 Yükseliş Trendinde,6.00-71.00 (%83.7 altta),-,🟡Fiyat Orta-Üst Bant Aralığında,🚨 BB SIKIŞMA,0,EMA5 Destek: 433.31 (%0.3 altta)
MRGYO,1.23,-12.59,42.31,34.32,0.07,🔴 Ayı Piyasası (EMA 50 En Altta),🔴 SAT,-,-,🔴 Düşüş Trendinde,-,-,⚪Fiyat Alt_Orta Bant Aralığında,⚪ Yelpaze Açık,0,EMA5 Direnç: 1.41 (%14.4 üstte)
MRSHL,1332.0,1.81,41.75,0.26,-0.76,⚠️ Yükseliş Trendinde Düzeltme (SSL Negatif),🔴 SAT,-,-,🔴 Düşüş Trendinde,-,-,⚪Fiyat Alt_Orta Bant Aralığında,⚪ Yelpaze Açık,0,EMA200 Destek: 1308.26 (%1.8 altta) | EMA5 Direnç: 1509.71 (%13.3 üstte)
MSGYO,5.14,26.32,39.65,7.98,-0.85,⚠️ Yükseliş Trendinde Düzeltme (SSL Negatif),🔴 SAT,🟢 POTANSİYEL DİP (0 Altı - Hacimsiz),-,🔴 Düşüş Trendinde,-,-,⚪Fiyat Alt_Orta Bant Aralığında,🟡 Normal Genişlik,0,EMA200 Destek: 4.07 (%20.8 altta) | EMA100 Direnç: 5.26 (%2.4 üstte)
MTRKS,22.34,12.85,40.85,0.51,-0.37,⚠️ Yükseliş Trendinde Düzeltme (SSL Negatif),🔴 SAT,-,-,🔴 Düşüş Trendinde,-,-,⚪Fiyat Alt_Orta Bant Aralığında,⚪ Yelpaze Açık,0,EMA200 Destek: 19.80 (%11.4 altta) | EMA100 Direnç: 23.78 (%6.5 üstte)
MTRYO,7.67,8.73,36.15,6.16,-0.88,⚠️ Yükseliş Trendinde Düzeltme (SSL Negatif),🔴 SAT,-,-,🔴 Düşüş Trendinde,6.03-6.66 (%13.2 altta),-,🚨Fiyat Bandın Altında!,⚪ Yelpaze Açık,-0.11,EMA200 Destek: 7.05 (%8.0 altta) | EMA5 Direnç: 8.37 (%9.2 üstte)
MZHLD,4.17,-13.07,27.04,10.16,-0.75,🔴 Ayı Piyasası (EMA 50 En Altta),🔴 SAT,-,🟢 POTANSİYEL DİP,🔴 Düşüş Trendinde,-,6.20-6.55 (%48.7 üstte),🚨Fiyat Bandın Altında!,⚪ Yelpaze Açık,-7.95,EMA5 Direnç: 4.80 (%15.0 üstte)
NATEN,4.09,-10.66,23.41,0.0,-0.95,🔴 Ayı Piyasası (EMA 50 En Altta),🔴 SAT,-,🟢 POTANSİYEL DİP,🔴 Düşüş Trendinde,-,9.72-11.79 (%137.6 üstte),🚨Fiyat Bandın Altında!,⚪ Yelpaze Açık,-0.49,EMA5 Direnç: 4.58 (%11.9 üstte)
NETAS,83.15,49.31,55.92,30.06,0.68,🟢 EMA Yükselişte (SSL Ok Bekleniyor),⏳ BEKLE,-,-,🟢 Yükseliş Trendinde,-,-,🟡Fiyat Orta-Üst Bant Aralığında,⚪ Yelpaze Açık,0,EMA21 Destek: 76.16 (%8.4 altta) | EMA5 Direnç: 84.17 (%1.2 üstte)
NETCD,92.35,999,41.95,0.37,-0.92,-,🔴 SAT,🟢 POTANSİYEL DİP (0 Altı - Hacimsiz),-,🔴 Düşüş Trendinde,-,-,⚪Fiyat Alt_Orta Bant Aralığında,-,0,EMA5 Direnç: 101.92 (%10.4 üstte)
NIBAS,2.93,-14.9,34.06,11.53,-0.54,⚠️ Yükseliş Trendinde Düzeltme (SSL Negatif),🔴 SAT,-,🟢 POTANSİYEL DİP,🔴 Düşüş Trendinde,-,-,🚨Fiyat Bandın Altında!,⚪ Yelpaze Açık,-0.38,EMA5 Direnç: 3.44 (%17.5 üstte)
NTGAZ,11.03,55.2,48.06,21.19,-0.54,⚠️ Yükseliş Trendinde Düzeltme (SSL Negatif),🔴 SAT,-,-,🟢 Yükseliş Trendinde,3.65-3.91 (%64.6 altta),-,⚪Fiyat Alt_Orta Bant Aralığında,🚨 BB SIKIŞMA,0,EMA5 Destek: 10.91 (%1.0 altta) | EMA21 Direnç: 11.23 (%1.8 üstte)
NTHOL,36.9,12.94,37.28,0.0,-0.85,⚠️ Yükseliş Trendinde Düzeltme (SSL Negatif),🔴 SAT,-,-,🟢 Yükseliş Trendinde,8.49-10.95 (%70.3 altta),46.62-53.05 (%26.3 üstte),⚪Fiyat Alt_Orta Bant Aralığında,⚪ Yelpaze Açık,0,EMA200 Destek: 32.67 (%11.5 altta) | EMA5 Direnç: 39.12 (%6.0 üstte)
NUGYO,7.41,-8.26,33.51,0.0,-0.81,⚠️ Yükseliş Trendinde Düzeltme (SSL Negatif),🔴 SAT,-,🟢 POTANSİYEL DİP,🔴 Düşüş Trendinde,5.94-7.46 (fiyat bandın içinde!),-,🚨Fiyat Bandın Altında!,⚪ Yelpaze Açık,-2.12,EMA5 Direnç: 8.08 (%9.0 üstte)
NUHCM,211.0,9.82,44.32,22.75,-0.79,⚠️ Yükseliş Trendinde Düzeltme (SSL Negatif),⏳ BEKLE,-,-,🔴 Düşüş Trendinde,196.51-210.92 (%0.0 altta),-,⚪Fiyat Alt_Orta Bant Aralığında,🚨 BB SIKIŞMA,0,EMA200 Destek: 192.14 (%8.9 altta) | EMA5 Direnç: 211.22 (%0.1 üstte)
OBAMS,4.59,999,34.18,46.67,-0.59,-,🔴 SAT,-,-,🔴 Düşüş Trendinde,-,-,⚪Fiyat Alt_Orta Bant Aralığında,⚪ Yelpaze Açık,0,EMA5 Direnç: 4.74 (%3.3 üstte)
OBASE,27.3,-11.38,31.73,0.0,-0.85,⚠️ Yükseliş Trendinde Düzeltme (SSL Negatif),🔴 SAT,🟢 POTANSİYEL DİP (0 Altı - Hacimsiz),🚀 KUSURSUZ DİP,🔴 Düşüş Trendinde,-,-,🚨Fiyat Bandın Altında!,⚪ Yelpaze Açık,-4.73,EMA5 Direnç: 30.80 (%12.8 üstte)
ODAS,6.08,-7.68,39.9,5.61,-0.9,⚠️ Yükseliş Trendinde Düzeltme (SSL Negatif),🔴 SAT,-,-,🩸 SAT (Trend Kırıldı),-,9.64-11.06 (%58.6 üstte),🚨Fiyat Bandın Altında!,⚪ Yelpaze Açık,-1.7,EMA200 Direnç: 6.59 (%8.3 üstte)
ODINE,161.7,999,32.4,0.0,-0.73,-,🔴 SAT,-,-,🔴 Düşüş Trendinde,-,-,⚪Fiyat Alt_Orta Bant Aralığında,⚪ Yelpaze Açık,0,EMA5 Direnç: 645.15 (%299.0 üstte)
OFSYM,56.3,999,45.57,44.45,0.57,-,🔴 SAT,-,-,🟢 Yükseliş Trendinde,34.72-36.88 (%34.5 altta),-,⚪Fiyat Alt_Orta Bant Aralığında,⚪ Yelpaze Açık,0,EMA100 Destek: 53.04 (%5.8 altta) | EMA55 Direnç: 58.62 (%4.1 üstte)
ONCSM,96.0,999,25.96,2.1,-0.86,⚠️ Yükseliş Trendinde Düzeltme (SSL Negatif),🔴 SAT,-,🟢 POTANSİYEL DİP,🔴 Düşüş Trendinde,77.95-81.70 (%14.9 altta),-,🚨Fiyat Bandın Altında!,⚪ Yelpaze Açık,-6.61,EMA5 Direnç: 131.56 (%37.0 üstte)
ONRYT,9.97,999,29.46,0.0,-0.83,-,🔴 SAT,-,🟢 POTANSİYEL DİP,🔴 Düşüş Trendinde,-,-,🚨Fiyat Bandın Altında!,⚪ Yelpaze Açık,-5.47,EMA5 Direnç: 11.86 (%18.9 üstte)
ORCAY,2.48,-12.01,27.22,0.38,-0.96,🔴 Ayı Piyasası (EMA 50 En Altta),🔴 SAT,🟢 POTANSİYEL DİP (0 Altı - Hacimsiz),🚀 KUSURSUZ DİP,🔴 Düşüş Trendinde,-,9.25-11.39 (%273.0 üstte),⚪Fiyat Alt_Orta Bant Aralığında,⚪ Yelpaze Açık,0,EMA5 Direnç: 2.82 (%13.7 üstte)
ORGE,23.38,80.0,61.2,25.97,0.51,⚠️ Yükseliş Trendinde Düzeltme (SSL Negatif),🟢 AL (Trend Onaylı),-,-,🟢 Yükseliş Trendinde,13.35-13.66 (%41.6 altta),-,🟡Fiyat Orta-Üst Bant Aralığında,🟠 Daralıyor,0,EMA5 Destek: 22.86 (%2.2 altta)
ORMA,135.8,-5.51,37.28,31.22,-0.89,"📉 Düşüş Hazırlığı (50<100 Kesti, 150 Bekleniyor)",⏳ BEKLE,-,-,🔴 Düşüş Trendinde,-,202.10-273.75 (%48.8 üstte),⚪Fiyat Alt_Orta Bant Aralığında,⚪ Yelpaze Açık,0,EMA5 Direnç: 143.72 (%5.8 üstte)
ORZAX,75.5,999,,,,-,🔴 SAT,-,-,🟢 Yükseliş Trendinde,-,-,-,-,-,EMA5 Direnç: 80.51 (%6.6 üstte)
OSMEN,5.31,-11.36,29.0,0.0,-0.91,🔴 Ayı Piyasası (EMA 50 En Altta),🔴 SAT,-,🟢 POTANSİYEL DİP,🔴 Düşüş Trendinde,-,295.18-369.33 (%5458.9 üstte),🚨Fiyat Bandın Altında!,⚪ Yelpaze Açık,-3.38,EMA5 Direnç: 5.99 (%12.8 üstte)
OSTIM,1.23,-11.42,27.21,6.97,-0.9,"📉 Düşüş Hazırlığı (50<100 Kesti, 150 Bekleniyor)",🔴 SAT,-,🟢 POTANSİYEL DİP,🔴 Düşüş Trendinde,-,2.89-3.36 (%134.9 üstte),🚨Fiyat Bandın Altında!,⚪ Yelpaze Açık,-0.06,EMA5 Direnç: 1.39 (%12.9 üstte)
OTKAR,340.25,6.28,48.62,69.73,-0.37,"📉 Düşüş Hazırlığı (50<100 Kesti, 150 Bekleniyor)",🔥 GÜÇLÜ AL (Taze Kırılım),-,-,🔴 Düşüş Trendinde,-,485.00-540.00 (%42.5 üstte),🟡Fiyat Orta-Üst Bant Aralığında,🟡 Normal Genişlik,0,EMA21 Destek: 337.16 (%0.9 altta) | EMA200 Direnç: 347.36 (%2.1 üstte)
OTTO,109.6,-5.57,25.61,15.62,-0.91,🔴 Ayı Piyasası (EMA 50 En Altta),🔴 SAT,🚀 KUSURSUZ DÖNÜŞ (0 Altı + Hacim),-,🔴 Düşüş Trendinde,-,457.75-507.50 (%317.7 üstte),⚪Fiyat Alt_Orta Bant Aralığında,⚪ Yelpaze Açık,0,EMA5 Direnç: 116.06 (%5.9 üstte)
OYAKC,20.92,24.65,45.77,42.07,0.31,⚠️ Yükseliş Trendinde Düzeltme (SSL Negatif),🔴 SAT,-,-,🔴 Düşüş Trendinde,-,-,⚪Fiyat Alt_Orta Bant Aralığında,🚨 BB SIKIŞMA,0,EMA200 Destek: 16.78 (%19.8 altta) | EMA5 Direnç: 21.17 (%1.2 üstte)
OYAYO,31.0,-5.73,28.85,0.0,-0.9,⚠️ Yükseliş Trendinde Düzeltme (SSL Negatif),🔴 SAT,-,🟢 POTANSİYEL DİP,🔴 Düşüş Trendinde,-,-,🚨Fiyat Bandın Altında!,⚪ Yelpaze Açık,-7.79,EMA200 Direnç: 32.88 (%6.1 üstte)
OYLUM,6.84,1.91,38.31,17.85,-0.93,"📉 Düşüş Hazırlığı (50<100 Kesti, 150 Bekleniyor)",⏳ BEKLE,-,-,🔴 Düşüş Trendinde,-,-,⚪Fiyat Alt_Orta Bant Aralığında,⚪ Yelpaze Açık,0,EMA5 Destek: 6.71 (%1.9 altta) | EMA200 Direnç: 7.36 (%7.6 üstte)
OYYAT,28.26,-6.83,29.21,7.31,-0.88,⚠️ Yükseliş Trendinde Düzeltme (SSL Negatif),🔴 SAT,-,-,🔴 Düşüş Trendinde,24.21-30.54 (fiyat bandın içinde!),-,⚪Fiyat Alt_Orta Bant Aralığında,⚪ Yelpaze Açık,0,EMA5 Direnç: 30.33 (%7.3 üstte)
OZATD,1271.0,999,38.21,0.0,0.13,-,🔴 SAT,-,-,🔴 Düşüş Trendinde,-,-,⚪Fiyat Alt_Orta Bant Aralığında,-,0,EMA100 Destek: 935.36 (%26.4 altta) | EMA55 Direnç: 1654.85 (%30.2 üstte)
OZGYO,1.66,7.1,33.54,0.0,-0.82,⚠️ Yükseliş Trendinde Düzeltme (SSL Negatif),🔴 SAT,-,🟢 POTANSİYEL DİP,🔴 Düşüş Trendinde,1.02-1.29 (%22.2 altta),-,🚨Fiyat Bandın Altında!,⚪ Yelpaze Açık,-3.68,EMA200 Destek: 1.55 (%6.6 altta) | EMA5 Direnç: 1.81 (%9.0 üstte)
OZKGY,12.21,19.72,42.92,6.97,-0.64,⚠️ Yükseliş Trendinde Düzeltme (SSL Negatif),🔴 SAT,-,-,🟢 Yükseliş Trendinde,-,14.41-15.77 (%18.0 üstte),⚪Fiyat Alt_Orta Bant Aralığında,🟡 Normal Genişlik,0,EMA200 Destek: 10.20 (%16.5 altta) | EMA100 Direnç: 12.42 (%1.8 üstte)
OZRDN,13.78,-7.14,30.43,0.0,-0.68,⚠️ Yükseliş Trendinde Düzeltme (SSL Negatif),🔴 SAT,-,🟢 POTANSİYEL DİP,🔴 Düşüş Trendinde,7.45-8.05 (%41.6 altta),-,🚨Fiyat Bandın Altında!,⚪ Yelpaze Açık,-29.05,EMA200 Direnç: 14.84 (%7.7 üstte)
OZSUB,36.6,106.87,55.83,3.79,0.63,⚠️ Yükseliş Trendinde Düzeltme (SSL Negatif),🔴 SAT,-,-,🟢 Yükseliş Trendinde,-,-,🟡Fiyat Orta-Üst Bant Aralığında,⚪ Yelpaze Açık,0,EMA21 Destek: 34.82 (%4.9 altta) | EMA5 Direnç: 38.47 (%5.1 üstte)
OZYSR,11.37,999,46.28,3.87,-0.81,-,🔴 SAT,-,-,🟢 Yükseliş Trendinde,-,-,⚪Fiyat Alt_Orta Bant Aralığında,🟠 Daralıyor,0,EMA55 Destek: 11.05 (%2.8 altta) | EMA5 Direnç: 11.56 (%1.7 üstte)
PAGYO,121.5,76.56,43.4,0.99,-0.85,⚠️ Yükseliş Trendinde Düzeltme (SSL Negatif),🔴 SAT,-,-,🟢 Yükseliş Trendinde,-,-,⚪Fiyat Alt_Orta Bant Aralığında,⚪ Yelpaze Açık,0,EMA55 Destek: 117.77 (%3.1 altta) | EMA5 Direnç: 129.30 (%6.4 üstte)
PAHOL,0.92,999,24.82,0.0,-0.85,-,🔴 SAT,-,🟢 POTANSİYEL DİP,🔴 Düşüş Trendinde,-,-,🚨Fiyat Bandın Altında!,-,-4.33,EMA5 Direnç: 1.07 (%16.5 üstte)
PAMEL,48.42,-15.61,22.15,0.0,-0.9,🔴 Ayı Piyasası (EMA 50 En Altta),🔴 SAT,🟢 POTANSİYEL DİP (0 Altı - Hacimsiz),🚀 KUSURSUZ DİP,🔴 Düşüş Trendinde,-,175.50-199.90 (%262.5 üstte),🚨Fiyat Bandın Altında!,⚪ Yelpaze Açık,-9.13,EMA5 Direnç: 57.38 (%18.5 üstte)
PAPIL,8.11,-16.91,28.0,3.71,-0.8,"📉 Düşüş Hazırlığı (50<100 Kesti, 150 Bekleniyor)",🔴 SAT,-,🟢 POTANSİYEL DİP,🔴 Düşüş Trendinde,-,-,🚨Fiyat Bandın Altında!,⚪ Yelpaze Açık,-5.13,EMA5 Direnç: 9.76 (%20.4 üstte)
PARSN,60.1,-7.33,26.93,0.0,-0.95,🔴 Ayı Piyasası (EMA 50 En Altta),🔴 SAT,-,🟢 POTANSİYEL DİP,🔴 Düşüş Trendinde,-,85.75-93.85 (%42.7 üstte),⚪Fiyat Alt_Orta Bant Aralığında,⚪ Yelpaze Açık,0,EMA5 Direnç: 64.86 (%7.9 üstte)
PASEU,34.22,999,37.08,0.21,-0.23,-,🔴 SAT,-,-,🔴 Düşüş Trendinde,-,-,⚪Fiyat Alt_Orta Bant Aralığında,⚪ Yelpaze Açık,0,EMA5 Direnç: 73.02 (%113.4 üstte)
PATEK,15.07,999,39.88,3.58,-0.57,-,🔴 SAT,-,-,🔴 Düşüş Trendinde,14.67-16.39 (fiyat bandın içinde!),-,🚨Fiyat Bandın Altında!,🟡 Normal Genişlik,-3.52,EMA5 Direnç: 17.78 (%18.0 üstte)
PCILT,32.34,87.44,58.06,18.12,0.33,⚠️ Yükseliş Trendinde Düzeltme (SSL Negatif),⏳ BEKLE,-,-,🟢 Yükseliş Trendinde,-,-,🟡Fiyat Orta-Üst Bant Aralığında,🚨 BB SIKIŞMA,0,EMA5 Destek: 31.47 (%2.7 altta)
PEKGY,3.0,-55.62,28.31,0.0,-0.74,⚠️ Yükseliş Trendinde Düzeltme (SSL Negatif),🔴 SAT,-,🟢 POTANSİYEL DİP,🔴 Düşüş Trendinde,-,-,🚨Fiyat Bandın Altında!,⚪ Yelpaze Açık,-48.06,EMA200 Direnç: 6.76 (%125.3 üstte)
PENGD,6.87,-13.81,29.01,0.0,-0.94,⚠️ Yükseliş Trendinde Düzeltme (SSL Negatif),🔴 SAT,-,-,🔴 Düşüş Trendinde,6.33-8.16 (fiyat bandın içinde!),-,⚪Fiyat Alt_Orta Bant Aralığında,⚪ Yelpaze Açık,0,EMA5 Direnç: 7.97 (%16.0 üstte)
PENTA,9.92,-10.4,27.86,0.0,-0.76,🔴 Ayı Piyasası (EMA 50 En Altta),🔴 SAT,-,🟢 POTANSİYEL DİP,🔴 Düşüş Trendinde,-,53.78-78.72 (%442.1 üstte),🚨Fiyat Bandın Altında!,⚪ Yelpaze Açık,-2.93,EMA5 Direnç: 11.07 (%11.6 üstte)
PETKM,19.55,10.17,47.26,33.02,0.35,⚠️ Yükseliş Trendinde Düzeltme (SSL Negatif),🔴 SAT,🔴 ZAYIFLAMA (Zaten Dipte),-,🔴 Düşüş Trendinde,15.18-18.61 (%4.8 altta),-,⚪Fiyat Alt_Orta Bant Aralığında,⚪ Yelpaze Açık,0,EMA100 Destek: 19.29 (%1.3 altta) | EMA55 Direnç: 19.89 (%1.7 üstte)
PETUN,10.1,5.55,38.2,13.52,-0.46,⚠️ Yükseliş Trendinde Düzeltme (SSL Negatif),🔴 SAT,-,-,🔴 Düşüş Trendinde,7.53-9.14 (%9.5 altta),-,⚪Fiyat Alt_Orta Bant Aralığında,🟡 Normal Genişlik,0,EMA200 Destek: 9.57 (%5.3 altta) | EMA5 Direnç: 10.62 (%5.2 üstte)
PGSUS,141.6,-3.6,30.47,9.41,-0.9,"📉 Düşüş Hazırlığı (50<100 Kesti, 150 Bekleniyor)",🔴 SAT,-,-,🔴 Düşüş Trendinde,-,251.00-264.50 (%77.3 üstte),⚪Fiyat Alt_Orta Bant Aralığında,⚪ Yelpaze Açık,0,EMA5 Direnç: 146.88 (%3.7 üstte)
PINSU,8.85,18.29,32.93,0.5,-0.86,⚠️ Yükseliş Trendinde Düzeltme (SSL Negatif),🔴 SAT,🟢 POTANSİYEL DİP (0 Altı - Hacimsiz),🚀 KUSURSUZ DİP,🩸 SAT (Trend Kırıldı),5.20-5.57 (%37.1 altta),-,🚨Fiyat Bandın Altında!,⚪ Yelpaze Açık,-1.83,EMA200 Destek: 7.48 (%15.5 altta) | EMA5 Direnç: 9.40 (%6.3 üstte)
PKART,90.0,29.85,36.26,0.99,-0.73,⚠️ Yükseliş Trendinde Düzeltme (SSL Negatif),🔴 SAT,-,-,🔴 Düşüş Trendinde,14.85-17.95 (%80.1 altta),-,🚨Fiyat Bandın Altında!,⚪ Yelpaze Açık,-3.57,EMA200 Destek: 69.31 (%23.0 altta) | EMA100 Direnç: 90.85 (%0.9 üstte)
PKENT,96.8,-9.99,23.23,0.0,-0.92,🔴 Ayı Piyasası (EMA 50 En Altta),🔴 SAT,-,🟢 POTANSİYEL DİP,🔴 Düşüş Trendinde,88.80-109.10 (fiyat bandın içinde!),-,🚨Fiyat Bandın Altında!,⚪ Yelpaze Açık,-2.83,EMA5 Direnç: 107.54 (%11.1 üstte)
PLTUR,15.56,999,29.36,0.0,-0.84,⚠️ Yükseliş Trendinde Düzeltme (SSL Negatif),🔴 SAT,-,🟢 POTANSİYEL DİP,🔴 Düşüş Trendinde,-,-,🚨Fiyat Bandın Altında!,⚪ Yelpaze Açık,-5.87,EMA5 Direnç: 17.35 (%11.5 üstte)
PNLSN,34.02,-6.92,34.71,1.36,-0.85,"📉 Düşüş Hazırlığı (50<100 Kesti, 150 Bekleniyor)",🔴 SAT,-,🟢 POTANSİYEL DİP,🔴 Düşüş Trendinde,-,47.76-56.08 (%40.4 üstte),🚨Fiyat Bandın Altında!,⚪ Yelpaze Açık,-1.15,EMA5 Direnç: 36.55 (%7.4 üstte)
PNSUT,10.14,2.12,40.47,26.7,-0.45,⚠️ Yükseliş Trendinde Düzeltme (SSL Negatif),🔴 SAT,🔴 ZAYIFLAMA (Zaten Dipte),-,🔴 Düşüş Trendinde,7.73-9.05 (%10.7 altta),-,⚪Fiyat Alt_Orta Bant Aralığında,⚪ Yelpaze Açık,0,EMA200 Destek: 9.93 (%2.1 altta) | EMA5 Direnç: 10.67 (%5.3 üstte)
POLHO,18.22,89.26,39.39,4.86,-0.45,⚠️ Yükseliş Trendinde Düzeltme (SSL Negatif),🔴 SAT,-,-,🟢 Yükseliş Trendinde,2.05-2.48 (%86.4 altta),-,🚨Fiyat Bandın Altında!,🟠 Daralıyor,-2.99,EMA55 Destek: 17.92 (%1.6 altta) | EMA5 Direnç: 19.96 (%9.6 üstte)
POLTK,3020.0,-14.09,29.89,0.0,-0.94,🔴 Ayı Piyasası (EMA 50 En Altta),🔴 SAT,-,🟢 POTANSİYEL DİP,🔴 Düşüş Trendinde,-,5170.00-5725.00 (%71.2 üstte),🚨Fiyat Bandın Altında!,⚪ Yelpaze Açık,-5.73,EMA5 Direnç: 3515.19 (%16.4 üstte)
PRDGS,3.96,-22.9,31.14,0.0,-0.6,⚠️ Yükseliş Trendinde Düzeltme (SSL Negatif),🔴 SAT,-,🟢 POTANSİYEL DİP,🔴 Düşüş Trendinde,-,-,🚨Fiyat Bandın Altında!,⚪ Yelpaze Açık,-12.53,EMA5 Direnç: 5.14 (%29.7 üstte)
PRKAB,24.66,-10.71,29.13,0.0,-0.93,⚠️ Yükseliş Trendinde Düzeltme (SSL Negatif),🔴 SAT,🟢 POTANSİYEL DİP (0 Altı - Hacimsiz),🚀 KUSURSUZ DİP,🔴 Düşüş Trendinde,-,-,🚨Fiyat Bandın Altında!,⚪ Yelpaze Açık,-2.19,EMA5 Direnç: 27.62 (%12.0 üstte)
PRKME,14.91,-8.39,39.21,0.0,-0.71,"📉 Düşüş Hazırlığı (50<100 Kesti, 150 Bekleniyor)",🔴 SAT,-,-,🔴 Düşüş Trendinde,-,21.24-25.47 (%42.5 üstte),⚪Fiyat Alt_Orta Bant Aralığında,⚪ Yelpaze Açık,0,EMA5 Direnç: 16.28 (%9.2 üstte)
PRZMA,17.82,-10.91,34.63,0.0,-0.56,⚠️ Yükseliş Trendinde Düzeltme (SSL Negatif),🔴 SAT,-,🟢 POTANSİYEL DİP,🔴 Düşüş Trendinde,11.07-13.97 (%21.6 altta),-,🚨Fiyat Bandın Altında!,⚪ Yelpaze Açık,-29.86,EMA200 Direnç: 20.00 (%12.2 üstte)
PSDTC,98.7,5.77,39.38,1.87,-0.36,⚠️ Yükseliş Trendinde Düzeltme (SSL Negatif),🔴 SAT,-,-,🔴 Düşüş Trendinde,-,-,⚪Fiyat Alt_Orta Bant Aralığında,⚪ Yelpaze Açık,0,EMA200 Destek: 93.32 (%5.5 altta) | EMA5 Direnç: 114.35 (%15.9 üstte)
PSGYO,1.69,-20.88,31.23,0.0,-0.75,⚠️ Yükseliş Trendinde Düzeltme (SSL Negatif),🔴 SAT,-,🟢 POTANSİYEL DİP,🔴 Düşüş Trendinde,-,-,🚨Fiyat Bandın Altında!,⚪ Yelpaze Açık,-16.91,EMA200 Direnç: 2.14 (%26.4 üstte)
QNBFK,37.72,-3.03,40.06,16.24,-0.85,🔴 Ayı Piyasası (EMA 50 En Altta),🔴 SAT,-,-,🔴 Düşüş Trendinde,31.20-33.76 (%10.5 altta),-,⚪Fiyat Alt_Orta Bant Aralığında,🟡 Normal Genişlik,0,EMA5 Direnç: 38.90 (%3.1 üstte)
QNBTR,158.2,-7.27,24.03,0.0,-0.97,⚠️ Yükseliş Trendinde Düzeltme (SSL Negatif),🔴 SAT,-,🟢 POTANSİYEL DİP,🔴 Düşüş Trendinde,-,-,🚨Fiyat Bandın Altında!,🟡 Normal Genişlik,-2.21,EMA5 Direnç: 170.60 (%7.8 üstte)
QUAGR,2.04,-18.03,30.91,0.0,-0.88,🔴 Ayı Piyasası (EMA 50 En Altta),🔴 SAT,-,🟢 POTANSİYEL DİP,🔴 Düşüş Trendinde,-,3.82-4.71 (%87.3 üstte),🚨Fiyat Bandın Altında!,⚪ Yelpaze Açık,-8.21,EMA5 Direnç: 2.49 (%22.0 üstte)
RALYH,69.2,-37.86,29.5,6.11,-0.45,⚠️ Yükseliş Trendinde Düzeltme (SSL Negatif),🔴 SAT,-,🟢 POTANSİYEL DİP,🔴 Düşüş Trendinde,-,-,🚨Fiyat Bandın Altında!,⚪ Yelpaze Açık,-40.75,EMA200 Direnç: 111.37 (%60.9 üstte)
RAYSG,132.2,-5.68,23.82,3.39,-0.94,🔴 Ayı Piyasası (EMA 50 En Altta),🔴 SAT,🟢 POTANSİYEL DİP (0 Altı - Hacimsiz),-,🔴 Düşüş Trendinde,-,241.60-301.25 (%82.8 üstte),⚪Fiyat Alt_Orta Bant Aralığında,⚪ Yelpaze Açık,0,EMA5 Direnç: 140.16 (%6.0 üstte)
REEDR,3.32,999,22.37,0.0,-0.9,-,🔴 SAT,-,🟢 POTANSİYEL DİP,🔴 Düşüş Trendinde,-,9.93-11.42 (%199.1 üstte),🚨Fiyat Bandın Altında!,⚪ Yelpaze Açık,-15.53,EMA5 Direnç: 4.37 (%31.7 üstte)
RGYAS,194.1,999,51.87,8.78,-0.11,-,🔴 SAT,-,-,🟢 Yükseliş Trendinde,-,-,⚪Fiyat Alt_Orta Bant Aralığında,🚨 BB SIKIŞMA,0,EMA55 Destek: 176.42 (%9.1 altta) | EMA21 Direnç: 195.01 (%0.5 üstte)
RNPOL,1.86,10.75,36.47,0.0,-0.72,⚠️ Yükseliş Trendinde Düzeltme (SSL Negatif),🔴 SAT,-,-,🩸 SAT (Trend Kırıldı),-,-,🚨Fiyat Bandın Altında!,🟠 Daralıyor,-7.34,EMA200 Destek: 1.68 (%9.7 altta) | EMA100 Direnç: 2.05 (%10.5 üstte)
RODRG,16.4,-10.81,34.29,0.0,-0.76,⚠️ Yükseliş Trendinde Düzeltme (SSL Negatif),🔴 SAT,-,🟢 POTANSİYEL DİP,🔴 Düşüş Trendinde,-,-,🚨Fiyat Bandın Altında!,⚪ Yelpaze Açık,-10.15,EMA200 Direnç: 18.39 (%12.1 üstte)
RTALB,1.95,-15.0,21.25,0.0,-0.96,⚠️ Yükseliş Trendinde Düzeltme (SSL Negatif),🔴 SAT,-,🟢 POTANSİYEL DİP,🔴 Düşüş Trendinde,-,-,🚨Fiyat Bandın Altında!,⚪ Yelpaze Açık,-4.74,EMA5 Direnç: 2.29 (%17.6 üstte)
RUBNS,15.3,-30.78,33.11,10.22,0.01,⚠️ Yükseliş Trendinde Düzeltme (SSL Negatif),🔴 SAT,-,🟢 POTANSİYEL DİP,🔴 Düşüş Trendinde,-,-,🚨Fiyat Bandın Altında!,⚪ Yelpaze Açık,-6.16,EMA5 Direnç: 22.10 (%44.5 üstte)
RUZYE,4.91,-22.69,28.9,9.84,-0.76,⚠️ Yükseliş Trendinde Düzeltme (SSL Negatif),🔴 SAT,-,🟢 POTANSİYEL DİP,🔴 Düşüş Trendinde,-,-,🚨Fiyat Bandın Altında!,⚪ Yelpaze Açık,-6.88,EMA5 Direnç: 6.35 (%29.3 üstte)
RYGYO,48.1,169.78,68.36,60.04,0.94,🟢 EMA Yükselişte (SSL Ok Bekleniyor),🟢 AL (Trend Onaylı),-,-,🟢 Yükseliş Trendinde,-,-,🟡Fiyat Orta-Üst Bant Aralığında,⚪ Yelpaze Açık,0,EMA5 Destek: 47.19 (%1.9 altta)
RYSAS,25.02,88.65,54.63,42.46,0.77,🟢 EMA Yükselişte (SSL Ok Bekleniyor),⏳ BEKLE,-,-,🟢 Yükseliş Trendinde,-,-,🟡Fiyat Orta-Üst Bant Aralığında,🟠 Daralıyor,0,EMA21 Destek: 23.62 (%5.6 altta) | EMA5 Direnç: 25.47 (%1.8 üstte)
SAFKR,13.1,-3.18,31.51,13.1,-0.88,⚠️ Yükseliş Trendinde Düzeltme (SSL Negatif),⏳ BEKLE,🚀 KUSURSUZ DÖNÜŞ (0 Altı + Hacim),-,🔴 Düşüş Trendinde,-,-,⚪Fiyat Alt_Orta Bant Aralığında,⚪ Yelpaze Açık,0,EMA5 Direnç: 13.53 (%3.3 üstte)
SAHOL,86.7,23.21,44.36,25.58,-0.03,⚠️ Yükseliş Trendinde Düzeltme (SSL Negatif),🔴 SAT,-,-,🔴 Düşüş Trendinde,72.73-79.47 (%8.3 altta),-,⚪Fiyat Alt_Orta Bant Aralığında,🚨 BB SIKIŞMA,0,EMA100 Destek: 86.68 (%0.0 altta) | EMA5 Direnç: 89.07 (%2.7 üstte)
SAMAT,3.9,-12.66,27.07,0.0,-0.9,🔴 Ayı Piyasası (EMA 50 En Altta),🔴 SAT,-,🟢 POTANSİYEL DİP,🔴 Düşüş Trendinde,-,-,🚨Fiyat Bandın Altında!,⚪ Yelpaze Açık,-0.13,EMA5 Direnç: 4.47 (%14.5 üstte)
SANEL,31.74,5.62,36.49,0.0,-0.98,⚠️ Yükseliş Trendinde Düzeltme (SSL Negatif),🔴 SAT,-,-,🔴 Düşüş Trendinde,21.78-25.10 (%20.9 altta),-,⚪Fiyat Alt_Orta Bant Aralığında,⚪ Yelpaze Açık,0,EMA200 Destek: 30.05 (%5.3 altta) | EMA100 Direnç: 38.99 (%22.8 üstte)
SANFM,4.4,-31.19,31.75,0.0,-0.62,"📉 Düşüş Hazırlığı (50<100 Kesti, 150 Bekleniyor)",🔴 SAT,-,🟢 POTANSİYEL DİP,🔴 Düşüş Trendinde,-,-,🚨Fiyat Bandın Altında!,⚪ Yelpaze Açık,-19.72,EMA5 Direnç: 6.39 (%45.3 üstte)
SANKO,19.16,-0.1,42.94,42.85,-0.52,"📉 Düşüş Hazırlığı (50<100 Kesti, 150 Bekleniyor)",⏳ BEKLE,-,-,🔴 Düşüş Trendinde,-,-,⚪Fiyat Alt_Orta Bant Aralığında,🟡 Normal Genişlik,0,EMA5 Direnç: 19.18 (%0.1 üstte)
SARKY,20.8,21.88,37.99,0.0,-0.81,⚠️ Yükseliş Trendinde Düzeltme (SSL Negatif),🔴 SAT,-,-,🔴 Düşüş Trendinde,10.17-10.86 (%47.8 altta),-,⚪Fiyat Alt_Orta Bant Aralığında,⚪ Yelpaze Açık,0,EMA200 Destek: 17.07 (%18.0 altta) | EMA100 Direnç: 20.94 (%0.7 üstte)
SASA,1.93,-12.34,38.9,8.26,-0.46,🔴 Ayı Piyasası (EMA 50 En Altta),🔴 SAT,-,-,🔴 Düşüş Trendinde,-,2.96-3.58 (%53.4 üstte),🚨Fiyat Bandın Altında!,🟡 Normal Genişlik,-5.57,EMA5 Direnç: 2.20 (%14.1 üstte)
SAYAS,42.72,-7.4,40.53,0.0,0.02,⚠️ Yükseliş Trendinde Düzeltme (SSL Negatif),🔴 SAT,-,-,🟢 Yükseliş Trendinde,-,96.00-122.40 (%124.7 üstte),⚪Fiyat Alt_Orta Bant Aralığında,🟡 Normal Genişlik,0,EMA200 Direnç: 46.13 (%8.0 üstte)
SDTTR,16.55,999,36.34,0.0,-0.75,"⚡ Yükseliş Hazırlığı (50>100 Kesti, 150 Bekleniyor)",🔴 SAT,-,-,🔴 Düşüş Trendinde,15.11-16.73 (fiyat bandın içinde!),23.58-26.55 (%42.5 üstte),🚨Fiyat Bandın Altında!,⚪ Yelpaze Açık,-3.93,EMA5 Direnç: 18.34 (%10.8 üstte)
SEGMN,18.0,999,28.15,0.0,-0.73,-,🔴 SAT,-,🟢 POTANSİYEL DİP,🔴 Düşüş Trendinde,17.58-19.10 (fiyat bandın içinde!),-,🚨Fiyat Bandın Altında!,-,-35.58,EMA5 Direnç: 31.59 (%75.5 üstte)
SEGYO,2.9,-7.33,24.86,6.75,-0.97,"📉 Düşüş Hazırlığı (50<100 Kesti, 150 Bekleniyor)",🔴 SAT,-,-,🔴 Düşüş Trendinde,1.71-1.96 (%32.4 altta),-,⚪Fiyat Alt_Orta Bant Aralığında,⚪ Yelpaze Açık,0,EMA5 Direnç: 3.13 (%7.9 üstte)
SEKFK,4.23,-1.9,23.68,3.37,-0.75,"📉 Düşüş Hazırlığı (50<100 Kesti, 150 Bekleniyor)",⏳ BEKLE,-,-,🔴 Düşüş Trendinde,-,-,⚪Fiyat Alt_Orta Bant Aralığında,⚪ Yelpaze Açık,0,EMA5 Direnç: 4.31 (%1.9 üstte)
SEKUR,3.7,-9.31,30.95,0.0,-0.79,⚠️ Yükseliş Trendinde Düzeltme (SSL Negatif),🔴 SAT,-,🟢 POTANSİYEL DİP,🔴 Düşüş Trendinde,-,-,🚨Fiyat Bandın Altında!,⚪ Yelpaze Açık,-19.96,EMA200 Direnç: 4.08 (%10.3 üstte)
SELEC,75.05,-11.26,37.14,0.0,-0.14,⚠️ Yükseliş Trendinde Düzeltme (SSL Negatif),🔴 SAT,-,-,🔴 Düşüş Trendinde,-,-,⚪Fiyat Alt_Orta Bant Aralığında,⚪ Yelpaze Açık,0,EMA200 Direnç: 84.57 (%12.7 üstte)
SELVA,1.2,-10.53,28.94,0.0,-0.93,🔴 Ayı Piyasası (EMA 50 En Altta),🔴 SAT,🟢 POTANSİYEL DİP (0 Altı - Hacimsiz),-,🔴 Düşüş Trendinde,-,-,⚪Fiyat Alt_Orta Bant Aralığında,⚪ Yelpaze Açık,0,EMA5 Direnç: 1.34 (%11.8 üstte)
SERNT,5.11,999,25.15,0.0,-0.87,-,🔴 SAT,-,🟢 POTANSİYEL DİP,🔴 Düşüş Trendinde,-,9.46-11.41 (%85.1 üstte),🚨Fiyat Bandın Altında!,-,-8.44,EMA5 Direnç: 6.30 (%23.3 üstte)
SEYKM,3.13,-10.92,32.78,4.78,-0.87,🔴 Ayı Piyasası (EMA 50 En Altta),🔴 SAT,🚀 KUSURSUZ DÖNÜŞ (0 Altı + Hacim),🚀 KUSURSUZ DİP,🔴 Düşüş Trendinde,2.78-3.07 (%1.9 altta),8.83-11.11 (%182.1 üstte),🚨Fiyat Bandın Altında!,⚪ Yelpaze Açık,-0.76,EMA5 Direnç: 3.51 (%12.3 üstte)
SILVR,1.69,-11.5,23.61,0.0,-0.93,"📉 Düşüş Hazırlığı (50<100 Kesti, 150 Bekleniyor)",🔴 SAT,🟢 POTANSİYEL DİP (0 Altı - Hacimsiz),🚀 KUSURSUZ DİP,🔴 Düşüş Trendinde,-,2.64-2.92 (%56.2 üstte),🚨Fiyat Bandın Altında!,⚪ Yelpaze Açık,-3.92,EMA5 Direnç: 1.91 (%13.0 üstte)
SISE,37.22,-2.03,39.06,21.92,-0.73,⚠️ Yükseliş Trendinde Düzeltme (SSL Negatif),🔴 SAT,-,-,🩸 SAT (Trend Kırıldı),31.53-34.12 (%8.3 altta),50.92-53.88 (%36.8 üstte),🚨Fiyat Bandın Altında!,⚪ Yelpaze Açık,-0.49,EMA200 Direnç: 37.99 (%2.1 üstte)
SKBNK,5.04,-13.86,33.73,1.34,-0.8,⚠️ Yükseliş Trendinde Düzeltme (SSL Negatif),🔴 SAT,-,-,🔴 Düşüş Trendinde,-,-,⚪Fiyat Alt_Orta Bant Aralığında,⚪ Yelpaze Açık,0,EMA5 Direnç: 5.85 (%16.1 üstte)
SKTAS,2.49,-9.98,35.32,0.0,-0.84,🔴 Ayı Piyasası (EMA 50 En Altta),🔴 SAT,🟢 POTANSİYEL DİP (0 Altı - Hacimsiz),-,🔴 Düşüş Trendinde,-,-,🚨Fiyat Bandın Altında!,⚪ Yelpaze Açık,-1.6,EMA5 Direnç: 2.77 (%11.1 üstte)
SKYLP,49.04,-56.28,21.95,0.0,-0.81,⚠️ Yükseliş Trendinde Düzeltme (SSL Negatif),🔴 SAT,-,🟢 POTANSİYEL DİP,🔴 Düşüş Trendinde,-,-,🚨Fiyat Bandın Altında!,⚪ Yelpaze Açık,-39.75,EMA5 Direnç: 112.16 (%128.7 üstte)
SKYMD,16.66,999,60.69,40.39,0.64,-,🟢 AL (Trend Onaylı),🩸 SAT (Zirveden Dönüş),-,🟢 Yükseliş Trendinde,-,-,🟡Fiyat Orta-Üst Bant Aralığında,🟡 Normal Genişlik,0,EMA5 Destek: 16.13 (%3.2 altta)
SMART,16.37,-14.14,27.82,0.0,-0.87,"📉 Düşüş Hazırlığı (50<100 Kesti, 150 Bekleniyor)",🔴 SAT,-,-,🔴 Düşüş Trendinde,4.40-4.55 (%72.2 altta),35.12-40.90 (%114.5 üstte),⚪Fiyat Alt_Orta Bant Aralığında,⚪ Yelpaze Açık,0,EMA5 Direnç: 19.07 (%16.5 üstte)
SMRTG,5.32,-19.71,27.46,0.0,-0.92,🔴 Ayı Piyasası (EMA 50 En Altta),🔴 SAT,-,🟢 POTANSİYEL DİP,🔴 Düşüş Trendinde,-,21.10-25.57 (%296.6 üstte),🚨Fiyat Bandın Altında!,⚪ Yelpaze Açık,-7.17,EMA5 Direnç: 6.63 (%24.5 üstte)
SMRVA,7.18,999,30.93,0.0,-0.91,-,🔴 SAT,🟢 POTANSİYEL DİP (0 Altı - Hacimsiz),-,🔴 Düşüş Trendinde,-,-,⚪Fiyat Alt_Orta Bant Aralığında,-,0,EMA5 Direnç: 8.45 (%17.7 üstte)
SNGYO,2.78,-3.16,34.28,3.17,-0.82,⚠️ Yükseliş Trendinde Düzeltme (SSL Negatif),🔴 SAT,-,-,🔴 Düşüş Trendinde,0.97-1.06 (%61.8 altta),-,⚪Fiyat Alt_Orta Bant Aralığında,⚪ Yelpaze Açık,0,EMA200 Direnç: 2.87 (%3.3 üstte)
SNICA,2.29,-14.2,28.22,0.0,-0.96,🔴 Ayı Piyasası (EMA 50 En Altta),🔴 SAT,-,-,🔴 Düşüş Trendinde,-,7.72-10.28 (%237.0 üstte),⚪Fiyat Alt_Orta Bant Aralığında,⚪ Yelpaze Açık,0,EMA5 Direnç: 2.67 (%16.5 üstte)
SNPAM,18.0,8.33,37.29,12.76,-0.59,⚠️ Yükseliş Trendinde Düzeltme (SSL Negatif),🔴 SAT,-,-,🔴 Düşüş Trendinde,13.62-14.45 (%19.7 altta),19.30-21.98 (%7.2 üstte),⚪Fiyat Alt_Orta Bant Aralığında,🟠 Daralıyor,0,EMA200 Destek: 16.62 (%7.7 altta) | EMA5 Direnç: 18.96 (%5.3 üstte)
SODSN,6.12,-6.55,23.42,1.84,-0.96,🔴 Ayı Piyasası (EMA 50 En Altta),🔴 SAT,-,-,🔴 Düşüş Trendinde,-,-,⚪Fiyat Alt_Orta Bant Aralığında,⚪ Yelpaze Açık,0,EMA5 Direnç: 6.55 (%7.0 üstte)
SOHOE,7.77,999,,,,-,🔴 SAT,-,-,🟢 Yükseliş Trendinde,-,-,-,-,-,EMA5 Direnç: 8.97 (%15.4 üstte)
SOKE,6.42,999,23.33,0.0,-0.93,🔴 Ayı Piyasası (EMA 50 En Altta),🔴 SAT,-,🟢 POTANSİYEL DİP,🔴 Düşüş Trendinde,-,20.44-22.72 (%218.4 üstte),🚨Fiyat Bandın Altında!,⚪ Yelpaze Açık,-13.21,EMA5 Direnç: 8.94 (%39.2 üstte)
SOKM,57.15,34.1,56.46,67.26,0.86,🟢 EMA Yükselişte (SSL Ok Bekleniyor),⏳ BEKLE,-,-,🟢 Yükseliş Trendinde,34.82-37.50 (%34.4 altta),-,🟡Fiyat Orta-Üst Bant Aralığında,⚪ Yelpaze Açık,0,EMA21 Destek: 54.52 (%4.6 altta) | EMA5 Direnç: 57.64 (%0.9 üstte)
SONME,122.8,27.11,42.94,30.79,0.18,⚠️ Yükseliş Trendinde Düzeltme (SSL Negatif),🔴 SAT,-,-,🔴 Düşüş Trendinde,-,-,⚪Fiyat Alt_Orta Bant Aralığında,🚨 BB SIKIŞMA,0,EMA200 Destek: 96.61 (%21.3 altta) | EMA100 Direnç: 123.08 (%0.2 üstte)
SRVGY,2.23,-2.7,33.52,10.72,-0.86,🔴 Ayı Piyasası (EMA 50 En Altta),🔴 SAT,🟢 POTANSİYEL DİP (0 Altı - Hacimsiz),-,🔴 Düşüş Trendinde,-,4.34-4.57 (%94.6 üstte),⚪Fiyat Alt_Orta Bant Aralığında,⚪ Yelpaze Açık,0,EMA5 Direnç: 2.29 (%2.8 üstte)
SUMAS,200.0,-12.77,32.62,0.0,-0.97,"📉 Düşüş Hazırlığı (50<100 Kesti, 150 Bekleniyor)",🔴 SAT,🟢 POTANSİYEL DİP (0 Altı - Hacimsiz),-,🔴 Düşüş Trendinde,59.29-63.43 (%68.3 altta),-,⚪Fiyat Alt_Orta Bant Aralığında,⚪ Yelpaze Açık,0,EMA5 Direnç: 229.27 (%14.6 üstte)
SUNTK,25.76,0.62,36.87,6.79,-0.49,⚠️ Yükseliş Trendinde Düzeltme (SSL Negatif),🔴 SAT,-,-,🩸 SAT (Trend Kırıldı),-,-,⚪Fiyat Alt_Orta Bant Aralığında,⚪ Yelpaze Açık,0,EMA200 Destek: 25.60 (%0.6 altta) | EMA5 Direnç: 29.26 (%13.6 üstte)
SURGY,20.92,999,24.19,0.0,-0.96,-,🔴 SAT,-,-,🔴 Düşüş Trendinde,-,-,⚪Fiyat Alt_Orta Bant Aralığında,⚪ Yelpaze Açık,0,EMA5 Direnç: 26.20 (%25.2 üstte)
SUWEN,5.09,-10.7,34.64,31.56,-0.51,🔴 Ayı Piyasası (EMA 50 En Altta),🔴 SAT,-,🟢 POTANSİYEL DİP,🔴 Düşüş Trendinde,-,-,🚨Fiyat Bandın Altında!,⚪ Yelpaze Açık,-2.1,EMA5 Direnç: 5.70 (%12.0 üstte)
SVGYO,3.98,999,37.87,0.0,-0.62,-,🔴 SAT,-,-,🔴 Düşüş Trendinde,-,-,🚨Fiyat Bandın Altında!,-,-35.5,EMA5 Direnç: 9.17 (%130.5 üstte)
TABGD,228.0,999,43.67,11.88,-0.3,⚠️ Yükseliş Trendinde Düzeltme (SSL Negatif),🔴 SAT,-,-,🔴 Düşüş Trendinde,-,-,⚪Fiyat Alt_Orta Bant Aralığında,🟡 Normal Genişlik,0,EMA100 Destek: 215.06 (%5.7 altta) | EMA5 Direnç: 231.13 (%1.4 üstte)
TARKM,375.0,999,39.46,0.0,-0.42,-,🔴 SAT,-,-,🔴 Düşüş Trendinde,322.00-341.00 (%9.1 altta),-,🚨Fiyat Bandın Altında!,⚪ Yelpaze Açık,-4.34,EMA5 Direnç: 433.84 (%15.7 üstte)
TATEN,4.84,999,28.15,0.0,-0.96,"📉 Düşüş Hazırlığı (50<100 Kesti, 150 Bekleniyor)",🔴 SAT,-,-,🔴 Düşüş Trendinde,-,-,⚪Fiyat Alt_Orta Bant Aralığında,⚪ Yelpaze Açık,0,EMA5 Direnç: 6.10 (%26.0 üstte)
TATGD,17.0,-0.38,46.42,7.14,-0.82,🔴 Ayı Piyasası (EMA 50 En Altta),🔴 SAT,-,-,🟢 Yükseliş Trendinde,10.51-11.50 (%32.4 altta),35.32-39.08 (%107.8 üstte),⚪Fiyat Alt_Orta Bant Aralığında,🟡 Normal Genişlik,0,EMA55 Direnç: 17.07 (%0.4 üstte)
TAVHL,266.25,31.74,45.67,53.23,0.32,🟢 EMA Yükselişte (SSL Ok Bekleniyor),🔴 SAT,-,-,🔴 Düşüş Trendinde,-,-,⚪Fiyat Alt_Orta Bant Aralığında,🚨 BB SIKIŞMA,0,EMA100 Destek: 258.64 (%2.9 altta) | EMA5 Direnç: 270.83 (%1.7 üstte)
TBORG,126.4,25.97,42.82,39.07,0.42,🟢 EMA Yükselişte (SSL Ok Bekleniyor),🔴 SAT,-,-,🟢 Yükseliş Trendinde,-,154.07-172.44 (%21.9 üstte),⚪Fiyat Alt_Orta Bant Aralığında,🟠 Daralıyor,0,EMA200 Destek: 100.34 (%20.6 altta) | EMA5 Direnç: 130.59 (%3.3 üstte)
TCELL,97.8,28.7,43.12,19.57,-0.79,⚠️ Yükseliş Trendinde Düzeltme (SSL Negatif),🔴 SAT,-,-,🔴 Düşüş Trendinde,-,-,⚪Fiyat Alt_Orta Bant Aralığında,🟠 Daralıyor,0,EMA100 Destek: 96.80 (%1.0 altta) | EMA5 Direnç: 99.63 (%1.9 üstte)
TCKRC,127.3,999,49.2,11.5,-0.02,-,🔴 SAT,-,-,🟢 Yükseliş Trendinde,-,-,⚪Fiyat Alt_Orta Bant Aralığında,-,0,EMA55 Destek: 107.45 (%15.6 altta) | EMA5 Direnç: 133.12 (%4.6 üstte)
TDGYO,6.48,-43.98,26.28,7.67,-0.53,⚠️ Yükseliş Trendinde Düzeltme (SSL Negatif),🔴 SAT,-,🟢 POTANSİYEL DİP,🔴 Düşüş Trendinde,-,-,🚨Fiyat Bandın Altında!,⚪ Yelpaze Açık,-34.24,EMA5 Direnç: 11.57 (%78.5 üstte)
TEHOL,12.19,-22.79,33.37,0.0,-0.52,⚠️ Yükseliş Trendinde Düzeltme (SSL Negatif),🔴 SAT,-,🟢 POTANSİYEL DİP,🔴 Düşüş Trendinde,-,-,🚨Fiyat Bandın Altında!,🟡 Normal Genişlik,-29.45,EMA200 Direnç: 15.79 (%29.5 üstte)
TEKTU,4.81,-16.54,30.96,0.0,-0.92,⚠️ Yükseliş Trendinde Düzeltme (SSL Negatif),🔴 SAT,🟢 POTANSİYEL DİP (0 Altı - Hacimsiz),-,🔴 Düşüş Trendinde,-,-,⚪Fiyat Alt_Orta Bant Aralığında,⚪ Yelpaze Açık,0,EMA5 Direnç: 5.76 (%19.8 üstte)
TERA,63.45,999,28.32,11.62,-0.33,⚠️ Yükseliş Trendinde Düzeltme (SSL Negatif),🔴 SAT,-,🟢 POTANSİYEL DİP,🔴 Düşüş Trendinde,-,-,🚨Fiyat Bandın Altında!,🟡 Normal Genişlik,-34.78,EMA5 Direnç: 123.55 (%94.7 üstte)
TEZOL,7.71,-7.13,25.7,2.59,-0.93,🔴 Ayı Piyasası (EMA 50 En Altta),🔴 SAT,-,-,🔴 Düşüş Trendinde,-,19.78-21.36 (%156.5 üstte),⚪Fiyat Alt_Orta Bant Aralığında,⚪ Yelpaze Açık,0,EMA5 Direnç: 8.30 (%7.7 üstte)
TGSAS,113.3,11.49,35.88,1.36,-0.25,⚠️ Yükseliş Trendinde Düzeltme (SSL Negatif),🔴 SAT,-,-,🔴 Düşüş Trendinde,-,-,⚪Fiyat Alt_Orta Bant Aralığında,⚪ Yelpaze Açık,0,EMA200 Destek: 101.63 (%10.3 altta) | EMA100 Direnç: 142.93 (%26.1 üstte)
THYAO,292.0,21.99,44.07,8.35,-0.91,⚠️ Yükseliş Trendinde Düzeltme (SSL Negatif),⏳ BEKLE,-,-,🔴 Düşüş Trendinde,-,-,⚪Fiyat Alt_Orta Bant Aralığında,⚪ Yelpaze Açık,0,EMA100 Destek: 291.06 (%0.3 altta) | EMA5 Direnç: 293.97 (%0.7 üstte)
TKFEN,248.1,194.46,67.56,50.82,0.92,🟢 EMA Yükselişte (SSL Ok Bekleniyor),🟢 AL (Trend Onaylı),-,-,🟢 Yükseliş Trendinde,-,-,🟡Fiyat Orta-Üst Bant Aralığında,⚪ Yelpaze Açık,0,EMA5 Destek: 242.86 (%2.1 altta)
TKNSA,13.5,-9.98,29.51,7.52,-0.73,🔴 Ayı Piyasası (EMA 50 En Altta),🔴 SAT,-,🟢 POTANSİYEL DİP,🔴 Düşüş Trendinde,-,36.56-40.38 (%170.8 üstte),🚨Fiyat Bandın Altında!,⚪ Yelpaze Açık,-1.41,EMA5 Direnç: 15.00 (%11.1 üstte)
TLMAN,63.6,-8.31,26.26,0.0,-0.9,"📉 Düşüş Hazırlığı (50<100 Kesti, 150 Bekleniyor)",🔴 SAT,🟢 POTANSİYEL DİP (0 Altı - Hacimsiz),-,🔴 Düşüş Trendinde,-,95.95-116.00 (%50.9 üstte),⚪Fiyat Alt_Orta Bant Aralığında,⚪ Yelpaze Açık,0,EMA5 Direnç: 69.36 (%9.1 üstte)
TMPOL,73.55,-62.7,29.45,0.0,-0.67,⚠️ Yükseliş Trendinde Düzeltme (SSL Negatif),🔴 SAT,-,🟢 POTANSİYEL DİP,🔴 Düşüş Trendinde,66.90-85.40 (fiyat bandın içinde!),-,🚨Fiyat Bandın Altında!,⚪ Yelpaze Açık,-38.66,EMA200 Direnç: 197.18 (%168.1 üstte)
TMSN,58.7,-10.66,21.98,0.0,-0.97,🔴 Ayı Piyasası (EMA 50 En Altta),🔴 SAT,🟢 POTANSİYEL DİP (0 Altı - Hacimsiz),🚀 KUSURSUZ DİP,🔴 Düşüş Trendinde,-,122.50-138.40 (%108.7 üstte),🚨Fiyat Bandın Altında!,⚪ Yelpaze Açık,-0.25,EMA5 Direnç: 65.71 (%11.9 üstte)
TNZTP,25.5,999,47.63,25.07,0.55,⚠️ Yükseliş Trendinde Düzeltme (SSL Negatif),🔴 SAT,-,-,🟢 Yükseliş Trendinde,17.48-20.72 (%18.7 altta),-,⚪Fiyat Alt_Orta Bant Aralığında,⚪ Yelpaze Açık,0,EMA55 Destek: 25.27 (%0.9 altta) | EMA21 Direnç: 27.06 (%6.1 üstte)
TOASO,259.25,24.98,42.72,28.88,-0.43,⚠️ Yükseliş Trendinde Düzeltme (SSL Negatif),⏳ BEKLE,-,-,🔴 Düşüş Trendinde,-,-,⚪Fiyat Alt_Orta Bant Aralığında,🟠 Daralıyor,0,EMA100 Destek: 248.29 (%4.2 altta) | EMA55 Direnç: 270.28 (%4.3 üstte)
TRALT,43.84,46.45,45.55,21.86,-0.16,⚠️ Yükseliş Trendinde Düzeltme (SSL Negatif),🔴 SAT,-,-,🔴 Düşüş Trendinde,-,-,⚪Fiyat Alt_Orta Bant Aralığında,🟡 Normal Genişlik,0,EMA100 Destek: 38.12 (%13.1 altta) | EMA55 Direnç: 43.88 (%0.1 üstte)
TRCAS,44.8,56.76,50.1,34.32,0.63,⚠️ Yükseliş Trendinde Düzeltme (SSL Negatif),🔴 SAT,-,-,🔴 Düşüş Trendinde,-,-,⚪Fiyat Alt_Orta Bant Aralığında,🚨 BB SIKIŞMA,0,EMA55 Destek: 41.70 (%6.9 altta) | EMA21 Direnç: 45.31 (%1.1 üstte)
TRENJ,96.35,57.82,49.26,46.29,0.54,⚠️ Yükseliş Trendinde Düzeltme (SSL Negatif),🔴 SAT,-,-,🔴 Düşüş Trendinde,20.98-25.80 (%73.2 altta),-,🟡Fiyat Orta-Üst Bant Aralığında,🟡 Normal Genişlik,0,EMA55 Destek: 90.57 (%6.0 altta) | EMA21 Direnç: 98.75 (%2.5 üstte)
TRGYO,92.7,74.8,51.68,4.18,-0.74,⚠️ Yükseliş Trendinde Düzeltme (SSL Negatif),🔴 SAT,🟢 POTANSİYEL DİP (0 Altı - Hacimsiz),-,🟢 Yükseliş Trendinde,-,-,⚪Fiyat Alt_Orta Bant Aralığında,🚨 BB SIKIŞMA,0,EMA55 Destek: 84.64 (%8.7 altta) | EMA5 Direnç: 92.87 (%0.2 üstte)
TRHOL,1147.0,92.36,41.12,6.77,0.44,⚠️ Yükseliş Trendinde Düzeltme (SSL Negatif),🔴 SAT,-,-,🔴 Düşüş Trendinde,-,-,⚪Fiyat Alt_Orta Bant Aralığında,⚪ Yelpaze Açık,0,EMA100 Destek: 1008.03 (%12.1 altta) | EMA55 Direnç: 1443.63 (%25.9 üstte)
TRILC,0.77,-16.75,27.35,0.0,-0.86,🔴 Ayı Piyasası (EMA 50 En Altta),🔴 SAT,🟢 POTANSİYEL DİP (0 Altı - Hacimsiz),-,🔴 Düşüş Trendinde,-,3.38-4.62 (%338.5 üstte),⚪Fiyat Alt_Orta Bant Aralığında,⚪ Yelpaze Açık,0,EMA5 Direnç: 0.92 (%20.1 üstte)
TRMET,128.8,58.64,50.14,38.93,0.54,⚠️ Yükseliş Trendinde Düzeltme (SSL Negatif),🔴 SAT,-,-,🔴 Düşüş Trendinde,-,-,🟡Fiyat Orta-Üst Bant Aralığında,⚪ Yelpaze Açık,0,EMA55 Destek: 118.99 (%7.6 altta) | EMA21 Direnç: 130.28 (%1.2 üstte)
TSGYO,4.96,-6.3,29.82,0.0,-0.86,🔴 Ayı Piyasası (EMA 50 En Altta),🔴 SAT,-,🟢 POTANSİYEL DİP,🔴 Düşüş Trendinde,-,6.76-7.14 (%36.3 üstte),⚪Fiyat Alt_Orta Bant Aralığında,⚪ Yelpaze Açık,0,EMA5 Direnç: 5.29 (%6.7 üstte)
TSKB,9.87,9.5,36.15,2.64,-0.81,⚠️ Yükseliş Trendinde Düzeltme (SSL Negatif),🔴 SAT,-,-,🔴 Düşüş Trendinde,-,-,🚨Fiyat Bandın Altında!,🟡 Normal Genişlik,-2.55,EMA200 Destek: 9.01 (%8.7 altta) | EMA5 Direnç: 10.52 (%6.6 üstte)
TSPOR,0.81,-10.73,36.46,7.61,-0.06,🔴 Ayı Piyasası (EMA 50 En Altta),🔴 SAT,-,-,🔴 Düşüş Trendinde,0.72-0.75 (%7.4 altta),2.07-2.46 (%155.3 üstte),🚨Fiyat Bandın Altında!,🟡 Normal Genişlik,-0.31,EMA5 Direnç: 0.91 (%12.0 üstte)
TTKOM,52.45,25.18,43.36,49.1,-0.44,⚠️ Yükseliş Trendinde Düzeltme (SSL Negatif),⏳ BEKLE,-,-,🔴 Düşüş Trendinde,-,60.00-68.90 (%14.4 üstte),⚪Fiyat Alt_Orta Bant Aralığında,⚪ Yelpaze Açık,0,EMA200 Destek: 41.90 (%20.1 altta) | EMA100 Direnç: 53.89 (%2.7 üstte)
TTRAK,402.75,-3.04,35.87,50.09,-0.38,🔴 Ayı Piyasası (EMA 50 En Altta),🔴 SAT,🔴 ZAYIFLAMA (Zaten Dipte),-,🔴 Düşüş Trendinde,-,611.00-650.00 (%51.7 üstte),⚪Fiyat Alt_Orta Bant Aralığında,🚨 BB SIKIŞMA,0,EMA5 Direnç: 415.36 (%3.1 üstte)
TUCLK,3.85,-1.6,43.58,54.42,-0.14,🔴 Ayı Piyasası (EMA 50 En Altta),⏳ BEKLE,-,-,🔴 Düşüş Trendinde,-,10.99-13.30 (%185.5 üstte),⚪Fiyat Alt_Orta Bant Aralığında,🟠 Daralıyor,0,EMA5 Direnç: 3.91 (%1.6 üstte)
TUKAS,1.94,-4.42,41.12,50.94,-0.41,🔴 Ayı Piyasası (EMA 50 En Altta),⏳ BEKLE,-,-,🔴 Düşüş Trendinde,-,6.72-7.28 (%246.4 üstte),⚪Fiyat Alt_Orta Bant Aralığında,🟡 Normal Genişlik,0,EMA5 Direnç: 2.03 (%4.6 üstte)
TUPRS,377.0,140.57,66.79,68.89,0.91,🟢 EMA Yükselişte (SSL Ok Bekleniyor),⏳ BEKLE,-,-,🟢 Yükseliş Trendinde,111.53-115.16 (%69.5 altta),-,🟡Fiyat Orta-Üst Bant Aralığında,⚪ Yelpaze Açık,0,EMA21 Destek: 327.29 (%13.2 altta) | EMA5 Direnç: 387.32 (%2.7 üstte)
TUREX,6.0,0.68,40.93,36.57,-0.8,🔴 Ayı Piyasası (EMA 50 En Altta),⏳ BEKLE,-,-,🔴 Düşüş Trendinde,-,-,⚪Fiyat Alt_Orta Bant Aralığında,🟡 Normal Genişlik,0,EMA5 Destek: 5.96 (%0.7 altta) | EMA21 Direnç: 6.81 (%13.6 üstte)
TURGG,23.92,-3.0,38.95,6.42,-0.28,⚠️ Yükseliş Trendinde Düzeltme (SSL Negatif),🔴 SAT,-,-,🔴 Düşüş Trendinde,23.46-28.75 (fiyat bandın içinde!),-,🚨Fiyat Bandın Altında!,🟠 Daralıyor,-0.48,EMA200 Direnç: 24.66 (%3.1 üstte)
TURSG,5.46,45.47,36.12,13.61,-0.5,⚠️ Yükseliş Trendinde Düzeltme (SSL Negatif),🔴 SAT,-,-,🩸 SAT (Trend Kırıldı),-,-,🚨Fiyat Bandın Altında!,🚨 BB SIKIŞMA,-4.72,EMA100 Destek: 5.20 (%4.7 altta) | EMA55 Direnç: 5.84 (%7.0 üstte)
UCAYM,15.6,999,31.83,0.0,-0.95,-,🔴 SAT,-,-,🔴 Düşüş Trendinde,-,-,⚪Fiyat Alt_Orta Bant Aralığında,-,0,EMA5 Direnç: 18.87 (%21.0 üstte)
UFUK,355.5,-56.26,21.64,0.0,-0.72,⚠️ Yükseliş Trendinde Düzeltme (SSL Negatif),🔴 SAT,-,🟢 POTANSİYEL DİP,🔴 Düşüş Trendinde,-,-,🚨Fiyat Bandın Altında!,⚪ Yelpaze Açık,-48.34,EMA200 Direnç: 812.81 (%128.6 üstte)
ULAS,15.72,-13.09,26.38,11.0,-0.85,"📉 Düşüş Hazırlığı (50<100 Kesti, 150 Bekleniyor)",🔴 SAT,-,🟢 POTANSİYEL DİP,🔴 Düşüş Trendinde,-,-,🚨Fiyat Bandın Altında!,⚪ Yelpaze Açık,-3.11,EMA5 Direnç: 18.09 (%15.1 üstte)
ULKER,85.45,3.96,35.18,45.42,-0.7,⚠️ Yükseliş Trendinde Düzeltme (SSL Negatif),🔴 SAT,🔴 ZAYIFLAMA (Zaten Dipte),-,🔴 Düşüş Trendinde,-,-,⚪Fiyat Alt_Orta Bant Aralığında,⚪ Yelpaze Açık,0,EMA200 Destek: 82.20 (%3.8 altta) | EMA5 Direnç: 88.43 (%3.5 üstte)
ULUFA,1.46,20.58,32.82,0.0,-0.86,⚠️ Yükseliş Trendinde Düzeltme (SSL Negatif),🔴 SAT,-,🟢 POTANSİYEL DİP,🔴 Düşüş Trendinde,-,-,⚪Fiyat Alt_Orta Bant Aralığında,🟡 Normal Genişlik,0,EMA200 Destek: 1.21 (%17.1 altta) | EMA5 Direnç: 1.53 (%5.0 üstte)
ULUSE,163.6,-11.02,34.75,0.0,-0.87,⚠️ Yükseliş Trendinde Düzeltme (SSL Negatif),🔴 SAT,-,🟢 POTANSİYEL DİP,🔴 Düşüş Trendinde,122.00-131.50 (%19.6 altta),-,🚨Fiyat Bandın Altında!,⚪ Yelpaze Açık,-5.33,EMA200 Direnç: 183.87 (%12.4 üstte)
ULUUN,6.01,-13.03,34.3,1.53,-0.8,⚠️ Yükseliş Trendinde Düzeltme (SSL Negatif),🔴 SAT,-,🟢 POTANSİYEL DİP,🔴 Düşüş Trendinde,5.35-6.85 (fiyat bandın içinde!),-,🚨Fiyat Bandın Altında!,⚪ Yelpaze Açık,-9.8,EMA200 Direnç: 6.91 (%15.0 üstte)
UMPAS,9.3,23.01,41.55,16.67,0.0,🟢 EMA Yükselişte (SSL Ok Bekleniyor),⏳ BEKLE,-,-,🔴 Düşüş Trendinde,-,11.40-14.35 (%22.6 üstte),🚨Fiyat Bandın Altında!,🚨 BB SIKIŞMA,0.0,EMA100 Destek: 9.13 (%1.8 altta) | EMA5 Direnç: 9.30 (%0.0 üstte)
UNLU,10.28,-10.35,40.13,67.58,-0.28,🔴 Ayı Piyasası (EMA 50 En Altta),⏳ BEKLE,-,-,🟢 Yükseliş Trendinde,-,13.23-14.50 (%28.7 üstte),⚪Fiyat Alt_Orta Bant Aralığında,⚪ Yelpaze Açık,0,EMA5 Direnç: 11.47 (%11.5 üstte)
USAK,0.45,-44.85,14.66,0.0,-0.85,🔴 Ayı Piyasası (EMA 50 En Altta),🔴 SAT,-,🟢 POTANSİYEL DİP,🔴 Düşüş Trendinde,-,4.97-6.62 (%1004.4 üstte),🚨Fiyat Bandın Altında!,⚪ Yelpaze Açık,-37.13,EMA5 Direnç: 0.82 (%81.3 üstte)
VAKBN,33.18,51.68,51.72,42.61,0.62,🟢 EMA Yükselişte (SSL Ok Bekleniyor),⏳ BEKLE,🩸 SAT (Zirveden Dönüş),-,🟢 Yükseliş Trendinde,-,-,🟡Fiyat Orta-Üst Bant Aralığında,🚨 BB SIKIŞMA,0,EMA21 Destek: 32.69 (%1.5 altta) | EMA5 Direnç: 33.61 (%1.3 üstte)
VAKFA,9.02,999,27.17,6.66,-0.8,-,🔴 SAT,-,🟢 POTANSİYEL DİP,🔴 Düşüş Trendinde,-,-,🚨Fiyat Bandın Altında!,-,-5.5,EMA5 Direnç: 9.99 (%10.7 üstte)
VAKFN,0.95,-8.54,20.57,0.0,-0.95,⚠️ Yükseliş Trendinde Düzeltme (SSL Negatif),🔴 SAT,-,🟢 POTANSİYEL DİP,🔴 Düşüş Trendinde,0.81-0.92 (%3.0 altta),1.48-1.62 (%56.1 üstte),🚨Fiyat Bandın Altında!,⚪ Yelpaze Açık,-1.1,EMA5 Direnç: 1.04 (%9.3 üstte)
VAKKO,60.55,3.0,36.09,0.0,-0.91,⚠️ Yükseliş Trendinde Düzeltme (SSL Negatif),🔴 SAT,-,-,🔴 Düşüş Trendinde,52.59-57.37 (%5.2 altta),-,⚪Fiyat Alt_Orta Bant Aralığında,🟡 Normal Genişlik,0,EMA200 Destek: 58.79 (%2.9 altta) | EMA5 Direnç: 63.31 (%4.6 üstte)
VANGD,57.9,44.3,34.84,0.0,-0.64,⚠️ Yükseliş Trendinde Düzeltme (SSL Negatif),🔴 SAT,-,🟢 POTANSİYEL DİP,🔴 Düşüş Trendinde,-,-,🚨Fiyat Bandın Altında!,⚪ Yelpaze Açık,-8.98,EMA200 Destek: 40.12 (%30.7 altta) | EMA100 Direnç: 58.75 (%1.5 üstte)
VBTYZ,24.64,20.43,42.91,0.0,-0.02,⚠️ Yükseliş Trendinde Düzeltme (SSL Negatif),🔴 SAT,-,-,🩸 SAT (Trend Kırıldı),15.02-16.64 (%32.5 altta),-,⚪Fiyat Alt_Orta Bant Aralığında,⚪ Yelpaze Açık,0,EMA100 Destek: 24.37 (%1.1 altta) | EMA55 Direnç: 26.16 (%6.2 üstte)
VERTU,26.8,-8.92,25.08,0.82,-0.9,"📉 Düşüş Hazırlığı (50<100 Kesti, 150 Bekleniyor)",🔴 SAT,🟢 POTANSİYEL DİP (0 Altı - Hacimsiz),🚀 KUSURSUZ DİP,🔴 Düşüş Trendinde,20.39-22.44 (%16.3 altta),-,🚨Fiyat Bandın Altında!,⚪ Yelpaze Açık,-3.08,EMA5 Direnç: 29.43 (%9.8 üstte)
VERUS,466.75,58.9,46.2,15.09,0.11,⚠️ Yükseliş Trendinde Düzeltme (SSL Negatif),🔴 SAT,-,-,🔴 Düşüş Trendinde,11.99-137.23 (%70.6 altta),-,⚪Fiyat Alt_Orta Bant Aralığında,⚪ Yelpaze Açık,0,EMA55 Destek: 454.21 (%2.7 altta) | EMA5 Direnç: 502.59 (%7.7 üstte)
VESBE,4.0,-16.88,24.98,14.66,-0.84,🔴 Ayı Piyasası (EMA 50 En Altta),🔴 SAT,-,🟢 POTANSİYEL DİP,🔴 Düşüş Trendinde,-,17.31-18.83 (%332.7 üstte),🚨Fiyat Bandın Altında!,⚪ Yelpaze Açık,-9.82,EMA5 Direnç: 4.81 (%20.3 üstte)
VESTL,17.39,-17.48,29.62,22.94,-0.56,🔴 Ayı Piyasası (EMA 50 En Altta),🔴 SAT,-,🟢 POTANSİYEL DİP,🔴 Düşüş Trendinde,-,62.00-73.15 (%256.5 üstte),🚨Fiyat Bandın Altında!,⚪ Yelpaze Açık,-10.3,EMA5 Direnç: 21.07 (%21.2 üstte)
VKFYO,17.15,-13.15,30.25,0.0,-0.93,⚠️ Yükseliş Trendinde Düzeltme (SSL Negatif),🔴 SAT,-,🟢 POTANSİYEL DİP,🔴 Düşüş Trendinde,15.62-17.18 (fiyat bandın içinde!),-,🚨Fiyat Bandın Altında!,⚪ Yelpaze Açık,-2.62,EMA5 Direnç: 19.75 (%15.1 üstte)
VKGYO,1.66,9.56,30.8,0.0,-0.93,⚠️ Yükseliş Trendinde Düzeltme (SSL Negatif),🔴 SAT,-,🟢 POTANSİYEL DİP,🔴 Düşüş Trendinde,-,-,🚨Fiyat Bandın Altında!,⚪ Yelpaze Açık,-2.26,EMA200 Destek: 1.52 (%8.7 altta) | EMA5 Direnç: 1.76 (%6.1 üstte)
VKING,15.1,-15.33,22.91,0.77,-0.92,🔴 Ayı Piyasası (EMA 50 En Altta),🔴 SAT,-,🟢 POTANSİYEL DİP,🔴 Düşüş Trendinde,-,-,🚨Fiyat Bandın Altında!,⚪ Yelpaze Açık,-8.57,EMA5 Direnç: 17.83 (%18.1 üstte)
VRGYO,1.29,999,24.58,3.46,-0.87,🔴 Ayı Piyasası (EMA 50 En Altta),⏳ BEKLE,-,🟢 POTANSİYEL DİP,🔴 Düşüş Trendinde,-,-,🚨Fiyat Bandın Altında!,⚪ Yelpaze Açık,-2.61,EMA5 Direnç: 1.46 (%13.1 üstte)
VSNMD,29.16,999,28.45,0.0,-0.96,-,🔴 SAT,🟢 POTANSİYEL DİP (0 Altı - Hacimsiz),🚀 KUSURSUZ DİP,🔴 Düşüş Trendinde,-,57.74-68.84 (%98.0 üstte),🚨Fiyat Bandın Altında!,-,-4.14,EMA5 Direnç: 34.82 (%19.4 üstte)
YAPRK,9.02,-6.85,34.26,0.0,-0.79,🔴 Ayı Piyasası (EMA 50 En Altta),🔴 SAT,-,-,🟢 Yükseliş Trendinde,-,-,⚪Fiyat Alt_Orta Bant Aralığında,⚪ Yelpaze Açık,0,EMA5 Direnç: 9.68 (%7.4 üstte)
YATAS,26.42,-6.05,30.23,0.0,-0.94,⚠️ Yükseliş Trendinde Düzeltme (SSL Negatif),🔴 SAT,-,-,🔴 Düşüş Trendinde,23.56-29.48 (fiyat bandın içinde!),-,⚪Fiyat Alt_Orta Bant Aralığında,⚪ Yelpaze Açık,0,EMA5 Direnç: 28.12 (%6.4 üstte)
YAYLA,13.82,-20.42,26.9,0.0,-0.81,⚠️ Yükseliş Trendinde Düzeltme (SSL Negatif),🔴 SAT,-,🟢 POTANSİYEL DİP,🔴 Düşüş Trendinde,11.51-14.00 (fiyat bandın içinde!),-,🚨Fiyat Bandın Altında!,⚪ Yelpaze Açık,-13.29,EMA5 Direnç: 17.37 (%25.7 üstte)
YBTAS,10.5,-10.02,21.46,0.0,-0.95,🔴 Ayı Piyasası (EMA 50 En Altta),🔴 SAT,🚀 KUSURSUZ DÖNÜŞ (0 Altı + Hacim),🚀 KUSURSUZ DİP,🔴 Düşüş Trendinde,-,35.33-43.15 (%236.5 üstte),🚨Fiyat Bandın Altında!,⚪ Yelpaze Açık,-2.9,EMA5 Direnç: 11.67 (%11.1 üstte)
YEOTK,29.32,47.72,43.18,2.0,-0.87,⚠️ Yükseliş Trendinde Düzeltme (SSL Negatif),🔴 SAT,-,-,🔴 Düşüş Trendinde,14.88-16.02 (%45.4 altta),-,⚪Fiyat Alt_Orta Bant Aralığında,⚪ Yelpaze Açık,0,EMA100 Destek: 25.64 (%12.5 altta) | EMA55 Direnç: 29.48 (%0.6 üstte)
YESIL,0.87,-11.74,22.57,0.0,-0.93,🔴 Ayı Piyasası (EMA 50 En Altta),🔴 SAT,🚀 KUSURSUZ DÖNÜŞ (0 Altı + Hacim),🚀 KUSURSUZ DİP,🔴 Düşüş Trendinde,-,4.52-5.46 (%419.5 üstte),🚨Fiyat Bandın Altında!,⚪ Yelpaze Açık,-2.34,EMA5 Direnç: 0.99 (%13.3 üstte)
YGGYO,212.2,110.9,49.83,2.04,-0.37,⚠️ Yükseliş Trendinde Düzeltme (SSL Negatif),🔴 SAT,-,-,🟢 Yükseliş Trendinde,-,-,⚪Fiyat Alt_Orta Bant Aralığında,🚨 BB SIKIŞMA,0,EMA55 Destek: 183.68 (%13.4 altta) | EMA5 Direnç: 217.30 (%2.4 üstte)
YIGIT,16.79,999,32.28,0.0,-0.69,-,🔴 SAT,-,🟢 POTANSİYEL DİP,🔴 Düşüş Trendinde,-,33.40-38.88 (%98.9 üstte),🚨Fiyat Bandın Altında!,⚪ Yelpaze Açık,-5.46,EMA5 Direnç: 19.07 (%13.6 üstte)
YKBNK,34.94,37.39,47.49,41.8,0.25,⚠️ Yükseliş Trendinde Düzeltme (SSL Negatif),🔴 SAT,-,-,🟢 Yükseliş Trendinde,27.14-30.88 (%11.6 altta),-,⚪Fiyat Alt_Orta Bant Aralığında,🟠 Daralıyor,0,EMA100 Destek: 32.71 (%6.4 altta) | EMA55 Direnç: 35.14 (%0.6 üstte)
YKSLN,2.08,-24.67,36.58,39.99,-0.23,🔴 Ayı Piyasası (EMA 50 En Altta),🔴 SAT,-,-,🔴 Düşüş Trendinde,-,6.71-9.39 (%222.6 üstte),🚨Fiyat Bandın Altında!,⚪ Yelpaze Açık,-5.51,EMA5 Direnç: 2.76 (%32.7 üstte)
YONGA,35.48,-8.33,25.71,2.27,-0.94,🔴 Ayı Piyasası (EMA 50 En Altta),🔴 SAT,🟢 POTANSİYEL DİP (0 Altı - Hacimsiz),🚀 KUSURSUZ DİP,🔴 Düşüş Trendinde,-,59.95-71.00 (%69.0 üstte),⚪Fiyat Alt_Orta Bant Aralığında,⚪ Yelpaze Açık,0,EMA5 Direnç: 38.70 (%9.1 üstte)
YUNSA,6.52,-3.02,32.47,3.94,-0.92,⚠️ Yükseliş Trendinde Düzeltme (SSL Negatif),🔴 SAT,-,-,🔴 Düşüş Trendinde,4.51-5.12 (%21.4 altta),10.66-12.89 (%63.5 üstte),⚪Fiyat Alt_Orta Bant Aralığında,⚪ Yelpaze Açık,0,EMA200 Direnç: 6.72 (%3.1 üstte)
YYAPI,0.56,-14.92,22.05,0.0,-0.9,🔴 Ayı Piyasası (EMA 50 En Altta),🔴 SAT,-,🟢 POTANSİYEL DİP,🔴 Düşüş Trendinde,-,-,🚨Fiyat Bandın Altında!,🟡 Normal Genişlik,-5.09,EMA5 Direnç: 0.66 (%17.5 üstte)
YYLGD,7.56,-13.42,26.0,2.6,-0.85,🔴 Ayı Piyasası (EMA 50 En Altta),🔴 SAT,-,🟢 POTANSİYEL DİP,🔴 Düşüş Trendinde,-,-,🚨Fiyat Bandın Altında!,⚪ Yelpaze Açık,-8.41,EMA5 Direnç: 8.73 (%15.5 üstte)
ZEDUR,5.7,-11.5,26.64,0.0,-0.93,"📉 Düşüş Hazırlığı (50<100 Kesti, 150 Bekleniyor)",🔴 SAT,🟢 POTANSİYEL DİP (0 Altı - Hacimsiz),-,🔴 Düşüş Trendinde,-,14.18-18.70 (%148.9 üstte),⚪Fiyat Alt_Orta Bant Aralığında,⚪ Yelpaze Açık,0,EMA5 Direnç: 6.44 (%13.0 üstte)
ZERGY,7.33,999,34.18,3.0,-0.78,-,🔴 SAT,-,-,🔴 Düşüş Trendinde,-,-,⚪Fiyat Alt_Orta Bant Aralığında,-,0,EMA5 Direnç: 8.21 (%12.1 üstte)
ZGYO,17.81,999,37.64,4.5,-0.95,-,⏳ BEKLE,🚀 KUSURSUZ DÖNÜŞ (0 Altı + Hacim),-,🔴 Düşüş Trendinde,-,-,⚪Fiyat Alt_Orta Bant Aralığında,-,0,EMA5 Direnç: 20.21 (%13.5 üstte)
ZOREN,1.91,-10.81,25.54,14.39,-0.85,🔴 Ayı Piyasası (EMA 50 En Altta),🔴 SAT,🔴 ZAYIFLAMA (Zaten Dipte),🟢 POTANSİYEL DİP,🔴 Düşüş Trendinde,-,4.28-4.53 (%124.1 üstte),⚪Fiyat Alt_Orta Bant Aralığında,⚪ Yelpaze Açık,0,EMA5 Direnç: 2.14 (%12.1 üstte)
ZRGYO,19.15,39.89,47.9,71.05,0.75,🟢 EMA Yükselişte (SSL Ok Bekleniyor),🔴 SAT,-,-,🔴 Düşüş Trendinde,-,23.74-25.73 (%24.0 üstte),🟡Fiyat Orta-Üst Bant Aralığında,🟡 Normal Genişlik,0,EMA100 Destek: 18.57 (%3.0 altta) | EMA5 Direnç: 19.30 (%0.8 üstte)
