Varlık,Fiyat,EMA_Durumu,RSI,StochRSI,TSI,SSL&EMA_Sinyal,Tilson_Sinyal,Hacim_SMI,Kombine_Dip,Supertrend_Sinyal,Alim_Bandi,Satim_Bandi,BB_Fiyat_Durum,BB_Sikisma,BB_Bant_Durum,Destek_Direnc
A1CAP,4.36,0.11,25.34,96.37,-0.71,🔴 Ayı Piyasası (EMA 50 En Altta),🟢 AL (Trend Onaylı),-,-,🔴 Düşüş Trendinde,-,11.06-12.06 (%153.7 üstte),⚪Fiyat Alt_Orta Bant Aralığında,⚪ Yelpaze Açık,0,EMA5 Destek: 4.36 (%0.1 altta) | EMA21 Direnç: 5.21 (%19.4 üstte)
A1YEN,1.72,0.14,35.34,93.0,-0.33,🔴 Ayı Piyasası (EMA 50 En Altta),🟢 AL (Trend Onaylı),-,-,🔴 Düşüş Trendinde,-,2.92-3.12 (%69.8 üstte),⚪Fiyat Alt_Orta Bant Aralığında,⚪ Yelpaze Açık,0,EMA5 Destek: 1.72 (%0.1 altta) | EMA21 Direnç: 1.94 (%12.9 üstte)
AAGYO,8.47,999,33.77,79.36,0.27,-,⏳ BEKLE,-,-,🟢 Yükseliş Trendinde,-,18.23-20.20 (%115.2 üstte),⚪Fiyat Alt_Orta Bant Aralığında,⚪ Yelpaze Açık,0,EMA5 Direnç: 8.72 (%2.9 üstte)
ACSEL,85.2,-2.52,28.81,83.38,-0.72,🔴 Ayı Piyasası (EMA 50 En Altta),⏳ BEKLE,-,-,🔴 Düşüş Trendinde,-,129.40-138.40 (%51.9 üstte),⚪Fiyat Alt_Orta Bant Aralığında,⚪ Yelpaze Açık,0,EMA5 Direnç: 87.40 (%2.6 üstte)
ADEL,24.78,-0.41,32.21,58.17,-0.85,🔴 Ayı Piyasası (EMA 50 En Altta),⏳ BEKLE,-,-,🔴 Düşüş Trendinde,-,-,⚪Fiyat Alt_Orta Bant Aralığında,⚪ Yelpaze Açık,0,EMA5 Direnç: 24.88 (%0.4 üstte)
ADESE,0.59,-4.83,22.96,45.96,-0.93,🩸 ASIL SİNYAL: GÜÇLÜ SAT (EMA Çöktü + SSL Onay),🔴 SAT,🔴 ZAYIFLAMA (Zaten Dipte),-,🔴 Düşüş Trendinde,-,1.00-1.07 (%69.5 üstte),⚪Fiyat Alt_Orta Bant Aralığında,⚪ Yelpaze Açık,0,EMA5 Direnç: 0.62 (%5.1 üstte)
ADGYO,45.28,-1.65,35.08,19.57,-0.69,🔴 Ayı Piyasası (EMA 50 En Altta),🔴 SAT,-,-,🔴 Düşüş Trendinde,-,59.15-65.10 (%30.6 üstte),⚪Fiyat Alt_Orta Bant Aralığında,⚪ Yelpaze Açık,0,EMA5 Direnç: 46.04 (%1.7 üstte)
AEFES,18.15,-0.14,45.9,73.79,-0.56,"📉 Düşüş Hazırlığı (50<100 Kesti, 150 Bekleniyor)",🟢 AL (Trend Onaylı),-,-,🔴 Düşüş Trendinde,-,21.12-21.87 (%16.4 üstte),⚪Fiyat Alt_Orta Bant Aralığında,⚪ Yelpaze Açık,0,EMA5 Direnç: 18.17 (%0.1 üstte)
AFYON,10.86,-1.42,33.89,88.27,-0.61,🔴 Ayı Piyasası (EMA 50 En Altta),⏳ BEKLE,-,-,🔴 Düşüş Trendinde,-,12.68-13.45 (%16.8 üstte),⚪Fiyat Alt_Orta Bant Aralığında,⚪ Yelpaze Açık,0,EMA5 Direnç: 11.02 (%1.4 üstte)
AGESA,228.3,-1.3,37.31,72.8,-0.57,⚠️ Yükseliş Trendinde Düzeltme (SSL Negatif),⏳ BEKLE,-,-,🔴 Düşüş Trendinde,-,-,⚪Fiyat Alt_Orta Bant Aralığında,⚪ Yelpaze Açık,0,EMA200 Direnç: 231.31 (%1.3 üstte)
AGHOL,31.74,-0.38,41.17,21.34,-0.86,⚠️ Yükseliş Trendinde Düzeltme (SSL Negatif),🔴 SAT,-,-,🔴 Düşüş Trendinde,-,35.00-36.04 (%10.3 üstte),⚪Fiyat Alt_Orta Bant Aralığında,🟡 Normal Genişlik,0,EMA200 Direnç: 31.86 (%0.4 üstte)
AGROT,1.33,-2.51,23.26,87.5,-0.82,🔴 Ayı Piyasası (EMA 50 En Altta),⏳ BEKLE,-,-,🔴 Düşüş Trendinde,-,3.16-3.28 (%137.6 üstte),⚪Fiyat Alt_Orta Bant Aralığında,⚪ Yelpaze Açık,0,EMA5 Direnç: 1.36 (%2.6 üstte)
AGYO,6.48,-1.16,32.12,18.67,-0.92,🔴 Ayı Piyasası (EMA 50 En Altta),🔴 SAT,-,-,🔴 Düşüş Trendinde,-,8.14-8.79 (%25.6 üstte),⚪Fiyat Alt_Orta Bant Aralığında,⚪ Yelpaze Açık,0,EMA5 Direnç: 6.56 (%1.2 üstte)
AHGAZ,48.0,50.04,75.29,90.72,0.77,🟢 EMA Yükselişte (SSL Ok Bekleniyor),🟢 AL (Trend Onaylı),-,🔴 ZİRVEDE,🟢 Yükseliş Trendinde,-,-,🚨Fiyat Bandın Üzerinde!,⚪ Yelpaze Açık,0.22,EMA5 Destek: 46.34 (%3.5 altta)
AHSGY,5.94,-13.74,19.56,9.45,-0.98,🔴 Ayı Piyasası (EMA 50 En Altta),🔴 SAT,🔴 ZAYIFLAMA (Zaten Dipte),-,🔴 Düşüş Trendinde,-,20.46-21.30 (%244.4 üstte),⚪Fiyat Alt_Orta Bant Aralığında,⚪ Yelpaze Açık,0,EMA5 Direnç: 6.89 (%15.9 üstte)
AKBNK,69.25,0.42,47.45,55.05,-0.73,"📉 Düşüş Hazırlığı (50<100 Kesti, 150 Bekleniyor)",⏳ BEKLE,🟢 POTANSİYEL DİP (0 Altı - Hacimsiz),-,🔴 Düşüş Trendinde,-,86.96-90.21 (%25.6 üstte),⚪Fiyat Alt_Orta Bant Aralığında,🟠 Daralıyor,0,EMA5 Destek: 68.96 (%0.4 altta) | EMA21 Direnç: 69.90 (%0.9 üstte)
AKCNS,211.3,5.1,47.77,100.0,0.42,🟢 EMA Yükselişte (SSL Ok Bekleniyor),🟢 AL (Trend Onaylı),-,-,🔴 Düşüş Trendinde,-,247.40-253.50 (%17.1 üstte),🟡Fiyat Orta-Üst Bant Aralığında,⚪ Yelpaze Açık,0,EMA5 Destek: 207.73 (%1.7 altta) | EMA21 Direnç: 211.65 (%0.2 üstte)
AKENR,7.76,-2.96,27.63,56.7,-0.89,🔴 Ayı Piyasası (EMA 50 En Altta),🔴 SAT,-,-,🔴 Düşüş Trendinde,-,12.77-14.09 (%64.6 üstte),⚪Fiyat Alt_Orta Bant Aralığında,⚪ Yelpaze Açık,0,EMA5 Direnç: 8.00 (%3.1 üstte)
AKFGY,2.44,-2.41,43.58,74.48,0.42,🔴 Ayı Piyasası (EMA 50 En Altta),🔴 SAT,🩸 SAT (Zirveden Dönüş),-,🔴 Düşüş Trendinde,-,-,⚪Fiyat Alt_Orta Bant Aralığında,⚪ Yelpaze Açık,0,EMA5 Direnç: 2.50 (%2.5 üstte)
AKFIS,17.36,58.87,56.42,84.22,0.88,🟢 EMA Yükselişte (SSL Ok Bekleniyor),⏳ BEKLE,🩸 SAT (Zirveden Dönüş),-,🟢 Yükseliş Trendinde,3.34-3.40 (%80.4 altta),-,🟡Fiyat Orta-Üst Bant Aralığında,⚪ Yelpaze Açık,0,EMA5 Destek: 17.32 (%0.2 altta)
AKFYE,3.71,3.62,50.48,87.48,0.27,"📉 Düşüş Hazırlığı (50<100 Kesti, 150 Bekleniyor)",🟢 AL (Trend Onaylı),-,-,🔴 Düşüş Trendinde,2.70-2.75 (%26.0 altta),4.35-4.86 (%17.3 üstte),🟡Fiyat Orta-Üst Bant Aralığında,⚪ Yelpaze Açık,0,EMA21 Destek: 3.66 (%1.3 altta) | EMA55 Direnç: 3.79 (%2.2 üstte)
AKGRT,5.15,-0.79,29.78,81.91,-0.83,🔴 Ayı Piyasası (EMA 50 En Altta),⏳ BEKLE,-,-,🔴 Düşüş Trendinde,-,8.35-8.71 (%62.1 üstte),⚪Fiyat Alt_Orta Bant Aralığında,⚪ Yelpaze Açık,0,EMA5 Direnç: 5.19 (%0.8 üstte)
AKHAN,28.82,999,43.5,100.0,0.24,"📉 Düşüş Hazırlığı (50<100 Kesti, 150 Bekleniyor)",🟢 AL (Trend Onaylı),-,-,🔴 Düşüş Trendinde,-,43.20-48.06 (%49.9 üstte),🟡Fiyat Orta-Üst Bant Aralığında,⚪ Yelpaze Açık,0,EMA5 Destek: 27.81 (%3.5 altta) | EMA21 Direnç: 29.61 (%2.8 üstte)
AKMGY,207.0,-2.57,29.4,51.75,-0.89,🩸 ASIL SİNYAL: GÜÇLÜ SAT (EMA Çöktü + SSL Onay),🔴 SAT,🔴 ZAYIFLAMA (Zaten Dipte),-,🔴 Düşüş Trendinde,-,-,⚪Fiyat Alt_Orta Bant Aralığında,⚪ Yelpaze Açık,0,EMA5 Direnç: 212.47 (%2.6 üstte)
AKSA,10.39,-0.68,41.79,51.06,-0.67,🔴 Ayı Piyasası (EMA 50 En Altta),🔴 SAT,-,-,🔴 Düşüş Trendinde,9.21-9.36 (%9.9 altta),12.23-13.02 (%17.7 üstte),⚪Fiyat Alt_Orta Bant Aralığında,⚪ Yelpaze Açık,0,EMA5 Direnç: 10.46 (%0.7 üstte)
AKSEN,71.75,-0.61,43.43,82.64,0.76,🔴 Ayı Piyasası (EMA 50 En Altta),🔴 SAT,-,-,🔴 Düşüş Trendinde,-,109.50-117.50 (%52.6 üstte),⚪Fiyat Alt_Orta Bant Aralığında,⚪ Yelpaze Açık,0,EMA5 Direnç: 72.19 (%0.6 üstte)
AKSGY,9.33,5.24,41.11,80.8,0.25,⚠️ Yükseliş Trendinde Düzeltme (SSL Negatif),🔴 SAT,🩸 SAT (Zirveden Dönüş),-,🔴 Düşüş Trendinde,-,-,⚪Fiyat Alt_Orta Bant Aralığında,⚪ Yelpaze Açık,0,EMA200 Destek: 8.87 (%5.0 altta) | EMA5 Direnç: 9.44 (%1.2 üstte)
AKSUE,17.8,6.29,34.62,100.0,-0.59,🔴 Ayı Piyasası (EMA 50 En Altta),🔥 GÜÇLÜ AL (Taze Kırılım),-,-,🔴 Düşüş Trendinde,-,45.36-46.92 (%154.8 üstte),⚪Fiyat Alt_Orta Bant Aralığında,⚪ Yelpaze Açık,0,EMA5 Destek: 16.75 (%5.9 altta) | EMA21 Direnç: 20.68 (%16.2 üstte)
AKYHO,1.54,-3.03,30.18,69.09,-0.79,🔴 Ayı Piyasası (EMA 50 En Altta),🔴 SAT,-,-,🔴 Düşüş Trendinde,-,-,⚪Fiyat Alt_Orta Bant Aralığında,⚪ Yelpaze Açık,0,EMA5 Direnç: 1.59 (%3.1 üstte)
ALARK,104.0,2.71,45.93,86.09,-0.53,⚠️ Yükseliş Trendinde Düzeltme (SSL Negatif),🟢 AL (Trend Onaylı),-,-,🔴 Düşüş Trendinde,90.70-96.00 (%7.7 altta),-,⚪Fiyat Alt_Orta Bant Aralığında,⚪ Yelpaze Açık,0,EMA200 Destek: 101.26 (%2.6 altta) | EMA5 Direnç: 104.23 (%0.2 üstte)
ALBRK,8.82,5.8,56.14,95.19,0.25,🟢 EMA Yükselişte (SSL Ok Bekleniyor),🟢 AL (Trend Onaylı),-,-,🔴 Düşüş Trendinde,-,-,🟡Fiyat Orta-Üst Bant Aralığında,⚪ Yelpaze Açık,0,EMA5 Destek: 8.69 (%1.5 altta)
ALCAR,568.0,-4.46,28.93,18.29,-0.91,🩸 ASIL SİNYAL: GÜÇLÜ SAT (EMA Çöktü + SSL Onay),🔴 SAT,🔴 ZAYIFLAMA (Zaten Dipte),-,🔴 Düşüş Trendinde,-,710.00-755.00 (%25.0 üstte),⚪Fiyat Alt_Orta Bant Aralığında,⚪ Yelpaze Açık,0,EMA5 Direnç: 594.53 (%4.7 üstte)
ALCTL,79.95,-4.1,21.65,68.3,-0.86,🔴 Ayı Piyasası (EMA 50 En Altta),🔴 SAT,🔴 ZAYIFLAMA (Zaten Dipte),-,🔴 Düşüş Trendinde,-,-,⚪Fiyat Alt_Orta Bant Aralığında,⚪ Yelpaze Açık,0,EMA5 Direnç: 83.37 (%4.3 üstte)
ALFAS,29.16,-2.53,31.67,79.88,-0.71,🔴 Ayı Piyasası (EMA 50 En Altta),⏳ BEKLE,-,-,🔴 Düşüş Trendinde,-,45.76-47.94 (%56.9 üstte),⚪Fiyat Alt_Orta Bant Aralığında,⚪ Yelpaze Açık,0,EMA5 Direnç: 29.92 (%2.6 üstte)
ALGYO,2.89,-2.72,31.9,66.52,-0.82,🩸 ASIL SİNYAL: GÜÇLÜ SAT (EMA Çöktü + SSL Onay),⏳ BEKLE,-,-,🔴 Düşüş Trendinde,-,7.40-7.82 (%156.1 üstte),⚪Fiyat Alt_Orta Bant Aralığında,⚪ Yelpaze Açık,0,EMA5 Direnç: 2.97 (%2.8 üstte)
ALKA,5.95,-2.37,25.03,77.64,-0.85,🔴 Ayı Piyasası (EMA 50 En Altta),⏳ BEKLE,-,-,🔴 Düşüş Trendinde,-,10.99-12.35 (%84.7 üstte),⚪Fiyat Alt_Orta Bant Aralığında,⚪ Yelpaze Açık,0,EMA5 Direnç: 6.09 (%2.4 üstte)
ALKIM,11.76,-1.62,19.45,38.85,-0.92,🔴 Ayı Piyasası (EMA 50 En Altta),⏳ BEKLE,-,-,🔴 Düşüş Trendinde,-,17.30-18.39 (%47.1 üstte),⚪Fiyat Alt_Orta Bant Aralığında,⚪ Yelpaze Açık,0,EMA5 Direnç: 11.95 (%1.6 üstte)
ALKLC,96.75,-22.0,10.37,0.0,-0.98,"📉 Düşüş Hazırlığı (50<100 Kesti, 150 Bekleniyor)",🔴 SAT,-,-,🔴 Düşüş Trendinde,66.90-70.55 (%27.1 altta),-,⚪Fiyat Alt_Orta Bant Aralığında,⚪ Yelpaze Açık,0,EMA5 Direnç: 124.04 (%28.2 üstte)
ALTNY,12.61,-2.41,35.25,81.83,-0.52,🔴 Ayı Piyasası (EMA 50 En Altta),⏳ BEKLE,-,-,🔴 Düşüş Trendinde,-,-,⚪Fiyat Alt_Orta Bant Aralığında,⚪ Yelpaze Açık,0,EMA5 Direnç: 12.92 (%2.5 üstte)
ALVES,0.67,10.78,32.11,100.0,-0.39,🔴 Ayı Piyasası (EMA 50 En Altta),🟢 AL (Trend Onaylı),-,-,🔥 AL (Taze Kırılım),-,3.72-4.08 (%455.2 üstte),⚪Fiyat Alt_Orta Bant Aralığında,⚪ Yelpaze Açık,0,EMA5 Destek: 0.60 (%9.7 altta) | EMA21 Direnç: 0.78 (%15.9 üstte)
ANELE,26.8,-22.1,14.29,0.0,-0.98,⚠️ Yükseliş Trendinde Düzeltme (SSL Negatif),🔴 SAT,-,-,🔴 Düşüş Trendinde,-,-,⚪Fiyat Alt_Orta Bant Aralığında,⚪ Yelpaze Açık,0,EMA5 Direnç: 34.40 (%28.4 üstte)
ANGEN,8.18,4.97,53.03,100.0,0.35,🔴 Ayı Piyasası (EMA 50 En Altta),🟢 AL (Trend Onaylı),-,-,🔴 Düşüş Trendinde,-,9.02-9.82 (%10.3 üstte),🟡Fiyat Orta-Üst Bant Aralığında,⚪ Yelpaze Açık,0,EMA21 Destek: 7.84 (%4.2 altta) | EMA55 Direnç: 8.63 (%5.5 üstte)
ANHYT,100.2,0.11,44.37,64.17,-0.27,"📉 Düşüş Hazırlığı (50<100 Kesti, 150 Bekleniyor)",🟢 AL (Trend Onaylı),-,-,🔴 Düşüş Trendinde,96.95-100.00 (%0.2 altta),-,⚪Fiyat Alt_Orta Bant Aralığında,⚪ Yelpaze Açık,0,EMA5 Destek: 100.09 (%0.1 altta) | EMA21 Direnç: 101.76 (%1.6 üstte)
ANSGR,23.82,-1.18,34.08,42.5,-0.86,🔴 Ayı Piyasası (EMA 50 En Altta),🔴 SAT,-,-,🔴 Düşüş Trendinde,-,-,⚪Fiyat Alt_Orta Bant Aralığında,⚪ Yelpaze Açık,0,EMA5 Direnç: 24.10 (%1.2 üstte)
ARASE,95.95,-1.09,32.4,23.63,-0.75,⚠️ Yükseliş Trendinde Düzeltme (SSL Negatif),🔴 SAT,-,-,🔴 Düşüş Trendinde,-,-,⚪Fiyat Alt_Orta Bant Aralığında,⚪ Yelpaze Açık,0,EMA200 Direnç: 97.01 (%1.1 üstte)
ARCLK,80.1,-1.43,29.97,26.12,-0.91,🔴 Ayı Piyasası (EMA 50 En Altta),🔴 SAT,🔴 ZAYIFLAMA (Zaten Dipte),-,🔴 Düşüş Trendinde,-,112.60-116.70 (%40.6 üstte),⚪Fiyat Alt_Orta Bant Aralığında,⚪ Yelpaze Açık,0,EMA5 Direnç: 81.26 (%1.5 üstte)
ARDYZ,65.15,13.67,43.85,94.09,0.25,🟢 EMA Yükselişte (SSL Ok Bekleniyor),🟢 AL (Trend Onaylı),-,-,🔴 Düşüş Trendinde,-,92.10-96.70 (%41.4 üstte),⚪Fiyat Alt_Orta Bant Aralığında,⚪ Yelpaze Açık,0,EMA200 Destek: 57.32 (%12.0 altta) | EMA5 Direnç: 65.80 (%1.0 üstte)
ARENA,14.88,-3.08,28.35,76.18,-0.69,🩸 ASIL SİNYAL: GÜÇLÜ SAT (EMA Çöktü + SSL Onay),⏳ BEKLE,-,-,🔴 Düşüş Trendinde,-,36.02-39.48 (%142.1 üstte),⚪Fiyat Alt_Orta Bant Aralığında,⚪ Yelpaze Açık,0,EMA5 Direnç: 15.35 (%3.2 üstte)
ARFYE,12.82,999,25.29,86.1,-0.81,🔴 Ayı Piyasası (EMA 50 En Altta),⏳ BEKLE,-,-,🔴 Düşüş Trendinde,-,-,⚪Fiyat Alt_Orta Bant Aralığında,⚪ Yelpaze Açık,0,EMA5 Direnç: 13.28 (%3.6 üstte)
ARMGD,128.7,3.06,41.08,69.43,-0.63,⚠️ Yükseliş Trendinde Düzeltme (SSL Negatif),⏳ BEKLE,-,-,🔴 Düşüş Trendinde,72.05-78.00 (%39.4 altta),-,⚪Fiyat Alt_Orta Bant Aralığında,⚪ Yelpaze Açık,0,EMA5 Destek: 124.87 (%3.0 altta) | EMA200 Direnç: 128.91 (%0.2 üstte)
ARSAN,3.48,-1.32,43.67,59.1,-0.31,⚠️ Yükseliş Trendinde Düzeltme (SSL Negatif),🟢 AL (Trend Onaylı),-,-,🔴 Düşüş Trendinde,-,4.51-4.96 (%29.6 üstte),⚪Fiyat Alt_Orta Bant Aralığında,⚪ Yelpaze Açık,0,EMA5 Direnç: 3.53 (%1.3 üstte)
ARTMS,31.26,-5.74,31.62,48.12,-0.34,🔴 Ayı Piyasası (EMA 50 En Altta),🔴 SAT,🔴 ZAYIFLAMA (Zaten Dipte),-,🔴 Düşüş Trendinde,-,43.50-46.88 (%39.2 üstte),⚪Fiyat Alt_Orta Bant Aralığında,⚪ Yelpaze Açık,0,EMA5 Direnç: 33.16 (%6.1 üstte)
ARZUM,1.15,-2.57,28.99,78.62,-0.7,🔴 Ayı Piyasası (EMA 50 En Altta),⏳ BEKLE,-,-,🔴 Düşüş Trendinde,-,-,⚪Fiyat Alt_Orta Bant Aralığında,⚪ Yelpaze Açık,0,EMA5 Direnç: 1.18 (%2.6 üstte)
ASELS,348.75,4.06,42.29,82.29,-0.4,⚠️ Yükseliş Trendinde Düzeltme (SSL Negatif),⏳ BEKLE,-,-,🔴 Düşüş Trendinde,-,-,⚪Fiyat Alt_Orta Bant Aralığında,🟡 Normal Genişlik,0,EMA200 Destek: 335.14 (%3.9 altta) | EMA5 Direnç: 361.45 (%3.6 üstte)
ASGYO,9.65,-1.97,33.28,74.34,-0.28,🩸 ASIL SİNYAL: GÜÇLÜ SAT (EMA Çöktü + SSL Onay),🔴 SAT,-,-,🔴 Düşüş Trendinde,-,11.95-13.14 (%23.8 üstte),⚪Fiyat Alt_Orta Bant Aralığında,⚪ Yelpaze Açık,0,EMA5 Direnç: 9.84 (%2.0 üstte)
ASTOR,184.9,-7.13,29.12,42.93,-0.88,"📉 Düşüş Hazırlığı (50<100 Kesti, 150 Bekleniyor)",🔴 SAT,🔴 ZAYIFLAMA (Zaten Dipte),-,🔴 Düşüş Trendinde,-,331.75-363.50 (%79.4 üstte),⚪Fiyat Alt_Orta Bant Aralığında,⚪ Yelpaze Açık,0,EMA5 Direnç: 199.09 (%7.7 üstte)
ASUZU,41.78,-1.47,33.18,51.66,-0.8,🔴 Ayı Piyasası (EMA 50 En Altta),⏳ BEKLE,-,-,🔴 Düşüş Trendinde,-,65.72-72.87 (%57.3 üstte),⚪Fiyat Alt_Orta Bant Aralığında,⚪ Yelpaze Açık,0,EMA5 Direnç: 42.40 (%1.5 üstte)
ATAGY,8.5,-0.91,34.46,87.38,-0.59,🔴 Ayı Piyasası (EMA 50 En Altta),🟢 AL (Trend Onaylı),-,-,🔴 Düşüş Trendinde,-,13.82-14.20 (%62.6 üstte),⚪Fiyat Alt_Orta Bant Aralığında,⚪ Yelpaze Açık,0,EMA5 Direnç: 8.58 (%0.9 üstte)
ATAKP,32.1,-2.1,22.44,52.59,-0.84,🔴 Ayı Piyasası (EMA 50 En Altta),🔴 SAT,-,-,🔴 Düşüş Trendinde,-,54.60-56.50 (%70.1 üstte),⚪Fiyat Alt_Orta Bant Aralığında,⚪ Yelpaze Açık,0,EMA5 Direnç: 32.79 (%2.1 üstte)
ATATP,235.5,13.02,41.81,72.57,-0.2,⚠️ Yükseliş Trendinde Düzeltme (SSL Negatif),🟢 AL (Trend Onaylı),-,-,🔴 Düşüş Trendinde,138.94-141.63 (%39.9 altta),-,⚪Fiyat Alt_Orta Bant Aralığında,⚪ Yelpaze Açık,0,EMA200 Destek: 208.37 (%11.5 altta) | EMA5 Direnç: 239.90 (%1.9 üstte)
ATATR,5.67,999,20.37,64.19,-0.83,🔴 Ayı Piyasası (EMA 50 En Altta),⏳ BEKLE,-,-,🔴 Düşüş Trendinde,-,-,⚪Fiyat Alt_Orta Bant Aralığında,⚪ Yelpaze Açık,0,EMA5 Direnç: 5.72 (%1.0 üstte)
ATEKS,86.35,0.68,45.69,85.56,-0.14,🔴 Ayı Piyasası (EMA 50 En Altta),🔥 GÜÇLÜ AL (Taze Kırılım),-,-,🔴 Düşüş Trendinde,-,113.30-114.60 (%31.2 üstte),⚪Fiyat Alt_Orta Bant Aralığında,⚪ Yelpaze Açık,0,EMA5 Destek: 85.77 (%0.7 altta) | EMA21 Direnç: 88.54 (%2.5 üstte)
ATLAS,4.99,-1.96,39.53,75.93,-0.66,🔴 Ayı Piyasası (EMA 50 En Altta),🟢 AL (Trend Onaylı),-,-,🔴 Düşüş Trendinde,-,8.08-8.33 (%61.9 üstte),⚪Fiyat Alt_Orta Bant Aralığında,⚪ Yelpaze Açık,0,EMA5 Direnç: 5.09 (%2.0 üstte)
ATSYH,85.0,1.46,43.02,86.44,-0.36,🟢 EMA Yükselişte (SSL Ok Bekleniyor),🟢 AL (Trend Onaylı),-,-,🔴 Düşüş Trendinde,48.64-50.00 (%41.2 altta),123.00-135.00 (%44.7 üstte),⚪Fiyat Alt_Orta Bant Aralığında,⚪ Yelpaze Açık,0,EMA5 Destek: 83.78 (%1.4 altta) | EMA200 Direnç: 86.77 (%2.1 üstte)
AVGYO,16.44,15.81,53.27,93.69,0.28,🟢 EMA Yükselişte (SSL Ok Bekleniyor),🟢 AL (Trend Onaylı),-,-,🔴 Düşüş Trendinde,9.33-9.58 (%41.7 altta),-,🟡Fiyat Orta-Üst Bant Aralığında,🚨 BB SIKIŞMA,0,EMA5 Destek: 16.30 (%0.9 altta)
AVHOL,27.3,2.49,37.25,94.42,-0.35,🔴 Ayı Piyasası (EMA 50 En Altta),🟢 AL (Trend Onaylı),-,-,🔴 Düşüş Trendinde,-,40.20-41.94 (%47.3 üstte),⚪Fiyat Alt_Orta Bant Aralığında,⚪ Yelpaze Açık,0,EMA5 Destek: 26.64 (%2.4 altta) | EMA21 Direnç: 28.62 (%4.8 üstte)
AVOD,2.83,-3.6,25.61,25.83,-0.93,🔴 Ayı Piyasası (EMA 50 En Altta),🔴 SAT,🔴 ZAYIFLAMA (Zaten Dipte),-,🔴 Düşüş Trendinde,-,4.98-5.45 (%76.0 üstte),⚪Fiyat Alt_Orta Bant Aralığında,⚪ Yelpaze Açık,0,EMA5 Direnç: 2.94 (%3.7 üstte)
AVPGY,52.9,1.29,49.42,84.1,-0.5,🔴 Ayı Piyasası (EMA 50 En Altta),🟢 AL (Trend Onaylı),-,-,🔴 Düşüş Trendinde,46.71-48.43 (%8.5 altta),-,⚪Fiyat Alt_Orta Bant Aralığında,⚪ Yelpaze Açık,0,EMA21 Destek: 52.88 (%0.0 altta) | EMA55 Direnç: 53.52 (%1.2 üstte)
AVTUR,9.62,-0.46,36.75,94.22,-0.65,🔴 Ayı Piyasası (EMA 50 En Altta),🟢 AL (Trend Onaylı),-,-,🔴 Düşüş Trendinde,-,17.17-18.25 (%78.5 üstte),⚪Fiyat Alt_Orta Bant Aralığında,⚪ Yelpaze Açık,0,EMA5 Direnç: 9.66 (%0.5 üstte)
AYCES,353.5,-2.27,33.96,77.92,-0.77,🔴 Ayı Piyasası (EMA 50 En Altta),⏳ BEKLE,-,-,🔴 Düşüş Trendinde,-,459.25-503.50 (%29.9 üstte),⚪Fiyat Alt_Orta Bant Aralığında,⚪ Yelpaze Açık,0,EMA5 Direnç: 361.71 (%2.3 üstte)
AYDEM,24.76,1.0,49.97,91.2,0.74,"📉 Düşüş Hazırlığı (50<100 Kesti, 150 Bekleniyor)",⏳ BEKLE,-,-,🔴 Düşüş Trendinde,-,27.36-28.80 (%10.5 üstte),🟡Fiyat Orta-Üst Bant Aralığında,⚪ Yelpaze Açık,0,EMA21 Destek: 24.63 (%0.5 altta) | EMA55 Direnç: 25.16 (%1.6 üstte)
AYEN,24.88,-3.36,29.38,65.19,-0.86,🩸 ASIL SİNYAL: GÜÇLÜ SAT (EMA Çöktü + SSL Onay),🔴 SAT,🔴 ZAYIFLAMA (Zaten Dipte),-,🔴 Düşüş Trendinde,-,34.48-36.94 (%38.6 üstte),⚪Fiyat Alt_Orta Bant Aralığında,⚪ Yelpaze Açık,0,EMA5 Direnç: 25.75 (%3.5 üstte)
AYES,8.1,2.68,50.83,96.49,0.73,"📉 Düşüş Hazırlığı (50<100 Kesti, 150 Bekleniyor)",🟢 AL (Trend Onaylı),-,-,🟢 Yükseliş Trendinde,-,10.52-11.26 (%29.9 üstte),🟡Fiyat Orta-Üst Bant Aralığında,⚪ Yelpaze Açık,0,EMA5 Destek: 7.98 (%1.5 altta) | EMA55 Direnç: 8.47 (%4.5 üstte)
AYGAZ,286.5,10.67,41.01,24.92,-0.86,⚠️ Yükseliş Trendinde Düzeltme (SSL Negatif),🔴 SAT,🔴 ZAYIFLAMA (Zaten Dipte),-,🔴 Düşüş Trendinde,205.50-210.00 (%26.7 altta),-,⚪Fiyat Alt_Orta Bant Aralığında,⚪ Yelpaze Açık,0,EMA100 Destek: 283.58 (%1.0 altta) | EMA5 Direnç: 288.90 (%0.8 üstte)
AZTEK,3.07,-3.26,35.53,26.93,-0.85,🔴 Ayı Piyasası (EMA 50 En Altta),🔴 SAT,🔴 ZAYIFLAMA (Zaten Dipte),-,🔴 Düşüş Trendinde,-,4.72-5.00 (%53.7 üstte),⚪Fiyat Alt_Orta Bant Aralığında,⚪ Yelpaze Açık,0,EMA5 Direnç: 3.17 (%3.4 üstte)
BAGFS,21.84,-2.19,34.81,58.73,-0.68,🔴 Ayı Piyasası (EMA 50 En Altta),⏳ BEKLE,-,-,🔴 Düşüş Trendinde,-,35.82-38.88 (%64.0 üstte),⚪Fiyat Alt_Orta Bant Aralığında,⚪ Yelpaze Açık,0,EMA5 Direnç: 22.33 (%2.2 üstte)
BAHKM,163.3,34.94,49.18,46.0,-0.57,⚠️ Yükseliş Trendinde Düzeltme (SSL Negatif),⏳ BEKLE,-,-,🔴 Düşüş Trendinde,108.20-113.00 (%30.8 altta),-,⚪Fiyat Alt_Orta Bant Aralığında,⚪ Yelpaze Açık,0,EMA55 Destek: 153.86 (%5.8 altta) | EMA5 Direnç: 167.79 (%2.8 üstte)
BAKAB,30.1,-3.25,27.31,51.39,-0.86,🩸 ASIL SİNYAL: GÜÇLÜ SAT (EMA Çöktü + SSL Onay),🔴 SAT,-,-,🔴 Düşüş Trendinde,-,-,⚪Fiyat Alt_Orta Bant Aralığında,⚪ Yelpaze Açık,0,EMA5 Direnç: 31.11 (%3.4 üstte)
BALAT,58.5,4.01,47.3,98.38,-0.32,🔴 Ayı Piyasası (EMA 50 En Altta),🟢 AL (Trend Onaylı),-,-,🟢 Yükseliş Trendinde,-,70.95-78.95 (%21.3 üstte),⚪Fiyat Alt_Orta Bant Aralığında,⚪ Yelpaze Açık,0,EMA5 Destek: 56.24 (%3.9 altta) | EMA21 Direnç: 58.76 (%0.4 üstte)
BALSU,8.67,7.13,52.73,95.25,0.85,🔴 Ayı Piyasası (EMA 50 En Altta),🟢 AL (Trend Onaylı),-,-,🟢 Yükseliş Trendinde,-,15.82-18.15 (%82.5 üstte),🟡Fiyat Orta-Üst Bant Aralığında,⚪ Yelpaze Açık,0,EMA5 Destek: 8.38 (%3.3 altta) | EMA55 Direnç: 9.87 (%13.8 üstte)
BANVT,130.2,-1.23,34.11,88.93,-0.62,🔴 Ayı Piyasası (EMA 50 En Altta),🟢 AL (Trend Onaylı),-,-,🔴 Düşüş Trendinde,-,153.90-165.40 (%18.2 üstte),⚪Fiyat Alt_Orta Bant Aralığında,⚪ Yelpaze Açık,0,EMA5 Direnç: 131.83 (%1.2 üstte)
BARMA,5.51,-4.49,22.9,41.91,-0.86,🔴 Ayı Piyasası (EMA 50 En Altta),🔴 SAT,-,-,🔴 Düşüş Trendinde,-,67.50-74.50 (%1125.0 üstte),⚪Fiyat Alt_Orta Bant Aralığında,⚪ Yelpaze Açık,0,EMA5 Direnç: 5.77 (%4.7 üstte)
BASCM,11.88,1.28,46.01,97.86,0.49,🔴 Ayı Piyasası (EMA 50 En Altta),🟢 AL (Trend Onaylı),-,-,🟢 Yükseliş Trendinde,-,-,🟡Fiyat Orta-Üst Bant Aralığında,⚪ Yelpaze Açık,0,EMA5 Destek: 11.73 (%1.3 altta) | EMA21 Direnç: 11.93 (%0.5 üstte)
BASGZ,39.18,-2.15,35.7,65.65,-0.6,🩸 ASIL SİNYAL: GÜÇLÜ SAT (EMA Çöktü + SSL Onay),⏳ BEKLE,-,-,🔴 Düşüş Trendinde,-,45.90-47.70 (%17.2 üstte),⚪Fiyat Alt_Orta Bant Aralığında,⚪ Yelpaze Açık,0,EMA5 Direnç: 40.04 (%2.2 üstte)
BAYRK,2.99,4.72,37.31,91.58,-0.74,🔴 Ayı Piyasası (EMA 50 En Altta),🔥 GÜÇLÜ AL (Taze Kırılım),-,-,🔴 Düşüş Trendinde,-,5.05-5.38 (%68.9 üstte),⚪Fiyat Alt_Orta Bant Aralığında,⚪ Yelpaze Açık,0,EMA5 Destek: 2.86 (%4.5 altta) | EMA21 Direnç: 3.22 (%7.7 üstte)
BEGYO,2.53,-2.63,28.05,69.85,-0.79,🔴 Ayı Piyasası (EMA 50 En Altta),🔴 SAT,🔴 ZAYIFLAMA (Zaten Dipte),-,🔴 Düşüş Trendinde,-,4.47-4.66 (%76.8 üstte),⚪Fiyat Alt_Orta Bant Aralığında,⚪ Yelpaze Açık,0,EMA5 Direnç: 2.60 (%2.7 üstte)
BERA,11.58,-3.48,41.36,67.66,0.15,🩸 ASIL SİNYAL: GÜÇLÜ SAT (EMA Çöktü + SSL Onay),⏳ BEKLE,🩸 SAT (Zirveden Dönüş),-,🟢 Yükseliş Trendinde,-,-,⚪Fiyat Alt_Orta Bant Aralığında,⚪ Yelpaze Açık,0,EMA5 Direnç: 12.00 (%3.6 üstte)
BESLR,10.77,-1.39,31.52,32.48,-0.87,🔴 Ayı Piyasası (EMA 50 En Altta),🔴 SAT,🔴 ZAYIFLAMA (Zaten Dipte),-,🔴 Düşüş Trendinde,-,-,⚪Fiyat Alt_Orta Bant Aralığında,⚪ Yelpaze Açık,0,EMA5 Direnç: 10.92 (%1.4 üstte)
BESTE,19.61,999,31.92,77.43,-0.77,🔴 Ayı Piyasası (EMA 50 En Altta),⏳ BEKLE,-,-,🔴 Düşüş Trendinde,-,-,⚪Fiyat Alt_Orta Bant Aralığında,⚪ Yelpaze Açık,0,EMA5 Direnç: 20.27 (%3.4 üstte)
BETAE,56.05,999,34.93,61.52,-0.37,-,⏳ BEKLE,-,-,🔴 Düşüş Trendinde,-,81.00-90.05 (%44.5 üstte),⚪Fiyat Alt_Orta Bant Aralığında,-,0,EMA5 Direnç: 58.69 (%4.7 üstte)
BEYAZ,16.71,-1.86,31.54,63.92,-0.81,🔴 Ayı Piyasası (EMA 50 En Altta),⏳ BEKLE,-,-,🔴 Düşüş Trendinde,-,24.18-26.96 (%44.7 üstte),⚪Fiyat Alt_Orta Bant Aralığında,⚪ Yelpaze Açık,0,EMA5 Direnç: 17.03 (%1.9 üstte)
BFREN,105.7,-2.02,33.01,83.55,-0.66,🔴 Ayı Piyasası (EMA 50 En Altta),⏳ BEKLE,-,-,🔴 Düşüş Trendinde,-,165.20-172.80 (%56.3 üstte),⚪Fiyat Alt_Orta Bant Aralığında,⚪ Yelpaze Açık,0,EMA5 Direnç: 107.88 (%2.1 üstte)
BIENY,13.91,-4.32,20.96,60.78,-0.95,🩸 ASIL SİNYAL: GÜÇLÜ SAT (EMA Çöktü + SSL Onay),🔴 SAT,🔴 ZAYIFLAMA (Zaten Dipte),-,🔴 Düşüş Trendinde,-,40.00-43.98 (%187.6 üstte),⚪Fiyat Alt_Orta Bant Aralığında,⚪ Yelpaze Açık,0,EMA5 Direnç: 14.54 (%4.5 üstte)
BIGCH,3.62,-2.28,30.18,92.54,-0.73,🔴 Ayı Piyasası (EMA 50 En Altta),⏳ BEKLE,-,-,🔴 Düşüş Trendinde,-,6.40-7.06 (%76.9 üstte),⚪Fiyat Alt_Orta Bant Aralığında,⚪ Yelpaze Açık,0,EMA5 Direnç: 3.70 (%2.3 üstte)
BIGEN,29.2,-22.01,18.59,0.0,-0.98,⚠️ Yükseliş Trendinde Düzeltme (SSL Negatif),🔴 SAT,-,-,🔴 Düşüş Trendinde,-,-,⚪Fiyat Alt_Orta Bant Aralığında,⚪ Yelpaze Açık,0,EMA5 Direnç: 37.44 (%28.2 üstte)
BIGTK,57.05,-21.98,14.5,0.0,-0.98,🔴 Ayı Piyasası (EMA 50 En Altta),🔴 SAT,-,-,🔴 Düşüş Trendinde,-,-,⚪Fiyat Alt_Orta Bant Aralığında,⚪ Yelpaze Açık,0,EMA5 Direnç: 73.12 (%28.2 üstte)
BIMAS,394.25,9.16,37.52,8.69,-0.83,⚠️ Yükseliş Trendinde Düzeltme (SSL Negatif),🔴 SAT,-,-,🩸 SAT (Trend Kırıldı),250.91-260.22 (%34.0 altta),-,🚨Fiyat Bandın Altında!,🟡 Normal Genişlik,-1.29,EMA100 Destek: 392.86 (%0.4 altta) | EMA55 Direnç: 406.25 (%3.0 üstte)
BINBN,45.1,-10.42,8.01,0.0,-0.96,🔴 Ayı Piyasası (EMA 50 En Altta),🔴 SAT,-,-,🔴 Düşüş Trendinde,-,184.00-196.60 (%308.0 üstte),⚪Fiyat Alt_Orta Bant Aralığında,⚪ Yelpaze Açık,0,EMA5 Direnç: 50.35 (%11.6 üstte)
BINHO,5.69,-5.6,27.58,80.01,-0.73,🩸 ASIL SİNYAL: GÜÇLÜ SAT (EMA Çöktü + SSL Onay),🔴 SAT,🔴 ZAYIFLAMA (Zaten Dipte),-,🔴 Düşüş Trendinde,-,-,⚪Fiyat Alt_Orta Bant Aralığında,⚪ Yelpaze Açık,0,EMA5 Direnç: 6.03 (%5.9 üstte)
BIOEN,9.72,-5.33,22.84,46.27,-0.69,🩸 ASIL SİNYAL: GÜÇLÜ SAT (EMA Çöktü + SSL Onay),🔴 SAT,-,-,🔴 Düşüş Trendinde,-,19.73-22.00 (%103.0 üstte),⚪Fiyat Alt_Orta Bant Aralığında,⚪ Yelpaze Açık,0,EMA5 Direnç: 10.27 (%5.6 üstte)
BIZIM,18.99,-1.85,28.5,63.15,-0.86,🔴 Ayı Piyasası (EMA 50 En Altta),⏳ BEKLE,-,-,🔴 Düşüş Trendinde,-,25.80-28.06 (%35.9 üstte),⚪Fiyat Alt_Orta Bant Aralığında,⚪ Yelpaze Açık,0,EMA5 Direnç: 19.35 (%1.9 üstte)
BJKAS,1.54,-2.26,36.47,9.67,-0.83,⚠️ Yükseliş Trendinde Düzeltme (SSL Negatif),🔴 SAT,-,-,🔴 Düşüş Trendinde,1.44-1.46 (%5.2 altta),-,⚪Fiyat Alt_Orta Bant Aralığında,⚪ Yelpaze Açık,0,EMA5 Direnç: 1.58 (%2.3 üstte)
BLCYT,1.72,-2.67,39.59,81.67,0.51,🩸 ASIL SİNYAL: GÜÇLÜ SAT (EMA Çöktü + SSL Onay),🔴 SAT,🔴 ZAYIFLAMA (Zaten Dipte),-,🔴 Düşüş Trendinde,-,3.68-4.02 (%114.1 üstte),⚪Fiyat Alt_Orta Bant Aralığında,⚪ Yelpaze Açık,0,EMA5 Direnç: 1.77 (%2.7 üstte)
BLUME,33.54,-3.16,42.03,70.9,0.1,🔴 Ayı Piyasası (EMA 50 En Altta),🔴 SAT,🩸 SAT (Zirveden Dönüş),-,🔴 Düşüş Trendinde,30.68-32.10 (%4.3 altta),50.60-53.65 (%50.9 üstte),⚪Fiyat Alt_Orta Bant Aralığında,🟠 Daralıyor,0,EMA5 Direnç: 34.64 (%3.3 üstte)
BMSCH,8.72,-3.17,38.23,69.94,-0.17,🔴 Ayı Piyasası (EMA 50 En Altta),⏳ BEKLE,-,-,🔴 Düşüş Trendinde,-,30.40-33.44 (%248.6 üstte),⚪Fiyat Alt_Orta Bant Aralığında,⚪ Yelpaze Açık,0,EMA5 Direnç: 9.01 (%3.3 üstte)
BMSTL,39.26,0.53,41.53,31.63,-0.88,🔴 Ayı Piyasası (EMA 50 En Altta),⏳ BEKLE,-,-,🔴 Düşüş Trendinde,-,-,⚪Fiyat Alt_Orta Bant Aralığında,⚪ Yelpaze Açık,0,EMA5 Destek: 39.05 (%0.5 altta) | EMA21 Direnç: 41.87 (%6.6 üstte)
BNTAS,5.38,-1.8,38.94,71.9,0.23,🩸 ASIL SİNYAL: GÜÇLÜ SAT (EMA Çöktü + SSL Onay),⏳ BEKLE,-,-,🔴 Düşüş Trendinde,-,7.04-7.60 (%30.9 üstte),⚪Fiyat Alt_Orta Bant Aralığında,⚪ Yelpaze Açık,0,EMA5 Direnç: 5.48 (%1.8 üstte)
BOBET,15.57,-2.44,33.85,33.32,-0.81,🩸 ASIL SİNYAL: GÜÇLÜ SAT (EMA Çöktü + SSL Onay),🔴 SAT,-,-,🔴 Düşüş Trendinde,-,-,⚪Fiyat Alt_Orta Bant Aralığında,⚪ Yelpaze Açık,0,EMA5 Direnç: 15.96 (%2.5 üstte)
BORLS,1.6,-1.91,20.34,91.27,-0.88,🔴 Ayı Piyasası (EMA 50 En Altta),⏳ BEKLE,-,-,🔴 Düşüş Trendinde,-,6.88-7.79 (%330.0 üstte),⚪Fiyat Alt_Orta Bant Aralığında,⚪ Yelpaze Açık,0,EMA5 Direnç: 1.63 (%1.9 üstte)
BORSK,5.39,-1.33,36.56,79.75,-0.65,🔴 Ayı Piyasası (EMA 50 En Altta),⏳ BEKLE,-,-,🔴 Düşüş Trendinde,-,-,⚪Fiyat Alt_Orta Bant Aralığında,⚪ Yelpaze Açık,0,EMA5 Direnç: 5.46 (%1.3 üstte)
BOSSA,5.62,-3.37,29.93,3.46,-0.95,🔴 Ayı Piyasası (EMA 50 En Altta),🔴 SAT,🔴 ZAYIFLAMA (Zaten Dipte),-,🔴 Düşüş Trendinde,-,7.12-7.44 (%26.7 üstte),⚪Fiyat Alt_Orta Bant Aralığında,⚪ Yelpaze Açık,0,EMA5 Direnç: 5.82 (%3.5 üstte)
BRISA,72.0,-0.1,44.59,87.34,-0.16,🔴 Ayı Piyasası (EMA 50 En Altta),🟢 AL (Trend Onaylı),-,-,🔴 Düşüş Trendinde,-,78.75-85.00 (%9.4 üstte),⚪Fiyat Alt_Orta Bant Aralığında,⚪ Yelpaze Açık,0,EMA5 Direnç: 72.07 (%0.1 üstte)
BRKO,6.83,1.13,36.07,95.15,-0.57,🔴 Ayı Piyasası (EMA 50 En Altta),🟢 AL (Trend Onaylı),-,-,🔴 Düşüş Trendinde,-,-,⚪Fiyat Alt_Orta Bant Aralığında,⚪ Yelpaze Açık,0,EMA5 Destek: 6.75 (%1.1 altta) | EMA21 Direnç: 7.97 (%16.8 üstte)
BRKSN,6.09,0.24,31.71,91.59,-0.74,🔴 Ayı Piyasası (EMA 50 En Altta),🔥 GÜÇLÜ AL (Taze Kırılım),-,-,🔴 Düşüş Trendinde,-,8.33-8.67 (%36.8 üstte),⚪Fiyat Alt_Orta Bant Aralığında,⚪ Yelpaze Açık,0,EMA5 Destek: 6.08 (%0.2 altta) | EMA21 Direnç: 6.57 (%7.8 üstte)
BRKVY,50.35,-3.33,29.46,81.94,-0.76,🔴 Ayı Piyasası (EMA 50 En Altta),⏳ BEKLE,-,-,🔴 Düşüş Trendinde,-,90.90-101.00 (%80.5 üstte),⚪Fiyat Alt_Orta Bant Aralığında,⚪ Yelpaze Açık,0,EMA5 Direnç: 52.08 (%3.4 üstte)
BRLSM,10.19,-4.8,23.25,2.64,-0.97,🔴 Ayı Piyasası (EMA 50 En Altta),⏳ BEKLE,-,-,🔴 Düşüş Trendinde,-,-,⚪Fiyat Alt_Orta Bant Aralığında,⚪ Yelpaze Açık,0,EMA5 Direnç: 10.70 (%5.0 üstte)
BRMEN,8.22,3.81,38.56,99.13,0.04,🔴 Ayı Piyasası (EMA 50 En Altta),🟢 AL (Trend Onaylı),-,-,🔴 Düşüş Trendinde,6.30-7.00 (%14.8 altta),18.10-19.20 (%120.2 üstte),⚪Fiyat Alt_Orta Bant Aralığında,⚪ Yelpaze Açık,0,EMA5 Destek: 7.92 (%3.7 altta) | EMA21 Direnç: 9.00 (%9.5 üstte)
BRSAN,659.0,11.02,47.89,65.74,0.32,⚠️ Yükseliş Trendinde Düzeltme (SSL Negatif),⏳ BEKLE,🩸 SAT (Zirveden Dönüş),-,🔴 Düşüş Trendinde,-,-,⚪Fiyat Alt_Orta Bant Aralığında,🚨 BB SIKIŞMA,0,EMA55 Destek: 652.33 (%1.0 altta) | EMA21 Direnç: 670.13 (%1.7 üstte)
BRYAT,1429.0,-2.52,34.88,65.65,-0.67,🩸 ASIL SİNYAL: GÜÇLÜ SAT (EMA Çöktü + SSL Onay),⏳ BEKLE,-,-,🔴 Düşüş Trendinde,-,2355.55-2459.57 (%64.8 üstte),⚪Fiyat Alt_Orta Bant Aralığında,⚪ Yelpaze Açık,0,EMA5 Direnç: 1465.87 (%2.6 üstte)
BSOKE,5.25,-11.28,7.72,3.3,-0.97,🔴 Ayı Piyasası (EMA 50 En Altta),🔴 SAT,-,-,🔴 Düşüş Trendinde,-,-,⚪Fiyat Alt_Orta Bant Aralığında,⚪ Yelpaze Açık,0,EMA5 Direnç: 5.92 (%12.7 üstte)
BTCIM,1.86,-5.01,19.13,82.03,-0.88,🔴 Ayı Piyasası (EMA 50 En Altta),⏳ BEKLE,-,-,🔴 Düşüş Trendinde,-,6.35-6.63 (%241.4 üstte),⚪Fiyat Alt_Orta Bant Aralığında,⚪ Yelpaze Açık,0,EMA5 Direnç: 1.96 (%5.3 üstte)
BUCIM,4.94,-1.07,37.65,83.5,-0.46,🔴 Ayı Piyasası (EMA 50 En Altta),⏳ BEKLE,-,-,🔴 Düşüş Trendinde,-,6.27-6.45 (%26.9 üstte),⚪Fiyat Alt_Orta Bant Aralığında,⚪ Yelpaze Açık,0,EMA5 Direnç: 4.99 (%1.1 üstte)
BULGS,12.1,-3.23,19.19,79.86,-0.87,🔴 Ayı Piyasası (EMA 50 En Altta),⏳ BEKLE,-,-,🔴 Düşüş Trendinde,-,-,⚪Fiyat Alt_Orta Bant Aralığında,⚪ Yelpaze Açık,0,EMA5 Direnç: 12.50 (%3.3 üstte)
BURCE,25.8,-1.25,36.19,93.48,-0.42,🔴 Ayı Piyasası (EMA 50 En Altta),🟢 AL (Trend Onaylı),-,-,🔴 Düşüş Trendinde,-,40.58-43.64 (%57.3 üstte),⚪Fiyat Alt_Orta Bant Aralığında,⚪ Yelpaze Açık,0,EMA5 Direnç: 26.13 (%1.3 üstte)
BURVA,537.0,13.74,49.84,96.0,-0.33,🔴 Ayı Piyasası (EMA 50 En Altta),🟢 AL (Trend Onaylı),-,-,🔥 AL (Taze Kırılım),-,1146.00-1245.00 (%113.4 üstte),🟡Fiyat Orta-Üst Bant Aralığında,⚪ Yelpaze Açık,0,EMA21 Destek: 510.51 (%4.9 altta) | EMA55 Direnç: 644.91 (%20.1 üstte)
BVSAN,69.9,-3.91,30.11,34.92,-0.9,🔴 Ayı Piyasası (EMA 50 En Altta),🔴 SAT,🔴 ZAYIFLAMA (Zaten Dipte),-,🔴 Düşüş Trendinde,-,-,⚪Fiyat Alt_Orta Bant Aralığında,⚪ Yelpaze Açık,0,EMA5 Direnç: 72.75 (%4.1 üstte)
BYDNR,21.12,-0.47,27.34,74.19,-0.58,🔴 Ayı Piyasası (EMA 50 En Altta),⏳ BEKLE,-,-,🔴 Düşüş Trendinde,-,-,⚪Fiyat Alt_Orta Bant Aralığında,⚪ Yelpaze Açık,0,EMA5 Direnç: 21.22 (%0.5 üstte)
CANTE,1.06,-0.95,39.11,57.08,-0.67,🔴 Ayı Piyasası (EMA 50 En Altta),🔥 GÜÇLÜ AL (Taze Kırılım),-,-,🔴 Düşüş Trendinde,-,1.87-1.96 (%76.4 üstte),⚪Fiyat Alt_Orta Bant Aralığında,⚪ Yelpaze Açık,0,EMA5 Direnç: 1.07 (%1.0 üstte)
CASA,44.44,-2.03,27.91,88.83,-0.81,🔴 Ayı Piyasası (EMA 50 En Altta),⏳ BEKLE,-,-,🔴 Düşüş Trendinde,-,-,⚪Fiyat Alt_Orta Bant Aralığında,⚪ Yelpaze Açık,0,EMA5 Direnç: 45.36 (%2.1 üstte)
CATES,29.3,-4.95,25.83,43.02,-0.79,"📉 Düşüş Hazırlığı (50<100 Kesti, 150 Bekleniyor)",⏳ BEKLE,-,-,🔴 Düşüş Trendinde,-,-,⚪Fiyat Alt_Orta Bant Aralığında,⚪ Yelpaze Açık,0,EMA5 Direnç: 30.82 (%5.2 üstte)
CCOLA,82.5,11.6,59.04,100.0,0.43,🟢 EMA Yükselişte (SSL Ok Bekleniyor),🟢 AL (Trend Onaylı),-,-,🔴 Düşüş Trendinde,64.58-67.19 (%18.6 altta),-,🚨Fiyat Bandın Üzerinde!,🟠 Daralıyor,0.2,EMA5 Destek: 80.82 (%2.0 altta)
CELHA,30.56,69.03,68.95,97.27,0.87,🟢 EMA Yükselişte (SSL Ok Bekleniyor),🟢 AL (Trend Onaylı),-,-,🔴 Düşüş Trendinde,8.92-9.96 (%67.4 altta),-,🚨Fiyat Bandın Üzerinde!,🟠 Daralıyor,0.57,EMA5 Destek: 29.21 (%4.4 altta)
CEMAS,3.1,-1.5,33.1,81.31,-0.75,🔴 Ayı Piyasası (EMA 50 En Altta),⏳ BEKLE,-,-,🔴 Düşüş Trendinde,-,5.05-5.24 (%62.9 üstte),⚪Fiyat Alt_Orta Bant Aralığında,⚪ Yelpaze Açık,0,EMA5 Direnç: 3.15 (%1.5 üstte)
CEMTS,7.65,-1.61,35.99,84.47,-0.34,🩸 ASIL SİNYAL: GÜÇLÜ SAT (EMA Çöktü + SSL Onay),⏳ BEKLE,🔴 ZAYIFLAMA (Zaten Dipte),-,🔴 Düşüş Trendinde,-,11.09-11.57 (%45.0 üstte),⚪Fiyat Alt_Orta Bant Aralığında,⚪ Yelpaze Açık,0,EMA5 Direnç: 7.77 (%1.6 üstte)
CEMZY,5.0,-9.78,17.49,1.67,-0.95,🔴 Ayı Piyasası (EMA 50 En Altta),🔴 SAT,-,-,🔴 Düşüş Trendinde,-,-,⚪Fiyat Alt_Orta Bant Aralığında,⚪ Yelpaze Açık,0,EMA5 Direnç: 5.54 (%10.8 üstte)
CEOEM,20.08,1.37,37.49,15.18,-0.82,🔴 Ayı Piyasası (EMA 50 En Altta),🔥 GÜÇLÜ AL (Taze Kırılım),-,-,🔴 Düşüş Trendinde,-,-,⚪Fiyat Alt_Orta Bant Aralığında,⚪ Yelpaze Açık,0,EMA5 Destek: 19.81 (%1.4 altta) | EMA21 Direnç: 22.55 (%12.3 üstte)
CGCAM,19.31,-5.18,23.73,83.39,-0.83,🔴 Ayı Piyasası (EMA 50 En Altta),⏳ BEKLE,-,-,🔴 Düşüş Trendinde,-,44.46-49.22 (%130.2 üstte),⚪Fiyat Alt_Orta Bant Aralığında,⚪ Yelpaze Açık,0,EMA5 Direnç: 20.36 (%5.5 üstte)
CIMSA,40.92,-1.64,38.67,58.89,-0.33,🔴 Ayı Piyasası (EMA 50 En Altta),🔴 SAT,-,-,🔴 Düşüş Trendinde,-,51.55-53.90 (%26.0 üstte),⚪Fiyat Alt_Orta Bant Aralığında,🟡 Normal Genişlik,0,EMA5 Direnç: 41.60 (%1.7 üstte)
CLEBI,1320.0,-2.0,35.69,48.21,-0.76,🩸 ASIL SİNYAL: GÜÇLÜ SAT (EMA Çöktü + SSL Onay),🔴 SAT,🔴 ZAYIFLAMA (Zaten Dipte),-,🔴 Düşüş Trendinde,-,-,⚪Fiyat Alt_Orta Bant Aralığında,⚪ Yelpaze Açık,0,EMA5 Direnç: 1346.93 (%2.0 üstte)
CMBTN,1210.0,-2.84,30.43,48.26,-0.81,🔴 Ayı Piyasası (EMA 50 En Altta),⏳ BEKLE,-,-,🔴 Düşüş Trendinde,-,2040.00-2189.00 (%68.6 üstte),⚪Fiyat Alt_Orta Bant Aralığında,⚪ Yelpaze Açık,0,EMA5 Direnç: 1245.43 (%2.9 üstte)
CMENT,238.9,0.29,48.45,96.34,0.73,🔴 Ayı Piyasası (EMA 50 En Altta),🟢 AL (Trend Onaylı),-,-,🔴 Düşüş Trendinde,-,296.25-325.75 (%24.0 üstte),🟡Fiyat Orta-Üst Bant Aralığında,⚪ Yelpaze Açık,0,EMA21 Destek: 238.31 (%0.2 altta) | EMA55 Direnç: 254.12 (%6.4 üstte)
CONSE,1.64,-1.83,26.83,91.39,-0.75,🔴 Ayı Piyasası (EMA 50 En Altta),⏳ BEKLE,-,-,🔴 Düşüş Trendinde,-,3.58-3.73 (%118.3 üstte),⚪Fiyat Alt_Orta Bant Aralığında,⚪ Yelpaze Açık,0,EMA5 Direnç: 1.67 (%1.9 üstte)
COSMO,100.3,6.84,49.78,100.0,-0.1,🔴 Ayı Piyasası (EMA 50 En Altta),🟢 AL (Trend Onaylı),-,-,🟢 Yükseliş Trendinde,-,233.40-262.00 (%132.7 üstte),🟡Fiyat Orta-Üst Bant Aralığında,⚪ Yelpaze Açık,0,EMA21 Destek: 97.53 (%2.8 altta) | EMA55 Direnç: 113.00 (%12.7 üstte)
CRDFA,11.71,13.41,33.51,100.0,-0.65,🔴 Ayı Piyasası (EMA 50 En Altta),🟢 AL (Trend Onaylı),-,-,🔥 AL (Taze Kırılım),-,44.00-45.88 (%275.7 üstte),⚪Fiyat Alt_Orta Bant Aralığında,⚪ Yelpaze Açık,0,EMA5 Destek: 10.33 (%11.8 altta) | EMA21 Direnç: 14.28 (%22.0 üstte)
CRFSA,219.0,23.04,45.51,43.21,-0.69,⚠️ Yükseliş Trendinde Düzeltme (SSL Negatif),🔥 GÜÇLÜ AL (Taze Kırılım),-,-,🔴 Düşüş Trendinde,-,-,⚪Fiyat Alt_Orta Bant Aralığında,⚪ Yelpaze Açık,0,EMA5 Destek: 213.53 (%2.5 altta) | EMA55 Direnç: 228.16 (%4.2 üstte)
CUSAN,19.48,0.98,38.94,88.85,-0.35,🔴 Ayı Piyasası (EMA 50 En Altta),🟢 AL (Trend Onaylı),-,-,🔴 Düşüş Trendinde,-,24.42-25.48 (%25.4 üstte),⚪Fiyat Alt_Orta Bant Aralığında,⚪ Yelpaze Açık,0,EMA5 Destek: 19.29 (%1.0 altta) | EMA21 Direnç: 20.49 (%5.2 üstte)
CVKMD,12.09,-2.75,30.13,56.87,-0.79,🔴 Ayı Piyasası (EMA 50 En Altta),🔴 SAT,-,-,🔴 Düşüş Trendinde,-,43.16-46.90 (%257.0 üstte),⚪Fiyat Alt_Orta Bant Aralığında,⚪ Yelpaze Açık,0,EMA5 Direnç: 12.43 (%2.8 üstte)
CWENE,18.08,-4.79,27.48,42.91,-0.87,🔴 Ayı Piyasası (EMA 50 En Altta),🔴 SAT,-,-,🔴 Düşüş Trendinde,-,-,⚪Fiyat Alt_Orta Bant Aralığında,⚪ Yelpaze Açık,0,EMA5 Direnç: 18.99 (%5.0 üstte)
DAGI,5.9,4.74,35.69,93.91,-0.51,🔴 Ayı Piyasası (EMA 50 En Altta),🟢 AL (Trend Onaylı),-,-,🔴 Düşüş Trendinde,-,10.41-11.25 (%76.4 üstte),⚪Fiyat Alt_Orta Bant Aralığında,⚪ Yelpaze Açık,0,EMA5 Destek: 5.63 (%4.5 altta) | EMA21 Direnç: 6.58 (%11.6 üstte)
DAPGM,3.04,-3.08,19.08,49.94,-0.93,🔴 Ayı Piyasası (EMA 50 En Altta),⏳ BEKLE,-,-,🔴 Düşüş Trendinde,-,9.67-10.23 (%218.1 üstte),⚪Fiyat Alt_Orta Bant Aralığında,⚪ Yelpaze Açık,0,EMA5 Direnç: 3.14 (%3.2 üstte)
DARDL,1.11,-2.78,23.81,81.05,-0.83,🔴 Ayı Piyasası (EMA 50 En Altta),⏳ BEKLE,-,-,🔴 Düşüş Trendinde,-,2.46-2.54 (%121.6 üstte),⚪Fiyat Alt_Orta Bant Aralığında,⚪ Yelpaze Açık,0,EMA5 Direnç: 1.14 (%2.9 üstte)
DCTTR,3.36,-2.28,21.42,88.56,-0.78,🔴 Ayı Piyasası (EMA 50 En Altta),⏳ BEKLE,-,-,🔴 Düşüş Trendinde,-,13.10-13.78 (%289.9 üstte),⚪Fiyat Alt_Orta Bant Aralığında,⚪ Yelpaze Açık,0,EMA5 Direnç: 3.44 (%2.3 üstte)
DENGE,1.73,-3.19,30.36,53.33,-0.75,🔴 Ayı Piyasası (EMA 50 En Altta),⏳ BEKLE,-,-,🔴 Düşüş Trendinde,-,3.24-3.49 (%87.3 üstte),⚪Fiyat Alt_Orta Bant Aralığında,⚪ Yelpaze Açık,0,EMA5 Direnç: 1.79 (%3.3 üstte)
DERHL,1.56,-2.28,27.78,79.0,-0.57,🔴 Ayı Piyasası (EMA 50 En Altta),🔴 SAT,-,-,🔴 Düşüş Trendinde,-,3.12-3.27 (%99.8 üstte),⚪Fiyat Alt_Orta Bant Aralığında,⚪ Yelpaze Açık,0,EMA5 Direnç: 1.60 (%2.3 üstte)
DERIM,25.84,-2.97,27.11,68.14,-0.86,🩸 ASIL SİNYAL: GÜÇLÜ SAT (EMA Çöktü + SSL Onay),⏳ BEKLE,🔴 ZAYIFLAMA (Zaten Dipte),-,🔴 Düşüş Trendinde,-,37.72-41.18 (%46.0 üstte),⚪Fiyat Alt_Orta Bant Aralığında,⚪ Yelpaze Açık,0,EMA5 Direnç: 26.63 (%3.1 üstte)
DESA,8.54,-2.47,38.2,52.27,-0.03,🩸 ASIL SİNYAL: GÜÇLÜ SAT (EMA Çöktü + SSL Onay),🔴 SAT,🔴 ZAYIFLAMA (Zaten Dipte),-,🔴 Düşüş Trendinde,-,14.86-15.25 (%74.0 üstte),⚪Fiyat Alt_Orta Bant Aralığında,🟡 Normal Genişlik,0,EMA5 Direnç: 8.76 (%2.5 üstte)
DESPC,29.8,-2.18,32.5,87.55,-0.69,🔴 Ayı Piyasası (EMA 50 En Altta),⏳ BEKLE,-,-,🔴 Düşüş Trendinde,-,58.50-62.30 (%96.3 üstte),⚪Fiyat Alt_Orta Bant Aralığında,⚪ Yelpaze Açık,0,EMA5 Direnç: 30.46 (%2.2 üstte)
DEVA,86.0,13.71,40.74,1.57,-0.92,⚠️ Yükseliş Trendinde Düzeltme (SSL Negatif),🔴 SAT,-,-,🔴 Düşüş Trendinde,64.35-65.30 (%24.1 altta),-,⚪Fiyat Alt_Orta Bant Aralığında,⚪ Yelpaze Açık,0,EMA100 Destek: 82.09 (%4.5 altta) | EMA55 Direnç: 87.77 (%2.1 üstte)
DGATE,62.95,-0.4,34.07,89.74,-0.39,🔴 Ayı Piyasası (EMA 50 En Altta),🔥 GÜÇLÜ AL (Taze Kırılım),-,-,🔴 Düşüş Trendinde,-,118.90-122.30 (%88.9 üstte),⚪Fiyat Alt_Orta Bant Aralığında,⚪ Yelpaze Açık,0,EMA5 Direnç: 63.21 (%0.4 üstte)
DGGYO,28.5,-0.89,42.36,91.97,0.19,🔴 Ayı Piyasası (EMA 50 En Altta),🟢 AL (Trend Onaylı),-,-,🔴 Düşüş Trendinde,-,-,⚪Fiyat Alt_Orta Bant Aralığında,⚪ Yelpaze Açık,0,EMA5 Direnç: 28.76 (%0.9 üstte)
DGNMO,3.56,-5.81,14.23,27.57,-0.94,🔴 Ayı Piyasası (EMA 50 En Altta),⏳ BEKLE,-,-,🔴 Düşüş Trendinde,3.51-3.76 (fiyat bandın içinde!),8.28-9.57 (%132.6 üstte),⚪Fiyat Alt_Orta Bant Aralığında,⚪ Yelpaze Açık,0,EMA5 Direnç: 3.78 (%6.2 üstte)
DIRIT,20.2,-1.37,37.61,82.93,-0.62,🔴 Ayı Piyasası (EMA 50 En Altta),⏳ BEKLE,-,-,🔴 Düşüş Trendinde,-,-,⚪Fiyat Alt_Orta Bant Aralığında,⚪ Yelpaze Açık,0,EMA5 Direnç: 20.48 (%1.4 üstte)
DITAS,8.3,-6.35,25.08,92.18,-0.87,🔴 Ayı Piyasası (EMA 50 En Altta),⏳ BEKLE,🔴 ZAYIFLAMA (Zaten Dipte),-,🔴 Düşüş Trendinde,-,47.78-51.65 (%475.7 üstte),⚪Fiyat Alt_Orta Bant Aralığında,⚪ Yelpaze Açık,0,EMA5 Direnç: 8.86 (%6.8 üstte)
DMRGD,8.77,14.43,44.98,47.99,-0.72,⚠️ Yükseliş Trendinde Düzeltme (SSL Negatif),⏳ BEKLE,-,-,🔴 Düşüş Trendinde,3.47-3.59 (%59.1 altta),-,⚪Fiyat Alt_Orta Bant Aralığında,⚪ Yelpaze Açık,0,EMA5 Destek: 8.26 (%5.8 altta) | EMA21 Direnç: 9.17 (%4.6 üstte)
DMSAS,6.55,-0.06,44.53,96.27,0.8,🔴 Ayı Piyasası (EMA 50 En Altta),🟢 AL (Trend Onaylı),-,-,🟢 Yükseliş Trendinde,-,8.92-9.53 (%36.2 üstte),⚪Fiyat Alt_Orta Bant Aralığında,⚪ Yelpaze Açık,0,EMA5 Direnç: 6.55 (%0.1 üstte)
DNISI,4.1,-0.43,43.53,88.87,-0.23,🔴 Ayı Piyasası (EMA 50 En Altta),🟢 AL (Trend Onaylı),-,-,🔴 Düşüş Trendinde,-,4.84-5.12 (%18.0 üstte),⚪Fiyat Alt_Orta Bant Aralığında,⚪ Yelpaze Açık,0,EMA5 Direnç: 4.12 (%0.4 üstte)
DOAS,141.5,-1.97,28.25,38.6,-0.9,🔴 Ayı Piyasası (EMA 50 En Altta),🔴 SAT,🔴 ZAYIFLAMA (Zaten Dipte),-,🔴 Düşüş Trendinde,-,175.43-179.86 (%24.0 üstte),⚪Fiyat Alt_Orta Bant Aralığında,⚪ Yelpaze Açık,0,EMA5 Direnç: 144.34 (%2.0 üstte)
DOCO,10610.0,1.23,43.8,90.75,0.47,🟢 EMA Yükselişte (SSL Ok Bekleniyor),🟢 AL (Trend Onaylı),-,-,🔴 Düşüş Trendinde,-,11525.00-11900.00 (%8.6 üstte),⚪Fiyat Alt_Orta Bant Aralığında,🟠 Daralıyor,0,EMA200 Destek: 10481.52 (%1.2 altta) | EMA5 Direnç: 10661.50 (%0.5 üstte)
DOFER,21.78,-1.19,31.49,93.44,-0.54,🔴 Ayı Piyasası (EMA 50 En Altta),🟢 AL (Trend Onaylı),-,-,🔴 Düşüş Trendinde,-,56.46-58.85 (%159.2 üstte),⚪Fiyat Alt_Orta Bant Aralığında,⚪ Yelpaze Açık,0,EMA5 Direnç: 22.04 (%1.2 üstte)
DOFRB,71.3,-4.35,28.28,71.06,-0.85,🔴 Ayı Piyasası (EMA 50 En Altta),⏳ BEKLE,🔴 ZAYIFLAMA (Zaten Dipte),-,🔴 Düşüş Trendinde,-,185.00-199.30 (%159.5 üstte),⚪Fiyat Alt_Orta Bant Aralığında,⚪ Yelpaze Açık,0,EMA5 Direnç: 74.54 (%4.5 üstte)
DOGUB,18.01,-6.46,15.54,25.31,-0.93,🔴 Ayı Piyasası (EMA 50 En Altta),🔴 SAT,-,-,🔴 Düşüş Trendinde,-,96.00-104.70 (%433.0 üstte),⚪Fiyat Alt_Orta Bant Aralığında,⚪ Yelpaze Açık,0,EMA5 Direnç: 19.25 (%6.9 üstte)
DOHOL,18.23,-2.87,31.32,53.36,-0.85,🩸 ASIL SİNYAL: GÜÇLÜ SAT (EMA Çöktü + SSL Onay),🔴 SAT,🔴 ZAYIFLAMA (Zaten Dipte),-,🔴 Düşüş Trendinde,16.87-17.29 (%5.2 altta),-,⚪Fiyat Alt_Orta Bant Aralığında,⚪ Yelpaze Açık,0,EMA5 Direnç: 18.77 (%2.9 üstte)
DOKTA,15.45,-2.24,23.23,38.69,-0.9,🔴 Ayı Piyasası (EMA 50 En Altta),⏳ BEKLE,-,-,🔴 Düşüş Trendinde,-,-,⚪Fiyat Alt_Orta Bant Aralığında,⚪ Yelpaze Açık,0,EMA5 Direnç: 15.80 (%2.3 üstte)
DSTKF,506.5,-21.98,16.25,0.0,-0.98,🔴 Ayı Piyasası (EMA 50 En Altta),🔴 SAT,-,-,🔴 Düşüş Trendinde,-,-,⚪Fiyat Alt_Orta Bant Aralığında,⚪ Yelpaze Açık,0,EMA5 Direnç: 649.22 (%28.2 üstte)
DUNYH,24.76,-69.43,0.0,,-0.45,🩸 ASIL SİNYAL: GÜÇLÜ SAT (EMA Çöktü + SSL Onay),⏳ BEKLE,-,🟢 POTANSİYEL DİP,🩸 SAT (Trend Kırıldı),-,-,🚨Fiyat Bandın Altında!,⚪ Yelpaze Açık,-63.65,EMA5 Direnç: 80.99 (%227.1 üstte)
DURDO,6.36,40.63,75.19,100.0,0.77,🟢 EMA Yükselişte (SSL Ok Bekleniyor),🟢 AL (Trend Onaylı),-,🔴 ZİRVEDE,🟢 Yükseliş Trendinde,-,-,🚨Fiyat Bandın Üzerinde!,⚪ Yelpaze Açık,5.47,EMA5 Destek: 5.72 (%10.1 altta)
DURKN,10.11,-3.47,17.98,35.48,-0.89,🔴 Ayı Piyasası (EMA 50 En Altta),⏳ BEKLE,-,-,🔴 Düşüş Trendinde,-,-,⚪Fiyat Alt_Orta Bant Aralığında,⚪ Yelpaze Açık,0,EMA5 Direnç: 10.47 (%3.6 üstte)
DYOBY,10.04,-2.59,25.03,61.79,-0.88,🔴 Ayı Piyasası (EMA 50 En Altta),🔴 SAT,🔴 ZAYIFLAMA (Zaten Dipte),-,🔴 Düşüş Trendinde,-,16.50-18.36 (%64.3 üstte),⚪Fiyat Alt_Orta Bant Aralığında,⚪ Yelpaze Açık,0,EMA5 Direnç: 10.31 (%2.7 üstte)
DZGYO,6.91,2.78,49.03,86.93,-0.34,🔴 Ayı Piyasası (EMA 50 En Altta),🟢 AL (Trend Onaylı),-,-,🔴 Düşüş Trendinde,-,7.67-8.20 (%11.0 üstte),⚪Fiyat Alt_Orta Bant Aralığında,⚪ Yelpaze Açık,0,EMA21 Destek: 6.88 (%0.5 altta) | EMA55 Direnç: 7.21 (%4.3 üstte)
EBEBK,76.75,6.34,39.49,39.54,-0.4,⚠️ Yükseliş Trendinde Düzeltme (SSL Negatif),🔴 SAT,🔴 ZAYIFLAMA (Zaten Dipte),-,🔴 Düşüş Trendinde,-,88.50-92.15 (%15.3 üstte),🚨Fiyat Bandın Altında!,🚨 BB SIKIŞMA,-0.82,EMA200 Destek: 72.17 (%6.0 altta) | EMA100 Direnç: 79.22 (%3.2 üstte)
ECILC,61.95,-2.28,41.86,71.78,0.37,🔴 Ayı Piyasası (EMA 50 En Altta),🔴 SAT,-,-,🔴 Düşüş Trendinde,-,115.79-123.72 (%86.9 üstte),⚪Fiyat Alt_Orta Bant Aralığında,⚪ Yelpaze Açık,0,EMA5 Direnç: 63.39 (%2.3 üstte)
ECOGR,23.68,-6.5,27.69,21.74,-0.93,🔴 Ayı Piyasası (EMA 50 En Altta),🔴 SAT,🔴 ZAYIFLAMA (Zaten Dipte),-,🔴 Düşüş Trendinde,-,42.64-45.72 (%80.1 üstte),⚪Fiyat Alt_Orta Bant Aralığında,⚪ Yelpaze Açık,0,EMA5 Direnç: 25.33 (%7.0 üstte)
ECZYT,224.0,-1.87,32.96,91.46,-0.01,🩸 ASIL SİNYAL: GÜÇLÜ SAT (EMA Çöktü + SSL Onay),🔴 SAT,🔴 ZAYIFLAMA (Zaten Dipte),-,🔴 Düşüş Trendinde,-,348.50-369.75 (%55.6 üstte),⚪Fiyat Alt_Orta Bant Aralığında,⚪ Yelpaze Açık,0,EMA5 Direnç: 228.27 (%1.9 üstte)
EDATA,3.86,-13.01,9.09,2.04,-0.97,🔴 Ayı Piyasası (EMA 50 En Altta),🔴 SAT,🚀 KUSURSUZ DÖNÜŞ (0 Altı + Hacim),-,🔴 Düşüş Trendinde,-,-,⚪Fiyat Alt_Orta Bant Aralığında,⚪ Yelpaze Açık,0,EMA5 Direnç: 4.44 (%15.0 üstte)
EDIP,28.38,-2.75,32.23,52.52,-0.75,🔴 Ayı Piyasası (EMA 50 En Altta),🔴 SAT,🔴 ZAYIFLAMA (Zaten Dipte),-,🔴 Düşüş Trendinde,-,38.08-41.16 (%34.2 üstte),⚪Fiyat Alt_Orta Bant Aralığında,⚪ Yelpaze Açık,0,EMA5 Direnç: 29.18 (%2.8 üstte)
EFOR,14.0,-0.47,37.04,29.06,-0.65,🔴 Ayı Piyasası (EMA 50 En Altta),🟢 AL (Trend Onaylı),-,-,🔴 Düşüş Trendinde,10.52-11.95 (%14.6 altta),18.70-20.34 (%33.6 üstte),⚪Fiyat Alt_Orta Bant Aralığında,⚪ Yelpaze Açık,0,EMA5 Direnç: 14.07 (%0.5 üstte)
EGEEN,4855.0,-3.18,41.42,24.79,-0.34,🔴 Ayı Piyasası (EMA 50 En Altta),🔴 SAT,-,-,🔴 Düşüş Trendinde,-,7317.50-7497.50 (%50.7 üstte),⚪Fiyat Alt_Orta Bant Aralığında,⚪ Yelpaze Açık,0,EMA5 Direnç: 5014.38 (%3.3 üstte)
EGEGY,16.49,1.37,34.36,98.58,0.34,🔴 Ayı Piyasası (EMA 50 En Altta),🟢 AL (Trend Onaylı),-,-,🔴 Düşüş Trendinde,-,32.20-33.80 (%95.3 üstte),⚪Fiyat Alt_Orta Bant Aralığında,⚪ Yelpaze Açık,0,EMA5 Destek: 16.27 (%1.4 altta) | EMA21 Direnç: 18.47 (%12.0 üstte)
EGEPO,5.62,-10.04,19.05,63.31,-0.79,🔴 Ayı Piyasası (EMA 50 En Altta),🔴 SAT,🔴 ZAYIFLAMA (Zaten Dipte),-,🔴 Düşüş Trendinde,-,18.65-19.14 (%231.9 üstte),⚪Fiyat Alt_Orta Bant Aralığında,⚪ Yelpaze Açık,0,EMA5 Direnç: 6.25 (%11.2 üstte)
EGGUB,97.8,-1.65,42.83,68.96,-0.36,🔴 Ayı Piyasası (EMA 50 En Altta),⏳ BEKLE,-,-,🔴 Düşüş Trendinde,92.85-95.30 (%2.6 altta),128.90-142.30 (%31.8 üstte),⚪Fiyat Alt_Orta Bant Aralığında,⚪ Yelpaze Açık,0,EMA5 Direnç: 99.44 (%1.7 üstte)
EGPRO,33.36,2.13,42.84,63.94,0.04,⚠️ Yükseliş Trendinde Düzeltme (SSL Negatif),⏳ BEKLE,-,-,🔴 Düşüş Trendinde,22.77-24.24 (%27.3 altta),41.96-45.60 (%25.8 üstte),⚪Fiyat Alt_Orta Bant Aralığında,⚪ Yelpaze Açık,0,EMA200 Destek: 32.66 (%2.1 altta) | EMA5 Direnç: 33.86 (%1.5 üstte)
EGSER,2.62,-0.14,41.03,94.72,-0.19,🔴 Ayı Piyasası (EMA 50 En Altta),🟢 AL (Trend Onaylı),-,-,🔴 Düşüş Trendinde,-,2.89-3.15 (%10.3 üstte),⚪Fiyat Alt_Orta Bant Aralığında,⚪ Yelpaze Açık,0,EMA5 Direnç: 2.62 (%0.1 üstte)
EKDMR,29.36,999,29.78,88.87,-0.89,-,⏳ BEKLE,-,-,🔴 Düşüş Trendinde,-,61.85-67.95 (%110.7 üstte),⚪Fiyat Alt_Orta Bant Aralığında,-,0,EMA5 Direnç: 29.50 (%0.5 üstte)
EKGYO,19.6,0.72,51.01,89.03,0.13,🔴 Ayı Piyasası (EMA 50 En Altta),🟢 AL (Trend Onaylı),-,-,🔴 Düşüş Trendinde,-,-,🟡Fiyat Orta-Üst Bant Aralığında,🟠 Daralıyor,0,EMA55 Destek: 19.56 (%0.2 altta) | EMA100 Direnç: 19.67 (%0.4 üstte)
EKIM,16.34,999,55.5,100.0,-0.03,-,🟢 AL (Trend Onaylı),-,-,🟢 Yükseliş Trendinde,-,19.26-20.42 (%17.9 üstte),🟡Fiyat Orta-Üst Bant Aralığında,-,0,EMA21 Destek: 14.82 (%9.3 altta) | EMA55 Direnç: 17.40 (%6.5 üstte)
EKIZ,55.5,8.9,56.53,98.82,0.49,🔴 Ayı Piyasası (EMA 50 En Altta),🟢 AL (Trend Onaylı),-,-,🟢 Yükseliş Trendinde,-,-,🟡Fiyat Orta-Üst Bant Aralığında,⚪ Yelpaze Açık,0,EMA5 Destek: 51.22 (%7.7 altta) | EMA55 Direnç: 58.19 (%4.8 üstte)
EKOS,3.25,-3.99,24.03,78.63,-0.84,🔴 Ayı Piyasası (EMA 50 En Altta),🔴 SAT,-,-,🔴 Düşüş Trendinde,-,7.25-7.91 (%123.1 üstte),⚪Fiyat Alt_Orta Bant Aralığında,⚪ Yelpaze Açık,0,EMA5 Direnç: 3.39 (%4.2 üstte)
EKSUN,4.41,-2.19,34.54,89.65,-0.15,🔴 Ayı Piyasası (EMA 50 En Altta),⏳ BEKLE,-,-,🔴 Düşüş Trendinde,-,-,⚪Fiyat Alt_Orta Bant Aralığında,⚪ Yelpaze Açık,0,EMA5 Direnç: 4.51 (%2.2 üstte)
ELITE,19.5,-1.6,25.52,92.02,-0.81,🔴 Ayı Piyasası (EMA 50 En Altta),⏳ BEKLE,-,-,🔴 Düşüş Trendinde,-,31.18-32.16 (%59.9 üstte),⚪Fiyat Alt_Orta Bant Aralığında,⚪ Yelpaze Açık,0,EMA5 Direnç: 19.82 (%1.6 üstte)
EMKEL,7.09,-5.17,9.91,61.61,-0.92,🔴 Ayı Piyasası (EMA 50 En Altta),🔴 SAT,🔴 ZAYIFLAMA (Zaten Dipte),-,🔴 Düşüş Trendinde,-,20.60-22.50 (%190.6 üstte),⚪Fiyat Alt_Orta Bant Aralığında,⚪ Yelpaze Açık,0,EMA5 Direnç: 7.48 (%5.5 üstte)
EMNIS,126.0,-2.12,38.07,85.63,-0.46,🔴 Ayı Piyasası (EMA 50 En Altta),⏳ BEKLE,-,-,🟢 Yükseliş Trendinde,-,170.90-174.10 (%35.6 üstte),⚪Fiyat Alt_Orta Bant Aralığında,⚪ Yelpaze Açık,0,EMA5 Direnç: 128.72 (%2.2 üstte)
EMPAE,43.2,999,33.06,78.48,-0.79,🔴 Ayı Piyasası (EMA 50 En Altta),⏳ BEKLE,-,-,🔴 Düşüş Trendinde,-,-,⚪Fiyat Alt_Orta Bant Aralığında,🟠 Daralıyor,0,EMA5 Direnç: 44.98 (%4.1 üstte)
ENDAE,12.17,-5.81,21.28,23.84,-0.92,🔴 Ayı Piyasası (EMA 50 En Altta),🔴 SAT,🔴 ZAYIFLAMA (Zaten Dipte),-,🔴 Düşüş Trendinde,-,-,⚪Fiyat Alt_Orta Bant Aralığında,⚪ Yelpaze Açık,0,EMA5 Direnç: 12.92 (%6.2 üstte)
ENERY,14.0,39.07,69.93,59.44,0.85,🟢 EMA Yükselişte (SSL Ok Bekleniyor),⏳ BEKLE,-,-,🟢 Yükseliş Trendinde,-,-,🟡Fiyat Orta-Üst Bant Aralığında,⚪ Yelpaze Açık,0,EMA5 Destek: 13.74 (%1.9 altta)
ENJSA,114.1,9.9,57.58,95.58,0.56,🟢 EMA Yükselişte (SSL Ok Bekleniyor),🟢 AL (Trend Onaylı),-,-,🔴 Düşüş Trendinde,99.10-103.00 (%9.7 altta),-,🟡Fiyat Orta-Üst Bant Aralığında,⚪ Yelpaze Açık,0,EMA5 Destek: 111.62 (%2.2 altta)
ENKAI,80.0,-3.02,36.18,25.13,-0.79,🔴 Ayı Piyasası (EMA 50 En Altta),🔴 SAT,-,-,🔴 Düşüş Trendinde,-,110.50-113.50 (%38.1 üstte),🚨Fiyat Bandın Altında!,⚪ Yelpaze Açık,-0.04,EMA5 Direnç: 82.49 (%3.1 üstte)
ENPRA,43.06,999,36.45,96.28,-0.21,-,🟢 AL (Trend Onaylı),-,-,🔴 Düşüş Trendinde,-,69.60-71.50 (%61.6 üstte),⚪Fiyat Alt_Orta Bant Aralığında,-,0,EMA5 Direnç: 43.10 (%0.1 üstte)
ENSRI,2.87,-2.66,22.46,81.73,-0.9,🔴 Ayı Piyasası (EMA 50 En Altta),⏳ BEKLE,-,-,🔴 Düşüş Trendinde,-,5.80-6.14 (%102.1 üstte),⚪Fiyat Alt_Orta Bant Aralığında,⚪ Yelpaze Açık,0,EMA5 Direnç: 2.95 (%2.7 üstte)
ENTRA,4.31,2.48,54.48,100.0,0.75,🔴 Ayı Piyasası (EMA 50 En Altta),🟢 AL (Trend Onaylı),-,-,🔴 Düşüş Trendinde,-,4.29-4.44 (fiyat bandın içinde!),🟡Fiyat Orta-Üst Bant Aralığında,🟠 Daralıyor,0,EMA5 Destek: 4.23 (%1.8 altta) | EMA55 Direnç: 4.36 (%1.1 üstte)
EPLAS,5.45,0.5,48.21,77.52,-0.22,🔴 Ayı Piyasası (EMA 50 En Altta),🟢 AL (Trend Onaylı),-,-,🔴 Düşüş Trendinde,4.97-5.11 (%6.2 altta),6.98-7.35 (%28.1 üstte),⚪Fiyat Alt_Orta Bant Aralığında,⚪ Yelpaze Açık,0,EMA5 Destek: 5.42 (%0.5 altta) | EMA21 Direnç: 5.51 (%1.1 üstte)
ERBOS,114.0,-2.22,23.24,73.7,-0.77,🩸 ASIL SİNYAL: GÜÇLÜ SAT (EMA Çöktü + SSL Onay),🔴 SAT,🔴 ZAYIFLAMA (Zaten Dipte),-,🔴 Düşüş Trendinde,-,216.20-226.00 (%89.6 üstte),⚪Fiyat Alt_Orta Bant Aralığında,⚪ Yelpaze Açık,0,EMA5 Direnç: 116.59 (%2.3 üstte)
ERCB,34.1,-3.24,29.73,72.59,-0.82,🩸 ASIL SİNYAL: GÜÇLÜ SAT (EMA Çöktü + SSL Onay),⏳ BEKLE,🔴 ZAYIFLAMA (Zaten Dipte),-,🔴 Düşüş Trendinde,-,70.90-73.00 (%107.9 üstte),⚪Fiyat Alt_Orta Bant Aralığında,⚪ Yelpaze Açık,0,EMA5 Direnç: 35.24 (%3.3 üstte)
EREGL,36.52,7.55,44.02,60.47,-0.35,⚠️ Yükseliş Trendinde Düzeltme (SSL Negatif),🔴 SAT,-,-,🔴 Düşüş Trendinde,-,42.12-45.10 (%15.3 üstte),⚪Fiyat Alt_Orta Bant Aralığında,🟡 Normal Genişlik,0,EMA200 Destek: 33.96 (%7.0 altta) | EMA5 Direnç: 36.92 (%1.1 üstte)
ERSU,17.49,12.1,49.56,100.0,-0.03,🔴 Ayı Piyasası (EMA 50 En Altta),🟢 AL (Trend Onaylı),-,-,🔥 AL (Taze Kırılım),-,25.30-27.78 (%44.7 üstte),🟡Fiyat Orta-Üst Bant Aralığında,⚪ Yelpaze Açık,0,EMA21 Destek: 16.75 (%4.2 altta) | EMA55 Direnç: 20.06 (%14.7 üstte)
ESCAR,15.4,-0.99,17.62,33.0,-0.91,🔴 Ayı Piyasası (EMA 50 En Altta),⏳ BEKLE,-,-,🔴 Düşüş Trendinde,-,48.50-50.00 (%214.9 üstte),⚪Fiyat Alt_Orta Bant Aralığında,⚪ Yelpaze Açık,0,EMA5 Direnç: 15.55 (%1.0 üstte)
ESCOM,4.33,-2.65,38.18,73.44,-0.22,"📉 Düşüş Hazırlığı (50<100 Kesti, 150 Bekleniyor)",⏳ BEKLE,-,-,🔴 Düşüş Trendinde,-,6.03-6.25 (%39.3 üstte),⚪Fiyat Alt_Orta Bant Aralığında,⚪ Yelpaze Açık,0,EMA5 Direnç: 4.45 (%2.7 üstte)
ESEN,2.45,-3.12,24.05,52.52,-0.88,🔴 Ayı Piyasası (EMA 50 En Altta),🔴 SAT,🔴 ZAYIFLAMA (Zaten Dipte),-,🔴 Düşüş Trendinde,-,3.90-4.00 (%59.2 üstte),⚪Fiyat Alt_Orta Bant Aralığında,⚪ Yelpaze Açık,0,EMA5 Direnç: 2.53 (%3.2 üstte)
ETILR,7.1,34.57,56.4,71.0,0.86,🟢 EMA Yükselişte (SSL Ok Bekleniyor),🔴 SAT,-,-,🟢 Yükseliş Trendinde,3.86-4.09 (%42.4 altta),-,🟡Fiyat Orta-Üst Bant Aralığında,⚪ Yelpaze Açık,0,EMA21 Destek: 6.80 (%4.2 altta) | EMA5 Direnç: 7.33 (%3.3 üstte)
ETYAT,10.39,3.71,43.52,88.42,0.59,🟢 EMA Yükselişte (SSL Ok Bekleniyor),⏳ BEKLE,-,-,🟢 Yükseliş Trendinde,-,-,⚪Fiyat Alt_Orta Bant Aralığında,⚪ Yelpaze Açık,0,EMA5 Destek: 10.02 (%3.6 altta) | EMA200 Direnç: 10.68 (%2.8 üstte)
EUHOL,8.1,-2.05,42.54,94.18,0.68,🔴 Ayı Piyasası (EMA 50 En Altta),⏳ BEKLE,-,-,🟢 Yükseliş Trendinde,-,13.50-13.60 (%66.7 üstte),⚪Fiyat Alt_Orta Bant Aralığında,⚪ Yelpaze Açık,0,EMA5 Direnç: 8.27 (%2.1 üstte)
EUKYO,9.4,1.48,25.49,13.73,-0.76,⚠️ Yükseliş Trendinde Düzeltme (SSL Negatif),⏳ BEKLE,-,-,🔴 Düşüş Trendinde,-,-,⚪Fiyat Alt_Orta Bant Aralığında,⚪ Yelpaze Açık,0,EMA200 Destek: 9.26 (%1.5 altta) | EMA5 Direnç: 9.49 (%1.0 üstte)
EUPWR,48.64,-6.22,31.61,39.36,-0.9,"📉 Düşüş Hazırlığı (50<100 Kesti, 150 Bekleniyor)",🔴 SAT,-,-,🔴 Düşüş Trendinde,34.14-35.46 (%27.1 altta),-,⚪Fiyat Alt_Orta Bant Aralığında,⚪ Yelpaze Açık,0,EMA5 Direnç: 51.86 (%6.6 üstte)
EUREN,2.72,-3.61,24.63,66.88,-0.9,🩸 ASIL SİNYAL: GÜÇLÜ SAT (EMA Çöktü + SSL Onay),🔴 SAT,🔴 ZAYIFLAMA (Zaten Dipte),-,🔴 Düşüş Trendinde,-,4.64-4.77 (%70.6 üstte),⚪Fiyat Alt_Orta Bant Aralığında,⚪ Yelpaze Açık,0,EMA5 Direnç: 2.82 (%3.7 üstte)
EUYO,4.25,2.17,49.74,92.03,0.6,🔴 Ayı Piyasası (EMA 50 En Altta),🟢 AL (Trend Onaylı),-,-,🔴 Düşüş Trendinde,-,5.40-6.01 (%27.1 üstte),🟡Fiyat Orta-Üst Bant Aralığında,⚪ Yelpaze Açık,0,EMA21 Destek: 4.17 (%1.8 altta) | EMA55 Direnç: 4.61 (%8.6 üstte)
EYGYO,1.89,-1.87,26.91,17.92,-0.95,🔴 Ayı Piyasası (EMA 50 En Altta),⏳ BEKLE,-,-,🔴 Düşüş Trendinde,-,3.06-3.27 (%61.9 üstte),⚪Fiyat Alt_Orta Bant Aralığında,⚪ Yelpaze Açık,0,EMA5 Direnç: 1.93 (%1.9 üstte)
FADE,11.4,-2.25,30.36,88.6,-0.61,🩸 ASIL SİNYAL: GÜÇLÜ SAT (EMA Çöktü + SSL Onay),⏳ BEKLE,-,-,🔴 Düşüş Trendinde,-,-,⚪Fiyat Alt_Orta Bant Aralığında,⚪ Yelpaze Açık,0,EMA5 Direnç: 11.66 (%2.3 üstte)
FENER,2.37,-0.98,30.88,90.23,-0.68,🔴 Ayı Piyasası (EMA 50 En Altta),🟢 AL (Trend Onaylı),-,-,🔴 Düşüş Trendinde,-,11.55-12.22 (%387.3 üstte),⚪Fiyat Alt_Orta Bant Aralığında,⚪ Yelpaze Açık,0,EMA5 Direnç: 2.39 (%1.0 üstte)
FLAP,11.58,4.82,47.35,10.15,-0.08,⚠️ Yükseliş Trendinde Düzeltme (SSL Negatif),🔴 SAT,-,-,🟢 Yükseliş Trendinde,8.33-8.77 (%24.3 altta),-,⚪Fiyat Alt_Orta Bant Aralığında,🟠 Daralıyor,0,EMA100 Destek: 11.55 (%0.2 altta) | EMA55 Direnç: 11.59 (%0.1 üstte)
FMIZP,261.5,-2.4,41.11,69.67,0.02,🔴 Ayı Piyasası (EMA 50 En Altta),🔴 SAT,🔴 ZAYIFLAMA (Zaten Dipte),-,🔴 Düşüş Trendinde,-,326.73-339.28 (%24.9 üstte),⚪Fiyat Alt_Orta Bant Aralığında,⚪ Yelpaze Açık,0,EMA5 Direnç: 267.93 (%2.5 üstte)
FONET,4.4,1.35,48.47,82.21,0.59,"📉 Düşüş Hazırlığı (50<100 Kesti, 150 Bekleniyor)",⏳ BEKLE,-,-,🔴 Düşüş Trendinde,-,-,🟡Fiyat Orta-Üst Bant Aralığında,🟡 Normal Genişlik,0,EMA21 Destek: 4.39 (%0.3 altta) | EMA55 Direnç: 4.68 (%6.4 üstte)
FORMT,0.94,-3.16,20.52,87.89,-0.83,🔴 Ayı Piyasası (EMA 50 En Altta),⏳ BEKLE,-,-,🔴 Düşüş Trendinde,-,2.88-2.96 (%206.4 üstte),⚪Fiyat Alt_Orta Bant Aralığında,⚪ Yelpaze Açık,0,EMA5 Direnç: 0.97 (%3.3 üstte)
FORTE,93.25,-5.41,39.16,79.71,0.2,⚠️ Yükseliş Trendinde Düzeltme (SSL Negatif),⏳ BEKLE,-,-,🔴 Düşüş Trendinde,87.75-90.75 (%2.7 altta),114.00-126.60 (%22.3 üstte),⚪Fiyat Alt_Orta Bant Aralığında,⚪ Yelpaze Açık,0,EMA5 Direnç: 98.58 (%5.7 üstte)
FRIGO,2.08,9.58,55.82,100.0,0.36,🔴 Ayı Piyasası (EMA 50 En Altta),🟢 AL (Trend Onaylı),-,-,🟢 Yükseliş Trendinde,-,2.55-2.71 (%22.6 üstte),🟡Fiyat Orta-Üst Bant Aralığında,⚪ Yelpaze Açık,0,EMA5 Destek: 1.90 (%8.5 altta) | EMA55 Direnç: 2.11 (%1.4 üstte)
FRMPL,22.6,999,32.35,83.71,-0.49,🩸 ASIL SİNYAL: GÜÇLÜ SAT (EMA Çöktü + SSL Onay),⏳ BEKLE,-,-,🔴 Düşüş Trendinde,-,44.96-49.00 (%98.9 üstte),⚪Fiyat Alt_Orta Bant Aralığında,⚪ Yelpaze Açık,0,EMA5 Direnç: 23.38 (%3.5 üstte)
FROTO,73.85,-0.77,40.42,31.43,-0.78,🔴 Ayı Piyasası (EMA 50 En Altta),🔴 SAT,-,-,🔴 Düşüş Trendinde,-,107.03-110.02 (%44.9 üstte),⚪Fiyat Alt_Orta Bant Aralığında,⚪ Yelpaze Açık,0,EMA5 Direnç: 74.43 (%0.8 üstte)
FZLGY,5.4,-0.4,26.86,32.66,-0.83,🔴 Ayı Piyasası (EMA 50 En Altta),🔥 GÜÇLÜ AL (Taze Kırılım),-,-,🔴 Düşüş Trendinde,-,-,⚪Fiyat Alt_Orta Bant Aralığında,⚪ Yelpaze Açık,0,EMA5 Direnç: 5.42 (%0.4 üstte)
GARAN,129.9,0.45,49.96,83.83,-0.43,🔴 Ayı Piyasası (EMA 50 En Altta),🟢 AL (Trend Onaylı),-,-,🔴 Düşüş Trendinde,120.00-124.30 (%4.3 altta),131.80-136.00 (%1.5 üstte),🟡Fiyat Orta-Üst Bant Aralığında,🟡 Normal Genişlik,0,EMA21 Destek: 129.73 (%0.1 altta) | EMA55 Direnç: 130.41 (%0.4 üstte)
GARFA,22.58,-0.91,36.5,79.04,-0.79,🔴 Ayı Piyasası (EMA 50 En Altta),⏳ BEKLE,-,-,🔴 Düşüş Trendinde,-,-,⚪Fiyat Alt_Orta Bant Aralığında,⚪ Yelpaze Açık,0,EMA5 Direnç: 22.79 (%0.9 üstte)
GATEG,125.3,-3.36,28.3,13.53,-0.88,🔴 Ayı Piyasası (EMA 50 En Altta),⏳ BEKLE,🟢 POTANSİYEL DİP (0 Altı - Hacimsiz),-,🔴 Düşüş Trendinde,-,312.00-319.50 (%149.0 üstte),⚪Fiyat Alt_Orta Bant Aralığında,⚪ Yelpaze Açık,0,EMA5 Direnç: 129.66 (%3.5 üstte)
GEDIK,5.1,1.12,41.54,97.63,-0.53,🔴 Ayı Piyasası (EMA 50 En Altta),🟢 AL (Trend Onaylı),-,-,🔴 Düşüş Trendinde,-,-,⚪Fiyat Alt_Orta Bant Aralığında,⚪ Yelpaze Açık,0,EMA5 Destek: 5.04 (%1.1 altta) | EMA21 Direnç: 5.24 (%2.7 üstte)
GEDZA,21.94,-1.95,29.41,89.69,-0.73,🔴 Ayı Piyasası (EMA 50 En Altta),⏳ BEKLE,-,-,🔴 Düşüş Trendinde,-,29.28-30.30 (%33.5 üstte),⚪Fiyat Alt_Orta Bant Aralığında,⚪ Yelpaze Açık,0,EMA5 Direnç: 22.38 (%2.0 üstte)
GENIL,3.87,-17.79,17.03,0.0,-0.96,🔴 Ayı Piyasası (EMA 50 En Altta),🔴 SAT,-,-,🔴 Düşüş Trendinde,-,12.41-13.24 (%220.7 üstte),⚪Fiyat Alt_Orta Bant Aralığında,⚪ Yelpaze Açık,0,EMA5 Direnç: 4.71 (%21.6 üstte)
GENKM,7.31,999,29.28,47.35,-0.84,-,⏳ BEKLE,-,-,🔴 Düşüş Trendinde,-,-,⚪Fiyat Alt_Orta Bant Aralığında,⚪ Yelpaze Açık,0,EMA5 Direnç: 7.52 (%2.9 üstte)
GENTS,4.09,-1.73,31.47,83.72,-0.77,🔴 Ayı Piyasası (EMA 50 En Altta),⏳ BEKLE,-,-,🔴 Düşüş Trendinde,-,9.80-10.53 (%139.6 üstte),⚪Fiyat Alt_Orta Bant Aralığında,⚪ Yelpaze Açık,0,EMA5 Direnç: 4.16 (%1.8 üstte)
GEREL,21.64,5.52,34.96,40.08,-0.79,🔴 Ayı Piyasası (EMA 50 En Altta),⏳ BEKLE,-,-,🔴 Düşüş Trendinde,16.38-17.05 (%21.2 altta),44.88-47.00 (%107.4 üstte),⚪Fiyat Alt_Orta Bant Aralığında,⚪ Yelpaze Açık,0,EMA5 Destek: 20.51 (%5.2 altta) | EMA21 Direnç: 26.11 (%20.6 üstte)
GESAN,39.9,-5.05,29.73,73.65,-0.79,🩸 ASIL SİNYAL: GÜÇLÜ SAT (EMA Çöktü + SSL Onay),🔴 SAT,🔴 ZAYIFLAMA (Zaten Dipte),-,🔴 Düşüş Trendinde,-,-,⚪Fiyat Alt_Orta Bant Aralığında,⚪ Yelpaze Açık,0,EMA5 Direnç: 42.02 (%5.3 üstte)
GIPTA,27.26,-4.2,21.04,5.8,-0.89,🔴 Ayı Piyasası (EMA 50 En Altta),⏳ BEKLE,-,-,🔴 Düşüş Trendinde,-,-,⚪Fiyat Alt_Orta Bant Aralığında,⚪ Yelpaze Açık,0,EMA5 Direnç: 28.45 (%4.4 üstte)
GLBMD,10.35,-1.69,41.38,93.02,0.33,🔴 Ayı Piyasası (EMA 50 En Altta),⏳ BEKLE,-,-,🔴 Düşüş Trendinde,-,12.34-13.61 (%19.2 üstte),⚪Fiyat Alt_Orta Bant Aralığında,⚪ Yelpaze Açık,0,EMA5 Direnç: 10.53 (%1.7 üstte)
GLCVY,38.92,-3.38,24.11,37.43,-0.93,🔴 Ayı Piyasası (EMA 50 En Altta),🔴 SAT,🔴 ZAYIFLAMA (Zaten Dipte),-,🔴 Düşüş Trendinde,-,62.30-66.50 (%60.1 üstte),⚪Fiyat Alt_Orta Bant Aralığında,⚪ Yelpaze Açık,0,EMA5 Direnç: 40.28 (%3.5 üstte)
GLRMK,129.9,-4.68,34.53,58.29,-0.54,🩸 ASIL SİNYAL: GÜÇLÜ SAT (EMA Çöktü + SSL Onay),🔴 SAT,🔴 ZAYIFLAMA (Zaten Dipte),-,🔴 Düşüş Trendinde,-,177.10-185.70 (%36.3 üstte),⚪Fiyat Alt_Orta Bant Aralığında,⚪ Yelpaze Açık,0,EMA5 Direnç: 136.27 (%4.9 üstte)
GLRYH,1.9,2.39,32.46,87.35,-0.56,🔴 Ayı Piyasası (EMA 50 En Altta),🟢 AL (Trend Onaylı),-,-,🔴 Düşüş Trendinde,-,3.31-3.53 (%74.2 üstte),⚪Fiyat Alt_Orta Bant Aralığında,⚪ Yelpaze Açık,0,EMA5 Destek: 1.86 (%2.3 altta) | EMA21 Direnç: 2.15 (%13.0 üstte)
GLYHO,17.04,12.43,59.87,100.0,0.85,🟢 EMA Yükselişte (SSL Ok Bekleniyor),🟢 AL (Trend Onaylı),-,-,🔥 AL (Taze Kırılım),-,17.31-17.83 (%1.6 üstte),🟡Fiyat Orta-Üst Bant Aralığında,⚪ Yelpaze Açık,0,EMA5 Destek: 16.64 (%2.4 altta)
GMTAS,48.28,27.72,51.7,46.56,0.24,⚠️ Yükseliş Trendinde Düzeltme (SSL Negatif),🔴 SAT,-,-,🟢 Yükseliş Trendinde,-,-,🟡Fiyat Orta-Üst Bant Aralığında,⚪ Yelpaze Açık,0,EMA21 Destek: 47.62 (%1.4 altta)
GOKNR,14.01,-3.49,30.24,18.51,-0.84,🩸 ASIL SİNYAL: GÜÇLÜ SAT (EMA Çöktü + SSL Onay),🔴 SAT,-,-,🔴 Düşüş Trendinde,-,23.86-24.94 (%70.3 üstte),⚪Fiyat Alt_Orta Bant Aralığında,⚪ Yelpaze Açık,0,EMA5 Direnç: 14.52 (%3.6 üstte)
GOLDA,8.25,999,34.05,77.46,-0.58,-,🟢 AL (Trend Onaylı),-,-,🔴 Düşüş Trendinde,-,13.16-14.05 (%59.5 üstte),⚪Fiyat Alt_Orta Bant Aralığında,-,0,EMA5 Direnç: 8.56 (%3.8 üstte)
GOLTS,250.5,-1.93,33.4,80.91,-0.65,🩸 ASIL SİNYAL: GÜÇLÜ SAT (EMA Çöktü + SSL Onay),⏳ BEKLE,-,-,🔴 Düşüş Trendinde,-,363.59-379.63 (%45.1 üstte),⚪Fiyat Alt_Orta Bant Aralığında,⚪ Yelpaze Açık,0,EMA5 Direnç: 255.43 (%2.0 üstte)
GOODY,2.15,-0.87,30.54,75.69,-0.72,🔴 Ayı Piyasası (EMA 50 En Altta),🟢 AL (Trend Onaylı),-,-,🔴 Düşüş Trendinde,-,2.86-3.19 (%33.0 üstte),⚪Fiyat Alt_Orta Bant Aralığında,⚪ Yelpaze Açık,0,EMA5 Direnç: 2.17 (%0.9 üstte)
GOZDE,18.67,-2.34,30.55,22.43,-0.85,🩸 ASIL SİNYAL: GÜÇLÜ SAT (EMA Çöktü + SSL Onay),⏳ BEKLE,🔴 ZAYIFLAMA (Zaten Dipte),-,🔴 Düşüş Trendinde,18.12-19.38 (fiyat bandın içinde!),-,⚪Fiyat Alt_Orta Bant Aralığında,⚪ Yelpaze Açık,0,EMA5 Direnç: 19.12 (%2.4 üstte)
GRNYO,9.17,6.3,44.34,99.51,-0.17,🔴 Ayı Piyasası (EMA 50 En Altta),🟢 AL (Trend Onaylı),-,-,🔴 Düşüş Trendinde,-,19.50-21.06 (%112.6 üstte),⚪Fiyat Alt_Orta Bant Aralığında,⚪ Yelpaze Açık,0,EMA5 Destek: 8.63 (%5.9 altta) | EMA21 Direnç: 9.37 (%2.1 üstte)
GRSEL,270.0,-0.83,40.67,90.19,0.17,🔴 Ayı Piyasası (EMA 50 En Altta),🟢 AL (Trend Onaylı),-,-,🔴 Düşüş Trendinde,-,381.25-400.17 (%41.2 üstte),⚪Fiyat Alt_Orta Bant Aralığında,⚪ Yelpaze Açık,0,EMA5 Direnç: 272.27 (%0.8 üstte)
GRTHO,113.5,-2.2,31.74,63.94,-0.63,🔴 Ayı Piyasası (EMA 50 En Altta),🔴 SAT,-,-,🔴 Düşüş Trendinde,-,248.47-261.17 (%118.9 üstte),⚪Fiyat Alt_Orta Bant Aralığında,⚪ Yelpaze Açık,0,EMA5 Direnç: 116.05 (%2.2 üstte)
GSDDE,11.69,-0.68,41.82,59.11,-0.57,⚠️ Yükseliş Trendinde Düzeltme (SSL Negatif),🔥 GÜÇLÜ AL (Taze Kırılım),-,-,🔴 Düşüş Trendinde,9.16-9.40 (%19.6 altta),-,⚪Fiyat Alt_Orta Bant Aralığında,⚪ Yelpaze Açık,0,EMA200 Direnç: 11.77 (%0.7 üstte)
GSDHO,4.24,2.83,46.87,88.86,-0.09,🔴 Ayı Piyasası (EMA 50 En Altta),🔥 GÜÇLÜ AL (Taze Kırılım),-,-,🔴 Düşüş Trendinde,-,5.81-6.34 (%37.0 üstte),🟡Fiyat Orta-Üst Bant Aralığında,⚪ Yelpaze Açık,0,EMA5 Destek: 4.12 (%2.7 altta) | EMA21 Direnç: 4.24 (%0.1 üstte)
GSRAY,0.8,-0.82,24.27,58.9,-0.9,🔴 Ayı Piyasası (EMA 50 En Altta),⏳ BEKLE,-,-,🔴 Düşüş Trendinde,-,1.29-1.35 (%61.2 üstte),⚪Fiyat Alt_Orta Bant Aralığında,⚪ Yelpaze Açık,0,EMA5 Direnç: 0.81 (%0.8 üstte)
GUBRF,396.75,-3.28,35.91,15.31,-0.83,🔴 Ayı Piyasası (EMA 50 En Altta),🔴 SAT,-,-,🔴 Düşüş Trendinde,-,-,⚪Fiyat Alt_Orta Bant Aralığında,⚪ Yelpaze Açık,0,EMA5 Direnç: 410.22 (%3.4 üstte)
GUNDG,136.6,-22.12,16.15,0.0,-0.98,🔴 Ayı Piyasası (EMA 50 En Altta),🔴 SAT,-,-,🔴 Düşüş Trendinde,-,-,⚪Fiyat Alt_Orta Bant Aralığında,⚪ Yelpaze Açık,0,EMA5 Direnç: 175.39 (%28.4 üstte)
GWIND,19.73,-1.88,32.0,73.01,-0.83,🩸 ASIL SİNYAL: GÜÇLÜ SAT (EMA Çöktü + SSL Onay),🔴 SAT,🔴 ZAYIFLAMA (Zaten Dipte),-,🔴 Düşüş Trendinde,-,27.00-27.84 (%36.8 üstte),⚪Fiyat Alt_Orta Bant Aralığında,⚪ Yelpaze Açık,0,EMA5 Direnç: 20.11 (%1.9 üstte)
GZNMI,28.6,-4.56,19.21,81.55,-0.85,🔴 Ayı Piyasası (EMA 50 En Altta),⏳ BEKLE,-,-,🔴 Düşüş Trendinde,-,277.25-299.25 (%869.4 üstte),⚪Fiyat Alt_Orta Bant Aralığında,⚪ Yelpaze Açık,0,EMA5 Direnç: 29.97 (%4.8 üstte)
HALKB,44.5,10.17,48.68,24.21,-0.8,⚠️ Yükseliş Trendinde Düzeltme (SSL Negatif),⏳ BEKLE,-,-,🔴 Düşüş Trendinde,32.14-33.98 (%23.6 altta),-,⚪Fiyat Alt_Orta Bant Aralığında,🚨 BB SIKIŞMA,0,EMA55 Destek: 43.46 (%2.3 altta) | EMA5 Direnç: 44.80 (%0.7 üstte)
HATEK,8.1,-0.64,21.91,25.36,-0.87,🔴 Ayı Piyasası (EMA 50 En Altta),⏳ BEKLE,-,-,🔴 Düşüş Trendinde,-,16.60-17.02 (%104.9 üstte),⚪Fiyat Alt_Orta Bant Aralığında,⚪ Yelpaze Açık,0,EMA5 Direnç: 8.15 (%0.6 üstte)
HATSN,28.6,-6.09,27.09,14.15,-0.9,🔴 Ayı Piyasası (EMA 50 En Altta),🔴 SAT,🔴 ZAYIFLAMA (Zaten Dipte),-,🔴 Düşüş Trendinde,-,-,⚪Fiyat Alt_Orta Bant Aralığında,⚪ Yelpaze Açık,0,EMA5 Direnç: 30.46 (%6.5 üstte)
HDFGS,1.21,12.17,35.17,100.0,-0.55,🔴 Ayı Piyasası (EMA 50 En Altta),🟢 AL (Trend Onaylı),-,-,🔥 AL (Taze Kırılım),-,3.50-3.92 (%189.3 üstte),⚪Fiyat Alt_Orta Bant Aralığında,⚪ Yelpaze Açık,0,EMA5 Destek: 1.08 (%10.8 altta) | EMA21 Direnç: 1.38 (%13.8 üstte)
HEDEF,11.35,10.89,19.95,94.65,-0.81,🔴 Ayı Piyasası (EMA 50 En Altta),🔥 GÜÇLÜ AL (Taze Kırılım),-,-,🔴 Düşüş Trendinde,-,-,⚪Fiyat Alt_Orta Bant Aralığında,⚪ Yelpaze Açık,0,EMA5 Destek: 10.24 (%9.8 altta) | EMA21 Direnç: 27.27 (%140.3 üstte)
HEKTS,2.13,-1.03,33.35,90.93,-0.62,🔴 Ayı Piyasası (EMA 50 En Altta),🟢 AL (Trend Onaylı),-,-,🔴 Düşüş Trendinde,-,4.06-4.50 (%90.6 üstte),⚪Fiyat Alt_Orta Bant Aralığında,⚪ Yelpaze Açık,0,EMA5 Direnç: 2.15 (%1.0 üstte)
HKTM,12.13,9.38,57.94,100.0,0.11,🔴 Ayı Piyasası (EMA 50 En Altta),🟢 AL (Trend Onaylı),-,-,🟢 Yükseliş Trendinde,-,14.95-16.36 (%23.2 üstte),🟡Fiyat Orta-Üst Bant Aralığında,⚪ Yelpaze Açık,0,EMA100 Destek: 12.02 (%0.9 altta) | EMA200 Direnç: 12.17 (%0.4 üstte)
HLGYO,4.15,-0.17,46.67,87.33,0.45,🔴 Ayı Piyasası (EMA 50 En Altta),🟢 AL (Trend Onaylı),-,-,🔴 Düşüş Trendinde,3.33-3.43 (%17.4 altta),5.34-5.67 (%28.7 üstte),🟡Fiyat Orta-Üst Bant Aralığında,⚪ Yelpaze Açık,0,EMA5 Direnç: 4.16 (%0.2 üstte)
HOROZ,43.06,-1.64,32.33,86.01,-0.73,🔴 Ayı Piyasası (EMA 50 En Altta),⏳ BEKLE,-,-,🔴 Düşüş Trendinde,-,65.30-69.60 (%51.6 üstte),⚪Fiyat Alt_Orta Bant Aralığında,⚪ Yelpaze Açık,0,EMA5 Direnç: 43.78 (%1.7 üstte)
HRKET,8.63,37.76,71.29,93.23,0.85,🟢 EMA Yükselişte (SSL Ok Bekleniyor),🟢 AL (Trend Onaylı),-,-,🟢 Yükseliş Trendinde,5.01-5.43 (%37.1 altta),8.59-9.35 (fiyat bandın içinde!),🟡Fiyat Orta-Üst Bant Aralığında,⚪ Yelpaze Açık,0,EMA5 Destek: 8.44 (%2.2 altta)
HTTBT,33.26,0.16,48.7,90.42,0.84,🔴 Ayı Piyasası (EMA 50 En Altta),🟢 AL (Trend Onaylı),-,-,🟢 Yükseliş Trendinde,-,38.08-39.34 (%14.5 üstte),🟡Fiyat Orta-Üst Bant Aralığında,⚪ Yelpaze Açık,0,EMA21 Destek: 33.21 (%0.2 altta) | EMA5 Direnç: 33.63 (%1.1 üstte)
HUBVC,1.6,0.26,32.24,90.35,-0.59,🔴 Ayı Piyasası (EMA 50 En Altta),🟢 AL (Trend Onaylı),-,-,🔴 Düşüş Trendinde,-,2.88-3.20 (%80.0 üstte),⚪Fiyat Alt_Orta Bant Aralığında,⚪ Yelpaze Açık,0,EMA5 Destek: 1.60 (%0.3 altta) | EMA21 Direnç: 1.81 (%13.3 üstte)
HUNER,4.01,10.04,46.2,14.11,0.47,⚠️ Yükseliş Trendinde Düzeltme (SSL Negatif),🔴 SAT,-,-,🟢 Yükseliş Trendinde,3.57-3.95 (%1.5 altta),-,⚪Fiyat Alt_Orta Bant Aralığında,⚪ Yelpaze Açık,0,EMA55 Destek: 3.97 (%1.0 altta) | EMA21 Direnç: 4.17 (%3.9 üstte)
HURGZ,4.96,-3.78,28.94,35.06,-0.9,🔴 Ayı Piyasası (EMA 50 En Altta),⏳ BEKLE,-,-,🔴 Düşüş Trendinde,-,-,⚪Fiyat Alt_Orta Bant Aralığında,⚪ Yelpaze Açık,0,EMA5 Direnç: 5.15 (%3.9 üstte)
ICBCT,15.05,-2.32,26.82,18.64,-0.94,🔴 Ayı Piyasası (EMA 50 En Altta),🔴 SAT,-,-,🔴 Düşüş Trendinde,-,-,⚪Fiyat Alt_Orta Bant Aralığında,⚪ Yelpaze Açık,0,EMA5 Direnç: 15.41 (%2.4 üstte)
ICUGS,1.36,1.57,20.44,52.26,-0.95,🔴 Ayı Piyasası (EMA 50 En Altta),⏳ BEKLE,-,-,🔴 Düşüş Trendinde,-,-,⚪Fiyat Alt_Orta Bant Aralığında,⚪ Yelpaze Açık,0,EMA5 Destek: 1.34 (%1.5 altta) | EMA21 Direnç: 2.25 (%65.6 üstte)
IDGYO,2.08,-1.66,30.76,56.51,-0.86,🔴 Ayı Piyasası (EMA 50 En Altta),⏳ BEKLE,-,-,🔴 Düşüş Trendinde,-,-,⚪Fiyat Alt_Orta Bant Aralığında,⚪ Yelpaze Açık,0,EMA5 Direnç: 2.12 (%1.7 üstte)
IEYHO,42.84,-21.99,8.67,0.0,-0.98,⚠️ Yükseliş Trendinde Düzeltme (SSL Negatif),🔴 SAT,-,-,🔴 Düşüş Trendinde,-,-,⚪Fiyat Alt_Orta Bant Aralığında,⚪ Yelpaze Açık,0,EMA5 Direnç: 54.91 (%28.2 üstte)
IHAAS,15.56,-8.56,9.89,0.0,-0.96,🔴 Ayı Piyasası (EMA 50 En Altta),🔴 SAT,-,-,🔴 Düşüş Trendinde,-,102.00-106.00 (%555.5 üstte),⚪Fiyat Alt_Orta Bant Aralığında,⚪ Yelpaze Açık,0,EMA5 Direnç: 17.02 (%9.4 üstte)
IHEVA,1.63,-1.0,35.34,90.56,-0.42,🔴 Ayı Piyasası (EMA 50 En Altta),🟢 AL (Trend Onaylı),-,-,🔴 Düşüş Trendinde,-,2.09-2.31 (%28.2 üstte),⚪Fiyat Alt_Orta Bant Aralığında,⚪ Yelpaze Açık,0,EMA5 Direnç: 1.65 (%1.0 üstte)
IHGZT,0.93,-2.06,29.14,42.76,-0.91,🔴 Ayı Piyasası (EMA 50 En Altta),⏳ BEKLE,-,-,🔴 Düşüş Trendinde,-,1.50-1.67 (%61.3 üstte),⚪Fiyat Alt_Orta Bant Aralığında,⚪ Yelpaze Açık,0,EMA5 Direnç: 0.95 (%2.1 üstte)
IHLAS,0.86,-2.19,34.9,52.18,-0.86,🔴 Ayı Piyasası (EMA 50 En Altta),⏳ BEKLE,-,-,🔴 Düşüş Trendinde,-,2.01-2.04 (%133.7 üstte),⚪Fiyat Alt_Orta Bant Aralığında,⚪ Yelpaze Açık,0,EMA5 Direnç: 0.88 (%2.2 üstte)
IHLGM,1.17,-1.93,27.24,51.26,-0.88,🔴 Ayı Piyasası (EMA 50 En Altta),⏳ BEKLE,-,-,🔴 Düşüş Trendinde,-,2.02-2.10 (%72.6 üstte),⚪Fiyat Alt_Orta Bant Aralığında,⚪ Yelpaze Açık,0,EMA5 Direnç: 1.19 (%2.0 üstte)
IHYAY,1.01,-1.57,35.19,68.47,-0.65,🔴 Ayı Piyasası (EMA 50 En Altta),⏳ BEKLE,-,-,🔴 Düşüş Trendinde,-,1.67-1.83 (%65.3 üstte),⚪Fiyat Alt_Orta Bant Aralığında,⚪ Yelpaze Açık,0,EMA5 Direnç: 1.03 (%1.6 üstte)
IMASM,1.54,-2.48,25.66,76.25,-0.76,🔴 Ayı Piyasası (EMA 50 En Altta),⏳ BEKLE,-,-,🔴 Düşüş Trendinde,-,4.42-4.92 (%187.0 üstte),⚪Fiyat Alt_Orta Bant Aralığında,⚪ Yelpaze Açık,0,EMA5 Direnç: 1.58 (%2.5 üstte)
INDES,11.41,16.36,54.03,87.67,0.75,🟢 EMA Yükselişte (SSL Ok Bekleniyor),🟢 AL (Trend Onaylı),-,-,🟢 Yükseliş Trendinde,8.19-8.70 (%23.7 altta),11.72-12.22 (%2.7 üstte),🟡Fiyat Orta-Üst Bant Aralığında,⚪ Yelpaze Açık,0,EMA21 Destek: 11.14 (%2.3 altta) | EMA5 Direnç: 11.46 (%0.4 üstte)
INFO,1.26,12.93,36.54,88.36,-0.64,🔴 Ayı Piyasası (EMA 50 En Altta),🟢 AL (Trend Onaylı),-,-,🔴 Düşüş Trendinde,-,3.54-3.80 (%181.0 üstte),⚪Fiyat Alt_Orta Bant Aralığında,⚪ Yelpaze Açık,0,EMA5 Destek: 1.12 (%11.5 altta) | EMA21 Direnç: 1.51 (%20.2 üstte)
INGRM,299.0,-2.34,29.57,63.55,-0.74,🩸 ASIL SİNYAL: GÜÇLÜ SAT (EMA Çöktü + SSL Onay),⏳ BEKLE,-,-,🔴 Düşüş Trendinde,-,-,⚪Fiyat Alt_Orta Bant Aralığında,⚪ Yelpaze Açık,0,EMA5 Direnç: 306.15 (%2.4 üstte)
INTEK,169.8,-3.01,33.73,86.33,-0.33,🔴 Ayı Piyasası (EMA 50 En Altta),⏳ BEKLE,🔴 ZAYIFLAMA (Zaten Dipte),-,🔴 Düşüş Trendinde,-,370.00-376.25 (%117.9 üstte),⚪Fiyat Alt_Orta Bant Aralığında,⚪ Yelpaze Açık,0,EMA5 Direnç: 175.07 (%3.1 üstte)
INTEM,194.4,-1.7,29.12,73.85,-0.82,🔴 Ayı Piyasası (EMA 50 En Altta),⏳ BEKLE,-,-,🔴 Düşüş Trendinde,-,-,⚪Fiyat Alt_Orta Bant Aralığında,⚪ Yelpaze Açık,0,EMA5 Direnç: 197.76 (%1.7 üstte)
INVEO,5.44,-2.32,29.02,58.76,-0.93,🔴 Ayı Piyasası (EMA 50 En Altta),🔴 SAT,🔴 ZAYIFLAMA (Zaten Dipte),-,🔴 Düşüş Trendinde,-,8.52-9.30 (%56.6 üstte),⚪Fiyat Alt_Orta Bant Aralığında,⚪ Yelpaze Açık,0,EMA5 Direnç: 5.57 (%2.4 üstte)
INVES,713.5,27.65,41.62,35.08,-0.72,⚠️ Yükseliş Trendinde Düzeltme (SSL Negatif),🟢 AL (Trend Onaylı),-,-,🔴 Düşüş Trendinde,229.50-239.90 (%66.4 altta),755.00-800.00 (%5.8 üstte),⚪Fiyat Alt_Orta Bant Aralığında,⚪ Yelpaze Açık,0,EMA5 Destek: 708.62 (%0.7 altta) | EMA21 Direnç: 730.53 (%2.4 üstte)
ISATR,4950000.0,0.0,100.0,0.0,,⚠️ Yükseliş Trendinde Düzeltme (SSL Negatif),⏳ BEKLE,-,🔴 ZİRVEDE,🟢 Yükseliş Trendinde,-,-,🚨Fiyat Bandın Altında!,🚨 BB SIKIŞMA,0.0,EMA21 Destek: 4950000.00 (%0.0 altta)
ISBIR,60.2,-0.25,39.87,92.45,-0.47,🔴 Ayı Piyasası (EMA 50 En Altta),🟢 AL (Trend Onaylı),-,-,🟢 Yükseliş Trendinde,-,93.52-95.50 (%55.4 üstte),⚪Fiyat Alt_Orta Bant Aralığında,⚪ Yelpaze Açık,0,EMA5 Direnç: 60.35 (%0.3 üstte)
ISBTR,436750.0,1.98,40.53,69.22,-0.54,🔴 Ayı Piyasası (EMA 50 En Altta),🔥 GÜÇLÜ AL (Taze Kırılım),-,-,🔥 AL (Taze Kırılım),-,-,⚪Fiyat Alt_Orta Bant Aralığında,⚪ Yelpaze Açık,0,EMA5 Destek: 428275.23 (%1.9 altta) | EMA21 Direnç: 446899.53 (%2.3 üstte)
ISCTR,12.97,1.1,49.68,60.49,-0.69,🔴 Ayı Piyasası (EMA 50 En Altta),🔥 GÜÇLÜ AL (Taze Kırılım),-,-,🔴 Düşüş Trendinde,-,15.18-15.50 (%17.0 üstte),⚪Fiyat Alt_Orta Bant Aralığında,🟡 Normal Genişlik,0,EMA5 Destek: 12.83 (%1.1 altta) | EMA21 Direnç: 12.97 (%0.0 üstte)
ISDMR,62.2,27.6,55.48,52.75,-0.11,⚠️ Yükseliş Trendinde Düzeltme (SSL Negatif),🔥 GÜÇLÜ AL (Taze Kırılım),-,-,🟢 Yükseliş Trendinde,53.25-55.20 (%11.3 altta),-,🟡Fiyat Orta-Üst Bant Aralığında,🚨 BB SIKIŞMA,0,EMA5 Destek: 62.18 (%0.0 altta)
ISFIN,16.74,-2.36,20.91,4.49,-0.96,🔴 Ayı Piyasası (EMA 50 En Altta),🔴 SAT,-,🟢 POTANSİYEL DİP,🔴 Düşüş Trendinde,16.35-16.80 (fiyat bandın içinde!),19.98-20.80 (%19.4 üstte),⚪Fiyat Alt_Orta Bant Aralığında,⚪ Yelpaze Açık,0,EMA5 Direnç: 17.15 (%2.4 üstte)
ISGSY,12.16,-3.38,24.69,37.2,-0.91,🩸 ASIL SİNYAL: GÜÇLÜ SAT (EMA Çöktü + SSL Onay),🔴 SAT,🔴 ZAYIFLAMA (Zaten Dipte),-,🔴 Düşüş Trendinde,-,-,⚪Fiyat Alt_Orta Bant Aralığında,⚪ Yelpaze Açık,0,EMA5 Direnç: 12.58 (%3.5 üstte)
ISGYO,23.5,2.34,43.33,37.99,-0.45,🟢 EMA Yükselişte (SSL Ok Bekleniyor),🔴 SAT,-,-,🔴 Düşüş Trendinde,-,25.90-28.54 (%10.2 üstte),⚪Fiyat Alt_Orta Bant Aralığında,🟡 Normal Genişlik,0,EMA200 Destek: 22.96 (%2.3 altta) | EMA5 Direnç: 23.53 (%0.1 üstte)
ISKPL,4.01,6.61,37.46,100.0,-0.27,🔴 Ayı Piyasası (EMA 50 En Altta),🟢 AL (Trend Onaylı),-,-,🔴 Düşüş Trendinde,-,-,⚪Fiyat Alt_Orta Bant Aralığında,⚪ Yelpaze Açık,0,EMA5 Destek: 3.76 (%6.2 altta) | EMA21 Direnç: 4.53 (%13.0 üstte)
ISKUR,4125000.0,999,,,,-,-,-,-,-,-,-,-,-,-,-
ISMEN,29.44,-2.36,34.69,33.25,-0.93,🔴 Ayı Piyasası (EMA 50 En Altta),🔴 SAT,🔴 ZAYIFLAMA (Zaten Dipte),-,🔴 Düşüş Trendinde,-,43.32-45.84 (%47.1 üstte),⚪Fiyat Alt_Orta Bant Aralığında,⚪ Yelpaze Açık,0,EMA5 Direnç: 30.15 (%2.4 üstte)
ISSEN,5.54,-0.21,33.92,97.52,-0.58,🔴 Ayı Piyasası (EMA 50 En Altta),🟢 AL (Trend Onaylı),-,-,🔴 Düşüş Trendinde,-,7.70-8.14 (%39.0 üstte),⚪Fiyat Alt_Orta Bant Aralığında,⚪ Yelpaze Açık,0,EMA5 Direnç: 5.55 (%0.2 üstte)
ISVEA,26.98,999,27.78,12.14,-0.95,-,⏳ BEKLE,-,-,🔴 Düşüş Trendinde,-,-,⚪Fiyat Alt_Orta Bant Aralığında,-,0,EMA5 Direnç: 27.15 (%0.6 üstte)
ISYAT,6.59,-1.49,32.61,34.42,-0.76,🔴 Ayı Piyasası (EMA 50 En Altta),🔴 SAT,-,-,🔴 Düşüş Trendinde,-,8.43-9.04 (%27.9 üstte),⚪Fiyat Alt_Orta Bant Aralığında,⚪ Yelpaze Açık,0,EMA5 Direnç: 6.69 (%1.5 üstte)
IZENR,4.15,4.11,31.52,99.35,-0.55,🔴 Ayı Piyasası (EMA 50 En Altta),🟢 AL (Trend Onaylı),-,-,🔴 Düşüş Trendinde,-,9.39-11.03 (%126.3 üstte),⚪Fiyat Alt_Orta Bant Aralığında,⚪ Yelpaze Açık,0,EMA5 Destek: 3.99 (%3.9 altta) | EMA21 Direnç: 4.82 (%16.1 üstte)
IZFAS,11.58,-9.96,19.24,5.8,-0.98,🔴 Ayı Piyasası (EMA 50 En Altta),🔴 SAT,🚀 KUSURSUZ DÖNÜŞ (0 Altı + Hacim),-,🔴 Düşüş Trendinde,-,65.15-71.65 (%462.6 üstte),⚪Fiyat Alt_Orta Bant Aralığında,⚪ Yelpaze Açık,0,EMA5 Direnç: 12.86 (%11.1 üstte)
IZINV,29.56,-4.01,19.74,82.22,-0.86,🔴 Ayı Piyasası (EMA 50 En Altta),⏳ BEKLE,-,-,🔴 Düşüş Trendinde,-,67.75-74.00 (%129.2 üstte),⚪Fiyat Alt_Orta Bant Aralığında,⚪ Yelpaze Açık,0,EMA5 Direnç: 30.80 (%4.2 üstte)
IZMDC,6.67,-0.89,30.6,81.11,-0.76,"📉 Düşüş Hazırlığı (50<100 Kesti, 150 Bekleniyor)",⏳ BEKLE,-,-,🔴 Düşüş Trendinde,-,-,⚪Fiyat Alt_Orta Bant Aralığında,⚪ Yelpaze Açık,0,EMA5 Direnç: 6.73 (%0.9 üstte)
JANTS,13.2,-1.82,33.24,27.88,-0.89,🔴 Ayı Piyasası (EMA 50 En Altta),🔴 SAT,🔴 ZAYIFLAMA (Zaten Dipte),-,🔴 Düşüş Trendinde,-,17.80-19.90 (%34.8 üstte),⚪Fiyat Alt_Orta Bant Aralığında,⚪ Yelpaze Açık,0,EMA5 Direnç: 13.44 (%1.9 üstte)
KAPLM,135.7,-2.29,19.7,86.84,-0.88,🔴 Ayı Piyasası (EMA 50 En Altta),⏳ BEKLE,-,-,🔴 Düşüş Trendinde,-,612.00-663.00 (%351.0 üstte),⚪Fiyat Alt_Orta Bant Aralığında,⚪ Yelpaze Açık,0,EMA5 Direnç: 138.88 (%2.3 üstte)
KAREL,6.03,-1.38,32.72,90.75,-0.13,🔴 Ayı Piyasası (EMA 50 En Altta),🟢 AL (Trend Onaylı),-,-,🔴 Düşüş Trendinde,-,12.91-13.88 (%114.1 üstte),⚪Fiyat Alt_Orta Bant Aralığında,⚪ Yelpaze Açık,0,EMA5 Direnç: 6.11 (%1.4 üstte)
KARSN,9.01,-1.04,38.39,30.86,-0.62,🔴 Ayı Piyasası (EMA 50 En Altta),⏳ BEKLE,🔴 ZAYIFLAMA (Zaten Dipte),-,🔴 Düşüş Trendinde,-,-,⚪Fiyat Alt_Orta Bant Aralığında,⚪ Yelpaze Açık,0,EMA5 Direnç: 9.10 (%1.0 üstte)
KARTN,90.2,1.21,30.77,75.07,-0.85,"📉 Düşüş Hazırlığı (50<100 Kesti, 150 Bekleniyor)",⏳ BEKLE,-,-,🔴 Düşüş Trendinde,61.85-63.80 (%29.3 altta),-,⚪Fiyat Alt_Orta Bant Aralığında,⚪ Yelpaze Açık,0,EMA5 Destek: 89.12 (%1.2 altta) | EMA21 Direnç: 111.28 (%23.4 üstte)
KATMR,1.49,-2.25,29.37,79.94,-0.6,🔴 Ayı Piyasası (EMA 50 En Altta),⏳ BEKLE,-,-,🔴 Düşüş Trendinde,-,2.84-2.95 (%90.6 üstte),⚪Fiyat Alt_Orta Bant Aralığında,⚪ Yelpaze Açık,0,EMA5 Direnç: 1.52 (%2.3 üstte)
KAYSE,3.03,-2.04,27.04,78.23,-0.89,🔴 Ayı Piyasası (EMA 50 En Altta),⏳ BEKLE,-,-,🔴 Düşüş Trendinde,-,5.15-5.36 (%70.0 üstte),⚪Fiyat Alt_Orta Bant Aralığında,⚪ Yelpaze Açık,0,EMA5 Direnç: 3.09 (%2.1 üstte)
KBORU,11.46,-3.36,31.31,89.71,-0.44,🔴 Ayı Piyasası (EMA 50 En Altta),⏳ BEKLE,🔴 ZAYIFLAMA (Zaten Dipte),-,🔴 Düşüş Trendinde,-,26.30-27.10 (%129.5 üstte),⚪Fiyat Alt_Orta Bant Aralığında,⚪ Yelpaze Açık,0,EMA5 Direnç: 11.86 (%3.5 üstte)
KCAER,10.44,-0.88,25.31,68.96,-0.87,🔴 Ayı Piyasası (EMA 50 En Altta),🔴 SAT,🚀 KUSURSUZ DÖNÜŞ (0 Altı + Hacim),-,🔴 Düşüş Trendinde,9.88-10.41 (%0.3 altta),-,⚪Fiyat Alt_Orta Bant Aralığında,⚪ Yelpaze Açık,0,EMA5 Direnç: 10.53 (%0.9 üstte)
KCHOL,209.6,6.85,45.18,47.28,-0.72,⚠️ Yükseliş Trendinde Düzeltme (SSL Negatif),⏳ BEKLE,-,-,🔴 Düşüş Trendinde,190.50-196.10 (%6.4 altta),-,⚪Fiyat Alt_Orta Bant Aralığında,⚪ Yelpaze Açık,0,EMA100 Destek: 205.73 (%1.8 altta) | EMA55 Direnç: 210.95 (%0.6 üstte)
KENT,280.0,-2.09,33.59,80.56,-0.56,🩸 ASIL SİNYAL: GÜÇLÜ SAT (EMA Çöktü + SSL Onay),⏳ BEKLE,-,-,🔴 Düşüş Trendinde,-,-,⚪Fiyat Alt_Orta Bant Aralığında,⚪ Yelpaze Açık,0,EMA5 Direnç: 285.99 (%2.1 üstte)
KERVN,7.32,25.13,42.45,83.49,0.26,⚪ Karışık / Testere Piyasası,⏳ BEKLE,-,-,🔴 Düşüş Trendinde,-,-,⚪Fiyat Alt_Orta Bant Aralığında,⚪ Yelpaze Açık,0,EMA200 Destek: 5.85 (%20.1 altta) | EMA100 Direnç: 7.59 (%3.7 üstte)
KFEIN,6.1,-1.11,34.06,92.0,-0.45,🔴 Ayı Piyasası (EMA 50 En Altta),🟢 AL (Trend Onaylı),-,-,🔴 Düşüş Trendinde,-,7.90-8.42 (%29.5 üstte),⚪Fiyat Alt_Orta Bant Aralığında,⚪ Yelpaze Açık,0,EMA5 Direnç: 6.17 (%1.1 üstte)
KGYO,8.15,-6.76,33.76,41.95,-0.51,"📉 Düşüş Hazırlığı (50<100 Kesti, 150 Bekleniyor)",🔴 SAT,-,-,🔴 Düşüş Trendinde,-,-,⚪Fiyat Alt_Orta Bant Aralığında,⚪ Yelpaze Açık,0,EMA5 Direnç: 8.74 (%7.2 üstte)
KIMMR,10.59,-2.02,27.96,72.15,-0.73,🩸 ASIL SİNYAL: GÜÇLÜ SAT (EMA Çöktü + SSL Onay),🔴 SAT,-,-,🔴 Düşüş Trendinde,-,16.71-17.02 (%57.8 üstte),⚪Fiyat Alt_Orta Bant Aralığında,⚪ Yelpaze Açık,0,EMA5 Direnç: 10.81 (%2.1 üstte)
KLGYO,4.28,2.31,51.52,99.6,0.39,🔴 Ayı Piyasası (EMA 50 En Altta),🟢 AL (Trend Onaylı),-,-,🔴 Düşüş Trendinde,-,5.00-5.54 (%16.8 üstte),🟡Fiyat Orta-Üst Bant Aralığında,⚪ Yelpaze Açık,0,EMA21 Destek: 4.18 (%2.2 altta) | EMA55 Direnç: 4.43 (%3.6 üstte)
KLKIM,22.0,-1.82,30.01,81.75,-0.71,🩸 ASIL SİNYAL: GÜÇLÜ SAT (EMA Çöktü + SSL Onay),🔴 SAT,-,-,🔴 Düşüş Trendinde,-,36.59-37.91 (%66.3 üstte),⚪Fiyat Alt_Orta Bant Aralığında,⚪ Yelpaze Açık,0,EMA5 Direnç: 22.41 (%1.8 üstte)
KLMSN,21.96,0.05,31.49,96.36,-0.7,🔴 Ayı Piyasası (EMA 50 En Altta),🟢 AL (Trend Onaylı),-,-,🔴 Düşüş Trendinde,-,34.64-36.08 (%57.7 üstte),⚪Fiyat Alt_Orta Bant Aralığında,⚪ Yelpaze Açık,0,EMA5 Destek: 21.95 (%0.1 altta) | EMA21 Direnç: 23.53 (%7.1 üstte)
KLNMA,7.4,-1.81,27.33,44.87,-0.94,🔴 Ayı Piyasası (EMA 50 En Altta),⏳ BEKLE,-,-,🔴 Düşüş Trendinde,-,-,⚪Fiyat Alt_Orta Bant Aralığında,⚪ Yelpaze Açık,0,EMA5 Direnç: 7.54 (%1.8 üstte)
KLRHO,14.98,12.22,29.84,92.74,-0.74,🔴 Ayı Piyasası (EMA 50 En Altta),🟢 AL (Trend Onaylı),-,-,🔴 Düşüş Trendinde,-,56.00-60.61 (%273.8 üstte),⚪Fiyat Alt_Orta Bant Aralığında,⚪ Yelpaze Açık,0,EMA5 Destek: 13.35 (%10.9 altta) | EMA21 Direnç: 19.28 (%28.7 üstte)
KLSER,18.35,-2.76,26.79,76.55,-0.83,🩸 ASIL SİNYAL: GÜÇLÜ SAT (EMA Çöktü + SSL Onay),🔴 SAT,🔴 ZAYIFLAMA (Zaten Dipte),-,🔴 Düşüş Trendinde,-,28.30-30.72 (%54.2 üstte),⚪Fiyat Alt_Orta Bant Aralığında,⚪ Yelpaze Açık,0,EMA5 Direnç: 18.87 (%2.8 üstte)
KLSYN,14.33,24.5,46.01,83.94,0.75,⚠️ Yükseliş Trendinde Düzeltme (SSL Negatif),⏳ BEKLE,🩸 SAT (Zirveden Dönüş),-,🔴 Düşüş Trendinde,5.10-5.45 (%62.0 altta),16.02-17.48 (%11.8 üstte),⚪Fiyat Alt_Orta Bant Aralığında,🟡 Normal Genişlik,0,EMA100 Destek: 13.80 (%3.7 altta) | EMA5 Direnç: 14.44 (%0.8 üstte)
KLYPV,53.0,-1.22,37.89,82.25,-0.6,🩸 ASIL SİNYAL: GÜÇLÜ SAT (EMA Çöktü + SSL Onay),⏳ BEKLE,-,-,🔴 Düşüş Trendinde,-,-,⚪Fiyat Alt_Orta Bant Aralığında,⚪ Yelpaze Açık,0,EMA5 Direnç: 53.66 (%1.2 üstte)
KMPUR,13.93,-2.39,29.62,72.71,-0.72,🔴 Ayı Piyasası (EMA 50 En Altta),⏳ BEKLE,-,-,🔴 Düşüş Trendinde,-,18.54-19.24 (%33.1 üstte),⚪Fiyat Alt_Orta Bant Aralığında,⚪ Yelpaze Açık,0,EMA5 Direnç: 14.27 (%2.5 üstte)
KNFRT,10.44,-5.71,43.22,63.74,0.29,🩸 ASIL SİNYAL: GÜÇLÜ SAT (EMA Çöktü + SSL Onay),⏳ BEKLE,🩸 SAT (Zirveden Dönüş),-,🔴 Düşüş Trendinde,-,-,⚪Fiyat Alt_Orta Bant Aralığında,⚪ Yelpaze Açık,0,EMA5 Direnç: 11.07 (%6.1 üstte)
KOCMT,2.69,-1.84,38.45,93.26,-0.22,"📉 Düşüş Hazırlığı (50<100 Kesti, 150 Bekleniyor)",🟢 AL (Trend Onaylı),-,-,🔴 Düşüş Trendinde,2.41-2.46 (%8.6 altta),-,⚪Fiyat Alt_Orta Bant Aralığında,⚪ Yelpaze Açık,0,EMA5 Direnç: 2.74 (%1.9 üstte)
KONKA,8.31,-0.23,44.58,88.57,0.48,🔴 Ayı Piyasası (EMA 50 En Altta),🟢 AL (Trend Onaylı),-,-,🟢 Yükseliş Trendinde,-,17.47-18.33 (%110.2 üstte),🟡Fiyat Orta-Üst Bant Aralığında,⚪ Yelpaze Açık,0,EMA5 Direnç: 8.33 (%0.2 üstte)
KONTR,2.07,-4.38,30.32,77.33,-0.73,🔴 Ayı Piyasası (EMA 50 En Altta),⏳ BEKLE,-,-,🔴 Düşüş Trendinde,-,13.17-14.43 (%536.2 üstte),⚪Fiyat Alt_Orta Bant Aralığında,⚪ Yelpaze Açık,0,EMA5 Direnç: 2.16 (%4.6 üstte)
KONYA,3465.0,-1.77,38.25,16.13,-0.72,🔴 Ayı Piyasası (EMA 50 En Altta),🔴 SAT,-,-,🔴 Düşüş Trendinde,-,4667.50-4865.00 (%34.7 üstte),⚪Fiyat Alt_Orta Bant Aralığında,⚪ Yelpaze Açık,0,EMA5 Direnç: 3527.41 (%1.8 üstte)
KOPOL,3.15,-1.39,23.45,85.94,-0.85,🔴 Ayı Piyasası (EMA 50 En Altta),⏳ BEKLE,-,-,🔴 Düşüş Trendinde,-,6.22-6.87 (%97.5 üstte),⚪Fiyat Alt_Orta Bant Aralığında,⚪ Yelpaze Açık,0,EMA5 Direnç: 3.19 (%1.4 üstte)
KORDS,2.94,-1.1,35.47,88.0,-0.46,🔴 Ayı Piyasası (EMA 50 En Altta),🟢 AL (Trend Onaylı),-,-,🔴 Düşüş Trendinde,-,-,⚪Fiyat Alt_Orta Bant Aralığında,⚪ Yelpaze Açık,0,EMA5 Direnç: 2.97 (%1.1 üstte)
KOTON,9.81,-1.77,23.29,78.87,-0.9,🔴 Ayı Piyasası (EMA 50 En Altta),🔴 SAT,-,-,🔴 Düşüş Trendinde,-,14.71-16.69 (%49.9 üstte),⚪Fiyat Alt_Orta Bant Aralığında,⚪ Yelpaze Açık,0,EMA5 Direnç: 9.99 (%1.8 üstte)
KRDMA,39.3,2.99,36.37,68.98,-0.76,⚠️ Yükseliş Trendinde Düzeltme (SSL Negatif),⏳ BEKLE,-,-,🔴 Düşüş Trendinde,27.08-28.38 (%27.8 altta),-,⚪Fiyat Alt_Orta Bant Aralığında,⚪ Yelpaze Açık,0,EMA200 Destek: 38.16 (%2.9 altta) | EMA5 Direnç: 40.39 (%2.8 üstte)
KRDMB,74.25,3.66,41.03,98.7,-0.4,"📉 Düşüş Hazırlığı (50<100 Kesti, 150 Bekleniyor)",🟢 AL (Trend Onaylı),-,-,🔴 Düşüş Trendinde,22.54-22.84 (%69.2 altta),131.70-145.50 (%77.4 üstte),⚪Fiyat Alt_Orta Bant Aralığında,⚪ Yelpaze Açık,0,EMA5 Destek: 71.63 (%3.5 altta) | EMA200 Direnç: 78.67 (%6.0 üstte)
KRDMD,42.92,15.28,43.88,33.08,-0.5,⚠️ Yükseliş Trendinde Düzeltme (SSL Negatif),🔴 SAT,-,-,🔴 Düşüş Trendinde,-,45.52-48.44 (%6.1 üstte),⚪Fiyat Alt_Orta Bant Aralığında,🟠 Daralıyor,0,EMA100 Destek: 41.91 (%2.4 altta) | EMA55 Direnç: 43.76 (%2.0 üstte)
KRGYO,3.32,12.56,53.74,73.44,0.34,⚠️ Yükseliş Trendinde Düzeltme (SSL Negatif),🟢 AL (Trend Onaylı),-,-,🔴 Düşüş Trendinde,2.48-2.51 (%24.4 altta),-,🟡Fiyat Orta-Üst Bant Aralığında,⚪ Yelpaze Açık,0,EMA5 Destek: 3.28 (%1.2 altta)
KRONT,19.86,0.44,44.85,83.04,0.42,"📉 Düşüş Hazırlığı (50<100 Kesti, 150 Bekleniyor)",🟢 AL (Trend Onaylı),-,-,🔴 Düşüş Trendinde,16.17-18.02 (%9.3 altta),27.20-28.46 (%37.0 üstte),⚪Fiyat Alt_Orta Bant Aralığında,🟡 Normal Genişlik,0,EMA200 Destek: 19.77 (%0.4 altta) | EMA5 Direnç: 20.04 (%0.9 üstte)
KRPLS,11.07,14.83,45.46,21.1,-0.13,⚠️ Yükseliş Trendinde Düzeltme (SSL Negatif),🔴 SAT,🔴 ZAYIFLAMA (Zaten Dipte),-,🔴 Düşüş Trendinde,8.25-8.42 (%23.9 altta),-,⚪Fiyat Alt_Orta Bant Aralığında,⚪ Yelpaze Açık,0,EMA55 Destek: 11.00 (%0.6 altta) | EMA5 Direnç: 11.55 (%4.3 üstte)
KRSTL,7.49,-2.34,31.4,65.73,-0.64,🔴 Ayı Piyasası (EMA 50 En Altta),🔴 SAT,🔴 ZAYIFLAMA (Zaten Dipte),-,🔴 Düşüş Trendinde,-,10.99-11.43 (%46.7 üstte),⚪Fiyat Alt_Orta Bant Aralığında,⚪ Yelpaze Açık,0,EMA5 Direnç: 7.67 (%2.4 üstte)
KRTEK,6.05,0.23,47.57,78.88,0.43,🔴 Ayı Piyasası (EMA 50 En Altta),⏳ BEKLE,-,-,🟢 Yükseliş Trendinde,-,25.10-25.96 (%314.9 üstte),🟡Fiyat Orta-Üst Bant Aralığında,⚪ Yelpaze Açık,0,EMA21 Destek: 6.04 (%0.2 altta) | EMA5 Direnç: 6.10 (%0.8 üstte)
KRVGD,2.08,-1.96,38.95,87.97,0.38,🔴 Ayı Piyasası (EMA 50 En Altta),🔴 SAT,🔴 ZAYIFLAMA (Zaten Dipte),-,🔴 Düşüş Trendinde,-,-,⚪Fiyat Alt_Orta Bant Aralığında,⚪ Yelpaze Açık,0,EMA5 Direnç: 2.12 (%2.0 üstte)
KSTUR,1890.0,-2.65,39.24,80.74,-0.54,🔴 Ayı Piyasası (EMA 50 En Altta),🟢 AL (Trend Onaylı),-,-,🟢 Yükseliş Trendinde,-,3493.97-3710.47 (%84.9 üstte),⚪Fiyat Alt_Orta Bant Aralığında,⚪ Yelpaze Açık,0,EMA5 Direnç: 1941.47 (%2.7 üstte)
KTLEV,6.62,-19.37,17.62,0.0,-0.97,🔴 Ayı Piyasası (EMA 50 En Altta),🔴 SAT,-,-,🔴 Düşüş Trendinde,-,-,⚪Fiyat Alt_Orta Bant Aralığında,⚪ Yelpaze Açık,0,EMA5 Direnç: 8.21 (%24.0 üstte)
KTSKR,63.4,0.21,37.66,95.04,0.2,🔴 Ayı Piyasası (EMA 50 En Altta),🟢 AL (Trend Onaylı),-,-,🔴 Düşüş Trendinde,-,-,⚪Fiyat Alt_Orta Bant Aralığında,⚪ Yelpaze Açık,0,EMA5 Destek: 63.27 (%0.2 altta) | EMA21 Direnç: 66.35 (%4.7 üstte)
KUTPO,64.9,-2.11,29.49,76.59,-0.81,🔴 Ayı Piyasası (EMA 50 En Altta),⏳ BEKLE,-,-,🔴 Düşüş Trendinde,-,101.80-105.90 (%56.9 üstte),⚪Fiyat Alt_Orta Bant Aralığında,⚪ Yelpaze Açık,0,EMA5 Direnç: 66.30 (%2.2 üstte)
KUVVA,83.0,2.42,27.25,37.31,-0.93,🔴 Ayı Piyasası (EMA 50 En Altta),⏳ BEKLE,-,-,🔴 Düşüş Trendinde,-,-,⚪Fiyat Alt_Orta Bant Aralığında,⚪ Yelpaze Açık,0,EMA5 Destek: 81.04 (%2.4 altta) | EMA21 Direnç: 113.48 (%36.7 üstte)
KUYAS,15.86,-21.09,12.98,0.0,-0.99,🔴 Ayı Piyasası (EMA 50 En Altta),🔴 SAT,-,-,🔴 Düşüş Trendinde,-,87.05-92.45 (%448.9 üstte),⚪Fiyat Alt_Orta Bant Aralığında,⚪ Yelpaze Açık,0,EMA5 Direnç: 20.10 (%26.7 üstte)
KZBGY,1.37,-2.28,26.86,87.9,-0.53,🔴 Ayı Piyasası (EMA 50 En Altta),⏳ BEKLE,-,-,🔴 Düşüş Trendinde,-,4.73-4.90 (%245.5 üstte),⚪Fiyat Alt_Orta Bant Aralığında,⚪ Yelpaze Açık,0,EMA5 Direnç: 1.40 (%2.3 üstte)
KZGYO,16.85,4.1,42.88,75.22,-0.39,🔴 Ayı Piyasası (EMA 50 En Altta),🟢 AL (Trend Onaylı),-,-,🔴 Düşüş Trendinde,-,29.48-31.66 (%75.0 üstte),⚪Fiyat Alt_Orta Bant Aralığında,⚪ Yelpaze Açık,0,EMA5 Destek: 16.19 (%3.9 altta) | EMA21 Direnç: 17.99 (%6.8 üstte)
LIDER,8.39,1.7,17.93,80.75,-0.85,🔴 Ayı Piyasası (EMA 50 En Altta),🔥 GÜÇLÜ AL (Taze Kırılım),-,-,🔴 Düşüş Trendinde,-,121.47-125.76 (%1347.7 üstte),⚪Fiyat Alt_Orta Bant Aralığında,⚪ Yelpaze Açık,0,EMA5 Destek: 8.25 (%1.7 altta) | EMA21 Direnç: 14.59 (%73.9 üstte)
LIDFA,1.53,-0.85,40.76,79.65,-0.71,🔴 Ayı Piyasası (EMA 50 En Altta),⏳ BEKLE,-,-,🔴 Düşüş Trendinde,-,2.26-2.38 (%48.0 üstte),⚪Fiyat Alt_Orta Bant Aralığında,🟡 Normal Genişlik,0,EMA5 Direnç: 1.54 (%0.9 üstte)
LILAK,23.12,-2.13,26.77,61.77,-0.91,🔴 Ayı Piyasası (EMA 50 En Altta),⏳ BEKLE,-,-,🔴 Düşüş Trendinde,-,35.31-37.11 (%52.7 üstte),⚪Fiyat Alt_Orta Bant Aralığında,⚪ Yelpaze Açık,0,EMA5 Direnç: 23.62 (%2.2 üstte)
LINK,3.61,-2.06,29.5,79.18,-0.74,🔴 Ayı Piyasası (EMA 50 En Altta),⏳ BEKLE,-,-,🔴 Düşüş Trendinde,-,7.16-7.79 (%98.3 üstte),⚪Fiyat Alt_Orta Bant Aralığında,⚪ Yelpaze Açık,0,EMA5 Direnç: 3.69 (%2.1 üstte)
LKMNH,10.79,-3.35,32.01,13.57,-0.87,🩸 ASIL SİNYAL: GÜÇLÜ SAT (EMA Çöktü + SSL Onay),🔴 SAT,🔴 ZAYIFLAMA (Zaten Dipte),-,🔴 Düşüş Trendinde,-,14.93-15.67 (%38.4 üstte),⚪Fiyat Alt_Orta Bant Aralığında,⚪ Yelpaze Açık,0,EMA5 Direnç: 11.16 (%3.5 üstte)
LMKDC,23.72,1.77,52.74,73.22,0.78,🔴 Ayı Piyasası (EMA 50 En Altta),⏳ BEKLE,-,-,🟢 Yükseliş Trendinde,-,34.20-36.92 (%44.2 üstte),🟡Fiyat Orta-Üst Bant Aralığında,⚪ Yelpaze Açık,0,EMA21 Destek: 23.31 (%1.7 altta) | EMA5 Direnç: 23.86 (%0.6 üstte)
LOGO,149.0,6.63,59.19,89.41,0.51,"⚡ Yükseliş Hazırlığı (50>100 Kesti, 150 Bekleniyor)",🟢 AL (Trend Onaylı),-,-,🟢 Yükseliş Trendinde,-,-,🟡Fiyat Orta-Üst Bant Aralığında,⚪ Yelpaze Açık,0,EMA5 Destek: 147.38 (%1.1 altta)
LRSHO,1.75,-4.23,20.47,66.33,-0.91,🩸 ASIL SİNYAL: GÜÇLÜ SAT (EMA Çöktü + SSL Onay),🔴 SAT,🔴 ZAYIFLAMA (Zaten Dipte),-,🔴 Düşüş Trendinde,-,3.89-4.14 (%122.3 üstte),⚪Fiyat Alt_Orta Bant Aralığında,⚪ Yelpaze Açık,0,EMA5 Direnç: 1.83 (%4.4 üstte)
LUKSK,62.6,-2.19,30.25,84.35,-0.74,🔴 Ayı Piyasası (EMA 50 En Altta),⏳ BEKLE,-,-,🔴 Düşüş Trendinde,-,105.90-117.40 (%69.2 üstte),⚪Fiyat Alt_Orta Bant Aralığında,⚪ Yelpaze Açık,0,EMA5 Direnç: 64.00 (%2.2 üstte)
LXGYO,6.8,999,33.84,82.33,0.52,-,🔴 SAT,🩸 SAT (Zirveden Dönüş),-,🔴 Düşüş Trendinde,-,17.07-18.80 (%151.0 üstte),⚪Fiyat Alt_Orta Bant Aralığında,⚪ Yelpaze Açık,0,EMA5 Direnç: 7.19 (%5.7 üstte)
LYDHO,51.9,9.91,25.0,85.16,-0.84,🔴 Ayı Piyasası (EMA 50 En Altta),🔥 GÜÇLÜ AL (Taze Kırılım),-,-,🔴 Düşüş Trendinde,-,201.20-206.50 (%287.7 üstte),⚪Fiyat Alt_Orta Bant Aralığında,⚪ Yelpaze Açık,0,EMA5 Destek: 47.22 (%9.0 altta) | EMA21 Direnç: 75.70 (%45.9 üstte)
LYDYE,5700.0,11.67,32.46,74.23,-0.78,🔴 Ayı Piyasası (EMA 50 En Altta),🔥 GÜÇLÜ AL (Taze Kırılım),-,-,🔴 Düşüş Trendinde,-,15842.50-16870.00 (%177.9 üstte),⚪Fiyat Alt_Orta Bant Aralığında,⚪ Yelpaze Açık,0,EMA5 Destek: 5104.13 (%10.5 altta) | EMA21 Direnç: 7148.16 (%25.4 üstte)
MAALT,815.5,-2.95,29.56,45.66,-0.82,🔴 Ayı Piyasası (EMA 50 En Altta),⏳ BEKLE,-,-,🔴 Düşüş Trendinde,-,-,⚪Fiyat Alt_Orta Bant Aralığında,⚪ Yelpaze Açık,0,EMA5 Direnç: 840.29 (%3.0 üstte)
MACKO,22.6,-5.37,21.9,21.78,-0.97,🩸 ASIL SİNYAL: GÜÇLÜ SAT (EMA Çöktü + SSL Onay),🔴 SAT,-,-,🔴 Düşüş Trendinde,-,38.80-39.86 (%71.7 üstte),⚪Fiyat Alt_Orta Bant Aralığında,⚪ Yelpaze Açık,0,EMA5 Direnç: 23.88 (%5.7 üstte)
MAGEN,7.27,-19.76,9.87,0.0,-0.98,🔴 Ayı Piyasası (EMA 50 En Altta),🔴 SAT,-,-,🔴 Düşüş Trendinde,-,66.00-68.30 (%807.8 üstte),⚪Fiyat Alt_Orta Bant Aralığında,⚪ Yelpaze Açık,0,EMA5 Direnç: 9.06 (%24.6 üstte)
MAKIM,13.56,1.11,47.94,93.19,0.44,🔴 Ayı Piyasası (EMA 50 En Altta),🟢 AL (Trend Onaylı),-,-,🔴 Düşüş Trendinde,-,18.46-20.64 (%36.1 üstte),🟡Fiyat Orta-Üst Bant Aralığında,⚪ Yelpaze Açık,0,EMA5 Destek: 13.41 (%1.1 altta) | EMA21 Direnç: 13.58 (%0.1 üstte)
MAKTK,6.52,-1.7,25.86,90.95,-0.8,🔴 Ayı Piyasası (EMA 50 En Altta),⏳ BEKLE,-,-,🔴 Düşüş Trendinde,-,16.82-18.29 (%158.0 üstte),⚪Fiyat Alt_Orta Bant Aralığında,⚪ Yelpaze Açık,0,EMA5 Direnç: 6.63 (%1.7 üstte)
MANAS,6.24,-21.95,10.04,0.0,-0.98,🔴 Ayı Piyasası (EMA 50 En Altta),🔴 SAT,-,-,🔴 Düşüş Trendinde,-,-,⚪Fiyat Alt_Orta Bant Aralığında,⚪ Yelpaze Açık,0,EMA5 Direnç: 7.99 (%28.1 üstte)
MARBL,8.68,-2.53,22.81,72.19,-0.86,🔴 Ayı Piyasası (EMA 50 En Altta),⏳ BEKLE,-,-,🔴 Düşüş Trendinde,-,-,⚪Fiyat Alt_Orta Bant Aralığında,⚪ Yelpaze Açık,0,EMA5 Direnç: 8.91 (%2.6 üstte)
MARKA,55.55,999,41.49,67.27,-0.73,-,⏳ BEKLE,-,-,🔴 Düşüş Trendinde,-,-,⚪Fiyat Alt_Orta Bant Aralığında,-,0,EMA5 Destek: 51.99 (%6.4 altta) | EMA21 Direnç: 60.75 (%9.4 üstte)
MARMR,1.43,-2.55,25.9,77.82,-0.85,🔴 Ayı Piyasası (EMA 50 En Altta),🔴 SAT,🔴 ZAYIFLAMA (Zaten Dipte),-,🔴 Düşüş Trendinde,-,3.78-4.00 (%164.3 üstte),⚪Fiyat Alt_Orta Bant Aralığında,⚪ Yelpaze Açık,0,EMA5 Direnç: 1.47 (%2.6 üstte)
MARTI,1.54,13.02,47.3,47.69,-0.67,🔴 Ayı Piyasası (EMA 50 En Altta),🟢 AL (Trend Onaylı),-,-,🔴 Düşüş Trendinde,-,2.94-3.07 (%90.9 üstte),⚪Fiyat Alt_Orta Bant Aralığında,⚪ Yelpaze Açık,0,EMA5 Destek: 1.36 (%11.5 altta) | EMA21 Direnç: 1.59 (%3.0 üstte)
MAVI,37.1,-0.69,48.33,65.21,0.09,🔴 Ayı Piyasası (EMA 50 En Altta),🔴 SAT,-,-,🟢 Yükseliş Trendinde,-,43.98-45.10 (%18.5 üstte),⚪Fiyat Alt_Orta Bant Aralığında,⚪ Yelpaze Açık,0,EMA5 Direnç: 37.36 (%0.7 üstte)
MCARD,102.1,999,40.2,95.75,-0.25,-,🟢 AL (Trend Onaylı),-,-,🔴 Düşüş Trendinde,-,166.50-186.80 (%63.1 üstte),⚪Fiyat Alt_Orta Bant Aralığında,⚪ Yelpaze Açık,0,EMA5 Destek: 96.84 (%5.1 altta) | EMA21 Direnç: 110.85 (%8.6 üstte)
MEDTR,18.77,-0.28,30.42,96.25,-0.68,🔴 Ayı Piyasası (EMA 50 En Altta),🟢 AL (Trend Onaylı),-,-,🔴 Düşüş Trendinde,-,30.27-31.06 (%61.3 üstte),⚪Fiyat Alt_Orta Bant Aralığında,⚪ Yelpaze Açık,0,EMA5 Direnç: 18.82 (%0.3 üstte)
MEGAP,1.2,-2.67,24.9,75.37,-0.85,🔴 Ayı Piyasası (EMA 50 En Altta),⏳ BEKLE,-,-,🔴 Düşüş Trendinde,-,4.50-5.00 (%275.0 üstte),⚪Fiyat Alt_Orta Bant Aralığında,⚪ Yelpaze Açık,0,EMA5 Direnç: 1.23 (%2.7 üstte)
MEGMT,3.8,-0.52,39.94,94.71,0.67,🔴 Ayı Piyasası (EMA 50 En Altta),🟢 AL (Trend Onaylı),-,-,🔴 Düşüş Trendinde,-,9.06-9.90 (%138.5 üstte),⚪Fiyat Alt_Orta Bant Aralığında,⚪ Yelpaze Açık,0,EMA5 Direnç: 3.82 (%0.5 üstte)
MEKAG,1.94,-3.29,19.15,61.57,-0.92,🔴 Ayı Piyasası (EMA 50 En Altta),🔴 SAT,-,-,🔴 Düşüş Trendinde,-,4.11-4.45 (%111.9 üstte),⚪Fiyat Alt_Orta Bant Aralığında,⚪ Yelpaze Açık,0,EMA5 Direnç: 2.01 (%3.4 üstte)
MEPET,21.14,2.04,51.82,74.19,0.37,🔴 Ayı Piyasası (EMA 50 En Altta),🟢 AL (Trend Onaylı),-,-,🟢 Yükseliş Trendinde,13.70-14.00 (%33.8 altta),-,🟡Fiyat Orta-Üst Bant Aralığında,⚪ Yelpaze Açık,0,EMA100 Destek: 21.07 (%0.3 altta) | EMA5 Direnç: 21.43 (%1.3 üstte)
MERCN,10.7,-4.19,25.4,31.2,-0.92,🔴 Ayı Piyasası (EMA 50 En Altta),🔴 SAT,🔴 ZAYIFLAMA (Zaten Dipte),-,🔴 Düşüş Trendinde,-,24.68-27.71 (%130.6 üstte),⚪Fiyat Alt_Orta Bant Aralığında,⚪ Yelpaze Açık,0,EMA5 Direnç: 11.17 (%4.4 üstte)
MERIT,13.67,-1.33,30.72,66.9,-0.83,🔴 Ayı Piyasası (EMA 50 En Altta),⏳ BEKLE,-,-,🔴 Düşüş Trendinde,-,17.73-18.20 (%29.7 üstte),⚪Fiyat Alt_Orta Bant Aralığında,⚪ Yelpaze Açık,0,EMA5 Direnç: 13.85 (%1.3 üstte)
MERKO,0.97,0.08,32.87,94.6,-0.63,🔴 Ayı Piyasası (EMA 50 En Altta),🟢 AL (Trend Onaylı),-,-,🔴 Düşüş Trendinde,-,15.20-16.15 (%1467.0 üstte),⚪Fiyat Alt_Orta Bant Aralığında,⚪ Yelpaze Açık,0,EMA5 Destek: 0.97 (%0.1 altta) | EMA21 Direnç: 1.04 (%7.7 üstte)
METRO,7.64,10.79,51.32,95.37,0.81,🟢 EMA Yükselişte (SSL Ok Bekleniyor),🟢 AL (Trend Onaylı),-,-,🟢 Yükseliş Trendinde,-,8.59-9.32 (%12.4 üstte),🟡Fiyat Orta-Üst Bant Aralığında,⚪ Yelpaze Açık,0,EMA5 Destek: 7.57 (%1.0 altta) | EMA100 Direnç: 7.72 (%1.0 üstte)
MEYSU,8.08,999,32.97,74.49,-0.15,🩸 ASIL SİNYAL: GÜÇLÜ SAT (EMA Çöktü + SSL Onay),🔴 SAT,🔴 ZAYIFLAMA (Zaten Dipte),-,🔴 Düşüş Trendinde,-,17.73-18.70 (%119.5 üstte),⚪Fiyat Alt_Orta Bant Aralığında,⚪ Yelpaze Açık,0,EMA5 Direnç: 8.30 (%2.7 üstte)
MGROS,499.0,-1.91,37.65,49.48,-0.81,🔴 Ayı Piyasası (EMA 50 En Altta),🔴 SAT,-,-,🔴 Düşüş Trendinde,-,693.50-706.00 (%39.0 üstte),⚪Fiyat Alt_Orta Bant Aralığında,🟡 Normal Genişlik,0,EMA5 Direnç: 508.74 (%2.0 üstte)
MHRGY,1.76,-2.31,35.93,69.13,-0.57,🔴 Ayı Piyasası (EMA 50 En Altta),⏳ BEKLE,-,-,🔴 Düşüş Trendinde,-,2.22-2.46 (%26.1 üstte),⚪Fiyat Alt_Orta Bant Aralığında,⚪ Yelpaze Açık,0,EMA5 Direnç: 1.80 (%2.4 üstte)
MIATK,29.08,6.23,52.42,97.11,0.59,🔴 Ayı Piyasası (EMA 50 En Altta),🟢 AL (Trend Onaylı),-,-,🟢 Yükseliş Trendinde,-,53.15-57.85 (%82.8 üstte),🟡Fiyat Orta-Üst Bant Aralığında,⚪ Yelpaze Açık,0,EMA5 Destek: 27.58 (%5.2 altta) | EMA55 Direnç: 30.24 (%4.0 üstte)
MMCAS,16.13,-0.77,22.57,76.59,-0.78,🔴 Ayı Piyasası (EMA 50 En Altta),🟢 AL (Trend Onaylı),-,-,🔴 Düşüş Trendinde,-,122.20-134.40 (%657.6 üstte),⚪Fiyat Alt_Orta Bant Aralığında,⚪ Yelpaze Açık,0,EMA5 Direnç: 16.26 (%0.8 üstte)
MNDRS,9.14,-1.25,33.59,77.39,-0.83,🔴 Ayı Piyasası (EMA 50 En Altta),⏳ BEKLE,-,-,🔴 Düşüş Trendinde,-,12.95-13.69 (%41.7 üstte),⚪Fiyat Alt_Orta Bant Aralığında,⚪ Yelpaze Açık,0,EMA5 Direnç: 9.26 (%1.3 üstte)
MNDTR,4.0,-1.6,28.42,87.49,-0.8,🔴 Ayı Piyasası (EMA 50 En Altta),⏳ BEKLE,-,-,🔴 Düşüş Trendinde,-,6.33-6.64 (%58.2 üstte),⚪Fiyat Alt_Orta Bant Aralığında,⚪ Yelpaze Açık,0,EMA5 Direnç: 4.06 (%1.6 üstte)
MOBTL,10.23,0.37,39.33,93.82,-0.13,🔴 Ayı Piyasası (EMA 50 En Altta),🟢 AL (Trend Onaylı),-,-,🔴 Düşüş Trendinde,-,-,⚪Fiyat Alt_Orta Bant Aralığında,⚪ Yelpaze Açık,0,EMA5 Destek: 10.19 (%0.4 altta) | EMA21 Direnç: 10.89 (%6.4 üstte)
MOGAN,9.05,-2.81,31.13,87.78,0.49,🔴 Ayı Piyasası (EMA 50 En Altta),🔴 SAT,-,-,🔴 Düşüş Trendinde,8.01-8.46 (%6.5 altta),20.56-21.86 (%127.2 üstte),⚪Fiyat Alt_Orta Bant Aralığında,⚪ Yelpaze Açık,0,EMA5 Direnç: 9.31 (%2.9 üstte)
MOPAS,18.08,-3.13,19.23,74.17,-0.86,🩸 ASIL SİNYAL: GÜÇLÜ SAT (EMA Çöktü + SSL Onay),🔴 SAT,🔴 ZAYIFLAMA (Zaten Dipte),-,🔴 Düşüş Trendinde,-,40.10-43.03 (%121.8 üstte),⚪Fiyat Alt_Orta Bant Aralığında,⚪ Yelpaze Açık,0,EMA5 Direnç: 18.66 (%3.2 üstte)
MPARK,426.25,2.24,48.66,75.03,-0.29,⚠️ Yükseliş Trendinde Düzeltme (SSL Negatif),🟢 AL (Trend Onaylı),-,-,🔴 Düşüş Trendinde,394.00-407.00 (%4.5 altta),-,⚪Fiyat Alt_Orta Bant Aralığında,🚨 BB SIKIŞMA,0,EMA200 Destek: 416.92 (%2.2 altta) | EMA100 Direnç: 428.26 (%0.5 üstte)
MRGYO,1.44,6.67,50.52,70.36,-0.24,🔴 Ayı Piyasası (EMA 50 En Altta),🟢 AL (Trend Onaylı),-,-,🟢 Yükseliş Trendinde,-,-,⚪Fiyat Alt_Orta Bant Aralığında,⚪ Yelpaze Açık,0,EMA21 Destek: 1.40 (%2.6 altta) | EMA55 Direnç: 1.47 (%2.1 üstte)
MRSHL,1275.0,-2.81,29.17,9.73,-0.93,🔴 Ayı Piyasası (EMA 50 En Altta),🔴 SAT,🔴 ZAYIFLAMA (Zaten Dipte),-,🔴 Düşüş Trendinde,-,-,⚪Fiyat Alt_Orta Bant Aralığında,⚪ Yelpaze Açık,0,EMA5 Direnç: 1311.81 (%2.9 üstte)
MSGYO,4.93,-1.46,39.04,82.3,-0.07,🔴 Ayı Piyasası (EMA 50 En Altta),⏳ BEKLE,-,-,🔴 Düşüş Trendinde,-,5.92-6.14 (%20.1 üstte),⚪Fiyat Alt_Orta Bant Aralığında,⚪ Yelpaze Açık,0,EMA5 Direnç: 5.00 (%1.5 üstte)
MTRKS,21.74,-1.01,34.44,90.59,-0.53,🔴 Ayı Piyasası (EMA 50 En Altta),🟢 AL (Trend Onaylı),-,-,🔴 Düşüş Trendinde,-,-,⚪Fiyat Alt_Orta Bant Aralığında,⚪ Yelpaze Açık,0,EMA5 Direnç: 21.96 (%1.0 üstte)
MTRYO,7.88,-0.58,41.68,58.69,-0.78,🔴 Ayı Piyasası (EMA 50 En Altta),⏳ BEKLE,-,-,🔴 Düşüş Trendinde,-,11.10-11.84 (%40.9 üstte),⚪Fiyat Alt_Orta Bant Aralığında,⚪ Yelpaze Açık,0,EMA5 Direnç: 7.93 (%0.6 üstte)
MZHLD,4.2,-1.17,30.81,14.41,-0.95,🔴 Ayı Piyasası (EMA 50 En Altta),⏳ BEKLE,-,-,🔴 Düşüş Trendinde,-,-,⚪Fiyat Alt_Orta Bant Aralığında,⚪ Yelpaze Açık,0,EMA5 Direnç: 4.25 (%1.2 üstte)
NATEN,3.91,-2.01,27.08,82.37,-0.8,🔴 Ayı Piyasası (EMA 50 En Altta),⏳ BEKLE,-,-,🔴 Düşüş Trendinde,-,8.58-9.00 (%119.4 üstte),⚪Fiyat Alt_Orta Bant Aralığında,⚪ Yelpaze Açık,0,EMA5 Direnç: 3.99 (%2.1 üstte)
NETAS,81.0,13.77,48.36,76.72,0.22,⚠️ Yükseliş Trendinde Düzeltme (SSL Negatif),🟢 AL (Trend Onaylı),-,-,🔴 Düşüş Trendinde,60.15-62.50 (%22.8 altta),-,⚪Fiyat Alt_Orta Bant Aralığında,⚪ Yelpaze Açık,0,EMA55 Destek: 80.25 (%0.9 altta) | EMA21 Direnç: 81.99 (%1.2 üstte)
NETCD,88.2,999,37.49,85.08,-0.32,🔴 Ayı Piyasası (EMA 50 En Altta),🟢 AL (Trend Onaylı),-,-,🔴 Düşüş Trendinde,-,151.60-164.00 (%71.9 üstte),⚪Fiyat Alt_Orta Bant Aralığında,⚪ Yelpaze Açık,0,EMA5 Destek: 88.00 (%0.2 altta) | EMA21 Direnç: 95.67 (%8.5 üstte)
NIBAS,2.78,-3.69,30.19,57.54,-0.89,🔴 Ayı Piyasası (EMA 50 En Altta),⏳ BEKLE,-,-,🔴 Düşüş Trendinde,-,6.08-6.69 (%118.7 üstte),⚪Fiyat Alt_Orta Bant Aralığında,⚪ Yelpaze Açık,0,EMA5 Direnç: 2.89 (%3.8 üstte)
NTGAZ,10.71,-0.86,47.26,88.09,0.45,🔴 Ayı Piyasası (EMA 50 En Altta),🟢 AL (Trend Onaylı),-,-,🔴 Düşüş Trendinde,9.28-9.65 (%9.9 altta),12.55-13.33 (%17.2 üstte),⚪Fiyat Alt_Orta Bant Aralığında,⚪ Yelpaze Açık,0,EMA21 Direnç: 10.80 (%0.9 üstte)
NTHOL,36.6,-1.1,36.87,87.76,-0.65,🔴 Ayı Piyasası (EMA 50 En Altta),⏳ BEKLE,-,-,🔴 Düşüş Trendinde,-,45.40-46.56 (%24.0 üstte),⚪Fiyat Alt_Orta Bant Aralığında,⚪ Yelpaze Açık,0,EMA5 Direnç: 37.01 (%1.1 üstte)
NUGYO,7.1,-2.82,26.68,84.58,-0.84,🩸 ASIL SİNYAL: GÜÇLÜ SAT (EMA Çöktü + SSL Onay),⏳ BEKLE,-,-,🔴 Düşüş Trendinde,-,9.15-9.63 (%28.9 üstte),⚪Fiyat Alt_Orta Bant Aralığında,⚪ Yelpaze Açık,0,EMA5 Direnç: 7.31 (%2.9 üstte)
NUHCM,212.5,0.5,50.85,92.58,0.93,🔴 Ayı Piyasası (EMA 50 En Altta),🟢 AL (Trend Onaylı),-,-,🔴 Düşüş Trendinde,202.12-209.61 (%1.4 altta),236.70-257.25 (%11.4 üstte),🟡Fiyat Orta-Üst Bant Aralığında,⚪ Yelpaze Açık,0,EMA5 Destek: 212.01 (%0.2 altta) | EMA55 Direnç: 214.98 (%1.2 üstte)
OBAMS,4.3,-3.29,37.21,73.05,0.37,🩸 ASIL SİNYAL: GÜÇLÜ SAT (EMA Çöktü + SSL Onay),🔴 SAT,🔴 ZAYIFLAMA (Zaten Dipte),-,🔴 Düşüş Trendinde,-,5.44-5.92 (%26.5 üstte),⚪Fiyat Alt_Orta Bant Aralığında,⚪ Yelpaze Açık,0,EMA5 Direnç: 4.45 (%3.4 üstte)
OBASE,27.16,0.73,35.43,93.15,-0.65,🔴 Ayı Piyasası (EMA 50 En Altta),🟢 AL (Trend Onaylı),-,-,🔴 Düşüş Trendinde,-,-,⚪Fiyat Alt_Orta Bant Aralığında,⚪ Yelpaze Açık,0,EMA5 Destek: 26.96 (%0.7 altta) | EMA21 Direnç: 29.59 (%9.0 üstte)
ODAS,5.9,-1.93,31.07,14.99,-0.82,🔴 Ayı Piyasası (EMA 50 En Altta),🔴 SAT,-,-,🔴 Düşüş Trendinde,5.09-5.21 (%11.7 altta),8.80-9.22 (%49.2 üstte),⚪Fiyat Alt_Orta Bant Aralığında,⚪ Yelpaze Açık,0,EMA5 Direnç: 6.02 (%2.0 üstte)
ODINE,118.0,-22.15,13.01,0.0,-0.98,🔴 Ayı Piyasası (EMA 50 En Altta),🔴 SAT,-,-,🔴 Düşüş Trendinde,-,-,⚪Fiyat Alt_Orta Bant Aralığında,⚪ Yelpaze Açık,0,EMA5 Direnç: 151.57 (%28.5 üstte)
OFSYM,55.4,-2.14,40.68,56.68,-0.72,"⚡ Yükseliş Hazırlığı (50>100 Kesti, 150 Bekleniyor)",🔴 SAT,-,-,🔴 Düşüş Trendinde,49.29-51.23 (%7.5 altta),73.28-76.85 (%32.3 üstte),⚪Fiyat Alt_Orta Bant Aralığında,⚪ Yelpaze Açık,0,EMA5 Direnç: 56.61 (%2.2 üstte)
ONCSM,95.3,0.84,31.21,97.1,-0.19,🔴 Ayı Piyasası (EMA 50 En Altta),🟢 AL (Trend Onaylı),-,-,🔴 Düşüş Trendinde,-,266.75-287.25 (%179.9 üstte),⚪Fiyat Alt_Orta Bant Aralığında,⚪ Yelpaze Açık,0,EMA5 Destek: 94.50 (%0.8 altta) | EMA21 Direnç: 117.64 (%23.4 üstte)
ONRYT,9.17,-4.53,23.03,64.16,-0.86,🩸 ASIL SİNYAL: GÜÇLÜ SAT (EMA Çöktü + SSL Onay),⏳ BEKLE,-,-,🔴 Düşüş Trendinde,-,16.14-17.66 (%76.0 üstte),⚪Fiyat Alt_Orta Bant Aralığında,⚪ Yelpaze Açık,0,EMA5 Direnç: 9.61 (%4.7 üstte)
ORCAY,2.42,-1.35,28.71,93.9,-0.56,🔴 Ayı Piyasası (EMA 50 En Altta),🟢 AL (Trend Onaylı),-,-,🔴 Düşüş Trendinde,-,4.05-4.47 (%67.4 üstte),⚪Fiyat Alt_Orta Bant Aralığında,⚪ Yelpaze Açık,0,EMA5 Direnç: 2.45 (%1.4 üstte)
ORGE,22.0,17.37,46.57,65.76,-0.03,⚠️ Yükseliş Trendinde Düzeltme (SSL Negatif),⏳ BEKLE,🔴 ZAYIFLAMA (Zaten Dipte),-,🟢 Yükseliş Trendinde,12.82-13.54 (%38.5 altta),-,⚪Fiyat Alt_Orta Bant Aralığında,🚨 BB SIKIŞMA,0,EMA100 Destek: 21.32 (%3.1 altta) | EMA55 Direnç: 22.19 (%0.9 üstte)
ORMA,135.2,-0.29,43.08,77.63,0.43,🔴 Ayı Piyasası (EMA 50 En Altta),🔴 SAT,-,-,🟢 Yükseliş Trendinde,-,162.10-176.80 (%19.9 üstte),⚪Fiyat Alt_Orta Bant Aralığında,⚪ Yelpaze Açık,0,EMA5 Direnç: 135.60 (%0.3 üstte)
ORZAX,72.7,999,36.15,71.16,-0.46,-,🔴 SAT,-,-,🔴 Düşüş Trendinde,-,-,⚪Fiyat Alt_Orta Bant Aralığında,-,0,EMA5 Direnç: 73.45 (%1.0 üstte)
OSMEN,5.42,0.94,36.73,93.47,-0.4,🔴 Ayı Piyasası (EMA 50 En Altta),🟢 AL (Trend Onaylı),-,-,🔴 Düşüş Trendinde,-,7.91-8.66 (%45.9 üstte),⚪Fiyat Alt_Orta Bant Aralığında,⚪ Yelpaze Açık,0,EMA5 Destek: 5.37 (%0.9 altta) | EMA21 Direnç: 5.79 (%6.8 üstte)
OSTIM,1.18,-2.64,27.35,51.75,-0.91,🔴 Ayı Piyasası (EMA 50 En Altta),⏳ BEKLE,-,-,🔴 Düşüş Trendinde,-,1.94-2.22 (%64.4 üstte),⚪Fiyat Alt_Orta Bant Aralığında,⚪ Yelpaze Açık,0,EMA5 Direnç: 1.21 (%2.7 üstte)
OTKAR,336.75,6.31,59.99,97.09,0.58,🔴 Ayı Piyasası (EMA 50 En Altta),🟢 AL (Trend Onaylı),-,-,🟢 Yükseliş Trendinde,-,373.75-400.00 (%11.0 üstte),🟡Fiyat Orta-Üst Bant Aralığında,⚪ Yelpaze Açık,0,EMA100 Destek: 334.49 (%0.7 altta) | EMA200 Direnç: 372.35 (%10.6 üstte)
OTTO,115.5,3.15,48.51,94.67,0.73,🔴 Ayı Piyasası (EMA 50 En Altta),🟢 AL (Trend Onaylı),-,-,🟢 Yükseliş Trendinde,-,480.00-525.00 (%315.6 üstte),🟡Fiyat Orta-Üst Bant Aralığında,⚪ Yelpaze Açık,0,EMA21 Destek: 112.59 (%2.5 altta) | EMA55 Direnç: 140.20 (%21.4 üstte)
OYAKC,20.5,-1.06,44.65,69.03,0.07,🩸 ASIL SİNYAL: GÜÇLÜ SAT (EMA Çöktü + SSL Onay),🔴 SAT,-,-,🔴 Düşüş Trendinde,-,-,⚪Fiyat Alt_Orta Bant Aralığında,⚪ Yelpaze Açık,0,EMA5 Direnç: 20.72 (%1.1 üstte)
OYAYO,30.4,-2.96,28.2,46.42,-0.93,🔴 Ayı Piyasası (EMA 50 En Altta),⏳ BEKLE,-,-,🔴 Düşüş Trendinde,-,53.75-57.90 (%76.8 üstte),⚪Fiyat Alt_Orta Bant Aralığında,⚪ Yelpaze Açık,0,EMA5 Direnç: 31.33 (%3.1 üstte)
OYLUM,6.92,4.23,56.46,96.36,0.73,🔴 Ayı Piyasası (EMA 50 En Altta),🟢 AL (Trend Onaylı),-,-,🔴 Düşüş Trendinde,-,8.65-9.31 (%25.0 üstte),🟡Fiyat Orta-Üst Bant Aralığında,⚪ Yelpaze Açık,0,EMA5 Destek: 6.74 (%2.6 altta) | EMA55 Direnç: 7.04 (%1.8 üstte)
OYYAT,26.76,-3.1,29.42,51.73,-0.59,🩸 ASIL SİNYAL: GÜÇLÜ SAT (EMA Çöktü + SSL Onay),🔴 SAT,-,-,🔴 Düşüş Trendinde,-,-,⚪Fiyat Alt_Orta Bant Aralığında,⚪ Yelpaze Açık,0,EMA5 Direnç: 27.62 (%3.2 üstte)
OZATD,927.0,-22.01,10.94,0.0,-0.98,⚠️ Yükseliş Trendinde Düzeltme (SSL Negatif),🔴 SAT,-,-,🔴 Düşüş Trendinde,152.80-156.80 (%83.1 altta),-,⚪Fiyat Alt_Orta Bant Aralığında,⚪ Yelpaze Açık,0,EMA5 Direnç: 1188.69 (%28.2 üstte)
OZGYO,1.65,-0.81,36.8,93.03,-0.46,🔴 Ayı Piyasası (EMA 50 En Altta),🟢 AL (Trend Onaylı),-,-,🔴 Düşüş Trendinde,-,2.23-2.44 (%35.2 üstte),⚪Fiyat Alt_Orta Bant Aralığında,⚪ Yelpaze Açık,0,EMA5 Direnç: 1.66 (%0.8 üstte)
OZKGY,11.99,-1.19,38.38,74.98,0.01,🩸 ASIL SİNYAL: GÜÇLÜ SAT (EMA Çöktü + SSL Onay),🔴 SAT,🔴 ZAYIFLAMA (Zaten Dipte),-,🔴 Düşüş Trendinde,11.91-12.31 (fiyat bandın içinde!),15.84-16.26 (%32.1 üstte),⚪Fiyat Alt_Orta Bant Aralığında,🟠 Daralıyor,0,EMA5 Direnç: 12.13 (%1.2 üstte)
OZRDN,14.3,0.0,24.55,23.38,-0.96,🔴 Ayı Piyasası (EMA 50 En Altta),⏳ BEKLE,-,-,🔴 Düşüş Trendinde,-,34.00-37.90 (%137.8 üstte),⚪Fiyat Alt_Orta Bant Aralığında,⚪ Yelpaze Açık,0,EMA5 Destek: 14.30 (%0.0 altta) | EMA21 Direnç: 20.15 (%40.9 üstte)
OZSUB,36.58,23.52,44.14,45.13,-0.54,⚠️ Yükseliş Trendinde Düzeltme (SSL Negatif),🟢 AL (Trend Onaylı),-,-,🔴 Düşüş Trendinde,16.58-16.93 (%53.7 altta),-,⚪Fiyat Alt_Orta Bant Aralığında,⚪ Yelpaze Açık,0,EMA100 Destek: 35.22 (%3.7 altta) | EMA5 Direnç: 36.83 (%0.7 üstte)
OZYSR,11.44,-0.32,47.8,92.06,0.51,"📉 Düşüş Hazırlığı (50<100 Kesti, 150 Bekleniyor)",🟢 AL (Trend Onaylı),-,-,🔴 Düşüş Trendinde,-,12.38-13.39 (%8.2 üstte),🟡Fiyat Orta-Üst Bant Aralığında,⚪ Yelpaze Açık,0,EMA5 Direnç: 11.48 (%0.3 üstte)
PAGYO,117.9,-1.18,34.65,78.53,-0.54,"📉 Düşüş Hazırlığı (50<100 Kesti, 150 Bekleniyor)",🔴 SAT,🔴 ZAYIFLAMA (Zaten Dipte),-,🔴 Düşüş Trendinde,-,-,⚪Fiyat Alt_Orta Bant Aralığında,⚪ Yelpaze Açık,0,EMA5 Direnç: 119.31 (%1.2 üstte)
PAHOL,0.91,-1.62,32.18,91.28,-0.59,🔴 Ayı Piyasası (EMA 50 En Altta),🟢 AL (Trend Onaylı),-,-,🔴 Düşüş Trendinde,-,-,⚪Fiyat Alt_Orta Bant Aralığında,⚪ Yelpaze Açık,0,EMA5 Direnç: 0.92 (%1.6 üstte)
PAMEL,47.26,-2.22,27.06,89.29,-0.68,🔴 Ayı Piyasası (EMA 50 En Altta),⏳ BEKLE,-,-,🔴 Düşüş Trendinde,-,76.80-79.90 (%62.5 üstte),⚪Fiyat Alt_Orta Bant Aralığında,⚪ Yelpaze Açık,0,EMA5 Direnç: 48.33 (%2.3 üstte)
PAPIL,7.81,-1.89,29.19,83.26,-0.71,🔴 Ayı Piyasası (EMA 50 En Altta),🟢 AL (Trend Onaylı),-,-,🔴 Düşüş Trendinde,-,19.50-20.96 (%149.7 üstte),⚪Fiyat Alt_Orta Bant Aralığında,⚪ Yelpaze Açık,0,EMA5 Direnç: 7.96 (%1.9 üstte)
PARSN,59.7,-0.4,30.18,85.49,-0.77,🔴 Ayı Piyasası (EMA 50 En Altta),🔥 GÜÇLÜ AL (Taze Kırılım),-,-,🔴 Düşüş Trendinde,-,87.80-97.90 (%47.1 üstte),⚪Fiyat Alt_Orta Bant Aralığında,⚪ Yelpaze Açık,0,EMA5 Direnç: 59.94 (%0.4 üstte)
PASEU,45.54,14.93,33.16,100.0,-0.4,🔴 Ayı Piyasası (EMA 50 En Altta),🟢 AL (Trend Onaylı),-,-,🔴 Düşüş Trendinde,-,249.80-268.00 (%448.5 üstte),⚪Fiyat Alt_Orta Bant Aralığında,⚪ Yelpaze Açık,0,EMA5 Destek: 39.62 (%13.0 altta) | EMA21 Direnç: 63.04 (%38.4 üstte)
PATEK,14.42,-2.38,38.12,54.01,-0.66,🔴 Ayı Piyasası (EMA 50 En Altta),🟢 AL (Trend Onaylı),-,-,🔴 Düşüş Trendinde,-,27.96-29.20 (%93.9 üstte),⚪Fiyat Alt_Orta Bant Aralığında,⚪ Yelpaze Açık,0,EMA5 Direnç: 14.77 (%2.4 üstte)
PCILT,30.6,11.18,46.76,50.93,0.5,🟢 EMA Yükselişte (SSL Ok Bekleniyor),🔴 SAT,-,-,🔴 Düşüş Trendinde,-,-,⚪Fiyat Alt_Orta Bant Aralığında,🚨 BB SIKIŞMA,0,EMA100 Destek: 30.37 (%0.8 altta) | EMA5 Direnç: 31.07 (%1.5 üstte)
PEKGY,2.19,-21.94,10.71,0.0,-0.98,🔴 Ayı Piyasası (EMA 50 En Altta),🔴 SAT,-,-,🔴 Düşüş Trendinde,-,-,⚪Fiyat Alt_Orta Bant Aralığında,⚪ Yelpaze Açık,0,EMA5 Direnç: 2.81 (%28.1 üstte)
PENGD,6.89,-0.92,24.96,81.82,-0.88,🔴 Ayı Piyasası (EMA 50 En Altta),⏳ BEKLE,-,-,🔴 Düşüş Trendinde,-,10.37-10.88 (%50.5 üstte),⚪Fiyat Alt_Orta Bant Aralığında,⚪ Yelpaze Açık,0,EMA5 Direnç: 6.95 (%0.9 üstte)
PENTA,9.91,-0.34,26.88,84.36,-0.76,🔴 Ayı Piyasası (EMA 50 En Altta),🔥 GÜÇLÜ AL (Taze Kırılım),-,-,🔴 Düşüş Trendinde,-,-,⚪Fiyat Alt_Orta Bant Aralığında,⚪ Yelpaze Açık,0,EMA5 Direnç: 9.94 (%0.3 üstte)
PETKM,20.1,1.05,46.21,36.22,-0.69,⚠️ Yükseliş Trendinde Düzeltme (SSL Negatif),🔥 GÜÇLÜ AL (Taze Kırılım),-,-,🔴 Düşüş Trendinde,18.20-19.09 (%5.0 altta),-,⚪Fiyat Alt_Orta Bant Aralığında,⚪ Yelpaze Açık,0,EMA5 Destek: 19.91 (%0.9 altta) | EMA21 Direnç: 20.65 (%2.7 üstte)
PETUN,9.9,-1.55,37.41,52.44,-0.71,🔴 Ayı Piyasası (EMA 50 En Altta),⏳ BEKLE,🔴 ZAYIFLAMA (Zaten Dipte),-,🔴 Düşüş Trendinde,-,11.46-12.03 (%15.8 üstte),⚪Fiyat Alt_Orta Bant Aralığında,⚪ Yelpaze Açık,0,EMA5 Direnç: 10.06 (%1.6 üstte)
PGSUS,136.5,-2.35,35.95,46.41,-0.85,🩸 ASIL SİNYAL: GÜÇLÜ SAT (EMA Çöktü + SSL Onay),🔴 SAT,🔴 ZAYIFLAMA (Zaten Dipte),-,🔴 Düşüş Trendinde,-,219.90-226.10 (%61.1 üstte),⚪Fiyat Alt_Orta Bant Aralığında,⚪ Yelpaze Açık,0,EMA5 Direnç: 139.79 (%2.4 üstte)
PINSU,8.65,-1.78,31.93,73.93,-0.67,🩸 ASIL SİNYAL: GÜÇLÜ SAT (EMA Çöktü + SSL Onay),🔴 SAT,-,-,🔴 Düşüş Trendinde,-,12.33-12.93 (%42.5 üstte),⚪Fiyat Alt_Orta Bant Aralığında,⚪ Yelpaze Açık,0,EMA5 Direnç: 8.81 (%1.8 üstte)
PKART,87.45,-1.54,35.06,87.57,-0.25,🔴 Ayı Piyasası (EMA 50 En Altta),🟢 AL (Trend Onaylı),-,-,🔴 Düşüş Trendinde,69.65-71.60 (%18.1 altta),128.30-152.90 (%46.7 üstte),⚪Fiyat Alt_Orta Bant Aralığında,⚪ Yelpaze Açık,0,EMA5 Direnç: 88.82 (%1.6 üstte)
PKENT,97.7,0.44,32.5,97.7,-0.6,🔴 Ayı Piyasası (EMA 50 En Altta),🟢 AL (Trend Onaylı),-,-,🔴 Düşüş Trendinde,-,153.70-157.20 (%57.3 üstte),⚪Fiyat Alt_Orta Bant Aralığında,⚪ Yelpaze Açık,0,EMA5 Destek: 97.27 (%0.4 altta) | EMA21 Direnç: 104.06 (%6.5 üstte)
PLTUR,14.92,-2.26,29.56,80.07,-0.8,🔴 Ayı Piyasası (EMA 50 En Altta),⏳ BEKLE,-,-,🔴 Düşüş Trendinde,-,21.35-23.21 (%43.1 üstte),⚪Fiyat Alt_Orta Bant Aralığında,⚪ Yelpaze Açık,0,EMA5 Direnç: 15.26 (%2.3 üstte)
PNLSN,32.44,-1.96,33.01,87.77,-0.54,🔴 Ayı Piyasası (EMA 50 En Altta),🟢 AL (Trend Onaylı),-,-,🔴 Düşüş Trendinde,-,47.42-49.97 (%46.2 üstte),⚪Fiyat Alt_Orta Bant Aralığında,⚪ Yelpaze Açık,0,EMA5 Direnç: 33.09 (%2.0 üstte)
PNSUT,10.09,-1.28,42.0,65.65,-0.47,🔴 Ayı Piyasası (EMA 50 En Altta),⏳ BEKLE,-,-,🔴 Düşüş Trendinde,-,11.58-12.73 (%14.8 üstte),⚪Fiyat Alt_Orta Bant Aralığında,⚪ Yelpaze Açık,0,EMA5 Direnç: 10.22 (%1.3 üstte)
POLHO,17.85,-1.74,37.2,76.34,-0.37,"📉 Düşüş Hazırlığı (50<100 Kesti, 150 Bekleniyor)",⏳ BEKLE,-,-,🔴 Düşüş Trendinde,-,-,⚪Fiyat Alt_Orta Bant Aralığında,⚪ Yelpaze Açık,0,EMA5 Direnç: 18.17 (%1.8 üstte)
POLTK,2937.5,-1.43,26.93,91.85,-0.82,🔴 Ayı Piyasası (EMA 50 En Altta),⏳ BEKLE,-,-,🔴 Düşüş Trendinde,-,5270.00-5725.00 (%79.4 üstte),⚪Fiyat Alt_Orta Bant Aralığında,⚪ Yelpaze Açık,0,EMA5 Direnç: 2979.99 (%1.4 üstte)
PRDGS,4.24,3.36,31.03,90.86,-0.47,🔴 Ayı Piyasası (EMA 50 En Altta),🟢 AL (Trend Onaylı),-,-,🔴 Düşüş Trendinde,-,7.94-8.70 (%87.3 üstte),⚪Fiyat Alt_Orta Bant Aralığında,⚪ Yelpaze Açık,0,EMA5 Destek: 4.10 (%3.3 altta) | EMA21 Direnç: 4.85 (%14.5 üstte)
PRKAB,24.26,-0.99,27.27,72.24,-0.87,🔴 Ayı Piyasası (EMA 50 En Altta),⏳ BEKLE,-,-,🔴 Düşüş Trendinde,-,35.18-38.04 (%45.0 üstte),⚪Fiyat Alt_Orta Bant Aralığında,⚪ Yelpaze Açık,0,EMA5 Direnç: 24.50 (%1.0 üstte)
PRKME,17.34,8.57,56.77,100.0,-0.02,🔴 Ayı Piyasası (EMA 50 En Altta),🟢 AL (Trend Onaylı),-,-,🟢 Yükseliş Trendinde,-,17.92-19.80 (%3.3 üstte),🟡Fiyat Orta-Üst Bant Aralığında,⚪ Yelpaze Açık,0,EMA55 Destek: 17.23 (%0.7 altta) | EMA100 Direnç: 17.79 (%2.6 üstte)
PRZMA,13.0,-22.06,15.67,0.0,-0.98,"📉 Düşüş Hazırlığı (50<100 Kesti, 150 Bekleniyor)",🔴 SAT,-,-,🔴 Düşüş Trendinde,-,-,⚪Fiyat Alt_Orta Bant Aralığında,⚪ Yelpaze Açık,0,EMA5 Direnç: 16.68 (%28.3 üstte)
PSDTC,87.3,-5.02,31.33,74.65,-0.48,🩸 ASIL SİNYAL: GÜÇLÜ SAT (EMA Çöktü + SSL Onay),🔴 SAT,🔴 ZAYIFLAMA (Zaten Dipte),-,🔴 Düşüş Trendinde,-,171.44-186.65 (%96.4 üstte),⚪Fiyat Alt_Orta Bant Aralığında,⚪ Yelpaze Açık,0,EMA5 Direnç: 91.91 (%5.3 üstte)
PSGYO,1.68,-0.76,23.35,85.22,-0.85,🔴 Ayı Piyasası (EMA 50 En Altta),⏳ BEKLE,-,-,🔴 Düşüş Trendinde,-,-,⚪Fiyat Alt_Orta Bant Aralığında,⚪ Yelpaze Açık,0,EMA5 Direnç: 1.69 (%0.8 üstte)
QNBFK,39.4,2.14,51.34,87.25,0.46,🔴 Ayı Piyasası (EMA 50 En Altta),🟢 AL (Trend Onaylı),-,-,🟢 Yükseliş Trendinde,-,-,🟡Fiyat Orta-Üst Bant Aralığında,⚪ Yelpaze Açık,0,EMA5 Destek: 38.90 (%1.3 altta) | EMA55 Direnç: 40.69 (%3.3 üstte)
QNBTR,160.8,-1.35,37.49,84.98,-0.28,🔴 Ayı Piyasası (EMA 50 En Altta),🟢 AL (Trend Onaylı),-,-,🟢 Yükseliş Trendinde,-,-,⚪Fiyat Alt_Orta Bant Aralığında,⚪ Yelpaze Açık,0,EMA5 Direnç: 163.01 (%1.4 üstte)
QUAGR,1.95,-1.88,27.83,89.24,-0.86,🔴 Ayı Piyasası (EMA 50 En Altta),⏳ BEKLE,-,-,🔴 Düşüş Trendinde,-,3.44-3.64 (%76.4 üstte),⚪Fiyat Alt_Orta Bant Aralığında,⚪ Yelpaze Açık,0,EMA5 Direnç: 1.99 (%1.9 üstte)
RALYH,50.5,-21.99,10.08,0.0,-0.98,🔴 Ayı Piyasası (EMA 50 En Altta),🔴 SAT,-,-,🔴 Düşüş Trendinde,-,378.75-393.25 (%650.0 üstte),⚪Fiyat Alt_Orta Bant Aralığında,⚪ Yelpaze Açık,0,EMA5 Direnç: 64.74 (%28.2 üstte)
RAYSG,118.2,-5.89,28.87,64.38,-0.63,🩸 ASIL SİNYAL: GÜÇLÜ SAT (EMA Çöktü + SSL Onay),🔴 SAT,🔴 ZAYIFLAMA (Zaten Dipte),-,🔴 Düşüş Trendinde,-,233.60-255.50 (%97.6 üstte),⚪Fiyat Alt_Orta Bant Aralığında,⚪ Yelpaze Açık,0,EMA5 Direnç: 125.59 (%6.3 üstte)
REEDR,3.29,-3.75,19.67,82.33,-0.9,🔴 Ayı Piyasası (EMA 50 En Altta),⏳ BEKLE,-,-,🔴 Düşüş Trendinde,-,6.83-7.25 (%107.6 üstte),⚪Fiyat Alt_Orta Bant Aralığında,⚪ Yelpaze Açık,0,EMA5 Direnç: 3.42 (%3.9 üstte)
RGYAS,186.0,7.35,46.01,80.33,0.06,🟢 EMA Yükselişte (SSL Ok Bekleniyor),🟢 AL (Trend Onaylı),-,-,🔴 Düşüş Trendinde,169.71-180.36 (%3.0 altta),-,⚪Fiyat Alt_Orta Bant Aralığında,🟠 Daralıyor,0,EMA200 Destek: 173.26 (%6.8 altta) | EMA5 Direnç: 186.53 (%0.3 üstte)
RNPOL,1.84,-0.61,35.65,28.08,-0.87,🔴 Ayı Piyasası (EMA 50 En Altta),⏳ BEKLE,-,-,🔴 Düşüş Trendinde,-,2.50-2.71 (%35.9 üstte),⚪Fiyat Alt_Orta Bant Aralığında,⚪ Yelpaze Açık,0,EMA5 Direnç: 1.85 (%0.6 üstte)
RODRG,15.18,-3.97,20.02,2.36,-0.95,🔴 Ayı Piyasası (EMA 50 En Altta),🔴 SAT,🔴 ZAYIFLAMA (Zaten Dipte),-,🔴 Düşüş Trendinde,-,24.70-27.60 (%62.7 üstte),⚪Fiyat Alt_Orta Bant Aralığında,⚪ Yelpaze Açık,0,EMA5 Direnç: 15.81 (%4.1 üstte)
RTALB,2.42,10.4,52.63,100.0,-0.0,🔴 Ayı Piyasası (EMA 50 En Altta),🟢 AL (Trend Onaylı),-,-,🔥 AL (Taze Kırılım),-,3.38-3.74 (%39.7 üstte),🟡Fiyat Orta-Üst Bant Aralığında,⚪ Yelpaze Açık,0,EMA21 Destek: 2.28 (%5.8 altta) | EMA55 Direnç: 2.65 (%9.6 üstte)
RUBNS,15.65,-1.22,21.33,24.75,-0.91,🔴 Ayı Piyasası (EMA 50 En Altta),⏳ BEKLE,-,-,🔴 Düşüş Trendinde,-,-,⚪Fiyat Alt_Orta Bant Aralığında,⚪ Yelpaze Açık,0,EMA5 Direnç: 15.84 (%1.2 üstte)
RUZYE,4.73,-2.27,26.85,57.87,-0.84,🔴 Ayı Piyasası (EMA 50 En Altta),⏳ BEKLE,-,-,🔴 Düşüş Trendinde,-,-,⚪Fiyat Alt_Orta Bant Aralığında,⚪ Yelpaze Açık,0,EMA5 Direnç: 4.84 (%2.3 üstte)
RYGYO,48.68,39.87,54.91,59.97,0.44,⚠️ Yükseliş Trendinde Düzeltme (SSL Negatif),⏳ BEKLE,🩸 SAT (Zirveden Dönüş),-,🟢 Yükseliş Trendinde,-,-,🟡Fiyat Orta-Üst Bant Aralığında,⚪ Yelpaze Açık,0,EMA21 Destek: 47.81 (%1.8 altta) | EMA5 Direnç: 49.50 (%1.7 üstte)
RYSAS,24.6,15.79,45.81,39.6,-0.23,⚠️ Yükseliş Trendinde Düzeltme (SSL Negatif),⏳ BEKLE,-,-,🔴 Düşüş Trendinde,16.97-17.30 (%29.7 altta),-,⚪Fiyat Alt_Orta Bant Aralığında,🚨 BB SIKIŞMA,0,EMA100 Destek: 23.78 (%3.3 altta) | EMA55 Direnç: 24.90 (%1.2 üstte)
SAFKR,13.1,-0.48,46.08,90.86,0.77,🔴 Ayı Piyasası (EMA 50 En Altta),🟢 AL (Trend Onaylı),-,-,🟢 Yükseliş Trendinde,-,29.44-30.32 (%124.7 üstte),🟡Fiyat Orta-Üst Bant Aralığında,⚪ Yelpaze Açık,0,EMA21 Direnç: 13.16 (%0.5 üstte)
SAHOL,87.6,-0.19,45.21,84.9,-0.48,🔴 Ayı Piyasası (EMA 50 En Altta),🟢 AL (Trend Onaylı),-,-,🔴 Düşüş Trendinde,-,100.20-103.30 (%14.4 üstte),⚪Fiyat Alt_Orta Bant Aralığında,⚪ Yelpaze Açık,0,EMA5 Direnç: 87.76 (%0.2 üstte)
SAMAT,3.82,-2.03,30.06,82.24,-0.76,🔴 Ayı Piyasası (EMA 50 En Altta),⏳ BEKLE,-,-,🔴 Düşüş Trendinde,-,-,⚪Fiyat Alt_Orta Bant Aralığında,⚪ Yelpaze Açık,0,EMA5 Direnç: 3.90 (%2.1 üstte)
SANEL,31.0,-5.44,25.74,35.09,-0.92,🔴 Ayı Piyasası (EMA 50 En Altta),🔴 SAT,-,-,🔴 Düşüş Trendinde,-,72.00-79.95 (%132.3 üstte),⚪Fiyat Alt_Orta Bant Aralığında,⚪ Yelpaze Açık,0,EMA5 Direnç: 32.78 (%5.7 üstte)
SANFM,4.0,-3.64,22.64,83.47,-0.83,🔴 Ayı Piyasası (EMA 50 En Altta),⏳ BEKLE,-,-,🔴 Düşüş Trendinde,-,-,⚪Fiyat Alt_Orta Bant Aralığında,⚪ Yelpaze Açık,0,EMA5 Direnç: 4.15 (%3.8 üstte)
SANKO,21.58,10.61,63.44,95.03,0.69,🔴 Ayı Piyasası (EMA 50 En Altta),🟢 AL (Trend Onaylı),-,-,🟢 Yükseliş Trendinde,-,-,🟡Fiyat Orta-Üst Bant Aralığında,⚪ Yelpaze Açık,0,EMA5 Destek: 20.67 (%4.2 altta)
SARKY,19.65,-4.15,34.59,78.47,-0.68,🩸 ASIL SİNYAL: GÜÇLÜ SAT (EMA Çöktü + SSL Onay),⏳ BEKLE,🔴 ZAYIFLAMA (Zaten Dipte),-,🔴 Düşüş Trendinde,-,25.56-26.92 (%30.1 üstte),⚪Fiyat Alt_Orta Bant Aralığında,⚪ Yelpaze Açık,0,EMA5 Direnç: 20.50 (%4.3 üstte)
SASA,1.85,-2.64,31.75,36.58,-0.87,🔴 Ayı Piyasası (EMA 50 En Altta),⏳ BEKLE,-,-,🔴 Düşüş Trendinde,-,3.34-3.58 (%80.5 üstte),⚪Fiyat Alt_Orta Bant Aralığında,⚪ Yelpaze Açık,0,EMA5 Direnç: 1.90 (%2.7 üstte)
SAYAS,39.12,-4.29,29.23,48.73,-0.87,🩸 ASIL SİNYAL: GÜÇLÜ SAT (EMA Çöktü + SSL Onay),🔴 SAT,🔴 ZAYIFLAMA (Zaten Dipte),-,🔴 Düşüş Trendinde,-,-,⚪Fiyat Alt_Orta Bant Aralığında,⚪ Yelpaze Açık,0,EMA5 Direnç: 40.87 (%4.5 üstte)
SDTTR,15.34,-4.07,29.17,78.72,-0.72,🩸 ASIL SİNYAL: GÜÇLÜ SAT (EMA Çöktü + SSL Onay),⏳ BEKLE,-,-,🔴 Düşüş Trendinde,-,-,⚪Fiyat Alt_Orta Bant Aralığında,⚪ Yelpaze Açık,0,EMA5 Direnç: 15.99 (%4.2 üstte)
SEGMN,23.94,9.22,33.1,88.9,-0.84,🔴 Ayı Piyasası (EMA 50 En Altta),🔥 GÜÇLÜ AL (Taze Kırılım),-,-,🔴 Düşüş Trendinde,-,61.40-65.30 (%156.5 üstte),⚪Fiyat Alt_Orta Bant Aralığında,⚪ Yelpaze Açık,0,EMA5 Destek: 21.92 (%8.4 altta) | EMA21 Direnç: 29.10 (%21.5 üstte)
SEGYO,2.74,-2.57,31.84,88.2,-0.1,🔴 Ayı Piyasası (EMA 50 En Altta),🔴 SAT,-,-,🔴 Düşüş Trendinde,-,4.90-5.37 (%78.8 üstte),⚪Fiyat Alt_Orta Bant Aralığında,⚪ Yelpaze Açık,0,EMA5 Direnç: 2.81 (%2.6 üstte)
SEKFK,4.1,-1.72,41.52,91.26,0.55,🔴 Ayı Piyasası (EMA 50 En Altta),🟢 AL (Trend Onaylı),-,-,🔴 Düşüş Trendinde,-,10.15-10.38 (%147.6 üstte),⚪Fiyat Alt_Orta Bant Aralığında,🟠 Daralıyor,0,EMA5 Direnç: 4.17 (%1.7 üstte)
SEKUR,4.42,9.4,31.79,84.27,-0.71,🔴 Ayı Piyasası (EMA 50 En Altta),🟢 AL (Trend Onaylı),-,-,🔴 Düşüş Trendinde,-,9.91-10.94 (%124.2 üstte),⚪Fiyat Alt_Orta Bant Aralığında,⚪ Yelpaze Açık,0,EMA5 Destek: 4.04 (%8.6 altta) | EMA21 Direnç: 5.59 (%26.4 üstte)
SELEC,70.95,-11.64,16.82,8.6,-0.96,⚠️ Yükseliş Trendinde Düzeltme (SSL Negatif),⏳ BEKLE,-,-,🔴 Düşüş Trendinde,-,-,⚪Fiyat Alt_Orta Bant Aralığında,⚪ Yelpaze Açık,0,EMA5 Direnç: 80.29 (%13.2 üstte)
SELVA,1.14,-2.24,27.29,87.27,-0.69,🔴 Ayı Piyasası (EMA 50 En Altta),⏳ BEKLE,-,-,🔴 Düşüş Trendinde,-,2.04-2.18 (%78.9 üstte),⚪Fiyat Alt_Orta Bant Aralığında,⚪ Yelpaze Açık,0,EMA5 Direnç: 1.17 (%2.3 üstte)
SERNT,5.08,-0.03,21.85,63.41,-0.9,🔴 Ayı Piyasası (EMA 50 En Altta),⏳ BEKLE,-,-,🔴 Düşüş Trendinde,-,9.01-9.89 (%77.4 üstte),⚪Fiyat Alt_Orta Bant Aralığında,⚪ Yelpaze Açık,0,EMA5 Direnç: 5.08 (%0.0 üstte)
SEYKM,2.93,-1.38,34.41,91.67,-0.32,🔴 Ayı Piyasası (EMA 50 En Altta),🟢 AL (Trend Onaylı),-,-,🔴 Düşüş Trendinde,-,4.64-4.92 (%58.4 üstte),⚪Fiyat Alt_Orta Bant Aralığında,⚪ Yelpaze Açık,0,EMA5 Direnç: 2.97 (%1.4 üstte)
SILVR,1.63,-2.29,26.85,90.73,-0.79,🔴 Ayı Piyasası (EMA 50 En Altta),⏳ BEKLE,-,-,🔴 Düşüş Trendinde,-,2.73-2.96 (%67.5 üstte),⚪Fiyat Alt_Orta Bant Aralığında,⚪ Yelpaze Açık,0,EMA5 Direnç: 1.67 (%2.3 üstte)
SISE,37.56,-0.56,40.7,55.7,-0.83,🔴 Ayı Piyasası (EMA 50 En Altta),⏳ BEKLE,-,-,🔴 Düşüş Trendinde,-,51.09-53.41 (%36.0 üstte),⚪Fiyat Alt_Orta Bant Aralığında,⚪ Yelpaze Açık,0,EMA5 Direnç: 37.77 (%0.6 üstte)
SKBNK,4.92,-2.27,28.85,31.22,-0.89,🔴 Ayı Piyasası (EMA 50 En Altta),⏳ BEKLE,-,-,🔴 Düşüş Trendinde,-,18.91-20.00 (%284.3 üstte),⚪Fiyat Alt_Orta Bant Aralığında,⚪ Yelpaze Açık,0,EMA5 Direnç: 5.03 (%2.3 üstte)
SKTAS,2.44,-1.66,33.82,90.53,-0.54,🔴 Ayı Piyasası (EMA 50 En Altta),🟢 AL (Trend Onaylı),-,-,🔴 Düşüş Trendinde,-,3.25-3.38 (%33.2 üstte),⚪Fiyat Alt_Orta Bant Aralığında,⚪ Yelpaze Açık,0,EMA5 Direnç: 2.48 (%1.7 üstte)
SKYLP,65.15,9.51,24.99,81.95,-0.83,🔴 Ayı Piyasası (EMA 50 En Altta),🔥 GÜÇLÜ AL (Taze Kırılım),-,-,🔴 Düşüş Trendinde,-,320.75-352.75 (%392.3 üstte),⚪Fiyat Alt_Orta Bant Aralığında,⚪ Yelpaze Açık,0,EMA5 Destek: 59.49 (%8.7 altta) | EMA21 Direnç: 98.63 (%51.4 üstte)
SKYMD,12.81,-8.49,36.74,4.36,0.02,⚠️ Yükseliş Trendinde Düzeltme (SSL Negatif),🔴 SAT,-,-,🔴 Düşüş Trendinde,11.53-12.16 (%5.1 altta),-,⚪Fiyat Alt_Orta Bant Aralığında,⚪ Yelpaze Açık,0,EMA200 Direnç: 14.00 (%9.3 üstte)
SMART,15.79,-2.32,26.5,84.21,-0.79,🔴 Ayı Piyasası (EMA 50 En Altta),⏳ BEKLE,-,-,🔴 Düşüş Trendinde,-,38.68-41.76 (%145.0 üstte),⚪Fiyat Alt_Orta Bant Aralığında,⚪ Yelpaze Açık,0,EMA5 Direnç: 16.16 (%2.4 üstte)
SMRTG,4.82,-3.56,27.13,83.87,-0.7,🔴 Ayı Piyasası (EMA 50 En Altta),⏳ BEKLE,-,-,🔴 Düşüş Trendinde,-,12.14-13.31 (%151.9 üstte),⚪Fiyat Alt_Orta Bant Aralığında,⚪ Yelpaze Açık,0,EMA5 Direnç: 5.00 (%3.7 üstte)
SMRVA,6.41,-5.13,22.57,70.57,-0.87,🩸 ASIL SİNYAL: GÜÇLÜ SAT (EMA Çöktü + SSL Onay),⏳ BEKLE,-,-,🔴 Düşüş Trendinde,-,90.16-100.55 (%1306.5 üstte),⚪Fiyat Alt_Orta Bant Aralığında,⚪ Yelpaze Açık,0,EMA5 Direnç: 6.76 (%5.4 üstte)
SNGYO,2.77,-0.3,39.86,93.72,0.22,🔴 Ayı Piyasası (EMA 50 En Altta),🟢 AL (Trend Onaylı),-,-,🔴 Düşüş Trendinde,-,3.87-4.05 (%39.7 üstte),⚪Fiyat Alt_Orta Bant Aralığında,⚪ Yelpaze Açık,0,EMA5 Direnç: 2.78 (%0.3 üstte)
SNICA,2.22,-2.47,22.72,52.36,-0.9,🔴 Ayı Piyasası (EMA 50 En Altta),⏳ BEKLE,-,-,🔴 Düşüş Trendinde,-,4.77-4.99 (%114.9 üstte),⚪Fiyat Alt_Orta Bant Aralığında,⚪ Yelpaze Açık,0,EMA5 Direnç: 2.28 (%2.5 üstte)
SNPAM,18.1,-0.53,40.31,48.48,-0.54,🔴 Ayı Piyasası (EMA 50 En Altta),🔴 SAT,-,-,🔴 Düşüş Trendinde,-,-,⚪Fiyat Alt_Orta Bant Aralığında,🟡 Normal Genişlik,0,EMA5 Direnç: 18.20 (%0.5 üstte)
SODSN,6.3,1.86,41.33,100.0,0.12,🔴 Ayı Piyasası (EMA 50 En Altta),🟢 AL (Trend Onaylı),-,-,🔴 Düşüş Trendinde,-,14.16-14.18 (%124.8 üstte),⚪Fiyat Alt_Orta Bant Aralığında,⚪ Yelpaze Açık,0,EMA5 Destek: 6.19 (%1.8 altta) | EMA21 Direnç: 6.42 (%1.9 üstte)
SOHOE,7.05,999,27.71,53.03,-0.82,-,⏳ BEKLE,-,-,🔴 Düşüş Trendinde,-,-,⚪Fiyat Alt_Orta Bant Aralığında,-,0,EMA5 Direnç: 7.41 (%5.1 üstte)
SOKE,7.27,5.65,30.62,100.0,-0.76,🔴 Ayı Piyasası (EMA 50 En Altta),🔥 GÜÇLÜ AL (Taze Kırılım),-,-,🔴 Düşüş Trendinde,-,-,⚪Fiyat Alt_Orta Bant Aralığında,⚪ Yelpaze Açık,0,EMA5 Destek: 6.88 (%5.3 altta) | EMA21 Direnç: 8.29 (%14.0 üstte)
SOKM,55.0,2.69,43.22,45.59,-0.77,⚠️ Yükseliş Trendinde Düzeltme (SSL Negatif),⏳ BEKLE,🔴 ZAYIFLAMA (Zaten Dipte),-,🔴 Düşüş Trendinde,43.82-45.32 (%17.6 altta),67.35-70.25 (%22.5 üstte),⚪Fiyat Alt_Orta Bant Aralığında,🟡 Normal Genişlik,0,EMA100 Destek: 54.27 (%1.3 altta) | EMA55 Direnç: 55.67 (%1.2 üstte)
SONME,123.4,1.56,46.51,96.11,-0.41,🔴 Ayı Piyasası (EMA 50 En Altta),🟢 AL (Trend Onaylı),-,-,🔴 Düşüş Trendinde,-,136.60-150.20 (%10.7 üstte),⚪Fiyat Alt_Orta Bant Aralığında,⚪ Yelpaze Açık,0,EMA5 Destek: 121.50 (%1.5 altta) | EMA21 Direnç: 124.74 (%1.1 üstte)
SRVGY,2.14,-2.41,39.8,82.25,0.28,🔴 Ayı Piyasası (EMA 50 En Altta),🟢 AL (Trend Onaylı),-,-,🔴 Düşüş Trendinde,-,2.92-3.15 (%36.5 üstte),⚪Fiyat Alt_Orta Bant Aralığında,⚪ Yelpaze Açık,0,EMA5 Direnç: 2.19 (%2.5 üstte)
SUMAS,195.5,-2.6,27.69,75.98,-0.79,🩸 ASIL SİNYAL: GÜÇLÜ SAT (EMA Çöktü + SSL Onay),⏳ BEKLE,-,-,🔴 Düşüş Trendinde,-,350.25-380.00 (%79.2 üstte),⚪Fiyat Alt_Orta Bant Aralığında,⚪ Yelpaze Açık,0,EMA5 Direnç: 200.72 (%2.7 üstte)
SUNTK,24.54,-1.85,32.09,90.91,-0.71,🔴 Ayı Piyasası (EMA 50 En Altta),⏳ BEKLE,-,-,🔴 Düşüş Trendinde,-,-,⚪Fiyat Alt_Orta Bant Aralığında,⚪ Yelpaze Açık,0,EMA5 Direnç: 25.00 (%1.9 üstte)
SURGY,18.56,-6.35,14.0,73.1,-0.92,🔴 Ayı Piyasası (EMA 50 En Altta),🔴 SAT,🔴 ZAYIFLAMA (Zaten Dipte),-,🔴 Düşüş Trendinde,-,69.90-78.25 (%276.6 üstte),⚪Fiyat Alt_Orta Bant Aralığında,⚪ Yelpaze Açık,0,EMA5 Direnç: 19.82 (%6.8 üstte)
SUWEN,4.97,-1.75,33.16,66.9,-0.67,🔴 Ayı Piyasası (EMA 50 En Altta),⏳ BEKLE,-,-,🔴 Düşüş Trendinde,-,-,⚪Fiyat Alt_Orta Bant Aralığında,⚪ Yelpaze Açık,0,EMA5 Direnç: 5.06 (%1.8 üstte)
SVGYO,3.04,999,10.51,0.0,-0.98,-,🔴 SAT,🚀 KUSURSUZ DÖNÜŞ (0 Altı + Hacim),-,🔴 Düşüş Trendinde,-,22.96-23.80 (%655.3 üstte),⚪Fiyat Alt_Orta Bant Aralığında,⚪ Yelpaze Açık,0,EMA5 Direnç: 3.77 (%24.1 üstte)
TABGD,225.1,0.58,46.95,85.49,-0.1,🔴 Ayı Piyasası (EMA 50 En Altta),🟢 AL (Trend Onaylı),-,-,🔴 Düşüş Trendinde,203.68-210.85 (%6.3 altta),-,🟡Fiyat Orta-Üst Bant Aralığında,🚨 BB SIKIŞMA,0,EMA5 Destek: 223.79 (%0.6 altta) | EMA21 Direnç: 225.97 (%0.4 üstte)
TARKM,359.75,-2.8,29.5,49.04,-0.85,🔴 Ayı Piyasası (EMA 50 En Altta),⏳ BEKLE,-,-,🔴 Düşüş Trendinde,322.00-328.50 (%8.7 altta),-,⚪Fiyat Alt_Orta Bant Aralığında,⚪ Yelpaze Açık,0,EMA5 Direnç: 370.12 (%2.9 üstte)
TATEN,4.6,-2.69,25.51,85.31,-0.63,🔴 Ayı Piyasası (EMA 50 En Altta),⏳ BEKLE,-,-,🔴 Düşüş Trendinde,-,14.20-15.58 (%208.7 üstte),⚪Fiyat Alt_Orta Bant Aralığında,⚪ Yelpaze Açık,0,EMA5 Direnç: 4.73 (%2.8 üstte)
TATGD,16.09,-2.16,40.26,65.91,-0.2,"📉 Düşüş Hazırlığı (50<100 Kesti, 150 Bekleniyor)",⏳ BEKLE,-,-,🔴 Düşüş Trendinde,-,19.69-20.60 (%22.4 üstte),⚪Fiyat Alt_Orta Bant Aralığında,🟡 Normal Genişlik,0,EMA5 Direnç: 16.45 (%2.2 üstte)
TAVHL,275.25,1.77,54.6,80.46,-0.35,🔴 Ayı Piyasası (EMA 50 En Altta),🟢 AL (Trend Onaylı),-,-,🟢 Yükseliş Trendinde,245.46-252.41 (%8.3 altta),332.85-344.94 (%20.9 üstte),🟡Fiyat Orta-Üst Bant Aralığında,🟡 Normal Genişlik,0,EMA100 Destek: 273.43 (%0.7 altta) | EMA200 Direnç: 280.50 (%1.9 üstte)
TBORG,123.9,-0.52,39.88,70.01,-0.73,🔴 Ayı Piyasası (EMA 50 En Altta),⏳ BEKLE,-,-,🔴 Düşüş Trendinde,115.15-118.54 (%4.3 altta),164.53-169.71 (%32.8 üstte),⚪Fiyat Alt_Orta Bant Aralığında,⚪ Yelpaze Açık,0,EMA5 Direnç: 124.55 (%0.5 üstte)
TCELL,99.4,0.0,48.93,90.64,-0.01,🔴 Ayı Piyasası (EMA 50 En Altta),🟢 AL (Trend Onaylı),-,-,🔴 Düşüş Trendinde,-,119.50-123.40 (%20.2 üstte),⚪Fiyat Alt_Orta Bant Aralığında,🚨 BB SIKIŞMA,0,EMA5 Destek: 99.40 (%0.0 altta) | EMA21 Direnç: 99.47 (%0.1 üstte)
TCKRC,123.7,10.12,44.51,85.49,0.44,🟢 EMA Yükselişte (SSL Ok Bekleniyor),⏳ BEKLE,🩸 SAT (Zirveden Dönüş),-,🔴 Düşüş Trendinde,-,154.20-171.40 (%24.7 üstte),⚪Fiyat Alt_Orta Bant Aralığında,🟠 Daralıyor,0,EMA200 Destek: 112.34 (%9.2 altta) | EMA5 Direnç: 124.95 (%1.0 üstte)
TDGYO,7.49,1.99,27.36,23.89,-0.93,🔴 Ayı Piyasası (EMA 50 En Altta),⏳ BEKLE,-,-,🔴 Düşüş Trendinde,-,41.00-42.56 (%447.4 üstte),⚪Fiyat Alt_Orta Bant Aralığında,⚪ Yelpaze Açık,0,EMA5 Destek: 7.34 (%2.0 altta) | EMA21 Direnç: 10.91 (%45.6 üstte)
TEHOL,8.91,-21.94,12.29,0.0,-0.98,🔴 Ayı Piyasası (EMA 50 En Altta),🔴 SAT,-,-,🔴 Düşüş Trendinde,-,-,⚪Fiyat Alt_Orta Bant Aralığında,⚪ Yelpaze Açık,0,EMA5 Direnç: 11.41 (%28.1 üstte)
TEKTU,4.22,-5.68,20.3,69.52,-0.9,🩸 ASIL SİNYAL: GÜÇLÜ SAT (EMA Çöktü + SSL Onay),🔴 SAT,🔴 ZAYIFLAMA (Zaten Dipte),-,🔴 Düşüş Trendinde,-,9.19-10.23 (%117.8 üstte),⚪Fiyat Alt_Orta Bant Aralığında,⚪ Yelpaze Açık,0,EMA5 Direnç: 4.47 (%6.0 üstte)
TERA,46.32,-20.22,11.93,0.0,-0.98,🔴 Ayı Piyasası (EMA 50 En Altta),🔴 SAT,-,-,🔴 Düşüş Trendinde,-,-,⚪Fiyat Alt_Orta Bant Aralığında,⚪ Yelpaze Açık,0,EMA5 Direnç: 58.06 (%25.3 üstte)
TEZOL,7.29,-1.98,28.75,74.55,-0.57,🔴 Ayı Piyasası (EMA 50 En Altta),🔴 SAT,-,-,🔴 Düşüş Trendinde,-,19.30-20.14 (%164.7 üstte),⚪Fiyat Alt_Orta Bant Aralığında,⚪ Yelpaze Açık,0,EMA5 Direnç: 7.44 (%2.0 üstte)
TGSAS,123.3,1.77,41.53,94.12,-0.08,🔴 Ayı Piyasası (EMA 50 En Altta),🟢 AL (Trend Onaylı),-,-,🟢 Yükseliş Trendinde,-,237.50-268.50 (%92.6 üstte),⚪Fiyat Alt_Orta Bant Aralığında,⚪ Yelpaze Açık,0,EMA5 Destek: 121.15 (%1.7 altta) | EMA21 Direnç: 138.35 (%12.2 üstte)
THYAO,286.25,-0.92,44.17,64.67,-0.3,🔴 Ayı Piyasası (EMA 50 En Altta),🔴 SAT,-,-,🔴 Düşüş Trendinde,262.75-269.00 (%6.0 altta),-,⚪Fiyat Alt_Orta Bant Aralığında,🟠 Daralıyor,0,EMA5 Direnç: 288.92 (%0.9 üstte)
TKFEN,268.0,77.48,61.67,40.87,0.15,🟢 EMA Yükselişte (SSL Ok Bekleniyor),🔥 GÜÇLÜ AL (Taze Kırılım),-,-,🟢 Yükseliş Trendinde,119.70-132.50 (%50.6 altta),-,🟡Fiyat Orta-Üst Bant Aralığında,⚪ Yelpaze Açık,0,EMA5 Destek: 258.66 (%3.5 altta)
TKNSA,13.69,-0.38,38.24,87.84,-0.67,🔴 Ayı Piyasası (EMA 50 En Altta),🟢 AL (Trend Onaylı),-,-,🔴 Düşüş Trendinde,-,-,⚪Fiyat Alt_Orta Bant Aralığında,⚪ Yelpaze Açık,0,EMA5 Direnç: 13.74 (%0.4 üstte)
TLMAN,61.3,-2.38,26.11,73.33,-0.76,🔴 Ayı Piyasası (EMA 50 En Altta),⏳ BEKLE,-,-,🔴 Düşüş Trendinde,-,84.60-91.35 (%38.0 üstte),⚪Fiyat Alt_Orta Bant Aralığında,⚪ Yelpaze Açık,0,EMA5 Direnç: 62.80 (%2.4 üstte)
TMPOL,80.05,-0.63,18.55,27.89,-0.95,🔴 Ayı Piyasası (EMA 50 En Altta),⏳ BEKLE,-,-,🔴 Düşüş Trendinde,-,640.50-703.00 (%700.1 üstte),⚪Fiyat Alt_Orta Bant Aralığında,⚪ Yelpaze Açık,0,EMA5 Direnç: 80.56 (%0.6 üstte)
TMSN,55.15,-3.47,24.31,60.71,-0.9,🔴 Ayı Piyasası (EMA 50 En Altta),🔴 SAT,-,-,🔴 Düşüş Trendinde,-,117.00-122.40 (%112.1 üstte),⚪Fiyat Alt_Orta Bant Aralığında,⚪ Yelpaze Açık,0,EMA5 Direnç: 57.13 (%3.6 üstte)
TNZTP,24.42,-3.14,36.24,20.05,-0.81,⚠️ Yükseliş Trendinde Düzeltme (SSL Negatif),🔴 SAT,🔴 ZAYIFLAMA (Zaten Dipte),-,🔴 Düşüş Trendinde,20.08-20.84 (%14.7 altta),-,⚪Fiyat Alt_Orta Bant Aralığında,⚪ Yelpaze Açık,0,EMA5 Direnç: 25.21 (%3.2 üstte)
TOASO,262.5,-1.4,42.51,30.44,-0.83,🔴 Ayı Piyasası (EMA 50 En Altta),⏳ BEKLE,-,-,🔴 Düşüş Trendinde,257.00-268.00 (fiyat bandın içinde!),302.25-309.75 (%15.1 üstte),⚪Fiyat Alt_Orta Bant Aralığında,⚪ Yelpaze Açık,0,EMA5 Direnç: 266.22 (%1.4 üstte)
TRALT,41.34,-3.88,31.85,6.42,-0.95,⚠️ Yükseliş Trendinde Düzeltme (SSL Negatif),🔴 SAT,-,-,🔴 Düşüş Trendinde,-,-,⚪Fiyat Alt_Orta Bant Aralığında,⚪ Yelpaze Açık,0,EMA5 Direnç: 43.01 (%4.0 üstte)
TRCAS,43.7,0.02,41.81,70.09,-0.63,⚠️ Yükseliş Trendinde Düzeltme (SSL Negatif),🟢 AL (Trend Onaylı),-,-,🔴 Düşüş Trendinde,37.36-39.29 (%10.1 altta),-,⚪Fiyat Alt_Orta Bant Aralığında,⚪ Yelpaze Açık,0,EMA200 Destek: 43.69 (%0.0 altta) | EMA5 Direnç: 44.28 (%1.3 üstte)
TRENJ,90.65,-4.06,37.25,27.03,-0.86,⚠️ Yükseliş Trendinde Düzeltme (SSL Negatif),🔴 SAT,🔴 ZAYIFLAMA (Zaten Dipte),-,🔴 Düşüş Trendinde,83.00-85.00 (%6.2 altta),105.00-109.70 (%15.8 üstte),⚪Fiyat Alt_Orta Bant Aralığında,⚪ Yelpaze Açık,0,EMA5 Direnç: 94.48 (%4.2 üstte)
TRGYO,90.3,3.88,42.54,63.3,-0.2,⚠️ Yükseliş Trendinde Düzeltme (SSL Negatif),⏳ BEKLE,-,-,🔴 Düşüş Trendinde,-,98.65-103.20 (%9.2 üstte),⚪Fiyat Alt_Orta Bant Aralığında,🟠 Daralıyor,0,EMA200 Destek: 86.92 (%3.7 altta) | EMA5 Direnç: 91.50 (%1.3 üstte)
TRHOL,837.0,-21.99,18.55,0.0,-0.98,⚠️ Yükseliş Trendinde Düzeltme (SSL Negatif),🔴 SAT,-,-,🔴 Düşüş Trendinde,-,-,⚪Fiyat Alt_Orta Bant Aralığında,⚪ Yelpaze Açık,0,EMA5 Direnç: 1072.89 (%28.2 üstte)
TRILC,0.95,9.95,50.99,97.19,-0.51,🔴 Ayı Piyasası (EMA 50 En Altta),🟢 AL (Trend Onaylı),-,-,🟢 Yükseliş Trendinde,-,3.87-4.13 (%307.4 üstte),🟡Fiyat Orta-Üst Bant Aralığında,⚪ Yelpaze Açık,0,EMA21 Destek: 0.91 (%4.0 altta) | EMA55 Direnç: 1.10 (%15.7 üstte)
TRMET,126.5,1.24,42.85,14.75,-0.55,⚠️ Yükseliş Trendinde Düzeltme (SSL Negatif),🔴 SAT,-,-,🔴 Düşüş Trendinde,106.40-111.80 (%11.6 altta),-,⚪Fiyat Alt_Orta Bant Aralığında,🚨 BB SIKIŞMA,0,EMA200 Destek: 124.95 (%1.2 altta) | EMA5 Direnç: 128.74 (%1.8 üstte)
TSGYO,4.8,-1.67,34.22,76.83,-0.67,🔴 Ayı Piyasası (EMA 50 En Altta),⏳ BEKLE,-,-,🔴 Düşüş Trendinde,-,-,⚪Fiyat Alt_Orta Bant Aralığında,⚪ Yelpaze Açık,0,EMA5 Direnç: 4.88 (%1.7 üstte)
TSKB,9.8,-1.18,35.84,40.86,-0.88,🔴 Ayı Piyasası (EMA 50 En Altta),⏳ BEKLE,-,-,🔴 Düşüş Trendinde,-,12.05-12.64 (%23.0 üstte),⚪Fiyat Alt_Orta Bant Aralığında,⚪ Yelpaze Açık,0,EMA5 Direnç: 9.92 (%1.2 üstte)
TSPOR,0.81,-1.05,31.3,67.2,-0.82,🔴 Ayı Piyasası (EMA 50 En Altta),🔴 SAT,🔴 ZAYIFLAMA (Zaten Dipte),-,🔴 Düşüş Trendinde,-,-,⚪Fiyat Alt_Orta Bant Aralığında,⚪ Yelpaze Açık,0,EMA5 Direnç: 0.82 (%1.1 üstte)
TTKOM,52.15,-1.11,45.24,58.19,-0.43,🔴 Ayı Piyasası (EMA 50 En Altta),🔴 SAT,🔴 ZAYIFLAMA (Zaten Dipte),-,🔴 Düşüş Trendinde,49.72-51.30 (%1.6 altta),-,⚪Fiyat Alt_Orta Bant Aralığında,⚪ Yelpaze Açık,0,EMA5 Direnç: 52.74 (%1.1 üstte)
TTRAK,396.0,-1.28,36.58,10.37,-0.77,🔴 Ayı Piyasası (EMA 50 En Altta),🔴 SAT,-,-,🔴 Düşüş Trendinde,-,441.50-457.00 (%11.5 üstte),⚪Fiyat Alt_Orta Bant Aralığında,⚪ Yelpaze Açık,0,EMA5 Direnç: 401.12 (%1.3 üstte)
TUCLK,3.29,-11.15,38.29,43.93,-0.08,🔴 Ayı Piyasası (EMA 50 En Altta),🔴 SAT,-,-,🩸 SAT (Trend Kırıldı),-,4.39-4.67 (%33.4 üstte),🚨Fiyat Bandın Altında!,⚪ Yelpaze Açık,-1.24,EMA5 Direnç: 3.70 (%12.5 üstte)
TUKAS,1.96,-0.67,43.84,32.57,-0.37,🔴 Ayı Piyasası (EMA 50 En Altta),🔴 SAT,-,-,🔴 Düşüş Trendinde,-,2.67-2.80 (%36.2 üstte),⚪Fiyat Alt_Orta Bant Aralığında,⚪ Yelpaze Açık,0,EMA5 Direnç: 1.97 (%0.7 üstte)
TUPRS,379.75,34.52,47.52,19.85,-0.79,⚠️ Yükseliş Trendinde Düzeltme (SSL Negatif),🔴 SAT,🔴 ZAYIFLAMA (Zaten Dipte),-,🟢 Yükseliş Trendinde,212.30-216.91 (%42.9 altta),-,⚪Fiyat Alt_Orta Bant Aralığında,🟡 Normal Genişlik,0,EMA55 Destek: 362.40 (%4.6 altta) | EMA5 Direnç: 382.36 (%0.7 üstte)
TUREX,5.77,-0.34,48.01,82.23,0.75,🔴 Ayı Piyasası (EMA 50 En Altta),⏳ BEKLE,-,-,🟢 Yükseliş Trendinde,-,8.15-9.07 (%41.2 üstte),🟡Fiyat Orta-Üst Bant Aralığında,⚪ Yelpaze Açık,0,EMA5 Direnç: 5.79 (%0.3 üstte)
TURGG,24.0,-1.06,41.67,71.09,-0.5,🔴 Ayı Piyasası (EMA 50 En Altta),🟢 AL (Trend Onaylı),-,-,🔴 Düşüş Trendinde,-,30.00-32.84 (%25.0 üstte),⚪Fiyat Alt_Orta Bant Aralığında,⚪ Yelpaze Açık,0,EMA5 Direnç: 24.26 (%1.1 üstte)
TURSG,5.52,1.54,40.05,22.22,-0.93,🔴 Ayı Piyasası (EMA 50 En Altta),🔴 SAT,🚀 KUSURSUZ DÖNÜŞ (0 Altı + Hacim),-,🔴 Düşüş Trendinde,-,6.91-7.30 (%25.2 üstte),⚪Fiyat Alt_Orta Bant Aralığında,⚪ Yelpaze Açık,0,EMA5 Destek: 5.44 (%1.5 altta) | EMA21 Direnç: 5.73 (%3.9 üstte)
UCAYM,14.84,999,23.25,83.89,-0.89,🔴 Ayı Piyasası (EMA 50 En Altta),⏳ BEKLE,-,-,🔴 Düşüş Trendinde,-,36.56-39.22 (%146.4 üstte),⚪Fiyat Alt_Orta Bant Aralığında,⚪ Yelpaze Açık,0,EMA5 Direnç: 15.22 (%2.6 üstte)
UFUK,316.75,-9.96,11.6,10.56,-0.98,🔴 Ayı Piyasası (EMA 50 En Altta),🔴 SAT,🚀 KUSURSUZ DÖNÜŞ (0 Altı + Hacim),-,🔴 Düşüş Trendinde,-,-,⚪Fiyat Alt_Orta Bant Aralığında,⚪ Yelpaze Açık,0,EMA5 Direnç: 351.80 (%11.1 üstte)
ULAS,15.01,-2.55,33.3,92.19,-0.64,🔴 Ayı Piyasası (EMA 50 En Altta),🟢 AL (Trend Onaylı),-,-,🔴 Düşüş Trendinde,-,26.62-29.60 (%77.3 üstte),⚪Fiyat Alt_Orta Bant Aralığında,⚪ Yelpaze Açık,0,EMA5 Direnç: 15.40 (%2.6 üstte)
ULKER,84.5,-1.09,41.2,56.09,-0.66,🔴 Ayı Piyasası (EMA 50 En Altta),🔴 SAT,🔴 ZAYIFLAMA (Zaten Dipte),-,🔴 Düşüş Trendinde,-,109.08-111.46 (%29.1 üstte),⚪Fiyat Alt_Orta Bant Aralığında,⚪ Yelpaze Açık,0,EMA5 Direnç: 85.43 (%1.1 üstte)
ULUFA,1.42,-1.51,32.45,89.67,-0.64,🔴 Ayı Piyasası (EMA 50 En Altta),⏳ BEKLE,-,-,🔴 Düşüş Trendinde,-,1.90-1.98 (%33.8 üstte),⚪Fiyat Alt_Orta Bant Aralığında,⚪ Yelpaze Açık,0,EMA5 Direnç: 1.44 (%1.5 üstte)
ULUSE,148.9,-2.72,28.99,85.16,-0.8,🔴 Ayı Piyasası (EMA 50 En Altta),⏳ BEKLE,-,-,🔴 Düşüş Trendinde,-,301.00-312.00 (%102.1 üstte),⚪Fiyat Alt_Orta Bant Aralığında,⚪ Yelpaze Açık,0,EMA5 Direnç: 153.06 (%2.8 üstte)
ULUUN,6.63,3.52,41.68,79.96,-0.62,🔴 Ayı Piyasası (EMA 50 En Altta),🟢 AL (Trend Onaylı),-,-,🔴 Düşüş Trendinde,-,9.16-9.88 (%38.2 üstte),⚪Fiyat Alt_Orta Bant Aralığında,⚪ Yelpaze Açık,0,EMA5 Destek: 6.40 (%3.4 altta) | EMA21 Direnç: 6.90 (%4.1 üstte)
UMPAS,9.3,0.0,,,,⚪ Karışık / Testere Piyasası,⏳ BEKLE,-,-,🟢 Yükseliş Trendinde,-,-,🚨Fiyat Bandın Altında!,🚨 BB SIKIŞMA,0.0,-
UNLU,10.7,-1.2,45.36,12.16,-0.63,🔴 Ayı Piyasası (EMA 50 En Altta),🔴 SAT,-,-,🔴 Düşüş Trendinde,-,13.83-14.98 (%29.3 üstte),⚪Fiyat Alt_Orta Bant Aralığında,⚪ Yelpaze Açık,0,EMA5 Direnç: 10.83 (%1.2 üstte)
USAK,0.43,-7.19,10.5,30.37,-0.96,🔴 Ayı Piyasası (EMA 50 En Altta),⏳ BEKLE,-,-,🔴 Düşüş Trendinde,-,1.39-1.52 (%223.3 üstte),⚪Fiyat Alt_Orta Bant Aralığında,⚪ Yelpaze Açık,0,EMA5 Direnç: 0.46 (%7.7 üstte)
VAKBN,33.68,5.13,51.01,73.31,-0.22,⚠️ Yükseliş Trendinde Düzeltme (SSL Negatif),⏳ BEKLE,-,-,🔴 Düşüş Trendinde,28.88-30.72 (%8.8 altta),-,⚪Fiyat Alt_Orta Bant Aralığında,⚪ Yelpaze Açık,0,EMA5 Destek: 33.64 (%0.1 altta)
VAKFA,9.16,0.66,32.99,50.87,-0.88,🔴 Ayı Piyasası (EMA 50 En Altta),⏳ BEKLE,-,-,🔴 Düşüş Trendinde,-,12.80-13.16 (%39.7 üstte),⚪Fiyat Alt_Orta Bant Aralığında,⚪ Yelpaze Açık,0,EMA5 Destek: 9.10 (%0.7 altta) | EMA21 Direnç: 9.75 (%6.5 üstte)
VAKFN,0.91,-2.65,23.98,83.98,-0.88,🔴 Ayı Piyasası (EMA 50 En Altta),⏳ BEKLE,🔴 ZAYIFLAMA (Zaten Dipte),-,🔴 Düşüş Trendinde,-,1.84-1.95 (%102.4 üstte),⚪Fiyat Alt_Orta Bant Aralığında,⚪ Yelpaze Açık,0,EMA5 Direnç: 0.93 (%2.7 üstte)
VAKKO,58.6,-2.19,36.25,75.24,-0.71,🩸 ASIL SİNYAL: GÜÇLÜ SAT (EMA Çöktü + SSL Onay),🔴 SAT,-,-,🔴 Düşüş Trendinde,-,78.55-83.70 (%34.0 üstte),⚪Fiyat Alt_Orta Bant Aralığında,⚪ Yelpaze Açık,0,EMA5 Direnç: 59.91 (%2.2 üstte)
VANGD,70.15,8.01,47.91,100.0,0.02,🔴 Ayı Piyasası (EMA 50 En Altta),🟢 AL (Trend Onaylı),-,-,🟢 Yükseliş Trendinde,-,95.35-107.10 (%35.9 üstte),🟡Fiyat Orta-Üst Bant Aralığında,⚪ Yelpaze Açık,0,EMA21 Destek: 69.04 (%1.6 altta) | EMA200 Direnç: 73.87 (%5.3 üstte)
VBTYZ,22.8,-5.02,27.86,52.31,-0.92,⚠️ Yükseliş Trendinde Düzeltme (SSL Negatif),🔴 SAT,🔴 ZAYIFLAMA (Zaten Dipte),-,🔴 Düşüş Trendinde,-,-,⚪Fiyat Alt_Orta Bant Aralığında,⚪ Yelpaze Açık,0,EMA5 Direnç: 24.00 (%5.3 üstte)
VERTU,25.76,-2.38,25.64,88.13,-0.66,🩸 ASIL SİNYAL: GÜÇLÜ SAT (EMA Çöktü + SSL Onay),⏳ BEKLE,-,-,🔴 Düşüş Trendinde,-,35.66-37.00 (%38.4 üstte),⚪Fiyat Alt_Orta Bant Aralığında,⚪ Yelpaze Açık,0,EMA5 Direnç: 26.39 (%2.4 üstte)
VERUS,511.5,12.11,50.26,100.0,0.52,🟢 EMA Yükselişte (SSL Ok Bekleniyor),🟢 AL (Trend Onaylı),-,-,🔴 Düşüş Trendinde,235.00-247.10 (%51.7 altta),-,🟡Fiyat Orta-Üst Bant Aralığında,⚪ Yelpaze Açık,0,EMA21 Destek: 499.65 (%2.3 altta) | EMA100 Direnç: 530.26 (%3.7 üstte)
VESBE,3.93,-2.86,25.84,37.47,-0.95,🔴 Ayı Piyasası (EMA 50 En Altta),⏳ BEKLE,-,-,🔴 Düşüş Trendinde,-,6.04-6.64 (%53.7 üstte),⚪Fiyat Alt_Orta Bant Aralığında,⚪ Yelpaze Açık,0,EMA5 Direnç: 4.05 (%2.9 üstte)
VESTL,17.26,-2.88,28.42,18.56,-0.95,🔴 Ayı Piyasası (EMA 50 En Altta),⏳ BEKLE,-,-,🔴 Düşüş Trendinde,-,-,⚪Fiyat Alt_Orta Bant Aralığında,⚪ Yelpaze Açık,0,EMA5 Direnç: 17.77 (%3.0 üstte)
VKFYO,17.9,0.2,39.87,89.48,-0.6,🔴 Ayı Piyasası (EMA 50 En Altta),⏳ BEKLE,-,-,🔴 Düşüş Trendinde,-,29.16-31.38 (%62.9 üstte),⚪Fiyat Alt_Orta Bant Aralığında,⚪ Yelpaze Açık,0,EMA5 Destek: 17.86 (%0.2 altta) | EMA21 Direnç: 19.14 (%6.9 üstte)
VKGYO,1.63,-1.11,31.42,83.73,-0.76,🔴 Ayı Piyasası (EMA 50 En Altta),⏳ BEKLE,-,-,🔴 Düşüş Trendinde,-,2.06-2.22 (%26.7 üstte),⚪Fiyat Alt_Orta Bant Aralığında,⚪ Yelpaze Açık,0,EMA5 Direnç: 1.65 (%1.1 üstte)
VKING,17.54,7.88,47.84,92.47,-0.47,🔴 Ayı Piyasası (EMA 50 En Altta),🟢 AL (Trend Onaylı),-,-,🔴 Düşüş Trendinde,-,33.50-35.86 (%91.0 üstte),🟡Fiyat Orta-Üst Bant Aralığında,⚪ Yelpaze Açık,0,EMA21 Destek: 17.33 (%1.2 altta) | EMA55 Direnç: 19.81 (%13.0 üstte)
VRGYO,1.3,-1.45,40.18,79.16,0.12,🔴 Ayı Piyasası (EMA 50 En Altta),⏳ BEKLE,-,-,🟢 Yükseliş Trendinde,-,2.11-2.29 (%62.3 üstte),⚪Fiyat Alt_Orta Bant Aralığında,⚪ Yelpaze Açık,0,EMA5 Direnç: 1.32 (%1.5 üstte)
VSNMD,27.06,-3.14,19.03,79.65,-0.89,🔴 Ayı Piyasası (EMA 50 En Altta),⏳ BEKLE,-,-,🔴 Düşüş Trendinde,-,65.16-70.39 (%140.8 üstte),⚪Fiyat Alt_Orta Bant Aralığında,⚪ Yelpaze Açık,0,EMA5 Direnç: 27.94 (%3.2 üstte)
YAPRK,8.52,-3.88,34.99,86.38,-0.53,🩸 ASIL SİNYAL: GÜÇLÜ SAT (EMA Çöktü + SSL Onay),⏳ BEKLE,-,-,🔴 Düşüş Trendinde,-,-,⚪Fiyat Alt_Orta Bant Aralığında,⚪ Yelpaze Açık,0,EMA5 Direnç: 8.86 (%4.0 üstte)
YATAS,26.44,-0.24,35.61,95.83,-0.28,🔴 Ayı Piyasası (EMA 50 En Altta),🟢 AL (Trend Onaylı),-,-,🔴 Düşüş Trendinde,-,39.90-44.00 (%50.9 üstte),⚪Fiyat Alt_Orta Bant Aralığında,⚪ Yelpaze Açık,0,EMA5 Direnç: 26.50 (%0.2 üstte)
YAYLA,13.64,-2.49,28.87,71.57,-0.86,🔴 Ayı Piyasası (EMA 50 En Altta),⏳ BEKLE,-,-,🔴 Düşüş Trendinde,-,30.26-33.16 (%121.8 üstte),⚪Fiyat Alt_Orta Bant Aralığında,⚪ Yelpaze Açık,0,EMA5 Direnç: 13.99 (%2.5 üstte)
YBTAS,10.8,-1.36,38.49,92.76,-0.21,🔴 Ayı Piyasası (EMA 50 En Altta),🟢 AL (Trend Onaylı),-,-,🟢 Yükseliş Trendinde,-,17.64-18.10 (%63.3 üstte),⚪Fiyat Alt_Orta Bant Aralığında,⚪ Yelpaze Açık,0,EMA5 Direnç: 10.95 (%1.4 üstte)
YEOTK,27.64,-1.7,39.33,42.92,-0.7,"📉 Düşüş Hazırlığı (50<100 Kesti, 150 Bekleniyor)",🔴 SAT,-,-,🔴 Düşüş Trendinde,16.63-17.21 (%37.7 altta),38.52-41.94 (%39.4 üstte),⚪Fiyat Alt_Orta Bant Aralığında,⚪ Yelpaze Açık,0,EMA5 Direnç: 28.12 (%1.7 üstte)
YESIL,0.87,-0.66,32.62,94.59,-0.64,🔴 Ayı Piyasası (EMA 50 En Altta),🟢 AL (Trend Onaylı),-,-,🔴 Düşüş Trendinde,-,2.11-2.31 (%142.5 üstte),⚪Fiyat Alt_Orta Bant Aralığında,⚪ Yelpaze Açık,0,EMA5 Direnç: 0.88 (%0.7 üstte)
YGGYO,213.9,11.2,47.48,80.83,-0.38,🟢 EMA Yükselişte (SSL Ok Bekleniyor),🟢 AL (Trend Onaylı),-,-,🔴 Düşüş Trendinde,112.89-119.36 (%44.2 altta),-,⚪Fiyat Alt_Orta Bant Aralığında,🟠 Daralıyor,0,EMA5 Destek: 212.49 (%0.7 altta) | EMA21 Direnç: 215.06 (%0.5 üstte)
YIGIT,16.22,-2.61,25.54,62.46,-0.9,🔴 Ayı Piyasası (EMA 50 En Altta),🔴 SAT,-,-,🔴 Düşüş Trendinde,-,25.08-26.44 (%54.6 üstte),⚪Fiyat Alt_Orta Bant Aralığında,⚪ Yelpaze Açık,0,EMA5 Direnç: 16.65 (%2.7 üstte)
YKBNK,36.6,2.32,54.59,92.13,-0.3,🔴 Ayı Piyasası (EMA 50 En Altta),🟢 AL (Trend Onaylı),-,-,🔴 Düşüş Trendinde,30.80-32.06 (%12.4 altta),36.02-37.62 (fiyat bandın içinde!),🟡Fiyat Orta-Üst Bant Aralığında,🟠 Daralıyor,0,EMA5 Destek: 36.01 (%1.6 altta)
YKSLN,2.27,-1.46,39.21,26.37,-0.78,🔴 Ayı Piyasası (EMA 50 En Altta),🟢 AL (Trend Onaylı),-,-,🔴 Düşüş Trendinde,-,6.13-6.33 (%170.0 üstte),⚪Fiyat Alt_Orta Bant Aralığında,⚪ Yelpaze Açık,0,EMA5 Direnç: 2.30 (%1.5 üstte)
YONGA,33.2,-3.13,32.14,90.85,-0.26,🩸 ASIL SİNYAL: GÜÇLÜ SAT (EMA Çöktü + SSL Onay),⏳ BEKLE,-,-,🔴 Düşüş Trendinde,-,55.50-57.00 (%67.2 üstte),⚪Fiyat Alt_Orta Bant Aralığında,⚪ Yelpaze Açık,0,EMA5 Direnç: 34.27 (%3.2 üstte)
YUNSA,6.16,-3.04,31.04,84.19,-0.57,🔴 Ayı Piyasası (EMA 50 En Altta),🔴 SAT,🔴 ZAYIFLAMA (Zaten Dipte),-,🔴 Düşüş Trendinde,-,8.80-9.38 (%42.9 üstte),⚪Fiyat Alt_Orta Bant Aralığında,⚪ Yelpaze Açık,0,EMA5 Direnç: 6.35 (%3.1 üstte)
YYAPI,0.59,0.54,36.24,95.32,-0.55,🔴 Ayı Piyasası (EMA 50 En Altta),🟢 AL (Trend Onaylı),-,-,🟢 Yükseliş Trendinde,-,2.04-2.23 (%245.8 üstte),⚪Fiyat Alt_Orta Bant Aralığında,⚪ Yelpaze Açık,0,EMA5 Destek: 0.59 (%0.5 altta) | EMA21 Direnç: 0.64 (%8.3 üstte)
YYLGD,7.3,-2.0,28.6,68.54,-0.82,🔴 Ayı Piyasası (EMA 50 En Altta),⏳ BEKLE,-,-,🔴 Düşüş Trendinde,-,11.70-12.05 (%60.3 üstte),⚪Fiyat Alt_Orta Bant Aralığında,⚪ Yelpaze Açık,0,EMA5 Direnç: 7.45 (%2.0 üstte)
ZEDUR,5.35,-3.49,20.48,85.3,-0.83,🔴 Ayı Piyasası (EMA 50 En Altta),⏳ BEKLE,-,-,🔴 Düşüş Trendinde,-,9.35-10.12 (%74.8 üstte),⚪Fiyat Alt_Orta Bant Aralığında,⚪ Yelpaze Açık,0,EMA5 Direnç: 5.54 (%3.6 üstte)
ZERGY,7.7,1.13,45.99,93.23,-0.22,🔴 Ayı Piyasası (EMA 50 En Altta),🟢 AL (Trend Onaylı),-,-,🟢 Yükseliş Trendinde,-,20.02-22.00 (%160.0 üstte),⚪Fiyat Alt_Orta Bant Aralığında,⚪ Yelpaze Açık,0,EMA5 Destek: 7.61 (%1.1 altta) | EMA21 Direnç: 7.90 (%2.7 üstte)
ZGYO,17.16,999,40.3,82.15,0.63,🔴 Ayı Piyasası (EMA 50 En Altta),🔴 SAT,🩸 SAT (Zirveden Dönüş),-,🔴 Düşüş Trendinde,-,38.36-40.68 (%123.5 üstte),⚪Fiyat Alt_Orta Bant Aralığında,⚪ Yelpaze Açık,0,EMA5 Direnç: 17.50 (%2.0 üstte)
ZOREN,1.84,-2.32,26.55,10.86,-0.95,🔴 Ayı Piyasası (EMA 50 En Altta),🔴 SAT,-,-,🔴 Düşüş Trendinde,-,3.63-3.71 (%97.3 üstte),⚪Fiyat Alt_Orta Bant Aralığında,⚪ Yelpaze Açık,0,EMA5 Direnç: 1.88 (%2.4 üstte)
ZRGYO,18.6,-1.95,38.67,6.57,-0.31,🔴 Ayı Piyasası (EMA 50 En Altta),🔴 SAT,-,-,🩸 SAT (Trend Kırıldı),-,22.98-23.28 (%23.6 üstte),🚨Fiyat Bandın Altında!,🟡 Normal Genişlik,-0.1,EMA5 Direnç: 18.97 (%2.0 üstte)
